字,辅码
〇,vv
〢,ll
㐀,ca
㐁,ar
㐂,qq
㐄,uv
㐅,pd
㐆,iv
㐇,jv
㐈,rv
㐉,dv
㐊,tv
㐋,tv
㐌,py
㐍,vv
㐎,wv
㐏,wv
㐐,nv
㐑,dv
㐒,dv
㐓,kv
㐔,wv
㐕,yv
㐖,tv
㐗,lv
㐘,mv
㐙,dv
㐚,wv
㐛,rv
㐜,qj
㐝,fv
㐞,cv
㐟,fv
㐠,vv
㐡,jd
㐢,dv
㐣,gv
㐤,jb
㐥,jv
㐦,jv
㐨,yy
㐩,jj
㐫,wx
㐬,wi
㐭,wk
㐮,yf
㐯,wo
㐰,rk
㐱,rp
㐲,rd
㐳,rw
㐴,rx
㐵,ry
㐶,rs
㐷,rm
㐸,rq
㐹,rq
㐺,rr
㐻,rn
㐼,rc
㐽,rf
㐾,ry
㐿,ru
㑀,rt
㑁,ri
㑂,rn
㑃,rl
㑄,rm
㑅,ru
㑆,rx
㑇,re
㑈,rd
㑉,rd
㑊,rb
㑋,rq
㑌,rw
㑍,rl
㑎,ru
㑏,rc
㑐,rx
㑑,rz
㑒,rr
㑓,ry
㑔,ry
㑕,rx
㑖,rv
㑗,ru
㑘,rc
㑙,rv
㑚,re
㑛,ru
㑜,rt
㑝,rc
㑞,rc
㑟,rb
㑠,rt
㑡,re
㑢,re
㑣,ra
㑤,rt
㑥,rw
㑦,rq
㑧,rz
㑨,ru
㑩,rx
㑪,ro
㑫,rx
㑬,rg
㑭,rw
㑮,ri
㑯,ry
㑰,ru
㑱,ra
㑲,rg
㑳,rc
㑴,ry
㑵,ru
㑶,rm
㑷,rb
㑸,rk
㑹,ro
㑺,rn
㑻,ru
㑼,rk
㑽,rt
㑾,rk
㑿,rg
㒀,rg
㒁,rg
㒂,ro
㒃,rb
㒄,rh
㒅,rx
㒆,rx
㒇,rh
㒈,rw
㒉,ra
㒊,rv
㒋,rt
㒌,rj
㒍,rx
㒎,rf
㒏,rd
㒐,ro
㒑,rv
㒒,rw
㒓,ry
㒔,ri
㒕,rv
㒖,rd
㒗,rt
㒘,rl
㒙,rj
㒚,rx
㒛,rv
㒜,rb
㒝,rd
㒞,rk
㒟,rm
㒠,rj
㒡,rx
㒢,rc
㒣,rx
㒤,re
㒥,rb
㒦,rt
㒧,rv
㒨,rv
㒩,ri
㒪,ru
㒫,ee
㒬,yw
㒭,xx
㒮,yu
㒯,gf
㒰,rg
㒱,rx
㒲,ro
㒳,kr
㒴,ri
㒵,bb
㒶,bb
㒷,kb
㒸,bu
㒹,ub
㒺,kr
㒻,oj
㒼,cr
㒽,ov
㒾,oy
㒿,ov
㓀,bb
㓁,be
㓂,bn
㓃,bq
㓄,se
㓅,dd
㓆,dl
㓇,dy
㓈,du
㓉,du
㓊,dk
㓋,dg
㓌,dw
㓍,dy
㓎,dy
㓏,dk
㓐,dt
㓑,dg
㓒,dx
㓓,dg
㓔,dc
㓕,dh
㓖,df
㓗,dx
㓘,jy
㓙,kw
㓚,gd
㓛,gd
㓜,yd
㓝,jd
㓞,fd
㓟,pd
㓠,vd
㓡,fd
㓢,wd
㓣,rd
㓤,td
㓥,xd
㓦,bd
㓧,rd
㓨,dd
㓩,dd
㓪,ld
㓫,dd
㓬,jd
㓭,od
㓮,kd
㓯,vd
㓰,ad
㓱,rd
㓲,hd
㓳,od
㓴,ed
㓵,xd
㓶,fd
㓷,zd
㓸,yd
㓹,id
㓺,hd
㓻,sd
㓼,ad
㓽,ud
㓾,ud
㓿,hd
㔀,od
㔁,bd
㔂,md
㔃,sd
㔄,xd
㔅,yd
㔆,wd
㔇,bd
㔈,cd
㔉,ud
㔊,wd
㔋,id
㔌,ed
㔍,vd
㔎,cd
㔏,ud
㔐,vd
㔑,cd
㔒,ud
㔓,ql
㔕,ql
㔗,fl
㔘,il
㔙,bl
㔚,ul
㔛,tl
㔜,vl
㔝,ll
㔞,ql
㔟,ul
㔠,ol
㔡,pl
㔢,sl
㔣,tl
㔤,bl
㔥,sl
㔦,yl
㔧,hl
㔨,bo
㔩,bm
㔪,bd
㔫,ub
㔬,bu
㔭,bz
㔮,cb
㔯,kk
㔰,kb
㔱,kr
㔲,kj
㔳,kj
㔴,kg
㔵,kg
㔶,kb
㔷,kn
㔸,kj
㔹,ul
㔺,uu
㔻,bu
㔼,fu
㔽,bk
㔾,vv
㔿,aj
㕀,yv
㕁,xe
㕂,iv
㕃,ik
㕄,iy
㕅,ij
㕆,ig
㕇,il
㕈,iy
㕉,ik
㕊,if
㕋,ij
㕌,ic
㕍,iv
㕎,im
㕏,id
㕐,ih
㕑,ic
㕒,iw
㕓,it
㕔,ix
㕕,ss
㕖,sa
㕗,ys
㕘,sx
㕙,st
㕚,yd
㕛,yy
㕜,vy
㕝,gy
㕞,uy
㕟,by
㕠,dy
㕡,bg
㕢,bb
㕣,bk
㕤,kj
㕥,kr
㕦,kd
㕧,ku
㕨,kf
㕩,kf
㕪,ke
㕫,kf
㕬,kg
㕭,ky
㕮,kf
㕯,nk
㕰,km
㕱,ky
㕲,ka
㕳,kx
㕴,kj
㕵,kw
㕶,kw
㕷,kb
㕸,kl
㕹,ky
㕺,xk
㕻,dk
㕼,kx
㕽,kr
㕾,xb
㕿,hk
㖀,ky
㖁,ks
㖂,ky
㖃,kk
㖄,kv
㖅,ka
㖆,kq
㖇,ke
㖈,lk
㖉,kv
㖊,kc
㖋,jb
㖌,rb
㖍,db
㖎,kj
㖏,kt
㖐,xy
㖑,kc
㖒,kd
㖓,kf
㖔,kk
㖕,kx
㖖,xk
㖗,kv
㖘,ki
㖙,lb
㖚,rb
㖛,gb
㖜,wb
㖝,wb
㖞,kn
㖟,ky
㖠,ku
㖡,kw
㖢,kb
㖣,kk
㖤,ku
㖥,kh
㖦,kd
㖧,ko
㖨,ku
㖩,ky
㖪,ka
㖫,kw
㖬,ky
㖭,kx
㖮,kc
㖯,kb
㖰,kk
㖱,wk
㖲,nb
㖳,db
㖴,kw
㖵,kb
㖶,kt
㖷,kz
㖸,ke
㖹,km
㖺,ko
㖻,ka
㖼,ka
㖽,ky
㖾,xn
㖿,ke
㗀,ky
㗁,kk
㗂,ko
㗃,ko
㗄,kf
㗅,ko
㗆,ku
㗇,ky
㗈,kl
㗉,fk
㗊,xx
㗋,ku
㗌,kt
㗍,ko
㗎,ka
㗏,kv
㗐,km
㗑,kf
㗒,kk
㗓,kl
㗔,kw
㗕,kr
㗖,kj
㗗,ku
㗘,kc
㗙,kc
㗚,ka
㗛,ky
㗜,kt
㗝,kx
㗞,kp
㗟,db
㗠,nb
㗡,cb
㗢,kl
㗣,kj
㗤,gk
㗥,ke
㗦,ke
㗧,kt
㗨,kk
㗩,kb
㗪,kx
㗫,ku
㗬,xx
㗭,kx
㗮,xr
㗯,lb
㗰,kz
㗱,ka
㗲,ka
㗳,kk
㗴,ko
㗵,kq
㗶,ku
㗷,kb
㗸,kf
㗹,kx
㗺,kf
㗻,kk
㗼,kw
㗽,xk
㗾,kb
㗿,kk
㘀,km
㘁,kg
㘂,kx
㘃,kx
㘄,kf
㘅,kj
㘆,kt
㘇,ka
㘈,kz
㘉,ke
㘊,kk
㘋,kb
㘌,kd
㘍,kg
㘎,kw
㘏,zb
㘐,kf
㘑,kl
㘒,hb
㘓,kj
㘔,kb
㘕,km
㘖,ky
㘗,kv
㘘,xk
㘙,kw
㘚,kw
㘛,kl
㘜,rk
㘝,wy
㘞,wl
㘟,wc
㘠,wb
㘡,wj
㘢,wg
㘣,wo
㘤,wa
㘥,wx
㘦,tl
㘧,ty
㘨,tn
㘩,tb
㘪,tm
㘫,tj
㘬,tg
㘭,tv
㘮,ti
㘯,tl
㘰,td
㘱,tr
㘲,tj
㘳,bt
㘴,tr
㘵,tj
㘶,xt
㘷,tx
㘸,dt
㘹,vt
㘺,tg
㘻,ty
㘼,tk
㘽,gt
㘾,ty
㘿,tt
㙀,tj
㙁,tm
㙂,tx
㙃,tb
㙄,tt
㙅,ta
㙆,ts
㙇,tu
㙈,tj
㙉,tb
㙊,ti
㙋,tb
㙌,tb
㙍,ty
㙎,tn
㙏,tw
㙐,te
㙑,yt
㙒,tt
㙓,tt
㙔,tf
㙕,to
㙖,ty
㙗,ty
㙘,tn
㙙,dt
㙚,tn
㙛,tc
㙜,wt
㙝,to
㙞,ta
㙟,to
㙠,kt
㙡,tz
㙢,tr
㙣,ti
㙤,th
㙥,tk
㙦,rt
㙧,tt
㙨,tr
㙩,tx
㙪,tb
㙫,ta
㙬,lt
㙭,tq
㙮,tk
㙯,ty
㙰,dt
㙱,kt
㙲,tv
㙳,tx
㙴,tk
㙵,tt
㙶,wt
㙷,th
㙸,tf
㙹,tx
㙺,tb
㙻,tt
㙼,tt
㙽,tb
㙾,tz
㙿,tn
㚀,tg
㚁,tw
㚂,ty
㚃,tx
㚄,tz
㚅,wu
㚆,ww
㚇,xw
㚈,xu
㚉,nx
㚊,xr
㚋,xk
㚌,xg
㚍,xb
㚎,dk
㚏,dc
㚐,dd
㚑,ed
㚒,dr
㚓,da
㚔,dg
㚕,df
㚖,bd
㚗,dq
㚘,ff
㚙,ld
㚚,dk
㚛,do
㚜,da
㚝,dt
㚞,da
㚟,dd
㚠,dh
㚡,dk
㚢,rn
㚣,nn
㚤,ng
㚥,ny
㚦,nw
㚧,ng
㚨,nu
㚩,no
㚪,nm
㚫,nj
㚬,ny
㚭,ny
㚮,nj
㚯,nf
㚰,np
㚱,nq
㚲,nv
㚳,nk
㚴,nj
㚵,nd
㚶,nl
㚷,nx
㚸,nk
㚹,ne
㚺,nz
㚻,tn
㚼,nt
㚽,gn
㚾,nx
㚿,nb
㛀,ne
㛁,np
㛂,nb
㛃,fn
㛄,ny
㛅,ne
㛆,na
㛇,nt
㛈,nk
㛉,nx
㛊,na
㛋,nx
㛌,nn
㛍,nr
㛎,nk
㛏,nq
㛐,ng
㛑,dn
㛒,nb
㛓,nj
㛔,nf
㛕,nb
㛖,nw
㛗,nr
㛘,nz
㛙,nx
㛚,ny
㛛,nu
㛜,rn
㛝,nb
㛞,nc
㛟,nr
㛠,no
㛡,ny
㛢,nn
㛣,nb
㛤,nd
㛥,no
㛦,na
㛧,nu
㛨,nv
㛩,no
㛪,nd
㛫,nw
㛬,nt
㛭,no
㛮,ny
㛯,nl
㛰,no
㛱,ny
㛲,ny
㛳,wn
㛴,nx
㛵,nr
㛶,nh
㛷,hn
㛸,nb
㛹,ng
㛺,no
㛻,nt
㛼,nj
㛽,nm
㛾,nk
㛿,nj
㜀,no
㜁,nd
㜂,tn
㜃,nk
㜄,nf
㜅,nt
㜆,nm
㜇,nx
㜈,mn
㜉,nb
㜊,ny
㜋,nm
㜌,tn
㜍,nk
㜎,nd
㜏,nb
㜐,nb
㜑,dn
㜒,nc
㜓,nk
㜔,nx
㜕,ni
㜖,no
㜗,np
㜘,nq
㜙,nb
㜚,nb
㜛,nq
㜜,nw
㜝,ny
㜞,in
㜟,nw
㜠,nv
㜡,nz
㜢,nn
㜣,nh
㜤,nu
㜥,nb
㜦,nc
㜧,nq
㜨,nn
㜩,nd
㜪,ln
㜫,nj
㜬,nk
㜭,nt
㜮,nm
㜯,nh
㜰,na
㜱,nb
㜲,nn
㜳,nx
㜴,no
㜵,nm
㜶,nt
㜷,gn
㜸,cn
㜹,nv
㜺,nb
㜻,nx
㜼,nq
㜽,vz
㜾,zj
㜿,zy
㝀,mz
㝁,bz
㝂,zt
㝃,ze
㝄,wt
㝅,tz
㝆,zk
㝇,wz
㝈,xz
㝉,ba
㝊,by
㝋,bl
㝌,bj
㝍,by
㝎,bv
㝏,bj
㝐,bg
㝑,bf
㝒,bg
㝓,bk
㝔,bf
㝕,by
㝖,bx
㝗,bl
㝘,bk
㝙,bb
㝚,bv
㝛,bx
㝜,bo
㝝,ba
㝞,by
㝟,bj
㝠,bl
㝡,by
㝢,by
㝣,bd
㝤,br
㝥,bm
㝦,bn
㝧,br
㝨,by
㝩,bl
㝪,bw
㝫,bu
㝬,bf
㝭,bu
㝮,by
㝯,bk
㝰,bf
㝱,bx
㝲,bj
㝳,ax
㝴,yc
㝵,oc
㝶,sc
㝷,ew
㝸,xe
㝹,ut
㝺,ju
㝻,cu
㝼,yy
㝽,yu
㝾,yg
㝿,yp
㞀,yh
㞁,yb
㞂,yn
㞃,gy
㞄,yd
㞅,yg
㞆,yk
㞇,yy
㞈,yc
㞉,yg
㞊,iy
㞋,uy
㞌,uz
㞍,uw
㞎,ub
㞏,uf
㞐,ul
㞑,uu
㞒,uz
㞓,uo
㞔,ux
㞕,uo
㞖,uu
㞗,uq
㞘,uu
㞙,uu
㞚,uj
㞛,uo
㞜,un
㞝,gu
㞞,uz
㞟,ud
㞠,ux
㞡,uy
㞢,ca
㞣,cf
㞤,ur
㞥,ur
㞦,uj
㞧,un
㞨,uz
㞩,uf
㞪,eu
㞫,uv
㞬,ug
㞭,du
㞯,ju
㞰,uw
㞱,uo
㞲,uv
㞳,ud
㞴,uu
㞵,uw
㞶,uw
㞷,cw
㞸,ub
㞹,uk
㞺,uu
㞻,uk
㞼,lu
㞽,ul
㞾,ub
㞿,ux
㟀,hu
㟁,ug
㟂,um
㟃,uk
㟄,uy
㟅,ue
㟆,uu
㟇,ur
㟈,uq
㟉,un
㟊,uz
㟋,ux
㟌,up
㟍,ul
㟎,un
㟏,uk
㟐,uw
㟑,uz
㟒,uk
㟓,uj
㟔,uk
㟕,ud
㟖,uc
㟗,uf
㟘,uk
㟙,uo
㟚,au
㟛,ug
㟜,ux
㟝,uk
㟞,ug
㟟,uv
㟠,uu
㟡,uv
㟢,uk
㟣,ug
㟤,uu
㟥,up
㟦,ui
㟧,uk
㟨,ue
㟩,mu
㟪,uy
㟫,uu
㟬,uy
㟭,uo
㟮,uq
㟯,uk
㟰,ul
㟱,uh
㟲,ux
㟳,ua
㟴,ug
㟵,uv
㟶,ux
㟷,uk
㟸,uu
㟹,ue
㟺,un
㟻,iu
㟼,uw
㟽,uu
㟾,uo
㟿,uc
㠀,nu
㠁,up
㠂,uw
㠃,ug
㠄,ub
㠅,uw
㠆,uu
㠇,uy
㠈,uw
㠉,ul
㠊,uy
㠋,uk
㠌,uq
㠍,ua
㠎,ua
㠏,uf
㠐,uk
㠑,uf
㠒,ud
㠓,uu
㠔,ux
㠕,ug
㠖,uw
㠗,ud
㠘,ub
㠙,uu
㠚,uc
㠛,uy
㠜,uz
㠝,ub
㠞,ru
㠟,uu
㠠,um
㠡,um
㠢,uy
㠣,uv
㠤,uf
㠥,ut
㠦,ub
㠧,uf
㠨,uc
㠩,vi
㠪,ga
㠫,gf
㠬,gf
㠭,gg
㠮,bg
㠯,kk
㠰,lj
㠱,sb
㠲,jb
㠳,rj
㠴,jd
㠵,wj
㠶,jj
㠷,jj
㠸,jf
㠹,jj
㠺,ju
㠻,lj
㠼,jt
㠽,jd
㠾,xj
㠿,vj
㡀,xx
㡁,jk
㡂,dj
㡃,ji
㡄,jo
㡅,jx
㡆,ji
㡇,jv
㡈,je
㡉,jx
㡊,jj
㡋,jd
㡌,jo
㡍,bj
㡎,jp
㡏,jd
㡐,jd
㡑,hj
㡒,jo
㡓,ji
㡔,mj
㡕,jy
㡖,jv
㡗,jj
㡘,jj
㡙,jb
㡚,jr
㡛,ji
㡜,ju
㡝,jf
㡞,jn
㡟,jo
㡠,jb
㡡,jc
㡢,jf
㡣,wv
㡤,jw
㡥,jx
㡦,jb
㡧,jb
㡨,jj
㡩,xj
㡪,jw
㡫,yr
㡬,yi
㡭,vy
㡮,gq
㡯,gq
㡰,gy
㡱,gj
㡲,gg
㡳,gu
㡴,gl
㡵,gs
㡶,gv
㡷,gb
㡸,gv
㡹,gq
㡺,gd
㡻,ge
㡼,gy
㡽,gy
㡾,gg
㡿,gn
㢀,gu
㢁,gx
㢂,gl
㢃,gl
㢄,gb
㢅,gc
㢆,gl
㢇,gk
㢈,gv
㢉,gq
㢊,gk
㢋,gx
㢌,gk
㢍,gy
㢎,gj
㢏,gd
㢐,gk
㢑,gu
㢒,gq
㢓,gu
㢔,gz
㢕,gv
㢖,gt
㢗,gk
㢘,gh
㢙,gl
㢚,gl
㢛,gr
㢜,gx
㢝,gh
㢞,gg
㢟,zv
㢠,zk
㢡,pc
㢢,xc
㢣,cc
㢥,kg
㢦,kg
㢧,ga
㢨,gg
㢩,gu
㢪,gk
㢫,gu
㢬,gs
㢭,gy
㢮,gy
㢯,gm
㢰,gp
㢱,gx
㢲,gb
㢳,gy
㢴,gd
㢵,gk
㢶,gb
㢷,gx
㢸,gw
㢹,gx
㢺,gn
㢻,gn
㢼,gx
㢽,ge
㢾,gt
㢿,gu
㣀,gb
㣁,gy
㣂,gg
㣃,gg
㣄,ga
㣅,go
㣆,gy
㣇,hj
㣈,hj
㣉,gp
㣊,wp
㣋,jp
㣌,vp
㣍,sp
㣎,bp
㣏,dp
㣐,bp
㣑,gp
㣒,bp
㣓,dp
㣔,rd
㣕,rd
㣖,rt
㣗,rh
㣘,rj
㣙,ry
㣚,rk
㣛,rk
㣜,rd
㣝,ru
㣞,ry
㣟,rk
㣠,rd
㣡,rv
㣢,rd
㣣,rr
㣤,rg
㣥,rc
㣦,rn
㣧,rv
㣨,rg
㣩,ra
㣪,ry
㣫,rv
㣬,re
㣭,rw
㣮,rg
㣯,ro
㣰,rx
㣱,rb
㣲,rk
㣳,rh
㣴,rb
㣵,ry
㣶,rd
㣷,rd
㣸,ru
㣹,rx
㣺,xd
㣻,xx
㣼,xd
㣽,nx
㣾,xi
㣿,xu
㤀,vx
㤁,tx
㤂,jx
㤃,xf
㤄,xj
㤅,wx
㤆,xy
㤇,xy
㤈,xx
㤉,xy
㤊,xx
㤋,xf
㤌,xg
㤍,gx
㤎,lx
㤏,xd
㤐,vx
㤑,xk
㤒,xu
㤓,xb
㤔,xc
㤕,xi
㤖,xd
㤗,ix
㤘,xe
㤙,wx
㤚,xd
㤛,xw
㤜,xd
㤝,xy
㤞,xq
㤟,qx
㤠,dx
㤡,xd
㤢,xo
㤣,bx
㤤,xn
㤥,xr
㤦,xl
㤧,xk
㤨,xg
㤩,wx
㤪,ax
㤫,ux
㤬,xt
㤭,xl
㤮,qx
㤯,xk
㤰,rx
㤱,xb
㤲,dx
㤳,xk
㤴,xv
㤵,zx
㤶,xp
㤷,xk
㤸,xi
㤹,xq
㤺,xi
㤻,lx
㤼,xl
㤽,xc
㤾,xa
㤿,xd
㥀,xq
㥁,vx
㥂,xc
㥃,xm
㥄,xw
㥅,xy
㥆,xl
㥇,xg
㥈,jx
㥉,xk
㥊,xo
㥋,rx
㥌,xm
㥍,xb
㥎,hx
㥏,xb
㥐,rx
㥑,bx
㥒,xa
㥓,xk
㥔,xo
㥕,hx
㥖,dx
㥗,xw
㥘,xd
㥙,xx
㥚,xr
㥛,xa
㥜,xo
㥝,xe
㥞,xu
㥟,xu
㥠,xo
㥡,xa
㥢,xy
㥣,dx
㥤,mx
㥥,xd
㥦,kx
㥧,xy
㥨,nx
㥩,xo
㥪,xn
㥫,xo
㥬,xf
㥭,xu
㥮,xc
㥯,vx
㥰,xy
㥱,xf
㥲,ux
㥳,xx
㥴,xj
㥵,xu
㥶,bx
㥷,gx
㥸,mx
㥹,mx
㥺,xm
㥻,gx
㥼,xh
㥽,xb
㥾,xk
㥿,fx
㦀,xf
㦁,zx
㦂,xx
㦃,xu
㦄,gx
㦅,xj
㦆,xh
㦇,xb
㦈,xm
㦉,xb
㦊,xf
㦋,xo
㦌,mx
㦍,xn
㦎,xa
㦏,xg
㦐,xb
㦑,xw
㦒,xk
㦓,xh
㦔,ox
㦕,xu
㦖,xx
㦗,xu
㦘,bx
㦙,xx
㦚,xy
㦛,jx
㦜,xy
㦝,vx
㦞,tx
㦟,vx
㦠,xc
㦡,xa
㦢,xe
㦣,rx
㦤,tx
㦥,xx
㦦,xe
㦧,xo
㦨,xj
㦩,xx
㦪,xy
㦫,xb
㦬,xv
㦭,xr
㦮,ga
㦯,ga
㦰,gr
㦱,gt
㦲,gd
㦳,gt
㦴,gk
㦵,pg
㦶,gt
㦷,sg
㦸,bg
㦹,og
㦺,ig
㦻,xg
㦼,ig
㦽,uv
㦾,hy
㦿,ha
㧀,hj
㧁,hq
㧂,ht
㧃,fj
㧄,fk
㧅,fd
㧆,fj
㧇,fa
㧈,fg
㧉,fq
㧊,fj
㧋,fq
㧌,fm
㧍,ff
㧎,fy
㧏,fx
㧐,fy
㧑,fw
㧒,fb
㧓,fg
㧔,fg
㧕,fe
㧖,fv
㧗,fb
㧘,vu
㧙,fb
㧚,fw
㧛,lu
㧜,fj
㧝,lu
㧞,fy
㧟,fk
㧠,fx
㧡,fr
㧢,fy
㧣,fw
㧤,fy
㧥,fe
㧦,fo
㧧,fi
㧨,fk
㧩,fj
㧪,fv
㧫,fe
㧬,gu
㧭,gu
㧮,fj
㧯,fl
㧰,fl
㧱,ru
㧲,fa
㧳,fu
㧴,fw
㧵,fk
㧶,fu
㧷,fk
㧸,fl
㧹,fc
㧺,fo
㧻,fu
㧼,fy
㧽,fg
㧾,fx
㧿,fz
㨀,fr
㨁,fq
㨂,fd
㨃,fz
㨄,fk
㨅,fn
㨆,fa
㨇,du
㨈,fo
㨉,fo
㨊,fo
㨋,fo
㨌,tu
㨍,tu
㨎,fd
㨏,fh
㨐,fa
㨑,fw
㨒,ft
㨓,fn
㨔,fk
㨕,fm
㨖,fw
㨗,fz
㨘,fo
㨙,fd
㨚,fo
㨛,fr
㨜,fw
㨝,fo
㨞,fx
㨟,fb
㨠,fl
㨡,fu
㨢,fb
㨣,fx
㨤,fv
㨥,fn
㨦,fy
㨧,ft
㨨,ft
㨩,fw
㨪,fg
㨫,fm
㨬,fy
㨭,fb
㨮,fe
㨯,fe
㨰,fg
㨱,fk
㨲,fa
㨳,fk
㨴,fv
㨵,fd
㨶,fn
㨷,fw
㨸,fu
㨹,fe
㨺,fr
㨻,iu
㨼,tu
㨽,fd
㨾,fy
㨿,fj
㩀,fd
㩁,fv
㩂,fd
㩃,fd
㩄,fx
㩅,ft
㩆,fy
㩇,fa
㩈,fk
㩉,fx
㩊,fs
㩋,fa
㩌,fb
㩍,fu
㩎,fq
㩏,fh
㩐,fc
㩑,ff
㩒,fu
㩓,ju
㩔,fu
㩕,fs
㩖,fj
㩗,fn
㩘,fw
㩙,ft
㩚,fu
㩛,fc
㩜,fm
㩝,fu
㩞,fa
㩟,fa
㩠,fh
㩡,fu
㩢,fd
㩣,fi
㩤,fw
㩥,fj
㩦,fk
㩧,fu
㩨,fx
㩩,fy
㩪,fy
㩫,fb
㩬,fg
㩭,fz
㩮,fu
㩯,fx
㩰,fa
㩱,fc
㩲,fv
㩳,fy
㩴,fv
㩵,fq
㩶,fb
㩷,fm
㩸,fh
㩹,fq
㩺,bv
㩻,dv
㩼,xv
㩽,uv
㩾,qv
㩿,pw
㪀,yw
㪁,ry
㪂,qy
㪃,ky
㪄,fw
㪅,by
㪆,uy
㪇,nw
㪈,ty
㪉,rw
㪊,yy
㪋,oy
㪌,sy
㪍,uw
㪎,dy
㪏,py
㪐,hy
㪑,dy
㪒,jy
㪓,qy
㪔,ay
㪕,by
㪖,ey
㪗,ly
㪘,rw
㪙,gw
㪚,co
㪛,cy
㪜,uy
㪝,jy
㪞,oy
㪟,ww
㪠,jy
㪡,by
㪢,jy
㪣,ww
㪤,tw
㪥,hy
㪦,bw
㪧,ry
㪨,yy
㪩,yy
㪪,ty
㪫,by
㪬,xy
㪭,hy
㪮,yy
㪯,wf
㪰,wm
㪱,wr
㪲,dv
㪴,yd
㪵,bd
㪶,bd
㪷,dd
㪸,cd
㪹,ud
㪺,dd
㪻,xd
㪼,kt
㪽,at
㪾,wt
㪿,ct
㫀,ot
㫁,vt
㫂,gt
㫃,fr
㫄,ef
㫅,fw
㫆,fx
㫇,fv
㫉,fv
㫊,fk
㫋,fr
㫌,fv
㫍,fw
㫎,fi
㫏,fn
㫐,ob
㫑,ol
㫒,oc
㫓,ov
㫔,ou
㫕,ow
㫖,uo
㫗,oz
㫘,bo
㫙,of
㫚,wo
㫛,ox
㫜,od
㫝,ou
㫞,oy
㫟,ok
㫠,ob
㫡,od
㫢,oq
㫣,od
㫤,oy
㫥,ok
㫦,ro
㫧,om
㫨,on
㫩,uo
㫪,io
㫫,oy
㫬,oo
㫭,oc
㫮,vo
㫯,ow
㫰,ol
㫱,oi
㫲,oz
㫳,io
㫴,oz
㫵,of
㫶,oj
㫷,co
㫸,oz
㫹,ot
㫺,ro
㫻,oc
㫼,od
㫽,ou
㫾,ok
㫿,ov
㬀,oz
㬁,ok
㬂,od
㬃,oh
㬄,oi
㬅,ow
㬆,oo
㬇,or
㬈,om
㬉,od
㬊,oy
㬋,ou
㬌,ox
㬍,oc
㬎,oh
㬏,og
㬐,oo
㬑,oe
㬒,oc
㬓,ou
㬔,op
㬕,oy
㬖,ok
㬗,oh
㬘,oa
㬙,ow
㬚,ow
㬛,ox
㬜,go
㬝,oo
㬞,or
㬟,wo
㬠,oh
㬡,os
㬢,ow
㬣,oc
㬤,oh
㬥,om
㬦,oy
㬧,ox
㬨,oi
㬩,ox
㬪,oh
㬫,co
㬬,ov
㬭,oc
㬮,ov
㬯,oy
㬰,yr
㬱,no
㬲,gm
㬳,ow
㬴,og
㬵,of
㬶,ok
㬷,oa
㬸,ob
㬹,oy
㬺,oj
㬻,oi
㬼,uw
㬽,ok
㬾,ko
㬿,ow
㭀,or
㭁,an
㭂,ax
㭃,ay
㭄,au
㭅,as
㭆,nw
㭇,ay
㭈,ag
㭉,ca
㭊,ap
㭋,af
㭌,an
㭍,da
㭎,ax
㭏,aw
㭐,dw
㭑,aw
㭒,al
㭓,ac
㭔,ah
㭕,aq
㭖,ag
㭗,am
㭘,ak
㭙,ac
㭚,ay
㭛,ay
㭜,au
㭝,aj
㭞,al
㭟,ga
㭠,ae
㭡,ax
㭢,ad
㭣,ak
㭤,an
㭥,ab
㭦,aq
㭧,va
㭨,ae
㭩,ac
㭪,af
㭫,ar
㭬,au
㭭,ad
㭮,ad
㭯,av
㭰,vu
㭱,aj
㭲,ag
㭳,az
㭴,at
㭵,at
㭶,af
㭷,al
㭸,at
㭹,ax
㭺,ad
㭻,ak
㭼,ao
㭽,au
㭾,ai
㭿,ae
㮀,au
㮁,ao
㮂,oa
㮃,an
㮄,af
㮅,av
㮆,ay
㮇,ax
㮈,au
㮉,aj
㮊,aa
㮋,ae
㮌,am
㮍,ba
㮎,am
㮏,au
㮐,ao
㮑,aj
㮒,at
㮓,ah
㮔,av
㮕,ad
㮖,au
㮗,ma
㮘,aw
㮙,ak
㮚,ba
㮛,az
㮜,at
㮝,ae
㮞,ak
㮟,aa
㮠,aa
㮡,ha
㮢,au
㮣,ga
㮤,ba
㮥,at
㮦,ax
㮧,ah
㮨,aw
㮩,ax
㮪,aa
㮫,ak
㮬,ax
㮭,ag
㮮,au
㮯,au
㮰,ab
㮱,ae
㮲,ac
㮳,at
㮴,ay
㮵,ad
㮶,ao
㮷,ao
㮸,at
㮹,aw
㮺,bk
㮻,ai
㮼,ax
㮽,au
㮾,la
㮿,af
㯀,az
㯁,ak
㯂,aj
㯃,au
㯄,ab
㯅,au
㯆,au
㯇,at
㯈,au
㯉,ah
㯊,ah
㯋,ba
㯌,au
㯍,ac
㯎,aa
㯏,ta
㯐,ea
㯑,ai
㯒,aj
㯓,ax
㯔,ma
㯕,at
㯖,ax
㯗,aa
㯘,aq
㯙,aw
㯚,ak
㯛,ay
㯜,au
㯝,ak
㯞,ao
㯟,au
㯠,an
㯡,ab
㯢,ag
㯣,aa
㯤,ll
㯥,dd
㯦,aa
㯧,ak
㯨,am
㯩,yy
㯪,as
㯫,au
㯬,ay
㯭,al
㯮,ai
㯯,ab
㯰,aq
㯱,gf
㯲,au
㯳,aw
㯴,ag
㯵,av
㯶,aw
㯷,af
㯸,am
㯹,ac
㯺,ia
㯻,gu
㯼,am
㯽,ab
㯾,ao
㯿,av
㰀,au
㰁,au
㰂,at
㰃,ax
㰄,ag
㰅,ag
㰆,ga
㰇,aj
㰈,ai
㰉,ah
㰊,ah
㰋,ay
㰌,av
㰍,la
㰎,ak
㰏,ak
㰐,ao
㰑,aa
㰒,az
㰓,ab
㰔,ay
㰕,ak
㰖,aj
㰗,az
㰘,ac
㰙,av
㰚,av
㰛,aa
㰜,ay
㰝,sq
㰞,uq
㰟,qq
㰠,wq
㰡,jq
㰢,kq
㰣,vq
㰤,kq
㰥,uq
㰦,qq
㰧,sq
㰨,vq
㰩,iq
㰪,tq
㰫,nq
㰬,bq
㰭,dq
㰮,iq
㰯,dq
㰰,dq
㰱,qq
㰲,gq
㰳,yq
㰴,lq
㰵,wq
㰶,wq
㰷,dq
㰸,rq
㰹,gq
㰺,uq
㰻,tq
㰼,kq
㰽,kq
㰾,bq
㰿,vq
㱀,bq
㱁,iq
㱂,gq
㱃,rq
㱄,lq
㱅,tq
㱆,hq
㱇,gq
㱈,aq
㱉,yq
㱊,bq
㱋,yq
㱌,eq
㱍,xq
㱎,sy
㱏,ev
㱐,ev
㱑,vx
㱒,vk
㱓,vs
㱔,vx
㱕,vj
㱖,vu
㱗,vq
㱘,iv
㱙,dk
㱚,do
㱛,dd
㱜,dz
㱝,dl
㱞,dl
㱟,dp
㱠,dg
㱡,de
㱢,dl
㱣,dn
㱤,dt
㱥,dw
㱦,dk
㱧,dv
㱨,dz
㱩,dd
㱪,do
㱫,dj
㱬,dy
㱭,du
㱮,db
㱯,db
㱰,dx
㱱,dg
㱲,dm
㱳,cd
㱴,db
㱵,db
㱶,dp
㱷,da
㱸,dx
㱹,dv
㱺,dm
㱻,dy
㱼,su
㱽,bu
㱾,wu
㱿,tu
㲀,iu
㲁,bu
㲂,xu
㲃,bu
㲄,tu
㲅,bu
㲆,ts
㲇,td
㲈,tk
㲉,tl
㲊,bu
㲋,db
㲌,mn
㲍,vm
㲎,mm
㲏,pm
㲐,mv
㲑,mu
㲒,jm
㲓,md
㲔,xm
㲕,vm
㲖,xm
㲗,vm
㲘,bm
㲙,mi
㲚,dm
㲛,um
㲜,hm
㲝,mv
㲞,wm
㲟,cm
㲠,wm
㲡,am
㲢,hm
㲣,jm
㲤,ym
㲥,gm
㲦,um
㲧,mi
㲨,cm
㲩,mx
㲪,bm
㲫,ym
㲬,rm
㲭,hm
㲮,mk
㲯,im
㲰,bm
㲱,mv
㲲,tm
㲳,uf
㲴,qv
㲵,qo
㲶,qd
㲷,qu
㲸,dv
㲹,dj
㲺,dq
㲻,ru
㲼,dx
㲽,dd
㲾,bu
㲿,dg
㳀,dg
㳁,dr
㳂,dg
㳃,du
㳄,dq
㳅,db
㳆,dd
㳇,df
㳈,dm
㳉,do
㳊,dw
㳋,dq
㳌,dj
㳍,dj
㳎,dc
㳏,du
㳐,dv
㳑,dm
㳒,ds
㳓,dk
㳔,dc
㳕,dl
㳖,dy
㳗,dt
㳘,dy
㳙,do
㳚,dd
㳛,dr
㳜,da
㳝,dw
㳞,dv
㳟,gu
㳠,dd
㳡,dc
㳢,dl
㳣,dl
㳤,dd
㳥,dc
㳦,dc
㳧,dv
㳨,dd
㳩,dd
㳪,dk
㳫,uj
㳬,dz
㳭,da
㳮,du
㳯,dx
㳰,dc
㳱,do
㳲,dt
㳳,dx
㳴,dt
㳵,dz
㳶,dv
㳷,do
㳸,db
㳹,dw
㳺,dz
㳻,do
㳼,gu
㳽,dx
㳾,dv
㳿,da
㴀,df
㴁,dj
㴂,dr
㴃,du
㴄,dk
㴅,uk
㴆,dj
㴇,uu
㴈,du
㴉,de
㴊,dd
㴋,db
㴌,dg
㴍,di
㴎,du
㴏,dw
㴐,dg
㴑,dn
㴒,dc
㴓,dx
㴔,dx
㴕,dh
㴖,du
㴗,dn
㴘,do
㴙,dj
㴚,du
㴛,dw
㴜,dc
㴝,hu
㴞,do
㴟,dz
㴠,dy
㴡,do
㴢,dv
㴣,dy
㴤,dv
㴥,do
㴦,dk
㴧,dx
㴨,dt
㴩,db
㴪,da
㴫,de
㴬,dc
㴭,do
㴮,do
㴯,do
㴰,db
㴱,db
㴲,dj
㴳,dp
㴴,dh
㴵,dm
㴶,dv
㴷,de
㴸,dr
㴹,dm
㴺,dr
㴻,dc
㴼,db
㴽,dx
㴾,dw
㴿,dy
㵀,du
㵁,dy
㵂,dh
㵃,db
㵄,dt
㵅,db
㵆,dk
㵇,dg
㵈,dg
㵉,da
㵊,dy
㵋,db
㵌,do
㵍,dx
㵎,do
㵏,du
㵐,dq
㵑,db
㵒,db
㵓,dz
㵔,do
㵕,dx
㵖,dx
㵗,du
㵘,uu
㵙,dk
㵚,dj
㵛,dk
㵜,dg
㵝,dk
㵞,dx
㵟,dj
㵠,di
㵡,db
㵢,dt
㵣,dq
㵤,dr
㵥,dm
㵦,do
㵧,dr
㵨,uu
㵩,da
㵪,dq
㵫,do
㵬,dm
㵭,dh
㵮,dg
㵯,dn
㵰,db
㵱,dc
㵲,df
㵳,dp
㵴,di
㵵,du
㵶,dv
㵷,xd
㵸,dc
㵹,dd
㵺,du
㵻,dy
㵼,dh
㵽,dt
㵾,dj
㵿,db
㶀,dp
㶁,dj
㶂,db
㶃,dh
㶄,dj
㶅,dz
㶆,do
㶇,db
㶈,di
㶉,dn
㶊,dy
㶋,du
㶌,dj
㶍,dy
㶎,dy
㶏,dx
㶐,dx
㶑,dq
㶒,dm
㶓,di
㶔,dd
㶕,do
㶖,dh
㶗,pu
㶘,du
㶙,du
㶚,do
㶛,db
㶜,dd
㶝,dx
㶞,df
㶟,dx
㶠,dg
㶡,jh
㶢,hj
㶣,gh
㶤,hx
㶥,hg
㶦,hy
㶧,hn
㶨,bh
㶩,he
㶪,bh
㶫,dh
㶬,hw
㶭,hl
㶮,bh
㶯,he
㶰,hg
㶱,hb
㶲,hy
㶳,yh
㶴,hx
㶵,rh
㶶,hy
㶷,ho
㶸,hl
㶹,hu
㶺,hk
㶻,wh
㶼,hu
㶽,hn
㶾,xh
㶿,hz
㷀,hu
㷁,hy
㷂,ih
㷃,hi
㷄,hg
㷅,eh
㷆,hu
㷇,xh
㷈,hd
㷉,uc
㷊,ah
㷋,hh
㷌,hj
㷍,hc
㷎,hr
㷏,hh
㷐,ht
㷑,ht
㷒,hd
㷓,hx
㷔,ho
㷕,bh
㷖,ok
㷗,ph
㷘,ha
㷙,hd
㷚,hd
㷛,rh
㷜,hd
㷝,hd
㷞,hz
㷟,hl
㷠,hf
㷡,oh
㷢,yh
㷣,hn
㷤,th
㷥,hi
㷦,eh
㷧,hx
㷨,hf
㷩,ph
㷪,hn
㷫,th
㷬,hd
㷭,zh
㷮,ho
㷯,hf
㷰,hn
㷱,sh
㷲,hl
㷳,ih
㷴,ih
㷵,hh
㷶,rh
㷷,hg
㷸,hf
㷹,hu
㷺,dh
㷻,hh
㷼,ch
㷽,hk
㷾,hu
㷿,hr
㸀,ht
㸁,hw
㸂,zh
㸃,lv
㸄,ho
㸅,he
㸆,hf
㸇,hb
㸈,rh
㸉,hh
㸊,hb
㸋,xt
㸌,hv
㸍,hg
㸎,he
㸏,gh
㸐,ch
㸑,jh
㸒,vw
㸓,vo
㸔,po
㸕,vy
㸖,fq
㸗,fk
㸘,fd
㸙,fo
㸚,xx
㸛,pk
㸜,pg
㸝,pq
㸞,pp
㸟,po
㸠,pv
㸡,pw
㸢,py
㸣,pw
㸤,xx
㸥,pt
㸦,gn
㸧,yg
㸨,nj
㸩,ng
㸪,ni
㸫,nt
㸬,nj
㸭,nb
㸮,nf
㸯,nd
㸰,nb
㸱,ny
㸲,nv
㸳,ns
㸴,un
㸵,nk
㸶,ny
㸷,fn
㸸,nk
㸹,nc
㸺,dn
㸻,nu
㸼,nf
㸽,nb
㸾,nx
㸿,nj
㹀,nz
㹁,nx
㹂,in
㹃,fn
㹄,nw
㹅,nx
㹆,ni
㹇,nr
㹈,wn
㹉,nx
㹊,nv
㹋,np
㹌,nu
㹍,ng
㹎,nx
㹏,nw
㹐,rn
㹑,nb
㹒,nf
㹓,nw
㹔,nj
㹕,yn
㹖,nu
㹗,nc
㹘,ne
㹙,no
㹚,nk
㹛,nw
㹜,qq
㹝,qu
㹞,qt
㹟,qg
㹠,qt
㹡,qx
㹢,qk
㹣,qd
㹤,qq
㹥,qv
㹦,qk
㹧,qy
㹨,qy
㹩,qt
㹪,qc
㹫,qy
㹬,ql
㹭,qy
㹮,qb
㹯,qa
㹰,qg
㹱,qz
㹲,qz
㹳,qk
㹴,qg
㹵,qg
㹶,qw
㹷,xq
㹸,qe
㹹,qr
㹺,qo
㹻,qn
㹼,qm
㹽,qg
㹾,qk
㹿,qu
㺀,qx
㺁,qx
㺂,qk
㺃,qj
㺄,qd
㺅,qu
㺆,qb
㺇,qq
㺈,qi
㺉,tq
㺊,qx
㺋,qx
㺌,qj
㺍,qb
㺎,qo
㺏,qn
㺐,qg
㺑,qp
㺒,qp
㺓,qb
㺔,qw
㺕,qt
㺖,qw
㺗,qu
㺘,qh
㺙,qb
㺚,qy
㺛,qc
㺜,qi
㺝,qm
㺞,qb
㺟,qv
㺠,qg
㺡,qv
㺢,qv
㺣,qg
㺤,qj
㺥,qt
㺦,qj
㺧,qk
㺨,ws
㺩,wj
㺪,wb
㺫,wd
㺬,wf
㺭,wz
㺮,wk
㺯,wd
㺰,wj
㺱,ry
㺲,wi
㺳,wy
㺴,wq
㺵,wq
㺶,wd
㺷,wu
㺸,ry
㺹,wc
㺺,wo
㺻,wj
㺼,wz
㺽,wp
㺾,wk
㺿,wi
㻀,wn
㻁,wk
㻂,wk
㻃,qy
㻄,wz
㻅,wy
㻆,wo
㻇,ww
㻈,wk
㻉,wu
㻊,we
㻋,wu
㻌,wm
㻍,wt
㻎,dw
㻏,wh
㻐,ww
㻑,wz
㻒,wh
㻓,wy
㻔,wt
㻕,wi
㻖,wl
㻗,fy
㻘,wu
㻙,wo
㻚,wo
㻛,ww
㻜,wz
㻝,wd
㻞,wc
㻟,wo
㻠,wq
㻡,wa
㻢,wy
㻣,wb
㻤,wj
㻥,wy
㻦,wd
㻧,wa
㻨,iy
㻩,wj
㻪,wn
㻫,wf
㻬,wk
㻭,wu
㻮,wu
㻯,wh
㻰,we
㻱,wf
㻲,wn
㻳,wd
㻴,wy
㻵,wz
㻶,wy
㻷,wu
㻸,wo
㻹,uy
㻺,iy
㻻,ww
㻼,wu
㻽,wk
㻾,wy
㻿,wi
㼀,wy
㼁,ww
㼂,jy
㼃,wv
㼄,wt
㼅,wb
㼆,wy
㼇,wk
㼈,wv
㼉,ge
㼊,tg
㼋,gg
㼌,gg
㼍,lg
㼎,gf
㼏,vg
㼐,hg
㼑,jg
㼒,gw
㼓,gj
㼔,og
㼕,xg
㼖,gi
㼗,dw
㼘,uw
㼙,jw
㼚,ww
㼛,kw
㼜,yw
㼝,xw
㼞,pw
㼟,bw
㼠,bw
㼡,pw
㼢,iw
㼣,bw
㼤,fw
㼥,lw
㼦,gw
㼧,sw
㼨,rw
㼩,iw
㼪,dw
㼫,gw
㼬,tw
㼭,tw
㼮,uw
㼯,dw
㼰,pw
㼱,bw
㼲,ew
㼳,uw
㼴,tw
㼵,ow
㼶,rw
㼷,uw
㼸,bw
㼹,cw
㼺,gw
㼻,rw
㼼,xw
㼽,dw
㼾,gw
㼿,lw
㽀,bw
㽁,iw
㽂,rw
㽃,mw
㽄,cw
㽅,bw
㽆,xw
㽇,jw
㽈,bw
㽉,iw
㽊,hw
㽋,xw
㽌,yw
㽍,gw
㽎,ce
㽏,dg
㽐,gj
㽑,gu
㽒,tu
㽓,uu
㽔,yu
㽕,yv
㽖,tl
㽗,tr
㽘,tj
㽙,ty
㽚,tn
㽛,tj
㽜,xt
㽝,dt
㽞,xt
㽟,tc
㽠,tr
㽡,tu
㽢,td
㽣,ta
㽤,tm
㽥,ta
㽦,ht
㽧,ty
㽨,tg
㽩,tp
㽪,to
㽫,wt
㽬,at
㽭,te
㽮,tu
㽯,tk
㽰,oz
㽱,bj
㽲,bk
㽳,by
㽴,bv
㽵,bt
㽶,bj
㽷,bu
㽸,be
㽹,by
㽺,bj
㽻,bv
㽼,bl
㽽,bg
㽾,bi
㽿,bg
㾀,bq
㾁,bu
㾂,bk
㾃,bb
㾄,by
㾅,bd
㾆,br
㾇,bo
㾈,bc
㾉,bs
㾊,bu
㾋,ba
㾌,be
㾍,be
㾎,ba
㾏,bt
㾐,bd
㾑,bk
㾒,bk
㾓,bo
㾔,bk
㾕,bx
㾖,bl
㾗,bl
㾘,bg
㾙,bj
㾚,be
㾛,by
㾜,br
㾝,bi
㾞,by
㾟,bu
㾠,bw
㾡,be
㾢,bl
㾣,bj
㾤,bg
㾥,by
㾦,bk
㾧,bg
㾨,bk
㾩,bb
㾪,bo
㾫,bc
㾬,bb
㾭,bh
㾮,bw
㾯,by
㾰,bo
㾱,be
㾲,bw
㾳,bn
㾴,bd
㾵,bu
㾶,bo
㾷,bj
㾸,bk
㾹,ba
㾺,bm
㾻,bm
㾼,bg
㾽,bl
㾾,bj
㾿,be
㿀,bl
㿁,bu
㿂,bw
㿃,bj
㿄,bu
㿅,bz
㿆,by
㿇,bb
㿈,bv
㿉,bb
㿊,bo
㿋,ba
㿌,br
㿍,bn
㿎,bb
㿏,by
㿐,bx
㿑,bv
㿒,bc
㿓,bz
㿔,bt
㿕,bj
㿖,bm
㿗,by
㿘,bk
㿙,bd
㿚,bv
㿛,bb
㿜,bc
㿝,bs
㿞,bm
㿟,bb
㿠,bg
㿡,bv
㿢,ob
㿣,br
㿤,bo
㿥,bv
㿦,tb
㿧,bc
㿨,bv
㿩,bh
㿪,pw
㿫,bp
㿬,pb
㿭,ip
㿮,yp
㿯,rp
㿰,wp
㿱,fp
㿲,dp
㿳,pt
㿴,dp
㿵,pd
㿶,wp
㿷,yp
㿸,py
㿹,py
㿺,op
㿻,gm
㿼,km
㿽,bm
㿾,bm
㿿,zm
䀀,dm
䀁,um
䀂,bm
䀃,um
䀄,bm
䀅,pm
䀆,ym
䀇,gm
䀈,gm
䀉,ym
䀊,dm
䀋,tm
䀌,ym
䀍,lm
䀎,ok
䀏,bo
䀐,op
䀑,oi
䀒,oq
䀓,ow
䀔,od
䀕,ol
䀖,ot
䀗,og
䀘,ok
䀙,od
䀚,oe
䀛,ow
䀜,wo
䀝,ob
䀞,od
䀟,of
䀠,oo
䀡,ov
䀢,ou
䀣,ob
䀤,xo
䀥,ol
䀦,og
䀧,og
䀨,ou
䀩,ok
䀪,od
䀫,ok
䀬,ow
䀭,or
䀮,oi
䀯,of
䀰,og
䀱,of
䀲,om
䀳,ou
䀴,og
䀵,ou
䀶,ol
䀷,ol
䀸,fo
䀹,or
䀺,ro
䀻,ok
䀼,oi
䀽,ov
䀾,uo
䀿,ot
䁀,ot
䁁,ox
䁂,io
䁃,oy
䁄,og
䁅,om
䁆,od
䁇,bo
䁈,ho
䁉,ho
䁊,oo
䁋,oa
䁌,oo
䁍,ok
䁎,od
䁏,on
䁐,oy
䁑,ow
䁒,oe
䁓,ow
䁔,oy
䁕,oo
䁖,on
䁗,ob
䁘,of
䁙,on
䁚,ob
䁛,og
䁜,og
䁝,ho
䁞,ro
䁟,og
䁠,oj
䁡,or
䁢,oz
䁣,oc
䁤,og
䁥,ok
䁦,oq
䁧,ot
䁨,oe
䁩,oy
䁪,ot
䁫,oh
䁬,oo
䁭,oq
䁮,oo
䁯,ox
䁰,oy
䁱,ow
䁲,ob
䁳,oc
䁴,od
䁵,oy
䁶,ow
䁷,jo
䁸,oi
䁹,ox
䁺,og
䁻,oa
䁼,ot
䁽,ov
䁾,od
䁿,lo
䂀,ok
䂁,ot
䂂,ov
䂃,oc
䂄,oy
䂅,oi
䂆,mu
䂇,mi
䂈,mi
䂉,mu
䂊,mu
䂋,ga
䂌,ml
䂍,mu
䂎,mb
䂏,uk
䂐,ui
䂑,ub
䂒,uk
䂓,uj
䂔,ug
䂕,uu
䂖,ud
䂗,ub
䂘,ui
䂙,ue
䂚,ux
䂛,uy
䂜,uf
䂝,ug
䂞,ua
䂟,lu
䂠,uu
䂡,uq
䂢,ud
䂣,ub
䂤,uc
䂥,um
䂦,up
䂧,ux
䂨,ui
䂩,uy
䂪,uv
䂫,uf
䂬,gu
䂭,uf
䂮,fu
䂯,ut
䂰,ud
䂱,ux
䂲,qu
䂳,ur
䂴,uk
䂵,uy
䂶,ud
䂷,ub
䂸,ua
䂹,uh
䂺,ug
䂻,ui
䂼,ux
䂽,uu
䂾,ul
䂿,uo
䃀,un
䃁,uy
䃂,ub
䃃,uw
䃄,ux
䃅,uu
䃆,ub
䃇,uj
䃈,ub
䃉,uo
䃊,uq
䃋,ud
䃌,ut
䃍,uu
䃎,ux
䃏,uu
䃐,uq
䃑,uu
䃒,ug
䃓,ur
䃔,uk
䃕,hu
䃖,uh
䃗,ud
䃘,ut
䃙,ub
䃚,uu
䃛,ui
䃜,ku
䃝,uw
䃞,wu
䃟,uw
䃠,uz
䃡,uo
䃢,uq
䃣,uw
䃤,ua
䃥,ul
䃦,wu
䃧,eu
䃨,ui
䃩,ui
䃪,ud
䃫,uk
䃬,ug
䃭,ux
䃮,uy
䃯,ua
䃰,uu
䃱,uj
䃲,um
䃳,uv
䃴,uo
䃵,um
䃶,ux
䃷,un
䃸,uj
䃹,uj
䃺,uf
䃻,uo
䃼,pb
䃽,pv
䃾,pb
䃿,pf
䄀,pg
䄁,pu
䄂,py
䄃,py
䄄,py
䄅,ju
䄆,pu
䄇,pw
䄈,pb
䄉,pw
䄊,px
䄋,pd
䄌,py
䄍,po
䄎,pk
䄏,py
䄐,is
䄑,po
䄒,px
䄓,pw
䄔,py
䄕,pt
䄖,pd
䄗,pa
䄘,pf
䄙,pl
䄚,po
䄛,pn
䄜,pn
䄝,pj
䄞,pu
䄟,mu
䄠,pd
䄡,pk
䄢,po
䄣,pb
䄤,pb
䄥,pr
䄦,hl
䄧,hn
䄨,hy
䄩,hg
䄪,hu
䄫,hj
䄬,hy
䄭,hq
䄮,hf
䄯,hk
䄰,hy
䄱,hf
䄲,hn
䄳,hv
䄴,ho
䄵,hf
䄶,hf
䄷,hu
䄸,hb
䄹,hq
䄺,hy
䄻,hv
䄼,hx
䄽,hx
䄾,hu
䄿,hy
䅀,hd
䅁,bh
䅂,hk
䅃,gh
䅄,hl
䅅,ht
䅆,hq
䅇,xh
䅈,jh
䅉,hy
䅊,hq
䅋,he
䅌,ho
䅍,hw
䅎,hn
䅏,hm
䅐,hj
䅑,hn
䅒,hw
䅓,hy
䅔,ht
䅕,hg
䅖,hd
䅗,hn
䅘,hl
䅙,hb
䅚,hv
䅛,ho
䅜,ht
䅝,hg
䅞,hc
䅟,hp
䅠,hz
䅡,hy
䅢,ho
䅣,hw
䅤,hj
䅥,hr
䅦,ht
䅧,ho
䅨,ho
䅩,hv
䅪,hb
䅫,hx
䅬,hm
䅭,hf
䅮,hk
䅯,hk
䅰,hx
䅱,hb
䅲,ho
䅳,hc
䅴,hx
䅵,hh
䅶,hc
䅷,hm
䅸,hx
䅹,hn
䅺,hu
䅻,hn
䅼,hy
䅽,th
䅾,ho
䅿,hf
䆀,hh
䆁,hg
䆂,hj
䆃,zh
䆄,hd
䆅,hb
䆆,ha
䆇,hn
䆈,hn
䆉,hb
䆊,hg
䆋,he
䆌,hk
䆍,hl
䆎,hj
䆏,hg
䆐,ih
䆑,bd
䆒,bw
䆓,by
䆔,bv
䆕,bg
䆖,bs
䆗,bj
䆘,bj
䆙,bv
䆚,bk
䆛,bq
䆜,bo
䆝,bm
䆞,bb
䆟,bk
䆠,bi
䆡,bl
䆢,bg
䆣,bi
䆤,bu
䆥,bu
䆦,bh
䆧,bn
䆨,bt
䆩,bd
䆪,gg
䆫,bx
䆬,bb
䆭,bg
䆮,by
䆯,bn
䆰,bk
䆱,bh
䆲,bl
䆳,bu
䆴,bd
䆵,bo
䆶,bh
䆷,bk
䆸,bb
䆹,bl
䆺,bt
䆻,bw
䆼,bk
䆽,bu
䆾,bm
䆿,ba
䇀,be
䇁,by
䇂,wl
䇃,ls
䇄,lv
䇅,lg
䇆,ld
䇇,lm
䇈,lt
䇉,lu
䇊,ls
䇋,lx
䇌,lo
䇍,lz
䇎,lo
䇏,lz
䇐,ll
䇑,lu
䇒,gl
䇓,pl
䇔,wl
䇕,le
䇖,vp
䇗,vg
䇘,vh
䇙,vl
䇚,vb
䇛,vv
䇜,vq
䇝,vg
䇞,vg
䇟,vl
䇠,vv
䇡,vd
䇢,vg
䇣,vx
䇤,vn
䇥,vv
䇦,vy
䇧,vx
䇨,vf
䇩,vy
䇪,vt
䇫,vi
䇬,vw
䇭,vl
䇮,vw
䇯,ve
䇰,vi
䇱,vx
䇲,vj
䇳,va
䇴,vx
䇵,vt
䇶,vy
䇷,vd
䇸,vw
䇹,vk
䇺,vb
䇻,vm
䇼,vb
䇽,vt
䇾,vk
䇿,vu
䈀,vd
䈁,vc
䈂,vk
䈃,vk
䈄,vu
䈅,va
䈆,vq
䈇,vu
䈈,vb
䈉,vn
䈊,vw
䈋,vo
䈌,vq
䈍,vo
䈎,va
䈏,vt
䈐,vh
䈑,vk
䈒,vg
䈓,vr
䈔,vy
䈕,vz
䈖,vd
䈗,vw
䈘,vy
䈙,vc
䈚,vx
䈛,vy
䈜,vy
䈝,vo
䈞,vo
䈟,vd
䈠,vy
䈡,vx
䈢,va
䈣,vw
䈤,vg
䈥,vl
䈦,vw
䈧,vw
䈨,vg
䈩,vd
䈪,vg
䈫,vn
䈬,vf
䈭,vg
䈮,vj
䈯,vb
䈰,vo
䈱,vj
䈲,vu
䈳,vx
䈴,vj
䈵,vx
䈶,vg
䈷,vk
䈸,vd
䈹,vb
䈺,vd
䈻,vf
䈼,vu
䈽,vw
䈾,vo
䈿,vl
䉀,vh
䉁,vs
䉂,vx
䉃,vc
䉄,vw
䉅,vw
䉆,vn
䉇,vd
䉈,vw
䉉,vg
䉊,vi
䉋,vo
䉌,vu
䉍,vx
䉎,va
䉏,vn
䉐,vg
䉑,vh
䉒,vt
䉓,vg
䉔,vg
䉕,vo
䉖,vs
䉗,ve
䉘,vu
䉙,vy
䉚,vw
䉛,vd
䉜,vv
䉝,vw
䉞,vx
䉟,vy
䉠,vj
䉡,vd
䉢,vk
䉣,vh
䉤,vw
䉥,vx
䉦,vs
䉧,vd
䉨,vu
䉩,vk
䉪,vt
䉫,vu
䉬,vu
䉭,vv
䉮,vv
䉯,vb
䉰,vf
䉱,vk
䉲,vb
䉳,vy
䉴,vf
䉵,vg
䉶,vy
䉷,vw
䉸,vk
䉹,vr
䉺,mg
䉻,mu
䉼,mt
䉽,mb
䉾,bm
䉿,mh
䊀,mg
䊁,me
䊂,mu
䊃,mj
䊄,gm
䊅,mk
䊆,jm
䊇,mf
䊈,mm
䊉,ma
䊊,mm
䊋,mt
䊌,mb
䊍,hm
䊎,mv
䊏,mh
䊐,mb
䊑,mk
䊒,mv
䊓,mz
䊔,my
䊕,my
䊖,mg
䊗,mw
䊘,mo
䊙,um
䊚,ml
䊛,mu
䊜,mc
䊝,mx
䊞,mg
䊟,mr
䊠,gm
䊡,my
䊢,pm
䊣,mb
䊤,mu
䊥,ma
䊦,mb
䊧,mb
䊨,wm
䊩,mt
䊪,md
䊫,mf
䊬,hm
䊭,mc
䊮,mv
䊯,mb
䊰,mo
䊱,mj
䊲,xu
䊳,mf
䊴,mr
䊵,sj
䊶,sy
䊷,sc
䊸,sk
䊹,sq
䊺,sh
䊻,sq
䊼,sv
䊽,sg
䊾,sa
䊿,sf
䋀,hx
䋁,sj
䋂,sx
䋃,sm
䋄,sx
䋅,sn
䋆,sh
䋇,si
䋈,nx
䋉,sb
䋊,sv
䋋,sm
䋌,sj
䋍,sk
䋎,sd
䋏,sv
䋐,sl
䋑,sn
䋒,sm
䋓,se
䋔,sp
䋕,rx
䋖,sy
䋗,si
䋘,sl
䋙,se
䋚,sx
䋛,sm
䋜,hx
䋝,sn
䋞,sx
䋟,sx
䋠,sf
䋡,sm
䋢,fx
䋣,px
䋤,fu
䋥,sl
䋦,sm
䋧,sg
䋨,sk
䋩,se
䋪,sk
䋫,sy
䋬,sx
䋭,so
䋮,sj
䋯,hx
䋰,ox
䋱,sl
䋲,sd
䋳,so
䋴,sa
䋵,sr
䋶,sy
䋷,mx
䋸,so
䋹,st
䋺,sh
䋻,sg
䋼,sm
䋽,sc
䋾,sx
䋿,sy
䌀,sd
䌁,sn
䌂,st
䌃,sd
䌄,sy
䌅,sk
䌆,sg
䌇,sx
䌈,sx
䌉,sv
䌊,sf
䌋,sk
䌌,sb
䌍,sw
䌎,tx
䌏,su
䌐,sj
䌑,st
䌒,sb
䌓,px
䌔,sk
䌕,sa
䌖,sa
䌗,sh
䌘,xx
䌙,sb
䌚,sm
䌛,xx
䌜,sw
䌝,su
䌞,sr
䌟,sx
䌠,gx
䌡,sb
䌢,ss
䌣,sl
䌤,sb
䌥,sx
䌦,sv
䌧,sc
䌨,su
䌩,sd
䌪,sj
䌫,sj
䌬,sl
䌭,sh
䌮,so
䌯,sv
䌰,se
䌱,sl
䌲,sh
䌳,sy
䌴,sy
䌵,si
䌶,sc
䌷,sy
䌸,sv
䌹,sk
䌺,se
䌻,sx
䌼,sx
䌽,sa
䌾,sg
䌿,st
䍀,sm
䍁,su
䍂,fy
䍃,vf
䍄,fv
䍅,fs
䍆,fd
䍇,ff
䍈,fp
䍉,fv
䍊,ff
䍋,ft
䍌,fk
䍍,tf
䍎,fh
䍐,sg
䍑,kg
䍒,sa
䍓,sy
䍔,ss
䍕,su
䍖,sb
䍗,sx
䍘,sm
䍙,sm
䍚,sl
䍛,sg
䍜,sv
䍝,so
䍞,ka
䍟,sw
䍠,sn
䍡,sb
䍢,sh
䍣,st
䍤,so
䍥,sv
䍦,sv
䍧,ny
䍨,yj
䍩,yw
䍪,yw
䍫,yb
䍬,yp
䍭,ym
䍮,yv
䍯,yv
䍰,yy
䍱,ym
䍲,ye
䍳,yy
䍴,yn
䍵,yy
䍶,yd
䍷,yf
䍸,yc
䍹,yq
䍺,yx
䍻,yg
䍼,yo
䍽,yv
䍾,kx
䍿,xw
䎀,xl
䎁,gx
䎂,xb
䎃,rx
䎄,dx
䎅,bx
䎆,xs
䎇,vx
䎈,xy
䎉,xd
䎊,wx
䎋,nx
䎌,xz
䎍,xf
䎎,xv
䎏,rx
䎐,ux
䎑,xu
䎒,xg
䎓,xo
䎔,xc
䎕,hx
䎖,bx
䎗,yx
䎘,yx
䎙,bx
䎚,xx
䎛,lk
䎜,ll
䎝,lx
䎞,lv
䎟,ne
䎠,we
䎡,eh
䎢,lv
䎣,lr
䎤,lk
䎥,lg
䎦,lh
䎧,lk
䎨,ld
䎩,lt
䎪,lc
䎫,lw
䎬,lq
䎭,lk
䎮,lg
䎯,lt
䎰,lt
䎱,lb
䎲,ev
䎳,eo
䎴,ej
䎵,eb
䎶,eu
䎷,ew
䎸,ek
䎹,me
䎺,ed
䎻,ek
䎼,eu
䎽,eo
䎾,ec
䎿,eh
䏀,ed
䏁,ex
䏂,ey
䏃,el
䏄,et
䏅,eu
䏆,eo
䏇,eu
䏈,ex
䏉,eh
䏊,el
䏋,ys
䏌,bo
䏍,so
䏎,of
䏏,oy
䏐,og
䏑,xr
䏒,op
䏓,oy
䏔,oi
䏕,ow
䏖,ol
䏗,oq
䏘,op
䏙,oe
䏚,ou
䏛,oy
䏜,oj
䏝,ov
䏞,ow
䏟,ob
䏠,ol
䏡,ou
䏢,op
䏣,oq
䏤,ok
䏥,or
䏦,ou
䏧,ox
䏨,ol
䏩,ok
䏪,oe
䏫,oa
䏬,on
䏭,ow
䏮,od
䏯,ox
䏰,ox
䏱,ok
䏲,od
䏳,ot
䏴,oo
䏵,op
䏶,ot
䏷,og
䏸,ok
䏹,oj
䏺,of
䏻,sq
䏼,og
䏽,ok
䏾,of
䏿,ho
䐀,ok
䐁,ou
䐂,ou
䐃,oh
䐄,oj
䐅,ou
䐆,oa
䐇,oo
䐈,oq
䐉,ot
䐊,ob
䐋,ox
䐌,qo
䐍,ob
䐎,oz
䐏,oo
䐐,oh
䐑,oa
䐒,ox
䐓,oy
䐔,oc
䐕,oe
䐖,om
䐗,oo
䐘,oy
䐙,ou
䐚,oe
䐛,oe
䐜,ob
䐝,ob
䐞,og
䐟,or
䐠,oi
䐡,wr
䐢,oc
䐣,ob
䐤,og
䐥,ox
䐦,om
䐧,ok
䐨,to
䐩,ob
䐪,on
䐫,oz
䐬,oo
䐭,oj
䐮,ou
䐯,ox
䐰,oo
䐱,og
䐲,ob
䐳,oy
䐴,go
䐵,ob
䐶,oo
䐷,ou
䐸,oa
䐹,oa
䐺,ou
䐻,ox
䐼,ox
䐽,or
䐾,og
䐿,od
䑀,ox
䑁,jo
䑂,ob
䑃,ou
䑄,ow
䑅,ox
䑆,og
䑇,ob
䑈,oa
䑉,on
䑊,ob
䑋,of
䑌,oj
䑍,on
䑎,oj
䑏,ov
䑐,ix
䑑,if
䑒,gd
䑓,ct
䑔,jj
䑕,jf
䑖,jz
䑗,jw
䑘,jg
䑙,uo
䑚,uo
䑛,uu
䑜,ua
䑝,xf
䑞,kf
䑟,vw
䑠,vl
䑡,vi
䑢,vw
䑣,vp
䑤,vv
䑥,vj
䑦,vj
䑧,vc
䑨,vy
䑩,vg
䑪,vk
䑫,vk
䑬,vv
䑭,vg
䑮,va
䑯,vd
䑰,vu
䑱,vv
䑲,vu
䑳,vc
䑴,vb
䑵,vo
䑶,vo
䑷,vo
䑸,vu
䑹,vy
䑺,vf
䑻,vz
䑼,vc
䑽,vx
䑾,vy
䑿,vb
䒀,vc
䒁,vb
䒂,vc
䒃,vk
䒄,vt
䒅,vo
䒆,vw
䒇,vt
䒈,vb
䒉,vf
䒊,bb
䒋,yb
䒌,bb
䒍,wb
䒎,cb
䒏,bb
䒐,cb
䒑,ba
䒒,cd
䒓,ck
䒔,cb
䒕,cx
䒖,cu
䒗,cv
䒘,cw
䒙,cu
䒚,cu
䒛,cv
䒜,cn
䒝,cx
䒞,ce
䒟,cd
䒠,cf
䒡,cl
䒢,ce
䒣,co
䒤,co
䒥,cj
䒦,cf
䒧,cq
䒨,cu
䒩,ch
䒪,cc
䒫,cg
䒬,cu
䒭,cc
䒮,cf
䒯,cw
䒰,cw
䒱,ci
䒲,cq
䒳,ca
䒴,co
䒵,cz
䒶,cy
䒷,cu
䒸,cm
䒹,cl
䒺,cx
䒻,cs
䒼,cq
䒽,cx
䒾,cy
䒿,co
䓀,ck
䓁,cc
䓂,ck
䓃,cb
䓄,ct
䓅,ct
䓆,ct
䓇,ci
䓈,cu
䓉,ce
䓊,ck
䓋,cu
䓌,cx
䓍,cg
䓎,cu
䓏,ck
䓐,ct
䓑,ck
䓒,ct
䓓,cc
䓔,cz
䓕,cy
䓖,cl
䓗,cx
䓘,ck
䓙,cb
䓚,cq
䓛,ci
䓜,cu
䓝,cm
䓞,cq
䓟,ck
䓠,co
䓡,ck
䓢,cg
䓣,cr
䓤,cx
䓥,ru
䓦,cb
䓧,ca
䓨,cf
䓩,cv
䓪,cw
䓫,ck
䓬,cu
䓭,cd
䓮,cw
䓯,cm
䓰,ct
䓱,ca
䓲,cx
䓳,cg
䓴,cd
䓵,ck
䓶,cd
䓷,cd
䓸,cg
䓹,cg
䓺,cd
䓻,cn
䓼,cp
䓽,cj
䓾,cn
䓿,cg
䔀,cn
䔁,ca
䔂,cx
䔃,cq
䔄,cf
䔅,ck
䔆,cl
䔇,cb
䔈,cb
䔉,ch
䔊,ck
䔋,cu
䔌,cu
䔍,cm
䔎,cu
䔏,ck
䔐,cg
䔑,cd
䔒,ck
䔓,cw
䔔,ce
䔕,cf
䔖,cw
䔗,cy
䔘,cq
䔙,cu
䔚,co
䔛,cy
䔜,cr
䔝,cx
䔞,cu
䔟,cx
䔠,co
䔡,cy
䔢,ck
䔣,cn
䔤,cb
䔥,cm
䔦,cm
䔧,ca
䔨,cv
䔩,cw
䔪,cr
䔫,cu
䔬,cg
䔭,cy
䔮,ct
䔯,cg
䔰,ct
䔱,ce
䔲,cb
䔳,ch
䔴,cy
䔵,ca
䔶,cz
䔷,cv
䔸,cq
䔹,cu
䔺,co
䔻,cw
䔼,cv
䔽,cr
䔾,cr
䔿,cc
䕀,cq
䕁,ca
䕂,ck
䕃,cg
䕄,cm
䕅,cy
䕆,cd
䕇,cg
䕈,ca
䕉,cg
䕊,cd
䕋,ck
䕌,cv
䕍,ck
䕎,ct
䕏,cw
䕐,ct
䕑,cn
䕒,ck
䕓,cu
䕔,cj
䕕,cy
䕖,cx
䕗,cw
䕘,cy
䕙,cv
䕚,cb
䕛,cr
䕜,cu
䕝,cr
䕞,cl
䕟,cb
䕠,cu
䕡,ck
䕢,cg
䕣,cr
䕤,ce
䕥,cb
䕦,cn
䕧,cf
䕨,cx
䕩,cx
䕪,cg
䕫,cw
䕬,cj
䕭,ch
䕮,cm
䕯,cg
䕰,ct
䕱,cy
䕲,cu
䕳,cb
䕴,ch
䕵,cn
䕶,cy
䕷,cx
䕸,ck
䕹,cv
䕺,cy
䕻,cb
䕼,cv
䕽,ci
䕾,cw
䕿,cn
䖀,ck
䖁,cx
䖂,cu
䖃,ck
䖄,ch
䖅,cr
䖆,cf
䖇,cp
䖈,hb
䖉,hy
䖊,xj
䖋,hr
䖌,hd
䖍,hw
䖎,ej
䖏,hd
䖐,ij
䖑,ho
䖒,hb
䖓,ij
䖔,qj
䖕,hq
䖖,hj
䖗,hk
䖘,ht
䖙,ij
䖚,hh
䖛,hx
䖜,ho
䖝,pi
䖞,ic
䖟,wi
䖠,if
䖡,ii
䖢,iu
䖣,iv
䖤,xi
䖥,mi
䖦,ii
䖧,id
䖨,iu
䖩,ib
䖪,vi
䖫,ig
䖬,ij
䖭,ji
䖮,ik
䖯,ti
䖰,iy
䖱,iw
䖲,io
䖳,iq
䖴,iv
䖵,ii
䖶,iu
䖷,ij
䖸,wi
䖹,ig
䖺,ri
䖻,ii
䖼,ie
䖽,hi
䖾,iy
䖿,hi
䗀,iw
䗁,ik
䗂,ij
䗃,ig
䗄,it
䗅,ii
䗆,il
䗇,im
䗈,io
䗉,io
䗊,ih
䗋,ia
䗌,iu
䗍,hi
䗎,it
䗏,iy
䗐,fi
䗑,il
䗒,iy
䗓,ix
䗔,iu
䗕,bi
䗖,ij
䗗,ik
䗘,im
䗙,bi
䗚,ic
䗛,io
䗜,it
䗝,pi
䗞,ti
䗟,ki
䗠,fi
䗡,ih
䗢,ik
䗣,gi
䗤,io
䗥,iz
䗦,if
䗧,il
䗨,iy
䗩,ix
䗪,gi
䗫,ia
䗬,zi
䗭,ix
䗮,ix
䗯,iv
䗰,ib
䗱,if
䗲,if
䗳,ib
䗴,iw
䗵,ij
䗶,ir
䗷,ix
䗸,wi
䗹,ix
䗺,zi
䗻,ie
䗼,ih
䗽,si
䗾,ih
䗿,id
䘀,pi
䘁,gi
䘂,ij
䘃,it
䘄,li
䘅,si
䘆,ix
䘇,wi
䘈,il
䘉,ti
䘊,id
䘋,ij
䘌,ki
䘍,ci
䘎,ig
䘏,pe
䘐,pd
䘑,py
䘒,pw
䘓,pj
䘔,pk
䘕,rj
䘖,rf
䘗,rx
䘘,rx
䘙,rj
䘚,yu
䘛,pj
䘜,pj
䘝,pg
䘞,pm
䘟,pd
䘠,px
䘡,by
䘢,pd
䘣,pb
䘤,pu
䘥,pj
䘦,pb
䘧,py
䘨,pf
䘩,po
䘪,py
䘫,ny
䘬,pu
䘭,pt
䘮,gy
䘯,po
䘰,pv
䘱,yg
䘲,py
䘳,pj
䘴,pg
䘵,pu
䘶,pu
䘷,px
䘸,pw
䘹,pu
䘺,pz
䘻,po
䘼,pv
䘽,pe
䘾,pl
䘿,pi
䙀,po
䙁,pg
䙂,px
䙃,po
䙄,pj
䙅,pn
䙆,pt
䙇,pd
䙈,pu
䙉,po
䙊,pj
䙋,pd
䙌,pb
䙍,pf
䙎,pd
䙏,pc
䙐,pg
䙑,pv
䙒,pt
䙓,pq
䙔,pk
䙕,pz
䙖,po
䙗,pg
䙘,px
䙙,pn
䙚,ny
䙛,pk
䙜,pf
䙝,yw
䙞,pb
䙟,pf
䙠,pq
䙡,pb
䙢,po
䙣,pf
䙤,pk
䙥,ps
䙦,px
䙧,ph
䙨,py
䙩,pu
䙪,ay
䙫,pg
䙬,pn
䙭,pz
䙮,pv
䙯,pz
䙰,pv
䙱,pi
䙲,xd
䙳,xh
䙴,xv
䙵,xt
䙶,xy
䙷,jc
䙸,jc
䙹,kj
䙺,hj
䙻,dj
䙼,dj
䙽,dj
䙾,bj
䙿,wj
䚀,vj
䚁,pj
䚂,ij
䚃,bj
䚄,ej
䚅,lj
䚆,cj
䚇,uj
䚈,xj
䚉,fj
䚊,bj
䚋,kj
䚌,bj
䚍,fj
䚎,ij
䚏,mj
䚐,uj
䚑,sj
䚒,lj
䚓,xj
䚔,bj
䚕,lj
䚖,yj
䚗,dg
䚘,ry
䚙,dd
䚚,de
䚛,dk
䚜,du
䚝,du
䚞,dl
䚟,dc
䚠,db
䚡,dx
䚢,da
䚣,dz
䚤,dd
䚥,dg
䚦,dj
䚧,dp
䚨,du
䚩,dk
䚪,dy
䚫,by
䚬,df
䚭,dv
䚮,yn
䚯,yd
䚰,yb
䚱,yx
䚲,yp
䚳,yv
䚴,yo
䚵,yd
䚶,yt
䚷,yk
䚸,yj
䚹,yb
䚺,yw
䚻,xk
䚼,yi
䚽,ym
䚾,yw
䚿,yq
䛀,yy
䛁,yo
䛂,yc
䛃,yy
䛄,yv
䛅,yj
䛆,yy
䛇,yk
䛈,yu
䛉,ym
䛊,yv
䛋,yg
䛌,yb
䛍,yf
䛎,yb
䛏,yb
䛐,vk
䛑,yb
䛒,gk
䛓,lk
䛔,ye
䛕,yn
䛖,yy
䛗,ik
䛘,yw
䛙,ya
䛚,fk
䛛,yk
䛜,yx
䛝,yu
䛞,yg
䛟,yr
䛠,yb
䛡,yk
䛢,yj
䛣,yk
䛤,yz
䛥,yj
䛦,yg
䛧,ym
䛨,yx
䛩,yy
䛪,yg
䛫,yi
䛬,yf
䛭,yg
䛮,yk
䛯,yg
䛰,yb
䛱,yx
䛲,yj
䛳,yd
䛴,yk
䛵,yy
䛶,ya
䛷,yv
䛸,yv
䛹,yu
䛺,yj
䛻,yo
䛼,yt
䛽,yj
䛾,yx
䛿,yg
䜀,yv
䜁,yd
䜂,yu
䜃,yt
䜄,yn
䜅,yv
䜆,gk
䜇,yg
䜈,yg
䜉,yu
䜊,yo
䜋,yb
䜌,xx
䜍,yx
䜎,yl
䜏,yo
䜐,ek
䜑,yx
䜒,yd
䜓,ya
䜔,yo
䜕,yd
䜖,yb
䜗,yx
䜘,yw
䜙,yh
䜚,yx
䜛,ye
䜜,yo
䜝,yy
䜞,yo
䜟,yj
䜠,yb
䜡,yw
䜢,yx
䜣,yt
䜤,yg
䜥,yd
䜦,yo
䜧,yv
䜨,yx
䜩,yh
䜪,gj
䜫,gg
䜬,gy
䜭,bg
䜮,gn
䜯,gm
䜰,gu
䜱,gy
䜲,gv
䜳,dv
䜴,dy
䜵,dp
䜶,df
䜷,dy
䜸,dm
䜹,du
䜺,do
䜻,dz
䜼,mb
䜽,dd
䜾,do
䜿,ib
䝀,dt
䝁,hb
䝂,ib
䝃,dh
䝄,dy
䝅,ut
䝆,wu
䝇,bu
䝈,uv
䝉,yu
䝊,uz
䝋,uu
䝌,uy
䝍,ui
䝎,ue
䝏,un
䝐,uo
䝑,ul
䝒,uu
䝓,uv
䝔,uv
䝕,ue
䝖,vv
䝗,va
䝘,vu
䝙,vq
䝚,vb
䝛,vp
䝜,vw
䝝,vk
䝞,vj
䝟,vd
䝠,vx
䝡,vr
䝢,vy
䝣,va
䝤,vx
䝥,vu
䝦,vu
䝧,by
䝨,lb
䝩,bp
䝪,bz
䝫,bv
䝬,bv
䝭,bj
䝮,bx
䝯,by
䝰,bc
䝱,lb
䝲,bd
䝳,db
䝴,gb
䝵,bf
䝶,bx
䝷,ub
䝸,bv
䝹,bv
䝺,wb
䝻,bg
䝼,bo
䝽,bt
䝾,gb
䝿,jb
䞀,bu
䞁,bn
䞂,bd
䞃,bw
䞄,fb
䞅,bk
䞆,bb
䞇,tb
䞈,bw
䞉,bb
䞊,bo
䞋,bj
䞌,bu
䞍,bo
䞎,bo
䞏,bx
䞐,bo
䞑,ig
䞒,ik
䞓,ig
䞔,im
䞕,ie
䞖,tg
䞗,tc
䞘,tv
䞙,tj
䞚,tv
䞛,tg
䞜,tb
䞝,ty
䞞,tf
䞟,tb
䞠,tu
䞡,td
䞢,tv
䞣,ti
䞤,tj
䞥,to
䞦,tk
䞧,tk
䞨,tt
䞩,tk
䞪,tt
䞫,tk
䞬,tn
䞭,tw
䞮,tm
䞯,tz
䞰,ti
䞱,tg
䞲,tw
䞳,tk
䞴,tk
䞵,ty
䞶,tw
䞷,ti
䞸,tk
䞹,tw
䞺,to
䞻,tl
䞼,tu
䞽,tx
䞾,tj
䞿,bz
䟀,tg
䟁,tg
䟂,ty
䟃,tp
䟄,tb
䟅,iz
䟆,tf
䟇,tr
䟈,tw
䟉,ti
䟊,tu
䟋,tk
䟌,tv
䟍,tf
䟎,tb
䟏,ta
䟐,tv
䟑,tc
䟒,tv
䟓,zd
䟔,zb
䟕,zi
䟖,zu
䟗,zu
䟘,zj
䟙,zd
䟚,zw
䟛,zj
䟜,zn
䟝,zu
䟞,zu
䟟,iz
䟠,zl
䟡,zu
䟢,zx
䟣,zu
䟤,zb
䟥,zm
䟦,zy
䟧,zt
䟨,zm
䟩,zq
䟪,zf
䟫,xz
䟬,zq
䟭,zv
䟮,zq
䟯,zu
䟰,zd
䟱,zu
䟲,zy
䟳,zx
䟴,zi
䟵,zq
䟶,zr
䟷,zt
䟸,zc
䟹,zc
䟺,zb
䟻,zm
䟼,zv
䟽,zi
䟾,zy
䟿,zu
䠀,zk
䠁,ze
䠂,az
䠃,zr
䠄,zb
䠅,zh
䠆,zi
䠇,zi
䠈,zl
䠉,zl
䠊,zf
䠋,zu
䠌,zo
䠍,zy
䠎,zt
䠏,zt
䠐,zq
䠑,zt
䠒,zo
䠓,zy
䠔,zu
䠕,za
䠖,zk
䠗,zq
䠘,zb
䠙,zf
䠚,zg
䠛,zf
䠜,ze
䠝,zb
䠞,zx
䠟,tz
䠠,cz
䠡,zq
䠢,cz
䠣,zg
䠤,zu
䠥,zw
䠦,zo
䠧,zo
䠨,zk
䠩,zu
䠪,zy
䠫,zu
䠬,ze
䠭,zb
䠮,zm
䠯,zc
䠰,zv
䠱,zi
䠲,us
䠳,ui
䠴,ul
䠵,uc
䠶,uu
䠷,uv
䠸,uk
䠹,ur
䠺,uk
䠻,ug
䠼,ud
䠽,ub
䠾,ur
䠿,ub
䡀,ud
䡁,ul
䡂,ij
䡃,il
䡄,ij
䡅,ii
䡆,ig
䡇,iy
䡈,ix
䡉,ij
䡊,iy
䡋,iv
䡌,is
䡍,if
䡎,ih
䡏,is
䡐,ib
䡑,im
䡒,it
䡓,ri
䡔,ix
䡕,ii
䡖,it
䡗,gi
䡘,it
䡙,il
䡚,ie
䡛,ii
䡜,it
䡝,iv
䡞,oi
䡟,iu
䡠,ib
䡡,ib
䡢,ic
䡣,ii
䡤,li
䡥,ig
䡦,ia
䡧,ih
䡨,yi
䡩,ib
䡪,ix
䡫,if
䡬,iy
䡭,ii
䡮,iz
䡯,ix
䡰,ti
䡱,ik
䡲,iu
䡳,it
䡴,il
䡵,iu
䡶,ix
䡷,im
䡸,il
䡹,iz
䡺,ix
䡻,if
䡼,ik
䡽,ib
䡾,iq
䡿,ir
䢀,iv
䢁,io
䢂,il
䢃,ux
䢄,sa
䢅,ji
䢆,bc
䢇,bc
䢈,io
䢉,ji
䢊,zz
䢋,zw
䢌,zj
䢍,zf
䢎,zk
䢏,zd
䢐,zq
䢑,zu
䢒,zf
䢓,zy
䢔,zk
䢕,za
䢖,zy
䢗,zq
䢘,zc
䢙,zb
䢚,zg
䢛,zk
䢜,zj
䢝,zy
䢞,za
䢟,zw
䢠,zc
䢡,za
䢢,zk
䢣,zk
䢤,zu
䢥,zo
䢦,zu
䢧,zp
䢨,zz
䢩,zw
䢪,zk
䢫,zo
䢬,zf
䢭,zq
䢮,zt
䢯,zf
䢰,zv
䢱,zb
䢲,zy
䢳,je
䢴,ge
䢵,ye
䢶,ae
䢷,de
䢸,qe
䢹,je
䢺,ie
䢻,ie
䢼,ge
䢽,gb
䢾,ne
䢿,be
䣀,de
䣁,xe
䣂,le
䣃,ve
䣄,re
䣅,ie
䣆,je
䣇,qe
䣈,kb
䣉,db
䣊,xe
䣋,ve
䣌,ge
䣍,de
䣎,ve
䣏,re
䣐,ce
䣑,ie
䣒,ve
䣓,ge
䣔,xe
䣕,me
䣖,mb
䣗,bb
䣘,xe
䣙,ue
䣚,ue
䣛,ae
䣜,he
䣝,ue
䣞,xe
䣟,we
䣠,fe
䣡,ye
䣢,le
䣣,xe
䣤,oe
䣥,yb
䣦,yl
䣧,yg
䣨,yb
䣩,yt
䣪,yj
䣫,yv
䣬,yg
䣭,yq
䣮,yy
䣯,yq
䣰,yj
䣱,yj
䣲,yc
䣳,yk
䣴,ye
䣵,ye
䣶,yu
䣷,yw
䣸,ry
䣹,yg
䣺,yo
䣻,yk
䣼,yx
䣽,uy
䣾,yq
䣿,ym
䤀,yk
䤁,yb
䤂,ya
䤃,yo
䤄,ym
䤅,yd
䤆,yt
䤇,yy
䤈,ym
䤉,ym
䤊,ye
䤋,ba
䤌,yk
䤍,yr
䤎,yk
䤏,yu
䤐,yo
䤑,yb
䤒,yr
䤓,yu
䤔,dy
䤕,ya
䤖,yu
䤗,ly
䤘,yj
䤙,yi
䤚,ol
䤛,jj
䤜,jb
䤝,je
䤞,jy
䤟,jj
䤠,jv
䤡,jr
䤢,jl
䤣,jh
䤤,jr
䤥,jv
䤦,jg
䤧,jk
䤨,jy
䤩,jq
䤪,ja
䤫,jv
䤬,ju
䤭,jj
䤮,ju
䤯,jp
䤰,tj
䤱,jt
䤲,ji
䤳,jw
䤴,ju
䤵,jf
䤶,jd
䤷,jn
䤸,ju
䤹,jy
䤺,jt
䤻,jo
䤼,ju
䤽,jx
䤾,jj
䤿,ju
䥀,ji
䥁,jg
䥂,ju
䥃,jv
䥄,jo
䥅,uj
䥆,wj
䥇,jx
䥈,jc
䥉,jt
䥊,jb
䥋,jh
䥌,bj
䥍,tj
䥎,jo
䥏,je
䥐,mj
䥑,jw
䥒,gj
䥓,jt
䥔,jm
䥕,jw
䥖,jd
䥗,jq
䥘,jo
䥙,ju
䥚,jj
䥛,jx
䥜,ja
䥝,jb
䥞,jw
䥟,jr
䥠,jk
䥡,ja
䥢,tj
䥣,jj
䥤,jb
䥥,jb
䥦,jo
䥧,jo
䥨,jk
䥩,jj
䥪,jh
䥫,jv
䥬,jc
䥭,qj
䥮,je
䥯,jb
䥰,ji
䥱,jh
䥲,jq
䥳,jw
䥴,jk
䥵,jw
䥶,jv
䥷,jd
䥸,gj
䥹,jr
䥺,jy
䥻,jw
䥼,jw
䥽,jy
䥾,jy
䥿,jw
䦀,jx
䦁,je
䦂,jx
䦃,jo
䦄,jy
䦅,jk
䦆,jy
䦇,ev
䦈,eg
䦉,is
䦊,ex
䦋,ew
䦌,mt
䦍,mv
䦎,my
䦏,mj
䦐,mu
䦑,mg
䦒,mu
䦓,mv
䦔,md
䦕,mk
䦖,mk
䦗,mm
䦘,mg
䦙,mc
䦚,mu
䦛,my
䦜,mk
䦝,mi
䦞,mw
䦟,mr
䦠,mu
䦡,ml
䦢,mq
䦣,mk
䦤,my
䦥,ma
䦦,mj
䦧,me
䦨,md
䦩,mw
䦪,mr
䦫,my
䦬,md
䦭,mo
䦮,mo
䦯,mw
䦰,md
䦱,mw
䦲,mk
䦳,mg
䦴,mg
䦵,mb
䦶,my
䦷,mr
䦸,md
䦹,eu
䦺,ed
䦻,ez
䦼,eg
䦽,ey
䦾,py
䦿,ev
䧀,es
䧁,ej
䧂,ek
䧃,et
䧄,ek
䧅,ey
䧆,eg
䧇,ey
䧈,ex
䧉,el
䧊,ek
䧋,ej
䧌,en
䧍,eg
䧎,eo
䧏,ef
䧐,ez
䧑,ez
䧒,el
䧓,ek
䧔,ex
䧕,ea
䧖,eg
䧗,ew
䧘,eu
䧙,ex
䧚,ek
䧛,ef
䧜,ek
䧝,ei
䧞,em
䧟,ej
䧠,ec
䧡,eo
䧢,ek
䧣,eu
䧤,ef
䧥,ex
䧦,ew
䧧,ew
䧨,ew
䧩,ew
䧪,en
䧫,eu
䧬,eb
䧭,ex
䧮,ex
䧯,et
䧰,ex
䧱,jv
䧲,gv
䧳,vv
䧴,vv
䧵,bv
䧶,rl
䧷,dv
䧸,gv
䧹,gv
䧺,uv
䧻,rv
䧼,nv
䧽,mv
䧾,rv
䧿,cv
䨀,rv
䨁,mv
䨂,hv
䨃,ov
䨄,rv
䨅,dv
䨆,xv
䨇,ry
䨈,bv
䨉,bv
䨊,ra
䨋,yq
䨌,yy
䨍,yj
䨎,ys
䨏,yq
䨐,yk
䨑,yy
䨒,yx
䨓,yk
䨔,yg
䨕,yy
䨖,yo
䨗,yz
䨘,yj
䨙,yw
䨚,yx
䨛,yt
䨜,yo
䨝,yo
䨞,yy
䨟,yt
䨠,yr
䨡,yu
䨢,yb
䨣,yu
䨤,yy
䨥,yy
䨦,yf
䨧,ys
䨨,yl
䨩,yu
䨪,yl
䨫,yw
䨬,ya
䨭,yo
䨮,ye
䨯,yd
䨰,yu
䨱,yw
䨲,yt
䨳,yj
䨴,yc
䨵,yu
䨶,yo
䨷,yo
䨸,yx
䨹,yh
䨺,yy
䨻,yt
䨼,fy
䨽,fj
䨾,gf
䨿,tf
䩀,fb
䩁,fm
䩂,mv
䩃,mb
䩄,mj
䩅,mp
䩆,mv
䩇,mv
䩈,mm
䩉,mf
䩊,mv
䩋,ma
䩌,mh
䩍,mx
䩎,mr
䩏,md
䩐,cv
䩑,cg
䩒,cy
䩓,cg
䩔,cu
䩕,ce
䩖,cu
䩗,co
䩘,cy
䩙,cx
䩚,cu
䩛,cb
䩜,cy
䩝,cg
䩞,cv
䩟,cy
䩠,cw
䩡,cr
䩢,ct
䩣,cm
䩤,cj
䩥,cv
䩦,ru
䩧,ck
䩨,ci
䩩,cv
䩪,cl
䩫,cr
䩬,cf
䩭,ck
䩮,cu
䩯,ca
䩰,ce
䩱,cd
䩲,cy
䩳,cy
䩴,co
䩵,ci
䩶,ci
䩷,cf
䩸,ce
䩹,cg
䩺,cx
䩻,cm
䩼,cf
䩽,ck
䩾,ch
䩿,cb
䪀,cx
䪁,cf
䪂,cu
䪃,cw
䪄,cb
䪅,ci
䪆,cb
䪇,cc
䪈,cl
䪉,cv
䪊,cl
䪋,cb
䪌,ct
䪍,cj
䪎,ck
䪏,wn
䪐,wb
䪑,wb
䪒,wv
䪓,wv
䪔,wf
䪕,wm
䪖,ww
䪗,wy
䪘,wz
䪙,wc
䪚,wx
䪛,wt
䪜,wk
䪝,wy
䪞,tj
䪟,uj
䪠,dj
䪡,dj
䪢,dj
䪣,uj
䪤,jt
䪥,bj
䪦,lg
䪧,ly
䪨,lu
䪩,lv
䪪,lo
䪫,lg
䪬,lz
䪭,lo
䪮,lc
䪯,ho
䪰,lx
䪱,jy
䪲,wy
䪳,yy
䪴,by
䪵,yy
䪶,qy
䪷,jy
䪸,my
䪹,by
䪺,qy
䪻,sy
䪼,iy
䪽,ky
䪾,yp
䪿,py
䫀,gy
䫁,zy
䫂,xy
䫃,iy
䫄,by
䫅,by
䫆,iy
䫇,po
䫈,uy
䫉,vy
䫊,by
䫋,hy
䫌,py
䫍,fy
䫎,yy
䫏,cy
䫐,ay
䫑,dy
䫒,uy
䫓,ly
䫔,fy
䫕,wy
䫖,cy
䫗,uy
䫘,oy
䫙,uy
䫚,gy
䫛,ry
䫜,uy
䫝,hy
䫞,yy
䫟,ky
䫠,pk
䫡,jy
䫢,iy
䫣,vy
䫤,by
䫥,gy
䫦,qy
䫧,by
䫨,fy
䫩,sy
䫪,dy
䫫,uy
䫬,wy
䫭,vy
䫮,ey
䫯,fy
䫰,yf
䫱,ey
䫲,gy
䫳,sy
䫴,ay
䫵,zy
䫶,ay
䫷,ey
䫸,fd
䫹,fg
䫺,uf
䫻,fo
䫼,fg
䫽,fm
䫾,fb
䫿,fk
䬀,fl
䬁,fb
䬂,fl
䬃,fl
䬄,fa
䬅,fl
䬆,fd
䬇,bf
䬈,fx
䬉,fi
䬊,fr
䬋,fw
䬌,hf
䬍,fx
䬎,fa
䬏,fk
䬐,fn
䬑,fo
䬒,fy
䬓,fo
䬔,fd
䬕,ff
䬖,fw
䬗,of
䬘,fk
䬙,ff
䬚,fm
䬛,ff
䬜,fn
䬝,fb
䬞,fc
䬟,fd
䬠,yf
䬡,lf
䬢,ud
䬣,uv
䬤,ug
䬥,gg
䬦,uu
䬧,uy
䬨,uj
䬩,bg
䬪,ub
䬫,uu
䬬,uy
䬭,kg
䬮,ur
䬯,uv
䬰,uk
䬱,ub
䬲,uj
䬳,ub
䬴,uw
䬵,ur
䬶,ug
䬷,ux
䬸,dg
䬹,ut
䬺,uy
䬻,uj
䬼,uo
䬽,ux
䬾,ud
䬿,um
䭀,uu
䭁,fg
䭂,ub
䭃,ux
䭄,uu
䭅,ug
䭆,ig
䭇,uk
䭈,uy
䭉,uo
䭊,uy
䭋,ua
䭌,gg
䭍,um
䭎,ua
䭏,uc
䭐,ux
䭑,uj
䭒,ux
䭓,ub
䭔,ul
䭕,ig
䭖,uh
䭗,ue
䭘,ux
䭙,uo
䭚,ul
䭛,uw
䭜,ux
䭝,uo
䭞,ug
䭟,ua
䭠,uj
䭡,ux
䭢,ud
䭣,uo
䭤,ul
䭥,ug
䭦,uc
䭧,ux
䭨,uk
䭩,uf
䭪,ul
䭫,bz
䭬,bb
䭭,by
䭮,ez
䭯,hi
䭰,hf
䭱,hx
䭲,hk
䭳,ho
䭴,mu
䭵,mf
䭶,mw
䭷,mm
䭸,mf
䭹,me
䭺,mj
䭻,mf
䭼,mw
䭽,mn
䭾,mq
䭿,mf
䮀,mb
䮁,mc
䮂,my
䮃,mq
䮄,mx
䮅,ml
䮆,mu
䮇,my
䮈,mx
䮉,my
䮊,my
䮋,md
䮌,ma
䮍,my
䮎,mj
䮏,mk
䮐,mk
䮑,mc
䮒,mf
䮓,mu
䮔,mt
䮕,my
䮖,mo
䮗,mg
䮘,me
䮙,ma
䮚,mw
䮛,mc
䮜,ma
䮝,mi
䮞,mo
䮟,my
䮠,mt
䮡,mw
䮢,mj
䮣,ma
䮤,mv
䮥,mg
䮦,mk
䮧,um
䮨,mx
䮩,mo
䮪,ma
䮫,mn
䮬,md
䮭,mj
䮮,mw
䮯,mw
䮰,mg
䮱,mu
䮲,mb
䮳,mt
䮴,mb
䮵,ml
䮶,ma
䮷,mi
䮸,jm
䮹,mu
䮺,mo
䮻,mc
䮼,mf
䮽,mh
䮾,ml
䮿,mz
䯀,me
䯁,my
䯂,ma
䯃,mn
䯄,mn
䯅,my
䯆,gv
䯇,gl
䯈,gy
䯉,gq
䯊,gk
䯋,gy
䯌,gj
䯍,gs
䯎,gg
䯏,gu
䯐,gr
䯑,gg
䯒,gd
䯓,gt
䯔,gq
䯕,gw
䯖,gl
䯗,gt
䯘,gy
䯙,gf
䯚,go
䯛,gv
䯜,gw
䯝,go
䯞,gk
䯟,gu
䯠,gm
䯡,gj
䯢,go
䯣,gb
䯤,go
䯥,gh
䯦,gd
䯧,wk
䯨,wd
䯩,wb
䯪,wy
䯫,ok
䯬,wu
䯭,ey
䯮,en
䯯,eu
䯰,ej
䯱,eb
䯲,eb
䯳,eg
䯴,eu
䯵,ec
䯶,eq
䯷,eu
䯸,eq
䯹,ey
䯺,ek
䯻,ek
䯼,eh
䯽,ek
䯾,ek
䯿,eu
䰀,en
䰁,eu
䰂,ea
䰃,ey
䰄,ex
䰅,ey
䰆,ea
䰇,eo
䰈,eg
䰉,eu
䰊,ec
䰋,en
䰌,ez
䰍,eu
䰎,eb
䰏,ev
䰐,em
䰑,ee
䰒,eu
䰓,ef
䰔,em
䰕,em
䰖,eb
䰗,md
䰘,mp
䰙,gv
䰚,gw
䰛,gw
䰜,gg
䰝,go
䰞,go
䰟,yg
䰠,gu
䰡,gf
䰢,gd
䰣,gx
䰤,dg
䰥,gg
䰦,gu
䰧,gj
䰨,go
䰩,lg
䰪,rg
䰫,gw
䰬,gk
䰭,eg
䰮,gw
䰯,gz
䰰,yg
䰱,yg
䰲,yv
䰳,yd
䰴,yv
䰵,yz
䰶,yw
䰷,yf
䰸,yg
䰹,yg
䰺,yt
䰻,yw
䰼,yv
䰽,yj
䰾,yb
䰿,yy
䱀,yy
䱁,yb
䱂,yl
䱃,yf
䱄,yg
䱅,yw
䱆,yz
䱇,yd
䱈,yu
䱉,yq
䱊,ym
䱋,yg
䱌,yi
䱍,yh
䱎,yd
䱏,yb
䱐,yz
䱑,yt
䱒,yb
䱓,yw
䱔,yw
䱕,ym
䱖,yl
䱗,dy
䱘,hy
䱙,yy
䱚,yu
䱛,ya
䱜,yo
䱝,yu
䱞,yu
䱟,yg
䱠,yg
䱡,ym
䱢,yy
䱣,yu
䱤,yj
䱥,ny
䱦,yv
䱧,yv
䱨,yd
䱩,yw
䱪,yy
䱫,uy
䱬,yo
䱭,yh
䱮,yd
䱯,my
䱰,yv
䱱,yj
䱲,yu
䱳,yl
䱴,yd
䱵,yx
䱶,ye
䱷,hw
䱸,yy
䱹,yg
䱺,yb
䱻,yo
䱼,yy
䱽,yk
䱾,yn
䱿,yt
䲀,ty
䲁,yc
䲂,yz
䲃,yg
䲄,yw
䲅,yj
䲆,yy
䲇,yu
䲈,ya
䲉,yt
䲊,yo
䲋,yo
䲌,yq
䲍,vy
䲎,yw
䲏,yl
䲐,yl
䲑,yw
䲒,yn
䲓,yr
䲔,yj
䲕,yo
䲖,yc
䲗,yj
䲘,yl
䲙,ye
䲚,yb
䲛,yo
䲜,yy
䲝,yv
䲞,yl
䲟,ye
䲠,yo
䲡,yy
䲢,oy
䲣,hw
䲤,yy
䲥,jn
䲦,nd
䲧,tn
䲨,gn
䲩,un
䲪,dn
䲫,wn
䲬,nu
䲭,un
䲮,yn
䲯,jn
䲰,yn
䲱,nf
䲲,gn
䲳,wn
䲴,hn
䲵,un
䲶,yn
䲷,na
䲸,jn
䲹,bn
䲺,gn
䲻,xn
䲼,un
䲽,un
䲾,gn
䲿,un
䳀,nf
䳁,ny
䳂,dn
䳃,nv
䳄,vn
䳅,nv
䳆,bn
䳇,mn
䳈,nb
䳉,dn
䳊,un
䳋,in
䳌,sn
䳍,gn
䳎,jn
䳏,tn
䳐,dn
䳑,un
䳒,gn
䳓,ln
䳔,jn
䳕,vn
䳖,nv
䳗,nw
䳘,nw
䳙,yn
䳚,on
䳛,on
䳜,rn
䳝,ln
䳞,in
䳟,on
䳠,qn
䳡,rn
䳢,cn
䳣,gn
䳤,xn
䳥,un
䳦,bn
䳧,nu
䳨,bn
䳩,xn
䳪,un
䳫,bn
䳬,cn
䳭,gn
䳮,on
䳯,vn
䳰,rn
䳱,mn
䳲,fn
䳳,in
䳴,sn
䳵,ln
䳶,nd
䳷,rn
䳸,gn
䳹,ny
䳺,rn
䳻,in
䳼,nk
䳽,un
䳾,bn
䳿,xn
䴀,ln
䴁,bn
䴂,dn
䴃,tn
䴄,vn
䴅,un
䴆,yn
䴇,yn
䴈,pn
䴉,sn
䴊,yn
䴋,ny
䴌,nu
䴍,bn
䴎,tn
䴏,cn
䴐,bn
䴑,tn
䴒,yn
䴓,bn
䴔,wn
䴕,dn
䴖,fn
䴗,on
䴘,in
䴙,un
䴚,vj
䴛,vo
䴜,vg
䴝,vy
䴞,vv
䴟,gf
䴠,gy
䴡,yb
䴢,ga
䴣,gh
䴤,gu
䴥,gk
䴦,gk
䴧,gn
䴨,gx
䴩,gu
䴪,gu
䴫,gs
䴬,lg
䴭,lc
䴮,lu
䴯,lw
䴰,lg
䴱,lb
䴲,lw
䴳,lb
䴴,lv
䴵,lk
䴶,lf
䴷,ly
䴸,lz
䴹,lg
䴺,lk
䴻,hw
䴼,lg
䴽,lu
䴾,lg
䴿,lu
䵀,lb
䵁,lc
䵂,lg
䵃,lb
䵄,lb
䵅,fw
䵆,lu
䵇,gw
䵈,ra
䵉,gd
䵊,db
䵋,co
䵌,cr
䵍,cz
䵎,ce
䵏,cp
䵐,cu
䵑,hd
䵒,ho
䵓,hn
䵔,hd
䵕,hg
䵖,iu
䵗,ht
䵘,hw
䵙,hx
䵚,hj
䵛,ht
䵜,hi
䵝,lv
䵞,ld
䵟,lg
䵠,lu
䵡,th
䵢,lw
䵣,ld
䵤,kh
䵥,lb
䵦,ly
䵧,gh
䵨,lp
䵩,hh
䵪,lb
䵫,bh
䵬,lo
䵭,lo
䵮,lw
䵯,lv
䵰,lw
䵱,lk
䵲,la
䵳,lo
䵴,ld
䵵,vh
䵶,jd
䵷,td
䵸,hd
䵹,ud
䵺,to
䵻,px
䵼,po
䵽,tq
䵾,rv
䵿,tv
䶀,tk
䶁,to
䶂,ju
䶃,jv
䶄,jp
䶅,jk
䶆,jv
䶇,je
䶈,jc
䶉,jt
䶊,zi
䶋,zj
䶌,zb
䶍,gw
䶎,zk
䶏,bw
䶐,zo
䶑,zz
䶒,wn
䶓,jo
䶔,vy
䶕,vb
䶖,vv
䶗,vk
䶘,vl
䶙,vj
䶚,vi
䶛,dr
䶜,vk
䶝,vr
䶞,vb
䶟,vj
䶠,gr
䶡,vd
䶢,vk
䶣,vb
䶤,vo
䶥,vq
䶦,vb
䶧,vw
䶨,vr
䶩,vo
䶪,vv
䶫,vw
䶬,gl
䶭,lw
䶮,lt
䶯,ng
䶰,gm
䶱,dg
䶲,rg
䶳,rj
䶴,hc
䶵,rj
䶶,uz
䶷,ke
䶸,km
䶹,kp
䶺,on
䶻,oe
䶼,ox
䶽,ow
䶾,jq
䶿,ue
一,aa
丁,al
丂,av
七,av
丄,la
丅,al
丆,ap
万,av
丈,an
三,ae
上,ba
下,ab
丌,al
不,ab
与,va
丏,gl
丐,av
丑,vt
丒,da
专,ts
且,oa
丕,ba
世,cv
丗,ca
丘,ia
丙,an
业,la
丛,ra
东,ax
丝,sa
丞,la
丟,aq
丠,ba
両,au
丢,pq
丣,al
两,ar
严,ai
並,by
丧,ty
丨,ll
丩,ll
个,rl
丫,bl
丬,dl
中,kl
丮,vf
丯,sl
丰,sl
丱,pj
串,kl
丳,kl
临,lk
丵,yg
丶,dd
丷,dp
丸,jd
丹,kd
为,ld
主,wt
丼,jd
丽,ad
举,xf
丿,pp
乀,nn
乁,nn
乂,pn
乃,pv
乄,vd
久,pn
乆,vr
乇,pq
么,ps
义,dx
乊,pb
之,dn
乌,pa
乍,pe
乎,pl
乏,pv
乐,px
乑,pu
乒,qp
乓,qd
乔,yl
乕,ij
乖,qb
乗,qr
乘,qr
乙,vv
乚,vv
乛,aa
乜,vv
九,pv
乞,pv
也,vv
习,vd
乡,vp
乢,uv
乣,yv
乤,xv
乥,pv
书,vd
乧,dv
乨,sv
乩,vv
乪,vt
乫,lv
乬,jv
乭,uv
乮,pv
乯,hv
买,ad
乱,uv
乲,dv
乳,vv
乴,fv
乵,xv
乶,fv
乷,dv
乸,ym
乹,uv
乺,hv
乻,fv
乼,dv
乽,lv
乾,uv
乿,vv
亀,dd
亁,uv
亂,vv
亃,mv
亄,tv
亅,ll
了,al
亇,dl
予,sl
争,dy
亊,uy
事,gy
二,aa
亍,ad
于,au
亏,ak
亐,av
云,ag
互,ah
亓,aw
五,aw
井,ac
亖,ee
亗,ue
亘,ad
亙,aa
亚,ay
些,ve
亜,aa
亝,se
亞,aa
亟,la
亠,da
亡,wv
亢,wj
亣,wl
交,wf
亥,wr
亦,wb
产,wi
亨,wl
亩,wt
亪,wn
享,wz
京,wx
亭,wd
亮,wj
亯,wo
亰,wx
亱,wd
亲,la
亳,wq
亴,wj
亵,yw
亶,wd
亷,wb
亸,wu
亹,wq
人,pn
亻,pl
亼,ra
亽,rd
亾,vr
亿,rv
什,ru
仁,re
仂,rl
仃,rd
仄,ir
仅,ry
仆,rb
仇,rj
仈,rb
仉,rj
今,rv
介,rl
仌,rr
仍,rn
从,rr
仏,rs
仐,ru
仑,rb
仒,rd
仓,rv
仔,rz
仕,rt
他,ry
仗,rv
付,rc
仙,ru
仚,ru
仛,rq
仜,rg
仝,rg
仞,rd
仟,rq
仠,rg
仡,rv
仢,ru
代,rg
令,rs
以,lr
仦,rx
仧,ur
仨,rs
仩,ru
仪,ry
仫,rm
们,rm
仭,rr
仮,ry
仯,ru
仰,re
仱,rv
仲,rv
仳,rb
仴,ro
仵,rw
件,rn
价,rj
仸,ry
仹,rf
仺,re
任,rw
仼,rw
份,rf
仾,rh
仿,rf
伀,rg
企,rv
伂,rj
伃,ry
伄,rd
伅,rt
伆,rw
伇,ru
伈,rx
伉,rj
伊,ry
伋,rj
伌,rv
伍,rw
伎,rv
伏,rq
伐,rg
休,ra
伒,rt
伓,rb
伔,rj
伕,rf
伖,ry
众,rr
优,ry
伙,rh
会,ry
伛,rq
伜,ru
伝,ry
伞,ru
伟,rw
传,rv
伡,ri
伢,ry
伣,rj
伤,rl
伥,ri
伦,rl
伧,rv
伨,ry
伩,rw
伪,rw
伫,rv
伬,ri
伭,rx
伮,ry
伯,rb
估,rg
伱,rx
伲,rb
伳,ru
伴,rb
伵,rs
伶,rs
伷,ry
伸,ru
伹,rq
伺,rk
伻,rp
似,rr
伽,rk
伾,rp
伿,rv
佀,rl
佁,rk
佂,rv
佃,rt
佄,rg
佅,rw
但,rd
佇,rd
佈,rj
佉,rq
佊,rp
佋,rk
佌,rb
位,rl
低,ru
住,rv
佐,rg
佑,rk
佒,ry
体,rb
佔,rv
何,rk
佖,rb
佗,rb
佘,ru
余,rm
佚,rf
佛,rf
作,rv
佝,rj
佞,rn
佟,rd
你,rx
佡,ru
佢,rj
佣,ry
佤,rw
佥,ra
佦,ru
佧,rb
佨,rb
佩,rj
佪,rk
佫,rk
佬,rl
佭,rf
佮,rk
佯,ry
佰,rb
佱,rv
佲,rk
佳,rt
佴,re
併,rk
佶,rk
佷,rg
佸,ru
佹,rv
佺,rw
佻,rv
佼,rf
佽,rq
佾,ro
使,rl
侀,rd
侁,re
侂,rq
侃,ri
侄,rt
侅,rr
來,ur
侇,ry
侈,rx
侉,rk
侊,rg
例,rd
侌,ry
侍,rc
侎,rm
侏,rw
侐,rm
侑,ro
侒,rn
侓,ry
侔,rn
侕,re
侖,rc
侗,rk
侘,rq
侙,rg
侚,ro
供,rg
侜,rv
依,ry
侞,rk
侟,rz
侠,rj
価,rx
侢,rr
侣,rk
侤,rk
侥,rw
侦,rb
侧,rd
侨,rl
侩,ry
侪,rq
侫,rn
侬,ry
侭,rd
侮,rm
侯,ru
侰,rk
侱,rw
侲,ri
侳,rr
侴,rd
侵,ry
侶,rk
侷,rk
侸,rb
侹,rw
侺,rv
侻,rx
侼,rz
侽,rl
侾,rz
便,rg
俀,rn
俁,rt
係,rx
促,rz
俄,rw
俅,rq
俆,rm
俇,rw
俈,rk
俉,rk
俊,rw
俋,rb
俌,rf
俍,rl
俎,rq
俏,ro
俐,rd
俑,ry
俒,ry
俓,rg
俔,rj
俕,ra
俖,rk
俗,rg
俘,rz
俙,rj
俚,rl
俛,re
俜,rk
保,ra
俞,rd
俟,ru
俠,rr
信,rk
俢,rp
俣,rt
俤,rd
俥,ri
俦,rc
俧,rx
俨,ry
俩,rl
俪,rd
俫,rl
俬,rs
俭,rq
修,rp
俯,rc
俰,rk
俱,rb
俲,rl
俳,rf
俴,rg
俵,ry
俶,ry
俷,rb
俸,rf
俹,ry
俺,rd
俻,rt
俼,ro
俽,rq
俾,ru
俿,rj
倀,ri
倁,rk
倂,rg
倃,rk
倄,ro
倅,ru
倆,rr
倇,rv
倈,rl
倉,rk
倊,rx
個,rg
倌,rl
倍,rk
倎,rb
倏,rq
倐,rh
們,rm
倒,rd
倓,rh
倔,ri
倕,rt
倖,rg
倗,ro
倘,rk
候,ru
倚,rk
倛,rb
倜,rk
倝,ur
倞,rx
借,ro
倠,rv
倡,ro
倢,rz
倣,rw
値,rq
倥,rg
倦,rv
倧,ru
倨,rg
倩,ro
倪,re
倫,rc
倬,ru
倭,rn
倮,rg
倯,rg
倰,rw
倱,rb
倲,rd
倳,ru
倴,rc
倵,rv
倶,rb
倷,ru
倸,ra
倹,rr
债,rb
倻,re
值,rq
倽,rg
倾,ry
倿,rn
偀,ry
偁,rr
偂,rd
偃,rn
偄,rd
偅,rv
偆,ro
假,ry
偈,rr
偉,rf
偊,ry
偋,rk
偌,rk
偍,rz
偎,ry
偏,rc
偐,rp
偑,rf
偒,rw
偓,rt
偔,rk
偕,rb
偖,ro
偗,ro
偘,rk
偙,rj
做,rw
偛,rj
停,rd
偝,ro
偞,ra
偟,rw
偠,rn
偡,rb
偢,rh
偣,ro
偤,ry
健,ry
偦,ro
偧,rx
偨,ra
偩,rb
偪,rt
偫,rc
偬,rx
偭,rm
偮,re
偯,rk
偰,rd
偱,ro
偲,rx
偳,re
側,rd
偵,rb
偶,rd
偷,rd
偸,rv
偹,rt
偺,ro
偻,rn
偼,rz
偽,rw
偾,rb
偿,ry
傀,rg
傁,ry
傂,rj
傃,rx
傄,ro
傅,rc
傆,rx
傇,re
傈,ra
傉,rc
傊,rb
傋,rr
傌,rm
傍,rf
傎,rb
傏,rk
傐,rk
傑,ra
傒,rd
傓,rx
傔,rj
傕,rv
傖,rk
傗,rt
傘,ru
備,ry
傚,rw
傛,rg
傜,rf
傝,rx
傞,rg
傟,rx
傠,rc
傡,rl
傢,ru
傣,ru
傤,ri
傥,rx
傦,ro
傧,rb
储,ro
傩,rv
傪,rp
傫,rx
催,rv
傭,ro
傮,ro
傯,rx
傰,ro
傱,rz
傲,rw
傳,rc
傴,rk
債,rb
傶,rx
傷,rw
傸,rx
傹,re
傺,ru
傻,rw
傼,rt
傽,ru
傾,ry
傿,rh
僀,rj
僁,rx
僂,rn
僃,ry
僄,ru
僅,rw
僆,ri
僇,rp
僈,ry
僉,rr
僊,rv
僋,rb
僌,rw
働,rl
僎,rg
像,ru
僐,rk
僑,rk
僒,rk
僓,rb
僔,rc
僕,rf
僖,rk
僗,rl
僘,rw
僙,rb
僚,rx
僛,rq
僜,rb
僝,rz
僞,rw
僟,rr
僠,rt
僡,rx
僢,rf
僣,ro
僤,ru
僥,rw
僦,ry
僧,ro
僨,rb
僩,ro
僪,rk
僫,rx
僬,rh
僭,ro
僮,rl
僯,rf
僰,ur
僱,rv
僲,rf
僳,rm
僴,ro
僵,rj
僶,rd
僷,ra
僸,ru
價,rb
僺,ra
僻,rx
僼,rb
僽,rx
僾,rw
僿,rt
儀,rw
儁,rk
儂,ri
儃,rd
億,rx
儅,rt
儆,rw
儇,ry
儈,ro
儉,rr
儊,rz
儋,rk
儌,rw
儍,rw
儎,ri
儏,rm
儐,rb
儑,rh
儒,re
儓,rt
儔,rc
儕,ro
儖,rm
儗,rz
儘,rm
儙,rl
儚,rx
儛,rf
儜,rd
儝,ra
儞,rb
償,rb
儠,rv
儡,rt
儢,rx
儣,rb
儤,ru
儥,rb
儦,rh
儧,rb
儨,rb
儩,rw
優,rw
儫,ru
儬,rj
儭,rj
儮,rv
儯,rm
儰,rw
儱,rl
儲,ro
儳,rt
儴,rf
儵,rh
儶,rk
儷,rb
儸,rv
儹,rb
儺,rv
儻,rh
儼,rw
儽,rx
儾,ry
儿,pv
兀,ae
允,se
兂,ae
元,aw
兄,ke
充,wy
兆,ed
兇,xe
先,ne
光,xe
兊,ge
克,ux
兌,bx
免,de
兎,pd
兏,ie
児,le
兑,bx
兒,je
兓,ww
兔,dd
兕,ae
兖,ly
兗,wx
兘,yk
兙,uu
党,xx
兛,uq
兜,pe
兝,uf
兞,um
兟,ne
兠,be
兡,ub
兢,ux
兣,ul
兤,gb
入,pn
兦,vr
內,kr
全,rw
兩,ar
兪,rv
八,pn
公,bs
六,wb
兮,bk
兯,be
兰,bs
共,cb
兲,wb
关,bt
兴,xb
兵,qb
其,cb
具,qb
典,qb
兹,by
兺,fb
养,yl
兼,bb
兽,bk
兾,bg
兿,by
冀,bg
冁,by
冂,lv
冃,ke
冄,ke
内,kr
円,ka
冇,uk
冈,kx
冉,kt
冊,kc
冋,kk
册,ka
再,ar
冎,kk
冏,kk
冐,oo
冑,ye
冒,oo
冓,fr
冔,oy
冕,oe
冖,da
冗,bj
冘,be
写,by
冚,bu
军,bi
农,by
冝,bq
冞,bm
冟,bb
冠,bc
冡,bu
冢,bu
冣,by
冤,bt
冥,bl
冦,by
冧,ba
冨,bt
冩,bh
冪,bj
冫,da
冬,wd
冭,dd
冮,dg
冯,dm
冰,du
冱,dh
冲,dv
决,dg
冴,dy
况,dx
冶,dk
冷,ds
冸,db
冹,dy
冺,dm
冻,dd
冼,de
冽,dd
冾,dk
冿,dy
净,dy
凁,du
凂,de
凃,dm
凄,dn
凅,dg
准,dv
凇,dg
凈,dy
凉,dx
凊,do
凋,dk
凌,dw
凍,dd
凎,dj
减,dk
凐,dt
凑,dt
凒,db
凓,da
凔,dk
凕,dl
凖,du
凗,dv
凘,dt
凙,dg
凚,du
凛,du
凜,dh
凝,dz
凞,dh
凟,db
几,pv
凡,jd
凢,pj
凣,lj
凤,jy
凥,uj
処,wj
凧,jj
凨,jy
凩,ja
凪,jv
凫,nj
凬,jo
凭,rj
凮,jb
凯,uj
凰,jw
凱,uj
凲,jj
凳,bj
凴,dj
凵,vl
凶,kx
凷,kt
凸,la
凹,la
出,uu
击,fk
凼,ku
函,ku
凾,ky
凿,yg
刀,vp
刁,va
刂,ll
刃,dd
刄,dd
刅,dd
分,bd
切,qd
刈,xd
刉,pd
刊,gd
刋,qd
刌,cd
刍,de
刎,wd
刏,qd
刐,dd
刑,kd
划,gd
刓,yd
刔,gd
刕,dd
刖,od
列,dd
刘,wd
则,bd
刚,kd
创,rd
刜,fd
初,pd
刞,qd
刟,dd
删,cd
刡,md
刢,rd
刣,sd
判,bd
別,kd
刦,qd
刧,qd
刨,bd
利,hd
刪,cd
别,kd
刬,jd
刭,jd
刮,ud
刯,ad
到,gd
刱,jd
刲,td
刳,dd
刴,nd
刵,ed
制,nd
刷,ud
券,jd
刹,xd
刺,ud
刻,wd
刼,qd
刽,rd
刾,jd
刿,ud
剀,ud
剁,jd
剂,qd
剃,bd
剄,jd
剅,dd
剆,ld
則,bd
剈,kd
剉,td
削,xd
剋,ud
剌,ud
前,bd
剎,xd
剏,bd
剐,kd
剑,qd
剒,cd
剓,hd
剔,od
剕,fd
剖,ld
剗,gd
剘,cd
剙,bd
剚,ud
剛,kd
剜,bd
剝,hd
剞,dd
剟,yd
剠,wd
剡,hd
剢,ud
剣,rd
剤,wd
剥,ed
剦,dd
剧,ud
剨,fd
剩,qd
剪,bd
剫,gd
剬,ud
剭,ud
剮,gd
副,ad
剰,qd
剱,rd
割,bd
剳,cd
剴,ud
創,rd
剶,hd
剷,wd
剸,id
剹,xd
剺,wd
剻,ud
剼,sd
剽,xd
剾,kd
剿,vd
劀,md
劁,rd
劂,id
劃,yd
劄,vd
劅,sd
劆,gd
劇,hd
劈,ud
劉,pd
劊,rd
劋,kd
劌,vd
劍,rd
劎,rd
劏,xd
劐,cd
劑,wd
劒,rd
劓,zd
劔,rr
劕,id
劖,dd
劗,nd
劘,gd
劙,hd
劚,ud
力,vp
劜,lv
劝,yl
办,lb
功,gl
加,lk
务,wl
劢,wl
劣,ul
劤,il
劥,wl
劦,ll
劧,ul
动,yl
助,ql
努,nl
劫,ql
劬,jl
劭,dl
劮,pl
劯,ul
劰,bl
励,il
劲,jl
劳,cl
労,xl
劵,jl
劶,il
劷,yl
劸,tl
効,wl
劺,sl
劻,kl
劼,tl
劽,dl
劾,wl
势,fl
勀,ul
勁,jl
勂,nl
勃,ul
勄,pl
勅,ul
勆,ll
勇,sl
勈,sl
勉,dl
勊,ul
勋,kl
勌,jl
勍,wl
勎,tl
勏,ll
勐,zl
勑,ll
勒,cl
勓,bl
勔,ml
動,vl
勖,ol
勗,ol
勘,cl
務,ml
勚,ul
勛,kl
勜,gl
勝,ol
勞,hl
募,cl
勠,xl
勡,xl
勢,tl
勣,fl
勤,cl
勥,gl
勦,vl
勧,pl
勨,dl
勩,ul
勪,yl
勫,ml
勬,jl
勭,ll
勮,hl
勯,wl
勰,lx
勱,cl
勲,vh
勳,ql
勴,hl
勵,il
勶,rl
勷,yl
勸,cl
勹,pv
勺,bd
勻,yy
勼,bj
勽,br
勾,bs
勿,bp
匀,bd
匁,bx
匂,bb
匃,br
匄,bw
包,bs
匆,bd
匇,bx
匈,bx
匉,bp
匊,bm
匋,bf
匌,bk
匍,bf
匎,bd
匏,db
匐,bt
匑,bg
匒,bk
匓,bu
匔,bk
匕,pv
化,rb
北,lb
匘,bx
匙,ob
匚,av
匛,kj
匜,ky
匝,kj
匞,kg
匟,kj
匠,kt
匡,kw
匢,kw
匣,kj
匤,ky
匥,kc
匦,kj
匧,kr
匨,kt
匩,kw
匪,kf
匫,ko
匬,kd
匭,kj
匮,kb
匯,kv
匰,ku
匱,kb
匲,kk
匳,kr
匴,kc
匵,kb
匶,kj
匷,kv
匸,av
匹,ke
区,kx
医,ku
匼,kk
匽,kn
匾,kc
匿,kk
區,kk
十,al
卂,vu
千,pu
卄,al
卅,ai
卆,ju
升,pc
午,pu
卉,uc
半,bf
卋,uc
卌,cc
卍,vl
华,ru
协,ub
卐,va
卑,pu
卒,wu
卓,bu
協,ul
单,bu
卖,ud
南,ug
単,xu
卙,cu
博,uc
卛,xu
卜,ld
卝,lb
卞,wb
卟,kb
占,bw
卡,ub
卢,bu
卣,bk
卤,bx
卥,bd
卦,tb
卧,ib
卨,bk
卩,vl
卪,ed
卫,ea
卬,pe
卭,ge
卮,iv
卯,pe
印,pe
危,dv
卲,de
即,ge
却,qe
卵,pd
卶,xe
卷,jv
卸,ve
卹,pe
卺,lv
卻,ge
卼,wv
卽,be
卾,xe
卿,pg
厀,ae
厁,re
厂,ap
厃,di
厄,iv
厅,id
历,il
厇,iq
厈,ig
厉,iw
厊,iy
压,id
厌,iq
厍,ii
厎,iu
厏,iv
厐,il
厑,ib
厒,if
厓,it
厔,it
厕,id
厖,ip
厗,ix
厘,il
厙,ii
厚,iz
厛,it
厜,it
厝,io
厞,if
原,ix
厠,id
厡,iu
厢,io
厣,ij
厤,ih
厥,iq
厦,iw
厧,ib
厨,ic
厩,iw
厪,iw
厫,iw
厬,ik
厭,iq
厮,it
厯,ix
厰,iw
厱,ir
厲,id
厳,xw
厴,ij
厵,ix
厶,vd
厷,us
厸,ss
厹,js
厺,ds
去,ts
厼,sx
厽,ss
厾,vq
县,qs
叀,is
叁,ss
参,sp
參,sp
叄,ss
叅,sx
叆,yy
叇,yl
又,vn
叉,yd
及,pn
友,uy
双,yy
反,iy
収,jy
叏,vy
叐,py
发,fy
叒,yy
叓,gy
叔,uy
叕,yy
取,ey
受,vy
变,wy
叙,ry
叚,uy
叛,by
叜,by
叝,qy
叞,uy
叟,jy
叠,yq
叡,by
叢,yy
口,la
古,uk
句,bk
另,kl
叧,kd
叨,kd
叩,ke
只,kb
叫,kj
召,dk
叭,kb
叮,kd
可,dk
台,sk
叱,kb
史,kn
右,uk
叴,jk
叵,kk
叶,ku
号,kk
司,vk
叹,ky
叺,kr
叻,kl
叼,kd
叽,kj
叾,kl
叿,kg
吀,kq
吁,ky
吂,wk
吃,kv
各,wk
吅,kk
吆,ky
吇,kz
合,rk
吉,tk
吊,kj
吋,kc
同,kk
名,xk
后,ik
吏,gn
吐,kt
向,pk
吒,kq
吓,kx
吔,ky
吕,kk
吖,ky
吗,km
吘,kw
吙,kh
吚,ky
君,yk
吜,ki
吝,wk
吞,tk
吟,kv
吠,kq
吡,kb
吢,xk
吣,kx
吤,kj
吥,kb
否,bk
吧,kb
吨,kt
吩,kf
吪,kb
含,rk
听,kt
吭,kj
吮,ky
启,hk
吰,ks
吱,kv
吲,kl
吳,kd
吴,kt
吵,ku
吶,kn
吷,kg
吸,kj
吹,kq
吺,ku
吻,kw
吼,kv
吽,kn
吾,wk
吿,nk
呀,ky
呁,ky
呂,kk
呃,kv
呄,ng
呅,kw
呆,ka
呇,uk
呈,kw
呉,kb
告,nk
呋,kf
呌,kd
呍,ky
呎,ki
呏,kc
呐,kn
呑,yk
呒,kw
呓,kv
呔,kt
呕,kq
呖,kl
呗,kb
员,kb
呙,kn
呚,kw
呛,kv
呜,kw
呝,kv
呞,kk
呟,kx
呠,kb
呡,km
呢,kb
呣,km
呤,ks
呥,kr
呦,kl
呧,ku
周,kk
呩,ku
呪,kx
呫,kv
呬,ks
呭,ku
呮,kv
呯,kp
呰,vk
呱,kg
呲,kb
味,kw
呴,kj
呵,kk
呶,ky
呷,kj
呸,kp
呹,kf
呺,kk
呻,ku
呼,kh
命,re
呾,kd
呿,kq
咀,kq
咁,kg
咂,kj
咃,ky
咄,ki
咅,lk
咆,kb
咇,kb
咈,kf
咉,ky
咊,kh
咋,kv
和,hk
咍,kk
咎,wk
咏,ky
咐,kc
咑,kd
咒,xj
咓,kw
咔,kb
咕,kg
咖,kk
咗,kg
咘,kj
咙,kl
咚,kd
咛,kd
咜,kb
咝,ks
咞,kk
咟,kb
咠,ke
咡,ke
咢,xk
咣,kg
咤,kq
咥,kt
咦,ky
咧,kd
咨,dk
咩,ky
咪,km
咫,iv
咬,kf
咭,kk
咮,kw
咯,kk
咰,ko
咱,kz
咲,kt
咳,kr
咴,kh
咵,kk
咶,ku
咷,kv
咸,gk
咹,kn
咺,kd
咻,ka
咼,gk
咽,ky
咾,kl
咿,ky
哀,yk
品,kk
哂,kx
哃,kk
哄,kg
哅,kx
哆,kx
哇,kt
哈,kk
哉,gk
哊,ko
哋,ky
哌,ky
响,kk
哎,kx
哏,kg
哐,kw
哑,ky
哒,kd
哓,kw
哔,ku
哕,kx
哖,kn
哗,ku
哘,kd
哙,ky
哚,ka
哛,kf
哜,kq
哝,ky
哞,kn
哟,ku
哠,kk
員,kb
哢,kc
哣,kb
哤,kp
哥,kk
哦,kw
哧,ki
哨,ko
哩,kl
哪,ke
哫,kz
哬,kk
哭,xq
哮,kz
哯,kj
哰,kn
哱,kz
哲,fk
哳,kt
哴,kl
哵,kd
哶,kf
哷,kc
哸,kn
哹,kz
哺,kf
哻,kg
哼,kl
哽,kg
哾,kx
哿,lk
唀,kn
唁,kk
唂,kg
唃,ky
唄,kb
唅,kk
唆,kw
唇,ik
唈,kb
唉,ku
唊,kr
唋,km
唌,kv
唍,ky
唎,kd
唏,kj
唐,gk
唑,kr
唒,ky
唓,ki
唔,kk
唕,ku
唖,ky
唗,kz
唘,uk
唙,kh
唚,ky
唛,kw
唜,wb
唝,kb
唞,kd
唟,qb
唠,kl
唡,kl
唢,kb
唣,kq
唤,kr
唥,ks
唦,ku
唧,ke
唨,kq
唩,kn
唪,kf
唫,kj
唬,kj
唭,kb
售,rk
唯,kv
唰,kd
唱,ko
唲,ke
唳,kq
唴,kv
唵,kd
唶,ko
唷,ko
唸,kx
唹,kd
唺,kb
唻,kl
唼,kn
唽,kt
唾,kt
唿,kx
啀,kt
啁,kk
啂,kv
啃,ko
啄,ku
啅,ku
商,wk
啇,wg
啈,kg
啉,ka
啊,kk
啋,ka
啌,kg
啍,kz
啎,wk
問,mk
啐,ku
啑,kz
啒,ki
啓,hk
啔,hk
啕,kf
啖,kh
啗,kj
啘,kv
啙,vk
啚,kk
啛,kn
啜,ky
啝,kk
啞,ky
啟,hw
啠,ik
啡,kf
啢,kr
啣,ke
啤,ku
啥,kg
啦,kl
啧,kb
啨,ko
啩,kb
啪,kb
啫,ko
啬,tk
啭,kv
啮,kr
啯,ky
啰,kx
啱,ku
啲,ku
啳,kv
啴,ku
啵,kp
啶,kz
啷,ke
啸,kb
啹,kg
啺,kw
啻,wk
啼,kj
啽,kc
啾,kh
啿,kb
喀,kk
喁,kd
喂,ky
喃,kg
善,yk
喅,kl
喆,tk
喇,kd
喈,kb
喉,ku
喊,kk
喋,ka
喌,xv
喍,ka
喎,kk
喏,kk
喐,ke
喑,ko
喒,ko
喓,kn
喔,kt
喕,km
喖,kg
喗,ki
喘,ke
喙,ku
喚,kd
喛,ky
喜,tk
喝,kr
喞,ke
喟,ko
喠,kv
喡,kf
喢,kj
喣,kh
喤,kw
喥,ky
喦,ku
喧,kd
喨,kj
喩,kv
喪,ty
喫,kd
喬,yk
喭,kp
單,xu
喯,kc
喰,kg
喱,kl
喲,ku
喳,kd
喴,kn
喵,kt
営,xk
喷,kb
喸,fb
喹,kt
喺,kx
喻,kd
喼,kx
喽,kn
喾,xk
喿,ka
嗀,tu
嗁,kj
嗂,kf
嗃,kk
嗄,kw
嗅,kq
嗆,kk
嗇,gk
嗈,kb
嗉,kx
嗊,kb
嗋,ko
嗌,km
嗍,ko
嗎,km
嗏,km
嗐,kk
嗑,km
嗒,kk
嗓,ka
嗔,kb
嗕,kc
嗖,ky
嗗,ko
嗘,kd
嗙,kf
嗚,kh
嗛,kj
嗜,ko
嗝,kg
嗞,ky
嗟,kg
嗠,vk
嗡,kx
嗢,km
嗣,kk
嗤,ki
嗥,ku
嗦,kx
嗧,lc
嗨,km
嗩,kb
嗪,kh
嗫,ky
嗬,kk
嗭,ub
嗮,kx
嗯,kx
嗰,kg
嗱,ku
嗲,kx
嗳,ky
嗴,ks
嗵,ky
嗶,kf
嗷,kw
嗸,fk
嗹,ki
嗺,kv
嗻,kh
嗼,kd
嗽,kq
嗾,ku
嗿,kb
嘀,kg
嘁,kx
嘂,kj
嘃,ko
嘄,ka
嘅,kw
嘆,kt
嘇,kp
嘈,ko
嘉,tk
嘊,kt
嘋,kw
嘌,ku
嘍,kn
嘎,kg
嘏,gy
嘐,kp
嘑,kh
嘒,ke
嘓,ka
嘔,kk
嘕,kh
嘖,kb
嘗,xo
嘘,ky
嘙,kn
嘚,kc
嘛,ka
嘜,kw
嘝,kd
嘞,kl
嘟,ke
嘠,kg
嘡,kt
嘢,ky
嘣,ko
嘤,kn
嘥,kz
嘦,vn
嘧,ku
嘨,km
嘩,kf
嘪,kb
嘫,kh
嘬,ky
嘭,kp
嘮,kl
嘯,ka
嘰,kr
嘱,ky
嘲,ko
嘳,kb
嘴,ky
嘵,kw
嘶,kt
嘷,ku
嘸,kh
嘹,kx
嘺,kk
嘻,kk
嘼,xk
嘽,ku
嘾,ku
嘿,kh
噀,kg
噁,kx
噂,kc
噃,kt
噄,kx
噅,kw
噆,ko
噇,kl
噈,ky
噉,kw
噊,kk
噋,kw
噌,ko
噍,kh
噎,kb
噏,kx
噐,xx
噑,ku
噒,kf
噓,ky
噔,kb
噕,wk
噖,kv
噗,kf
噘,kq
噙,kn
噚,kc
噛,km
噜,ko
噝,kx
噞,kr
噟,gk
噠,ky
噡,kk
噢,kd
噣,ki
噤,ku
噥,ki
噦,ku
噧,kd
器,xx
噩,wk
噪,ka
噫,kx
噬,kr
噭,kw
噮,ky
噯,kw
噰,kv
噱,ku
噲,ko
噳,kt
噴,kb
噵,zk
噶,kr
噷,kq
噸,ky
噹,kt
噺,kt
噻,kt
噼,kx
噽,tp
噾,ko
噿,ku
嚀,kd
嚁,kv
嚂,km
嚃,kx
嚄,ky
嚅,ke
嚆,kk
嚇,ki
嚈,kq
嚉,kc
嚊,kw
嚋,kc
嚌,ko
嚍,km
嚎,ku
嚏,kz
嚐,ko
嚑,kh
嚒,ky
嚓,ku
嚔,kz
嚕,ko
嚖,kx
嚗,ku
嚘,kw
嚙,kr
嚚,xx
嚛,ka
嚜,kt
嚝,kb
嚞,tk
嚟,ku
嚠,kd
嚡,kt
嚢,gy
嚣,xx
嚤,ku
嚥,kh
嚦,kv
嚧,km
嚨,kl
嚩,kc
嚪,kj
嚫,kj
嚬,ky
嚭,tk
嚮,xk
嚯,kv
嚰,ku
嚱,kg
嚲,wu
嚳,jk
嚴,xw
嚵,kt
嚶,kn
嚷,kf
嚸,kv
嚹,kh
嚺,ku
嚻,ky
嚼,kc
嚽,kb
嚾,kv
嚿,kj
囀,kc
囁,ke
囂,xx
囃,kv
囄,kv
囅,xy
囆,ki
囇,kb
囈,ky
囉,kv
囊,gy
囋,kb
囌,kh
囍,tk
囎,ko
囏,ck
囐,kq
囑,ki
囒,kj
囓,kr
囔,ky
囕,kj
囖,kv
囗,la
囘,ks
囙,wk
囚,wr
四,we
囜,ws
囝,wz
回,wk
囟,px
因,wd
囡,wn
团,wc
団,wc
囤,wt
囥,wj
囦,wu
囧,wk
囨,wb
囩,wy
囪,pd
囫,ww
囬,wo
园,wy
囮,wb
囯,ww
困,wa
囱,pw
囲,wj
図,wx
围,ww
囵,wl
囶,wt
囷,wh
囸,wv
囹,ws
固,wg
囻,wm
囼,wk
国,wy
图,wd
囿,wo
圀,wf
圁,wk
圂,wu
圃,wf
圄,wk
圅,sg
圆,wb
圇,wc
圈,wv
圉,wg
圊,wo
國,wa
圌,we
圍,wf
圎,wb
圏,wj
圐,wf
圑,wc
園,wy
圓,wb
圔,wm
圕,wo
圖,wk
圗,wo
團,wc
圙,wm
圚,wb
圛,wg
圜,wy
圝,wx
圞,wa
土,ua
圠,tv
圡,td
圢,td
圣,yt
圤,tb
圥,te
圦,tr
圧,it
在,ut
圩,ty
圪,tv
圫,tq
圬,tk
圭,tt
圮,tj
圯,ts
地,ty
圱,qt
圲,tq
圳,ti
圴,tu
圵,tu
圶,dt
圷,tx
圸,tu
圹,tg
场,tp
圻,tt
圼,ot
圽,tw
圾,tj
圿,tj
址,tv
坁,tu
坂,ty
坃,ty
坄,tu
坅,tv
坆,tw
均,ty
坈,tj
坉,tt
坊,tf
坋,tf
坌,ft
坍,td
坎,tq
坏,tb
坐,tr
坑,tj
坒,bt
坓,jt
坔,ut
坕,vt
坖,yt
块,tg
坘,th
坙,at
坚,lt
坛,ty
坜,tl
坝,tb
坞,tw
坟,tw
坠,et
坡,tp
坢,tb
坣,xt
坤,tu
坥,tq
坦,td
坧,tu
坨,tb
坩,tg
坪,tp
坫,tv
坬,tg
坭,tb
坮,tk
坯,tp
坰,tk
坱,ty
坲,tf
坳,tl
坴,tt
坵,tq
坶,tm
坷,tk
坸,tj
坹,tb
坺,ty
坻,tu
坼,ti
坽,ts
坾,td
坿,tc
垀,th
垁,tu
垂,qt
垃,tl
垄,lt
垅,tl
垆,tu
垇,ta
垈,rt
垉,tb
垊,tm
型,kt
垌,tk
垍,tz
垎,tk
垏,ty
垐,dt
垑,tx
垒,st
垓,tr
垔,xt
垕,it
垖,tl
垗,tv
垘,tq
垙,tg
垚,tt
垛,ta
垜,ta
垝,tv
垞,tq
垟,ty
垠,tg
垡,rt
垢,tk
垣,td
垤,tt
垥,tk
垦,gt
垧,tk
垨,tc
垩,yt
垪,tk
垫,ft
垬,tg
垭,ty
垮,tk
垯,td
垰,tx
垱,te
垲,tj
垳,td
垴,tx
垵,tn
垶,tx
垷,tj
垸,ty
垹,te
垺,tz
垻,tb
垼,rt
垽,dt
垾,tg
垿,ty
埀,qt
埁,tv
埂,tg
埃,tu
埄,tf
埅,et
埆,ty
埇,ty
埈,tw
埉,tr
埊,ut
埋,tl
埌,tl
埍,to
城,ti
埏,tv
埐,ty
埑,ft
埒,tc
埓,tc
埔,tf
埕,tw
埖,tb
埗,tu
埘,tc
埙,tb
埚,tn
埛,tk
埜,at
埝,tx
埞,tz
域,ta
埠,tu
埡,ty
埢,tv
埣,tu
埤,tu
埥,to
埦,tv
埧,tb
埨,tc
埩,ty
埪,tg
埫,tk
埬,td
埭,tl
埮,th
埯,td
埰,ta
埱,ty
埲,tf
埳,tj
埴,tq
埵,tt
埶,tw
執,tw
埸,tw
培,tk
基,ct
埻,tz
埼,tk
埽,tj
埾,et
埿,dt
堀,ti
堁,tg
堂,xt
堃,ft
堄,te
堅,it
堆,tv
堇,cw
堈,tu
堉,to
堊,yt
堋,to
堌,tg
堍,tt
堎,tw
堏,at
堐,tt
堑,it
堒,tb
堓,tg
堔,ta
堕,et
堖,tx
堗,tq
堘,tt
堙,tt
堚,ti
堛,tt
堜,tj
堝,tk
堞,ta
堟,tu
堠,tu
堡,rt
堢,ta
堣,td
堤,tz
堥,mt
堦,tb
堧,td
堨,tr
堩,td
堪,tb
堫,tw
堬,td
堭,tw
堮,tk
堯,tw
堰,tn
報,ty
堲,gt
堳,to
場,tw
堵,to
堶,to
堷,to
堸,tf
堹,tv
堺,tj
堻,dt
堼,tt
堽,tv
堾,to
堿,tk
塀,tk
塁,tt
塂,ts
塃,ti
塄,tf
塅,tu
塆,tg
塇,td
塈,gt
塉,to
塊,tg
塋,ht
塌,tx
塍,ot
塎,tg
塏,tb
塐,tx
塑,nt
塒,tc
塓,tl
塔,tk
塕,tx
塖,tr
塗,dt
塘,tk
塙,tk
塚,tu
塛,ta
塜,tu
塝,tf
塞,bt
塟,ct
塠,tl
塡,tb
塢,th
塣,dt
塤,tb
塥,tg
塦,et
塧,tm
塨,tx
塩,tm
塪,tj
填,tb
塬,tx
塭,tm
塮,tc
塯,tt
塰,dt
塱,lt
塲,tw
塳,tf
塴,to
塵,gt
塶,tb
塷,td
塸,tk
塹,it
塺,gt
塻,td
塼,tc
塽,tx
塾,wt
塿,tn
墀,tn
墁,ty
墂,tu
境,te
墄,tx
墅,lt
墆,tj
墇,tu
墈,tl
墉,to
墊,tt
墋,tp
墌,th
墍,bt
墎,te
墏,pt
墐,tw
墑,tg
墒,tk
墓,ct
墔,tv
墕,th
墖,tt
増,to
墘,tv
墙,tk
墚,ta
墛,tc
墜,et
墝,tw
增,to
墟,ty
墠,tu
墡,tk
墢,tu
墣,tf
墤,tb
墥,tl
墦,tt
墧,tk
墨,lt
墩,tw
墪,wt
墫,tc
墬,et
墭,tm
墮,et
墯,xt
墰,tu
墱,tb
墲,th
墳,tb
墴,tb
墵,ty
墶,ty
墷,tf
墸,to
墹,to
墺,td
墻,tk
墼,it
墽,tw
墾,vt
墿,tg
壀,tx
壁,ut
壂,ut
壃,tj
壄,at
壅,wt
壆,jt
壇,td
壈,th
壉,tu
壊,ty
壋,tt
壌,tf
壍,dt
壎,th
壏,tm
壐,at
壑,bt
壒,tm
壓,it
壔,tc
壕,tu
壖,te
壗,tm
壘,tt
壙,tb
壚,tm
壛,tj
壜,ty
壝,tb
壞,tx
壟,lt
壠,tl
壡,bt
壢,tv
壣,tj
壤,tf
壥,tt
壦,tv
壧,tw
壨,tt
壩,to
壪,tg
士,ua
壬,pt
壭,te
壮,lt
壯,pt
声,tu
壱,tb
売,te
壳,tj
壴,tb
壵,tt
壶,ty
壷,ty
壸,ty
壹,tb
壺,ty
壻,to
壼,ty
壽,tc
壾,tj
壿,tc
夀,fc
夁,tg
夂,pn
夃,ny
处,wb
夅,wf
夆,wf
备,wt
夈,wm
変,ww
夊,pn
夋,sw
夌,tw
复,pw
夎,tw
夏,bw
夐,dw
夑,hw
夒,yw
夓,jw
夔,bw
夕,pd
外,xb
夗,xv
夘,xe
夙,jd
多,xx
夛,ex
夜,ww
夝,xu
夞,xb
够,jx
夠,xj
夡,xk
夢,cx
夣,wx
夤,xb
夥,gx
夦,cx
大,ar
夨,vd
天,ad
太,dd
夫,er
夬,vr
夭,pd
央,kr
夯,dl
夰,dl
失,pf
夲,du
夳,de
头,dd
夵,dx
夶,dd
夷,ar
夸,dk
夹,ar
夺,dc
夻,dk
夼,di
夽,dy
夾,dr
夿,db
奀,bd
奁,dq
奂,dr
奃,du
奄,dd
奅,de
奆,dj
奇,dk
奈,du
奉,if
奊,td
奋,dt
奌,vd
奍,jl
奎,dt
奏,it
奐,dd
契,fd
奒,dr
奓,dx
奔,dc
奕,wd
奖,ld
套,dg
奘,pd
奙,sd
奚,vd
奛,do
奜,fd
奝,dk
奞,dv
奟,do
奠,bd
奡,bl
奢,do
奣,to
奤,dm
奥,pd
奦,md
奧,pd
奨,ld
奩,dk
奪,dc
奫,da
奬,pd
奭,db
奮,dt
奯,du
奰,sd
奱,xd
奲,du
女,va
奴,ny
奵,nd
奶,nn
奷,nq
奸,ng
她,ny
奺,nj
奻,nn
奼,nq
好,nz
奾,nu
奿,wn
妀,jn
妁,nu
如,nk
妃,nj
妄,wn
妅,ng
妆,ln
妇,ne
妈,nm
妉,ne
妊,nw
妋,nf
妌,nj
妍,nk
妎,nj
妏,nw
妐,ng
妑,nb
妒,nh
妓,nv
妔,nj
妕,nv
妖,ny
妗,nv
妘,ny
妙,nu
妚,nb
妛,cn
妜,ng
妝,pn
妞,ni
妟,on
妠,nn
妡,nt
妢,nf
妣,nb
妤,ny
妥,vn
妦,nf
妧,ny
妨,nf
妩,nw
妪,nq
妫,nw
妬,nu
妭,ny
妮,nb
妯,ny
妰,nv
妱,nk
妲,nd
妳,nx
妴,xn
妵,nv
妶,nx
妷,nf
妸,nk
妹,nw
妺,nw
妻,un
妼,nb
妽,nu
妾,ln
妿,ln
姀,nh
姁,nj
姂,nf
姃,nv
姄,nm
姅,nb
姆,nm
姇,rn
姈,ns
姉,nj
姊,nd
始,nk
姌,nr
姍,nc
姎,ny
姏,ng
姐,nq
姑,ng
姒,nr
姓,nu
委,hn
姕,vn
姖,nj
姗,nc
姘,nk
姙,nw
姚,nv
姛,nk
姜,yn
姝,nw
姞,nk
姟,nr
姠,nk
姡,nu
姢,no
姣,nf
姤,nk
姥,nl
姦,nn
姧,ng
姨,ny
姩,nn
姪,nt
姫,ni
姬,ni
姭,ln
姮,nd
姯,ng
姰,no
姱,nk
姲,nn
姳,nk
姴,dn
姵,nj
姶,nk
姷,no
姸,ng
姹,nq
姺,ne
姻,ny
姼,nx
姽,nv
姾,nw
姿,dn
娀,nu
威,gn
娂,ng
娃,nt
娄,mn
娅,ny
娆,nw
娇,nl
娈,wn
娉,nk
娊,nj
娋,no
娌,nl
娍,ni
娎,fn
娏,np
娐,nz
娑,dn
娒,nm
娓,nm
娔,nx
娕,nu
娖,nz
娗,nw
娘,nl
娙,ng
娚,nl
娛,nt
娜,ne
娝,nk
娞,nn
娟,no
娠,ni
娡,nx
娢,nk
娣,nd
娤,pn
娥,nw
娦,nb
娧,nx
娨,ng
娩,ne
娪,nk
娫,nv
娬,nv
娭,nu
娮,nk
娯,nb
娰,nr
娱,nt
娲,nn
娳,nd
娴,na
娵,ny
娶,en
娷,nt
娸,nb
娹,nx
娺,ny
娻,nd
娼,no
娽,nu
娾,nt
娿,en
婀,nk
婁,un
婂,nj
婃,nu
婄,nk
婅,nm
婆,dn
婇,na
婈,nw
婉,nv
婊,ny
婋,nj
婌,ny
婍,nk
婎,nv
婏,nt
婐,ng
婑,nn
婒,nh
婓,fn
婔,nf
婕,nz
婖,nx
婗,ne
婘,nv
婙,ny
婚,no
婛,nx
婜,in
婝,nz
婞,ng
婟,ng
婠,nl
婡,nl
婢,nu
婣,na
婤,nk
婥,nu
婦,nj
婧,no
婨,nc
婩,ng
婪,an
婫,nb
婬,nw
婭,ny
婮,ng
婯,ln
婰,nb
婱,gn
婲,nb
婳,nt
婴,bn
婵,nu
婶,nu
婷,nd
婸,nw
婹,nn
婺,mn
婻,ng
婼,nk
婽,ny
婾,nv
婿,no
媀,nd
媁,nf
媂,nj
媃,na
媄,nd
媅,nb
媆,nd
媇,na
媈,ni
媉,nt
媊,nd
媋,no
媌,nt
媍,nb
媎,no
媏,ne
媐,in
媑,nv
媒,na
媓,nw
媔,nm
媕,nc
媖,ny
媗,nd
媘,nb
媙,nn
媚,no
媛,ny
媜,nb
媝,hn
媞,nz
媟,na
媠,no
媡,nj
媢,no
媣,na
媤,nx
媥,nc
媦,no
媧,nk
媨,ny
媩,no
媪,nm
媫,nz
媬,na
媭,pn
媮,nd
媯,nw
媰,nc
媱,nf
媲,nb
媳,nx
媴,ny
媵,on
媶,ne
媷,nc
媸,ni
媹,nt
媺,nj
媻,vn
媼,nm
媽,nm
媾,nr
媿,ng
嫀,nh
嫁,nu
嫂,ny
嫃,nb
嫄,nx
嫅,ng
嫆,ng
嫇,nl
嫈,hn
嫉,nu
嫊,nx
嫋,ng
嫌,nj
嫍,nj
嫎,nf
嫏,ne
嫐,nn
嫑,bn
嫒,ny
嫓,nb
嫔,nb
嫕,nx
嫖,nu
嫗,nk
嫘,nx
嫙,nz
嫚,ny
嫛,kn
嫜,nu
嫝,nl
嫞,no
嫟,nk
嫠,wn
嫡,ng
嫢,fn
嫣,nh
嫤,nw
嫥,nc
嫦,nj
嫧,nb
嫨,nt
嫩,nw
嫪,np
嫫,nd
嫬,nh
嫭,nh
嫮,nk
嫯,fn
嫰,nq
嫱,nk
嫲,na
嫳,xn
嫴,nx
嫵,nh
嫶,nh
嫷,no
嫸,nk
嫹,nb
嫺,no
嫻,na
嫼,nh
嫽,nx
嫾,nf
嫿,na
嬀,nw
嬁,nb
嬂,no
嬃,pn
嬄,nb
嬅,nf
嬆,nx
嬇,nb
嬈,nw
嬉,nk
嬊,cn
嬋,nu
嬌,nk
嬍,nw
嬎,nu
嬏,nt
嬐,nr
嬑,nx
嬒,no
嬓,nw
嬔,nu
嬕,ng
嬖,un
嬗,nd
嬘,nu
嬙,nk
嬚,nj
嬛,ny
嬜,ln
嬝,ny
嬞,nv
嬟,nw
嬠,na
嬡,nw
嬢,nf
嬣,nd
嬤,ny
嬥,nv
嬦,nc
嬧,nm
嬨,nx
嬩,nb
嬪,nb
嬫,na
嬬,ne
嬭,nb
嬮,in
嬯,nt
嬰,bn
嬱,dn
嬲,tl
嬳,ny
嬴,wn
嬵,nj
嬶,nw
嬷,nm
嬸,nt
嬹,nb
嬺,nx
嬻,nb
嬼,nd
嬽,nd
嬾,nb
嬿,nh
孀,no
孁,yn
孂,nm
孃,nf
孄,nj
孅,nj
孆,nn
孇,ny
孈,nk
孉,nv
孊,nf
孋,nb
孌,xn
孍,nw
孎,ni
孏,nj
子,la
孑,la
孒,la
孓,ln
孔,zv
孕,nz
孖,zz
字,bz
存,uz
孙,zx
孚,vz
孛,uz
孜,zw
孝,lz
孞,zx
孟,zm
孠,vz
孡,zk
孢,zb
季,hz
孤,zg
孥,nz
学,xz
孧,yz
孨,zz
孩,zr
孪,wz
孫,zx
孬,bz
孭,zb
孮,zu
孯,iz
孰,ww
孱,uz
孲,zy
孳,bz
孴,zo
孵,lz
孶,cz
孷,wz
學,jz
孹,uz
孺,ze
孻,zm
孼,cz
孽,cz
孾,zn
孿,xz
宀,db
宁,bd
宂,bj
它,bb
宄,bj
宅,bq
宆,bg
宇,by
守,bc
安,bn
宊,bq
宋,ba
完,by
宍,bl
宎,by
宏,bs
宐,bh
宑,bj
宒,bm
宓,bb
宔,bv
宕,bu
宖,bs
宗,bu
官,bl
宙,by
定,bz
宛,bv
宜,bq
宝,by
实,bd
実,bi
宠,bl
审,bu
客,bk
宣,bd
室,bt
宥,bo
宦,bi
宧,bi
宨,bv
宩,bm
宪,be
宫,bk
宬,bi
宭,bk
宮,bk
宯,bz
宰,bx
宱,bv
宲,ba
害,bk
宴,bn
宵,bo
家,bu
宷,bm
宸,bi
容,bg
宺,bi
宻,bu
宼,bn
宽,bj
宾,bb
宿,bb
寀,ba
寁,bz
寂,by
寃,bt
寄,bk
寅,bb
密,bu
寇,by
寈,bo
寉,bv
寊,bb
寋,bv
富,bt
寍,bm
寎,bn
寏,bd
寐,bw
寑,by
寒,bd
寓,bd
寔,bz
寕,bd
寖,by
寗,br
寘,bb
寙,bg
寚,bf
寛,bj
寜,bl
寝,by
寞,bd
察,bu
寠,bn
寡,bf
寢,by
寣,bk
寤,bk
寥,bp
實,bb
寧,bd
寨,ba
審,bt
寪,bw
寫,bh
寬,bd
寭,bx
寮,bx
寯,bk
寰,by
寱,ba
寲,bz
寳,bb
寴,bj
寵,bl
寶,bb
寷,bb
寸,ud
对,yc
寺,tc
寻,ec
导,sc
寽,vc
対,wc
寿,fc
尀,kc
封,tc
専,ic
尃,fc
射,uc
尅,uc
将,lc
將,pc
專,ic
尉,uc
尊,bc
尋,ec
尌,tc
對,yc
導,zc
小,lb
尐,xn
少,xp
尒,rx
尓,px
尔,dx
尕,nx
尖,xd
尗,ux
尘,xt
尙,xk
尚,xk
尛,xx
尜,xx
尝,xy
尞,dx
尟,ou
尠,cu
尡,gb
尢,uv
尣,be
尤,yd
尥,yu
尦,bu
尧,yw
尨,lp
尩,bw
尪,yw
尫,ww
尬,yj
尭,uw
尮,ya
尯,yv
尰,yv
就,wy
尲,yj
尳,yo
尴,ym
尵,yb
尶,wm
尷,ym
尸,kp
尹,ep
尺,un
尻,uj
尼,ub
尽,id
尾,um
尿,uu
局,uk
屁,ub
层,uy
屃,ub
屄,ub
居,ug
屆,ut
屇,ut
屈,ui
屉,uu
届,uy
屋,ut
屌,uj
屍,ub
屎,um
屏,uk
屐,uv
屑,uo
屒,ui
屓,ub
屔,qb
展,uy
屖,ux
屗,uc
屘,uz
屙,uk
屚,uy
屛,ug
屜,uu
屝,uf
属,uy
屟,ua
屠,uo
屡,un
屢,un
屣,uz
層,uo
履,uw
屦,un
屧,ua
屨,un
屩,uk
屪,ux
屫,uk
屬,ui
屭,ub
屮,kl
屯,av
屰,bc
山,kl
屲,pu
屳,ru
屴,ul
屵,ui
屶,ud
屷,un
屸,ug
屹,uv
屺,uj
屻,ud
屼,uw
屽,ug
屾,uu
屿,uy
岀,uu
岁,ux
岂,uj
岃,ud
岄,uo
岅,uy
岆,uy
岇,ue
岈,uy
岉,uw
岊,bu
岋,uj
岌,uj
岍,uk
岎,uf
岏,uy
岐,uv
岑,uv
岒,uv
岓,ut
岔,fu
岕,uj
岖,uq
岗,ux
岘,uj
岙,yu
岚,uf
岛,nu
岜,ub
岝,uv
岞,uv
岟,uy
岠,uj
岡,ku
岢,uk
岣,uj
岤,ub
岥,up
岦,ul
岧,uk
岨,uq
岩,uu
岪,uf
岫,uy
岬,uj
岭,us
岮,ub
岯,up
岰,ul
岱,ru
岲,ux
岳,qu
岴,uq
岵,ug
岶,ub
岷,um
岸,ug
岹,uk
岺,us
岻,uu
岼,up
岽,ud
岾,uv
岿,ue
峀,uy
峁,ue
峂,ud
峃,xu
峄,uf
峅,uc
峆,uk
峇,uk
峈,uk
峉,uk
峊,pu
峋,uo
峌,ut
峍,uy
峎,ug
峏,ue
峐,ur
峑,uw
峒,uk
峓,uy
峔,ul
峕,uo
峖,un
峗,uv
峘,ud
峙,uc
峚,ut
峛,ud
峜,uv
峝,uk
峞,uv
峟,uo
峠,ux
峡,uj
峢,ud
峣,uw
峤,ul
峥,uy
峦,wu
峧,uf
峨,uw
峩,uw
峪,ug
峫,ue
峬,uf
峭,uo
峮,uk
峯,uf
峰,uf
峱,qu
峲,ud
峳,uw
峴,uj
峵,us
島,nu
峷,ux
峸,ui
峹,ru
峺,ug
峻,uw
峼,uk
峽,ur
峾,du
峿,uk
崀,ul
崁,uq
崂,ul
崃,ul
崄,uq
崅,uy
崆,ug
崇,uu
崈,bu
崉,uo
崊,ua
崋,uf
崌,ug
崍,ul
崎,uk
崏,uo
崐,ub
崑,ub
崒,uu
崓,ug
崔,uv
崕,ut
崖,ut
崗,uu
崘,uc
崙,uc
崚,uw
崛,ui
崜,ut
崝,uo
崞,uz
崟,uj
崠,ud
崡,uu
崢,uy
崣,un
崤,uo
崥,uu
崦,ud
崧,ug
崨,uz
崩,uo
崪,uu
崫,ui
崬,ud
崭,ut
崮,ug
崯,uj
崰,ut
崱,ud
崲,uw
崳,ud
崴,un
崵,uw
崶,uc
崷,uy
崸,uy
崹,uj
崺,uy
崻,uc
崼,uz
崽,ux
崾,un
崿,uk
嵀,uv
嵁,ub
嵂,uy
嵃,up
嵄,ud
嵅,uk
嵆,hu
嵇,hu
嵈,uy
嵉,ud
嵊,ur
嵋,uo
嵌,uq
嵍,mu
嵎,ud
嵏,uw
嵐,uf
嵑,ur
嵒,ku
嵓,uk
嵔,uy
嵕,uw
嵖,ud
嵗,uu
嵘,ua
嵙,ud
嵚,uq
嵛,ud
嵜,uk
嵝,un
嵞,ru
嵟,uv
嵠,ud
嵡,ux
嵢,uk
嵣,uk
嵤,hu
嵥,ua
嵦,ub
嵧,ut
嵨,uh
嵩,uk
嵪,uk
嵫,uy
嵬,ug
嵭,uf
嵮,ub
嵯,ug
嵰,uj
嵱,ug
嵲,ua
嵳,ug
嵴,uo
嵵,uc
嵶,ug
嵷,uz
嵸,uz
嵹,ui
嵺,up
嵻,ul
嵼,uu
嵽,uj
嵾,up
嵿,uy
嶀,uk
嶁,un
嶂,uu
嶃,ut
嶄,ut
嶅,fu
嶆,uo
嶇,uk
嶈,uc
嶉,uv
嶊,uv
嶋,un
嶌,un
嶍,ub
嶎,uc
嶏,uj
嶐,uu
嶑,uu
嶒,uo
嶓,ut
嶔,uq
嶕,uh
嶖,ux
嶗,ul
嶘,ug
嶙,uf
嶚,ux
嶛,ux
嶜,uo
嶝,ub
嶞,eu
嶟,uc
嶠,uk
嶡,uq
嶢,uw
嶣,uh
嶤,uw
嶥,uq
嶦,uk
嶧,ug
嶨,ju
嶩,ui
嶪,uw
嶫,uw
嶬,uw
嶭,ux
嶮,ur
嶯,ue
嶰,un
嶱,ur
嶲,uk
嶳,ut
嶴,pu
嶵,uf
嶶,uj
嶷,uz
嶸,ua
嶹,uc
嶺,uy
嶻,uv
嶼,ub
嶽,uq
嶾,ux
嶿,ue
巀,ug
巁,ud
巂,uk
巃,ul
巄,ul
巅,uy
巆,uk
巇,ug
巈,um
巉,ut
巊,un
巋,uj
巌,uw
巍,ug
巎,uw
巏,uv
巐,uc
巑,ub
巒,xu
巓,uy
巔,uy
巕,un
巖,uw
巗,uw
巘,uq
巙,uw
巚,uq
巛,vv
巜,vv
川,pl
州,dl
巟,wi
巠,ag
巡,zv
巢,vg
巣,xg
巤,vv
工,aa
左,ug
巧,gk
巨,kk
巩,gf
巪,jv
巫,gr
巬,gf
巭,gf
差,yg
巯,ji
巰,ji
己,kv
已,kv
巳,kv
巴,sl
巵,ib
巶,ds
巷,gs
巸,is
巹,lj
巺,sb
巻,jj
巼,bb
巽,sg
巾,kl
巿,uj
帀,aj
币,pj
市,wj
布,uj
帄,jd
帅,lj
帆,jf
帇,yj
师,lj
帉,jf
帊,jb
帋,uj
希,xj
帍,hj
帎,je
帏,jw
帐,ji
帑,nj
帒,rj
帓,jw
帔,jp
帕,jb
帖,jv
帗,jy
帘,bj
帙,jf
帚,ej
帛,bj
帜,jv
帝,wj
帞,jb
帟,wj
帠,jj
帡,jk
帢,jk
帣,jj
帤,nj
帥,pj
带,cj
帧,jb
帨,jx
帩,jo
帪,ji
師,pj
帬,yj
席,gj
帮,fj
帯,cj
帰,lj
帱,jc
帲,jg
帳,ji
帴,jg
帵,jv
帶,cj
帷,jv
常,xj
帹,jn
帺,jb
帻,jb
帼,jy
帽,jo
帾,jo
帿,ju
幀,jb
幁,jy
幂,bj
幃,jf
幄,jt
幅,jt
幆,jr
幇,tj
幈,jk
幉,ja
幊,jb
幋,vj
幌,jg
幍,jj
幎,jl
幏,ju
幐,oj
幑,rj
幒,jx
幓,jp
幔,jy
幕,cj
幖,ju
幗,ja
幘,jb
幙,jd
幚,fj
幛,ju
幜,jx
幝,ju
幞,jf
幟,jo
幠,jh
幡,jt
幢,jl
幣,xj
幤,xj
幥,ju
幦,uj
幧,ja
幨,jk
幩,jb
幪,ju
幫,tj
幬,jc
幭,jd
幮,jc
幯,je
幰,jx
幱,jj
干,au
平,au
年,pf
幵,gg
并,bk
幷,pg
幸,tg
幹,ug
幺,vs
幻,yv
幼,yl
幽,uy
幾,gr
广,di
庀,gb
庁,gd
庂,gr
広,gs
庄,gt
庅,gm
庆,gd
庇,gb
庈,gv
庉,gt
床,ga
庋,gv
庌,gy
庍,gt
庎,gj
序,gy
庐,gh
庑,gw
庒,gd
库,gi
应,ga
底,gu
庖,gb
店,gv
庘,gj
庙,gy
庚,gr
庛,gb
府,gc
庝,gd
庞,gl
废,gy
庠,gy
庡,gy
庢,gt
庣,gv
庤,gc
庥,ga
度,gy
座,gr
庨,gz
庩,gm
庪,gv
庫,gi
庬,gp
庭,gw
庮,gy
庯,gf
庰,gk
庱,gw
庲,gl
庳,gu
庴,go
庵,gd
庶,gh
康,gl
庸,go
庹,gi
庺,ga
庻,gr
庼,gy
庽,gd
庾,gr
庿,gt
廀,gy
廁,gd
廂,go
廃,ge
廄,gu
廅,gm
廆,gg
廇,gt
廈,gw
廉,gj
廊,ge
廋,gy
廌,gh
廍,ge
廎,gy
廏,gu
廐,gw
廑,gw
廒,gw
廓,ge
廔,gn
廕,gy
廖,gp
廗,gj
廘,gb
廙,gg
廚,gc
廛,gt
廜,go
廝,gt
廞,gq
廟,go
廠,gw
廡,gh
廢,gu
廣,gb
廤,gb
廥,go
廦,gx
廧,gk
廨,gn
廩,gh
廪,gu
廫,gp
廬,gm
廭,gb
廮,gn
廯,gy
廰,gx
廱,gv
廲,gb
廳,gx
廴,vn
廵,zv
延,zv
廷,zw
廸,zy
廹,zb
建,zy
廻,zk
廼,zx
廽,zo
廾,al
廿,ca
开,ac
弁,sc
异,sc
弃,wc
弄,wc
弅,fc
弆,qc
弇,rc
弈,wc
弉,pc
弊,xc
弋,ud
弌,ga
弍,ge
弎,gs
式,gg
弐,ge
弑,xg
弒,xg
弓,vv
弔,gl
引,gl
弖,ga
弗,gl
弘,gs
弙,gy
弚,bd
弛,gy
弜,gg
弝,gb
弞,gq
弟,bd
张,gi
弡,gj
弢,gy
弣,gc
弤,gu
弥,gx
弦,gx
弧,gg
弨,gk
弩,ng
弪,gj
弫,gi
弬,gi
弭,ge
弮,jg
弯,wg
弰,go
弱,gg
弲,go
弳,gg
弴,gz
張,gi
弶,gx
強,gi
弸,go
弹,gu
强,gi
弻,gx
弼,gb
弽,ga
弾,gu
弿,bg
彀,tu
彁,gk
彂,yu
彃,gf
彄,gk
彅,gd
彆,xg
彇,ga
彈,gu
彉,gb
彊,gj
彋,gy
彌,gb
彍,gb
彎,xg
彏,gy
彐,ka
彑,va
归,le
当,xe
彔,hu
录,eu
彖,hu
彗,fe
彘,hb
彙,hg
彚,eg
彛,ec
彜,hc
彝,hc
彞,ec
彟,ey
彠,ey
彡,pp
形,kp
彣,wp
彤,dp
彥,wp
彦,wp
彧,ga
彨,lp
彩,vp
彪,hp
彫,kp
彬,ap
彭,tp
彮,bp
彯,xp
彰,lp
影,op
彲,lp
彳,pr
彴,ru
彵,ry
彶,rj
彷,rf
彸,rg
役,ru
彺,rw
彻,rd
彼,rp
彽,ru
彾,rs
彿,rf
往,rv
征,rv
徂,rq
徃,ru
径,rj
待,rc
徆,rx
徇,ro
很,rg
徉,ry
徊,rk
律,ry
後,rw
徍,rt
徎,rw
徏,ru
徐,rm
徑,rg
徒,rz
従,rz
徔,rv
徕,rl
徖,ru
得,rc
徘,rf
徙,rz
徚,rj
徛,rk
徜,rk
徝,rq
從,rz
徟,rk
徠,rl
御,re
徢,rz
徣,ro
徤,ry
徥,rz
徦,ry
徧,rc
徨,rw
復,rw
循,ro
徫,rf
徬,rf
徭,rf
微,rj
徯,rd
徰,rv
徱,ru
徲,rn
徳,rx
徴,rw
徵,rw
徶,rx
德,rx
徸,rl
徹,ro
徺,rw
徻,ro
徼,rf
徽,rx
徾,rk
徿,rl
忀,rf
忁,ru
忂,rv
心,dd
忄,dl
必,xp
忆,xv
忇,xl
忈,ex
忉,xd
忊,xd
忋,xj
忌,jx
忍,dx
忎,qx
忏,xq
忐,ux
忑,xx
忒,gx
忓,xg
忔,xv
忕,xd
忖,xc
志,tx
忘,wx
忙,xw
忚,xy
忛,xf
応,gx
忝,tx
忞,wx
忟,xw
忠,vx
忡,xv
忢,wx
忣,xj
忤,xw
忥,qx
忦,xj
忧,xy
忨,xy
忩,gx
忪,xg
快,xg
忬,xy
忭,xb
忮,xv
忯,xu
忰,xu
忱,xe
忲,xt
忳,xt
忴,xv
念,rx
忶,xy
忷,xx
忸,xi
忹,xw
忺,xq
忻,xt
忼,xj
忽,wx
忾,xq
忿,fx
怀,xb
态,tx
怂,rx
怃,xw
怄,xq
怅,xi
怆,xv
怇,xj
怈,xu
怉,xb
怊,xk
怋,xm
怌,xp
怍,xv
怎,vx
怏,xy
怐,xj
怑,xb
怒,nx
怓,xy
怔,xv
怕,xb
怖,xj
怗,xv
怘,gx
怙,xg
怚,xq
怛,xd
怜,xs
思,tx
怞,xy
怟,xu
怠,sx
怡,xk
怢,xf
怣,px
怤,rx
急,dx
怦,xp
性,xu
怨,xx
怩,xb
怪,xt
怫,xf
怬,xs
怭,xb
怮,xl
怯,xq
怰,xx
怱,bx
怲,xn
怳,xx
怴,xl
怵,xu
怶,xp
怷,ux
怸,ux
怹,rx
怺,xy
总,bx
怼,yx
怽,xw
怾,xv
怿,xf
恀,xx
恁,rx
恂,xo
恃,xc
恄,xk
恅,xl
恆,xh
恇,xw
恈,xn
恉,xo
恊,xl
恋,wx
恌,xv
恍,xg
恎,xt
恏,nx
恐,gx
恑,xv
恒,xd
恓,xx
恔,xf
恕,nx
恖,px
恗,xk
恘,xa
恙,yx
恚,tx
恛,xk
恜,xg
恝,fx
恞,xy
恟,xx
恠,xt
恡,xs
恢,xh
恣,dx
恤,xm
恥,ex
恦,xk
恧,ex
恨,xg
恩,yx
恪,xk
恫,xk
恬,xu
恭,gx
恮,xw
息,zx
恰,xk
恱,xy
恲,xk
恳,gx
恴,wx
恵,ix
恶,yx
恷,rx
恸,xl
恹,xq
恺,xj
恻,xd
恼,xx
恽,xi
恾,xw
恿,sx
悀,xy
悁,xo
悂,xt
悃,xa
悄,xo
悅,xx
悆,rx
悇,xm
悈,xc
悉,mx
悊,fx
悋,xk
悌,xd
悍,xg
悎,xk
悏,xr
悐,qx
悑,xf
悒,xb
悓,xj
悔,xm
悕,xj
悖,xz
悗,xe
悘,kx
悙,xl
悚,xu
悛,xw
悜,xw
悝,xl
悞,xt
悟,xk
悠,rx
悡,hx
悢,xl
患,ix
悤,px
悥,wx
悦,xx
悧,xd
您,rx
悩,xx
悪,yx
悫,tx
悬,qx
悭,xt
悮,xt
悯,xw
悰,xu
悱,xf
悲,fx
悳,ux
悴,xu
悵,xi
悶,mx
悷,xq
悸,xz
悹,bx
悺,xl
悻,xg
悼,xu
悽,xn
悾,xg
悿,xx
惀,xc
惁,ax
惂,xj
惃,xb
惄,ux
情,xo
惆,xk
惇,xz
惈,xg
惉,dx
惊,xx
惋,xv
惌,bx
惍,xj
惎,cx
惏,xa
惐,xa
惑,gx
惒,hx
惓,xv
惔,xh
惕,xw
惖,ox
惗,xx
惘,xw
惙,xy
惚,xx
惛,xo
惜,xo
惝,xk
惞,xq
惟,xv
惠,ix
惡,yx
惢,xx
惣,nx
惤,xx
惥,jx
惦,xv
惧,xb
惨,xp
惩,rx
惪,ux
惫,wx
惬,xj
惭,xt
惮,xu
惯,xb
惰,xo
惱,xx
惲,xi
想,ax
惴,xe
惵,xa
惶,xw
惷,ix
惸,xz
惹,cx
惺,xu
惻,xd
惼,xc
惽,xo
惾,xw
惿,xz
愀,xh
愁,hx
愂,ux
愃,xd
愄,xy
愅,xu
愆,rx
愇,xf
愈,rx
愉,xd
愊,xt
愋,xy
愌,xd
愍,mx
愎,xw
意,lx
愐,xm
愑,xl
愒,xr
愓,xw
愔,xo
愕,xk
愖,xb
愗,mx
愘,xk
愙,bx
愚,tx
愛,vw
愜,xr
愝,xn
愞,xd
感,gx
愠,xm
愡,xx
愢,xx
愣,xf
愤,xb
愥,xy
愦,xb
愧,xg
愨,tx
愩,xb
愪,xb
愫,xx
愬,nx
愭,xo
愮,xf
愯,xy
愰,xg
愱,xu
愲,xo
愳,ox
愴,xk
愵,xg
愶,xo
愷,xb
愸,lx
愹,xg
愺,xu
愻,zx
愼,xb
愽,xc
愾,xm
愿,ix
慀,xd
慁,wx
慂,dx
慃,xx
慄,xa
慅,xi
慆,xj
慇,px
慈,bx
慉,xt
慊,xj
態,sx
慌,xi
慍,xm
慎,xb
慏,xl
慐,gx
慑,xy
慒,xo
慓,xu
慔,xd
慕,cx
慖,xa
慗,ux
慘,xp
慙,ix
慚,xt
慛,xv
慜,px
慝,kx
慞,xu
慟,xl
慠,xw
慡,xx
慢,xy
慣,xb
慤,tx
慥,xk
慦,qx
慧,fx
慨,xw
慩,xi
慪,xk
慫,rx
慬,xw
慭,lx
慮,hx
慯,xw
慰,ux
慱,xc
慲,xr
慳,xt
慴,xb
慵,xo
慶,gw
慷,xl
慸,cx
慹,tx
慺,xn
慻,xo
慼,gx
慽,xx
慾,gx
慿,dx
憀,xp
憁,xx
憂,bw
憃,ix
憄,rx
憅,vx
憆,xt
憇,ux
憈,xy
憉,xp
憊,rx
憋,xx
憌,jx
憍,xk
憎,xo
憏,xu
憐,xf
憑,dx
憒,xb
憓,xx
憔,xh
憕,xb
憖,lx
憗,lx
憘,xk
憙,tx
憚,xu
憛,xu
憜,xo
憝,wx
憞,xw
憟,xm
憠,ix
憡,xu
憢,xw
憣,xt
憤,xb
憥,hx
憦,xl
憧,xl
憨,ex
憩,ux
憪,xo
憫,xw
憬,xx
憭,xx
憮,xh
憯,xo
憰,xk
憱,xy
憲,bx
憳,xc
憴,xd
憵,ux
憶,xx
憷,xz
憸,xr
憹,xi
憺,xk
憻,xd
憼,cx
憽,xx
憾,xx
憿,xw
懀,xo
懁,xy
懂,xv
懃,cx
懄,xl
懅,xu
懆,xa
懇,vx
懈,xn
應,gx
懊,xd
懋,ax
懌,xg
懍,xh
懎,xk
懏,xk
懐,xy
懑,dx
懒,xb
懓,xw
懔,xu
懕,ix
懖,jx
懗,xi
懘,dx
懙,xb
懚,xx
懛,xt
懜,xx
懝,xz
懞,xu
懟,yx
懠,xo
懡,xy
懢,xm
懣,dx
懤,xc
懥,xz
懦,xe
懧,xd
懨,xq
懩,xg
懪,xu
懫,xb
懬,gx
懭,xb
懮,xw
懯,fx
懰,xd
懱,xd
懲,rx
懳,xx
懴,xj
懵,xo
懶,xb
懷,xx
懸,qx
懹,xf
懺,xj
懻,xg
懼,xv
懽,xv
懾,xe
懿,tx
戀,xx
戁,cx
戂,xf
戃,xh
戄,xy
戅,lx
戆,lx
戇,lx
戈,yd
戉,gl
戊,gp
戋,ga
戌,ga
戍,gd
戎,gu
戏,yg
成,gv
我,ga
戒,gc
戓,gk
戔,gg
戕,pg
或,ga
戗,rg
战,vg
戙,kg
戚,gx
戛,bg
戜,gw
戝,bg
戞,bg
戟,ug
戠,go
戡,cg
戢,ge
戣,bg
戤,ng
戥,og
戦,xg
戧,rg
戨,kg
戩,ag
截,gv
戫,ua
戬,yg
戭,bg
戮,xg
戯,hg
戰,xg
戱,hg
戲,hg
戳,xg
戴,gg
戵,og
戶,pu
户,du
戸,au
戹,hv
戺,hs
戻,hd
戼,vh
戽,hd
戾,hq
房,hf
所,ht
扁,hc
扂,hv
扃,hk
扄,hk
扅,hx
扆,hy
扇,hx
扈,hb
扉,hf
扊,hh
手,pf
扌,aa
才,up
扎,fv
扏,fj
扐,fl
扑,fb
扒,fb
打,fd
扔,fn
払,fs
扖,fr
扗,ft
托,fq
扙,fv
扚,fu
扛,fg
扜,fy
扝,fk
扞,fg
扟,fu
扠,fi
扡,fy
扢,fv
扣,fk
扤,fw
扥,fb
扦,fq
执,fw
扨,fd
扩,fg
扪,fm
扫,fe
扬,fp
扭,fi
扮,ff
扯,fv
扰,fy
扱,fj
扲,fv
扳,fy
扴,fj
扵,fd
扶,ff
扷,fy
扸,fp
批,fb
扺,fu
扻,fq
扼,fv
扽,ft
找,fg
承,ln
技,fv
抁,fy
抂,fw
抃,fb
抄,fu
抅,fg
抆,fw
抇,fo
抈,fo
抉,fg
把,fb
抋,fx
抌,fe
抍,fc
抎,fy
抏,fy
抐,fn
抑,fe
抒,fy
抓,fv
抔,fb
投,fu
抖,fd
抗,fj
折,ft
抙,fu
抚,fw
抛,fl
抜,fy
抝,fv
択,fi
抟,fv
抠,fq
抡,fl
抢,fv
抣,fy
护,fh
报,fy
抦,fn
抧,fv
抨,fp
抩,fr
抪,fj
披,fp
抬,fk
抭,fj
抮,fp
抯,fq
抰,fy
抱,fb
抲,fk
抳,fb
抴,fu
抵,fu
抶,ff
抷,fp
抸,ff
抹,fw
抺,fw
抻,fu
押,fj
抽,fy
抾,fq
抿,fm
拀,fx
拁,fk
拂,ff
拃,fv
拄,fv
担,fd
拆,fi
拇,fm
拈,fv
拉,fl
拊,fc
拋,fl
拌,fb
拍,fb
拎,fs
拏,nu
拐,fl
拑,fg
拒,fj
拓,fu
拔,fy
拕,fb
拖,fy
拗,fl
拘,fj
拙,fi
拚,fc
招,fk
拜,uf
拝,ff
拞,fq
拟,fr
拠,fj
拡,fs
拢,fl
拣,fd
拤,fb
拥,fy
拦,fl
拧,fd
拨,fy
择,ff
拪,fx
拫,fg
括,fu
拭,fg
拮,fk
拯,fi
拰,fw
拱,fg
拲,gu
拳,ju
拴,fw
拵,fz
拶,fx
拷,fk
拸,fx
拹,fl
拺,fu
拻,fh
拼,fk
拽,fy
拾,fk
拿,ru
挀,fy
持,fc
挂,ft
挃,ft
挄,fg
挅,fa
挆,fa
指,fo
挈,fu
按,fn
挊,fx
挋,fi
挌,fk
挍,ff
挎,fk
挏,fk
挐,nu
挑,fv
挒,fd
挓,fq
挔,fy
挕,fe
挖,fv
挗,fy
挘,fl
挙,xu
挚,fu
挛,wu
挜,fy
挝,fc
挞,fd
挟,fj
挠,fw
挡,fe
挢,fl
挣,fy
挤,fq
挥,fi
挦,fc
挧,fx
挨,fu
挩,fx
挪,fe
挫,fr
挬,fz
挭,fg
挮,fd
振,fi
挰,fw
挱,fu
挲,du
挳,fg
挴,fm
挵,fc
挶,fk
挷,fe
挸,fj
挹,fb
挺,fw
挻,fv
挼,fn
挽,fe
挾,fr
挿,fj
捀,ff
捁,fk
捂,fk
捃,fk
捄,fq
捅,fy
捆,fa
捇,fi
捈,fm
捉,fz
捊,fz
捋,fc
捌,fd
捍,fg
捎,fo
捏,ft
捐,fo
捑,ft
捒,fu
捓,fe
捔,fy
捕,ff
捖,fy
捗,fu
捘,fw
捙,fi
捚,fl
捛,fk
捜,fy
捝,fx
捞,fl
损,fb
捠,fb
捡,fq
换,fr
捣,fu
捤,fm
捥,fv
捦,fj
捧,ff
捨,fg
捩,fq
捪,fo
捫,fm
捬,fc
捭,fu
据,fg
捯,fd
捰,fg
捱,ft
捲,fv
捳,fu
捴,fx
捵,fb
捶,ft
捷,fz
捸,fl
捹,fc
捺,fu
捻,fx
捼,fn
捽,fu
捾,fl
捿,fn
掀,fq
掁,fi
掂,fv
掃,fj
掄,fc
掅,fo
掆,fu
掇,fy
授,fy
掉,fu
掊,fk
掋,fu
掌,xu
掍,fb
掎,fk
掏,ff
掐,fj
掑,fb
排,ff
掓,fy
掔,iu
掕,fw
掖,fw
掗,fy
掘,fi
掙,fy
掚,fr
掛,fb
掜,fe
掝,fa
掞,fh
掟,fz
掠,fx
採,fa
探,fa
掣,nu
掤,fo
接,fn
掦,fw
控,fg
推,fv
掩,fd
措,fo
掫,fy
掬,fm
掭,fx
掮,fo
掯,fo
掰,uu
掱,uu
掲,fb
掳,fl
掴,fy
掵,fe
掶,fr
掷,fe
掸,fu
掹,fm
掺,fp
掻,fi
掼,fb
掽,fy
掾,fu
掿,fk
揀,fj
揁,fb
揂,fy
揃,fd
揄,fd
揅,uu
揆,ft
揇,fg
揈,fk
揉,fa
揊,ft
揋,fy
揌,fx
揍,ft
揎,fd
描,ft
提,fz
揑,fg
插,fj
揓,fy
揔,fx
揕,fb
揖,fe
揗,fo
揘,fw
揙,fc
揚,fw
換,fd
揜,fc
揝,fo
揞,fo
揟,fo
揠,fn
握,ft
揢,fk
揣,fe
揤,fe
揥,fj
揦,fd
揧,uu
揨,fd
揩,fb
揪,fh
揫,hu
揬,fq
揭,fr
揮,fi
揯,fh
揰,fv
揱,xu
揲,fa
揳,fd
援,fy
揵,fy
揶,fe
揷,fj
揸,fd
揹,fo
揺,fj
揻,fn
揼,fu
揽,fj
揾,fm
揿,fq
搀,fd
搁,fk
搂,fn
搃,fx
搄,fd
搅,fj
搆,fr
搇,fy
搈,fg
搉,fv
搊,fc
搋,fj
搌,fy
損,fb
搎,fx
搏,fc
搐,ft
搑,fe
搒,ff
搓,fg
搔,fi
搕,fm
搖,ff
搗,fu
搘,fo
搙,fc
搚,fo
搛,fj
搜,fy
搝,fq
搞,fk
搟,fg
搠,fo
搡,fa
搢,fo
搣,fh
搤,fm
搥,fl
搦,fg
搧,fx
搨,fx
搩,fa
搪,fk
搫,vu
搬,fu
搭,fk
搮,fa
搯,fj
搰,fo
搱,fx
搲,fg
搳,fk
搴,bu
搵,fm
搶,fk
搷,fb
搸,fh
搹,fg
携,fn
搻,ru
搼,fu
搽,fm
搾,fv
搿,uu
摀,fh
摁,fx
摂,fd
摃,fb
摄,fy
摅,fx
摆,fq
摇,ff
摈,fb
摉,fx
摊,fv
摋,fu
摌,fu
摍,fb
摎,fp
摏,fj
摐,fz
摑,fa
摒,fk
摓,ff
摔,fu
摕,fj
摖,fu
摗,fq
摘,fg
摙,fi
摚,ft
摛,fn
摜,fb
摝,fb
摞,fx
摟,fn
摠,fx
摡,fw
摢,fh
摣,fq
摤,fx
摥,fw
摦,fg
摧,fv
摨,fn
摩,gu
摪,fc
摫,fj
摬,fe
摭,fh
摮,fu
摯,tu
摰,tu
摱,fy
摲,ft
摳,fk
摴,fk
摵,fx
摶,fc
摷,fg
摸,fd
摹,cu
摺,fb
摻,fp
摼,ft
摽,fu
摾,fi
摿,fo
撀,tu
撁,fn
撂,fk
撃,iu
撄,fn
撅,fq
撆,xu
撇,fw
撈,fl
撉,wu
撊,fo
撋,fw
撌,fb
撍,fo
撎,fb
撏,fc
撐,fy
撑,fu
撒,fw
撓,fw
撔,fx
撕,ft
撖,fw
撗,fb
撘,fk
撙,fc
撚,fh
撛,ff
撜,fb
撝,fw
撞,fl
撟,fk
撠,fg
撡,fx
撢,fu
撣,fu
撤,fw
撥,fu
撦,fo
撧,fb
撨,fh
撩,fx
撪,fi
撫,fh
撬,fm
播,ft
撮,fy
撯,fo
撰,fg
撱,fo
撲,ff
撳,fq
撴,fw
撵,fi
撶,ff
撷,fy
撸,fo
撹,fj
撺,fi
撻,fy
撼,fx
撽,fw
撾,fk
撿,fr
擀,fg
擁,fv
擂,ft
擃,fi
擄,fl
擅,fd
擆,fo
擇,fg
擈,fw
擉,fi
擊,iu
擋,ft
擌,fr
操,fa
擎,cu
擏,fw
擐,fy
擑,fe
擒,fn
擓,fv
擔,fk
擕,fk
擖,fr
擗,fx
擘,uu
擙,fd
據,fu
擛,fa
擜,fq
擝,fm
擞,fw
擟,fb
擠,fo
擡,ft
擢,fv
擣,fc
擤,fw
擥,iu
擦,fu
擧,ju
擨,fq
擩,fe
擪,iu
擫,fq
擬,fz
擭,fy
擮,fv
擯,fb
擰,fd
擱,fk
擲,fe
擳,fe
擴,fb
擵,fu
擶,fd
擷,fy
擸,fv
擹,fq
擺,fb
擻,fw
擼,fo
擽,fa
擾,fw
擿,fg
攀,au
攁,fg
攂,ft
攃,fu
攄,fx
攅,fb
攆,fi
攇,fx
攈,fh
攉,fv
攊,fv
攋,fb
攌,fy
攍,fn
攎,fm
攏,fl
攐,fy
攑,ff
攒,fb
攓,fz
攔,fj
攕,fj
攖,fn
攗,fm
攘,ff
攙,ft
攚,fk
攛,fv
攜,fk
攝,fe
攞,fv
攟,fh
攠,ff
攡,fv
攢,fb
攣,xu
攤,fv
攥,fx
攦,fb
攧,fy
攨,fg
攩,fh
攪,fj
攫,fy
攬,fj
攭,fi
攮,fy
支,uy
攰,vl
攱,lv
攲,dv
攳,vc
攴,by
攵,px
收,jw
攷,kw
攸,rw
改,jw
攺,sw
攻,gw
攼,gw
攽,fw
放,fw
政,vw
敀,bw
敁,vy
敂,jw
敃,mw
敄,mw
故,gw
敆,ry
敇,uw
效,ww
敉,mw
敊,uy
敋,ww
敌,uw
敍,ry
敎,xw
敏,pw
敐,iw
救,qw
敒,rw
敓,bw
敔,ww
敕,uw
敖,fw
敗,bw
敘,rw
教,lw
敚,bw
敛,qw
敜,rw
敝,xw
敞,xw
敟,qw
敠,yy
敡,oy
敢,ew
散,cw
敤,gy
敥,hy
敦,ww
敧,dy
敨,lw
敩,xw
敪,yw
敫,bw
敬,cw
敭,ow
敮,qy
敯,my
数,mw
敱,uy
敲,wy
敳,uw
整,uv
敵,ww
敶,ew
敷,fw
數,uw
敹,bw
敺,ky
敻,dw
敼,ty
敽,yy
敾,yw
敿,yw
斀,sy
斁,sw
斂,rw
斃,xb
斄,wl
斅,jy
斆,jw
文,wx
斈,wz
斉,wo
斊,we
斋,we
斌,wv
斍,wj
斎,qu
斏,wl
斐,fw
斑,ww
斒,wc
斓,wj
斔,wr
斕,wj
斖,wq
斗,ud
斘,xd
料,md
斚,sd
斛,dd
斜,rd
斝,xd
斞,jd
斟,cd
斠,fd
斡,ud
斢,cd
斣,sd
斤,it
斥,id
斦,it
斧,ft
斨,pt
斩,it
斪,jt
斫,ut
斬,it
断,vt
斮,ct
斯,ct
新,lt
斱,lt
斲,yt
斳,ct
斴,mt
斵,pt
斶,ii
斷,vt
斸,ut
方,wv
斺,fj
斻,fj
於,fd
施,fy
斾,fj
斿,fz
旀,fx
旁,wf
旂,ft
旃,fd
旄,fm
旅,fy
旆,fj
旇,fp
旈,fi
旉,ff
旊,fw
旋,fz
旌,fu
旍,fs
旎,fb
族,fu
旐,fv
旑,fk
旒,fi
旓,fo
旔,fy
旕,fb
旖,fk
旗,fb
旘,fo
旙,ft
旚,fu
旛,ft
旜,fd
旝,fo
旞,fu
旟,fb
无,ay
旡,ay
既,gw
旣,bw
旤,gw
日,wa
旦,oa
旧,lo
旨,bo
早,ou
旪,ou
旫,od
旬,bo
旭,jo
旮,jo
旯,oj
旰,og
旱,og
旲,od
旳,ou
旴,oy
旵,ou
时,to
旷,og
旸,op
旹,co
旺,ow
旻,ow
旼,ow
旽,ot
旾,to
旿,ow
昀,oy
昁,oj
昂,oe
昃,or
昄,oy
昅,oj
昆,ob
昇,oc
昈,oh
昉,of
昊,ot
昋,to
昌,oo
昍,oo
明,oo
昏,uo
昐,of
昑,ov
昒,ow
易,ow
昔,co
昕,ot
昖,og
昗,ol
昘,of
昙,oy
昚,do
昛,oj
昜,ow
昝,wo
昞,on
星,ou
映,oy
昡,ox
昢,oi
昣,op
昤,os
春,io
昦,ol
昧,ow
昨,ov
昩,ow
昪,oc
昫,oj
昬,mo
昭,ok
昮,ol
是,oz
昰,ov
昱,ol
昲,of
昳,of
昴,oe
昵,ob
昶,yo
昷,om
昸,od
昹,oy
昺,on
昻,oe
昼,id
昽,ol
显,oy
昿,os
晀,ov
晁,ov
時,oc
晃,og
晄,og
晅,od
晆,ot
晇,ok
晈,of
晉,ao
晊,ot
晋,yo
晌,ok
晍,ok
晎,og
晏,on
晐,or
晑,ok
晒,ox
晓,ow
晔,ou
晕,oi
晖,oi
晗,ok
晘,og
晙,ow
晚,oe
晛,oj
晜,od
晝,yd
晞,oj
晟,oi
晠,oi
晡,of
晢,fo
晣,ot
晤,ok
晥,oy
晦,om
晧,ok
晨,oi
晩,oe
晪,ob
晫,ou
晬,ou
晭,ok
普,bo
景,ox
晰,ot
晱,oh
晲,oe
晳,ao
晴,oo
晵,ho
晶,oo
晷,ok
晸,ow
晹,ow
智,uo
晻,od
晼,ov
晽,oa
晾,ox
晿,oo
暀,ov
暁,ow
暂,io
暃,of
暄,od
暅,od
暆,oy
暇,oy
暈,oi
暉,oi
暊,oy
暋,mo
暌,ot
暍,or
暎,oy
暏,oo
暐,of
暑,oo
暒,ou
暓,mo
暔,og
暕,oj
暖,oy
暗,oo
暘,ow
暙,oo
暚,of
暛,og
暜,lo
暝,ol
暞,oa
暟,ob
暠,ok
暡,ox
暢,uw
暣,om
暤,ou
暥,on
暦,io
暧,oy
暨,gd
暩,ou
暪,or
暫,io
暬,to
暭,ou
暮,co
暯,od
暰,oz
暱,ok
暲,ou
暳,oe
暴,ou
暵,ot
暶,oz
暷,oc
暸,ox
暹,zv
暺,ou
暻,ox
暼,xo
暽,of
暾,ow
暿,ok
曀,ob
曁,bd
曂,ob
曃,ol
曄,of
曅,of
曆,io
曇,oy
曈,ol
曉,ow
曊,ob
曋,ou
曌,og
曍,ou
曎,og
曏,og
曐,ou
曑,op
曒,ow
曓,ob
曔,ow
曕,ok
曖,ow
曗,ow
曘,oe
曙,oo
曚,ou
曛,oh
曜,ov
曝,ou
曞,od
曟,oi
曠,ob
曡,oq
曢,ox
曣,oh
曤,ov
曥,om
曦,ok
曧,oi
曨,ol
曩,of
曪,ov
曫,xo
曬,ob
曭,oh
曮,ow
曯,oi
曰,wa
曱,ol
曲,wc
曳,op
更,an
曵,yd
曶,wo
曷,or
書,yo
曹,co
曺,io
曻,of
曼,oy
曽,bo
曾,bo
替,fo
最,oy
朁,wo
朂,ol
會,ro
朄,uj
朅,qr
朆,bw
朇,ru
月,ke
有,uo
朊,oy
朋,oo
朌,of
服,oy
朎,os
朏,oi
朐,oj
朑,ou
朒,or
朓,ov
朔,no
朕,ot
朖,ol
朗,lo
朘,ow
朙,wo
朚,wo
望,ww
朜,oz
朝,uo
朞,co
期,co
朠,oy
朡,ow
朢,iw
朣,ol
朤,oo
朥,ol
朦,ou
朧,ol
木,ur
朩,ax
未,aa
末,aa
本,aa
札,av
朮,md
术,ad
朰,av
朱,pw
朲,ar
朳,ab
朴,ab
朵,ja
朶,na
朷,ad
朸,al
朹,aj
机,aj
朻,aj
朼,ab
朽,ak
朾,ad
朿,ub
杀,xa
杁,ar
杂,ja
权,ay
杄,aq
杅,ay
杆,ag
杇,ak
杈,ai
杉,ap
杊,ai
杋,af
杌,aw
杍,az
李,az
杏,ak
材,ac
村,ac
杒,ad
杓,au
杔,aq
杕,ad
杖,av
杗,wa
杘,ua
杙,ag
杚,av
杛,ag
杜,at
杝,ay
杞,aj
束,gr
杠,ag
条,wa
杢,ag
杣,au
杤,aw
来,aa
杦,aj
杧,aw
杨,ap
杩,am
杪,au
杫,av
杬,ay
杭,aj
杮,aj
杯,ab
杰,ah
東,ir
杲,oa
杳,ao
杴,aq
杵,aw
杶,at
杷,ab
杸,au
杹,ab
杺,ax
杻,ai
杼,ay
杽,au
松,ag
板,ay
枀,ga
极,aj
枂,ao
枃,ay
构,ag
枅,ak
枆,am
枇,ab
枈,ba
枉,aw
枊,ae
枋,af
枌,af
枍,ak
枎,af
枏,ao
析,at
枑,ah
枒,ay
枓,ad
枔,av
枕,ae
枖,ay
林,aa
枘,an
枙,av
枚,aw
枛,av
果,ta
枝,av
枞,ar
枟,ay
枠,au
枡,ac
枢,aq
枣,ud
枤,aq
枥,al
枦,ah
枧,aj
枨,ai
枩,ag
枪,av
枫,af
枬,ad
枭,na
枮,av
枯,ag
枰,ap
枱,ak
枲,sa
枳,av
枴,ad
枵,ak
架,la
枷,ak
枸,aj
枹,ab
枺,aw
枻,au
枼,ua
枽,ua
枾,ab
枿,ac
柀,ap
柁,ab
柂,ay
柃,as
柄,an
柅,ab
柆,al
柇,ah
柈,ab
柉,af
柊,ad
柋,ra
柌,ak
柍,ay
柎,ac
柏,ab
某,ga
柑,ag
柒,da
染,da
柔,ma
柕,am
柖,ak
柗,ak
柘,au
柙,aj
柚,ay
柛,au
柜,aj
柝,ai
柞,av
柟,ar
柠,ad
柡,au
柢,au
柣,af
柤,aq
查,ad
柦,ad
柧,ag
柨,aj
柩,aj
柪,al
柫,af
柬,ur
柭,ay
柮,ai
柯,ak
柰,au
柱,av
柲,ab
柳,ae
柴,va
柵,ac
柶,as
柷,ax
柸,ap
柹,ad
柺,al
査,aq
柼,ab
柽,at
柾,av
柿,aj
栀,av
栁,ae
栂,am
栃,aw
栄,xa
栅,ac
栆,gd
标,au
栈,aj
栉,ae
栊,al
栋,ad
栌,au
栍,au
栎,al
栏,al
栐,ay
树,ac
栒,ao
栓,aw
栔,fa
栕,ai
栖,ax
栗,xa
栘,ax
栙,af
栚,at
栛,al
栜,au
栝,au
栞,ga
栟,ak
栠,ra
校,af
栢,ab
栣,aw
栤,au
栥,da
栦,av
栧,ay
栨,aq
栩,ax
株,aw
栫,az
栬,ab
栭,ae
栮,ae
栯,ao
栰,ag
栱,ag
栲,ak
栳,al
栴,ad
栵,ad
栶,ay
样,ay
核,ar
根,ag
栺,ao
栻,ag
格,ak
栽,ga
栾,wa
栿,aq
桀,xa
桁,ad
桂,at
桃,av
桄,ag
桅,av
框,aw
桇,na
案,ba
桉,an
桊,ja
桋,ay
桌,ba
桍,ak
桎,at
桏,ae
桐,ak
桑,ya
桒,ua
桓,ad
桔,ak
桕,aj
桖,am
桗,aa
桘,al
桙,an
桚,ax
桛,ax
桜,an
桝,af
桞,ae
桟,aj
桠,ay
桡,aw
桢,ab
档,ae
桤,aj
桥,al
桦,au
桧,ay
桨,la
桩,at
桪,ac
桫,au
桬,da
桭,ai
桮,ak
桯,aw
桰,ak
桱,ag
桲,az
桳,au
桴,az
桵,an
桶,ay
桷,ay
桸,aj
桹,al
桺,al
桻,af
桼,au
桽,ar
桾,ak
桿,ag
梀,au
梁,da
梂,aq
梃,aw
梄,ay
梅,am
梆,ae
梇,ac
梈,al
梉,at
梊,fa
梋,ao
梌,am
梍,aq
梎,ab
梏,ak
梐,at
梑,ah
梒,ak
梓,ax
梔,ab
梕,ax
梖,ab
梗,ag
梘,aj
梙,ai
梚,ae
梛,ae
梜,ar
條,rm
梞,ax
梟,na
梠,ak
梡,ay
梢,ao
梣,av
梤,af
梥,ba
梦,ax
梧,ak
梨,ha
梩,al
梪,ab
梫,ay
梬,ak
梭,aw
梮,ak
梯,ad
械,ac
梱,aa
梲,ax
梳,ai
梴,av
梵,af
梶,am
梷,va
梸,ad
梹,ab
梺,ax
梻,af
梼,ac
梽,ax
梾,al
梿,ai
检,aq
棁,ax
棂,ah
棃,ha
棄,wa
棅,ar
棆,ac
棇,ax
棈,ao
棉,aj
棊,ca
棋,ab
棌,aa
棍,ab
棎,aa
棏,ac
棐,fa
棑,af
棒,af
棓,ak
棔,ao
棕,au
棖,ai
棗,uu
棘,uu
棙,aq
棚,ao
棛,ao
棜,ad
棝,ag
棞,ah
棟,ad
棠,xa
棡,au
棢,aw
棣,al
棤,ao
棥,ax
棦,ay
棧,ag
棨,ha
棩,aa
棪,ah
棫,aa
棬,av
棭,aw
森,aa
棯,ax
棰,at
棱,aw
棲,an
棳,ay
棴,ay
棵,ag
棶,al
棷,ay
棸,ea
棹,au
棺,al
棻,ca
棼,af
棽,av
棾,aj
棿,ae
椀,av
椁,az
椂,au
椃,aj
椄,an
椅,ak
椆,ak
椇,ab
椈,am
椉,wa
椊,au
椋,ax
椌,ag
植,aq
椎,av
椏,ay
椐,ag
椑,au
椒,ay
椓,au
椔,at
椕,aa
椖,af
椗,az
椘,av
椙,ao
椚,am
椛,ab
検,ar
椝,fa
椞,aa
椟,ad
椠,ia
椡,ad
椢,ay
椣,ab
椤,ax
椥,ak
椦,al
椧,ae
椨,ac
椩,ar
椪,ay
椫,au
椬,aq
椭,ao
椮,ap
椯,ae
椰,ae
椱,aw
椲,af
椳,ay
椴,au
椵,ay
椶,aw
椷,ak
椸,ay
椹,ab
椺,aa
椻,an
椼,ad
椽,au
椾,ad
椿,ao
楀,ay
楁,ak
楂,ad
楃,at
楄,ac
楅,at
楆,an
楇,ak
楈,ao
楉,ak
楊,aw
楋,ad
楌,ap
楍,ak
楎,ai
楏,at
楐,aj
楑,at
楒,ax
楓,af
楔,ad
楕,ao
楖,ae
楗,ay
楘,ma
楙,aa
楚,az
楛,ag
楜,ao
楝,aj
楞,af
楟,ad
楠,ag
楡,av
楢,ay
楣,ao
楤,ax
楥,ay
楦,ad
楧,ay
楨,ab
楩,ag
楪,aa
楫,ae
楬,ar
業,yw
楮,ao
楯,ao
楰,ar
楱,at
楲,an
楳,aa
楴,aj
極,aa
楶,da
楷,ab
楸,ah
楹,am
楺,aa
楻,aw
楼,an
楽,da
楾,au
楿,ao
榀,ak
榁,at
概,aw
榃,at
榄,aj
榅,am
榆,ad
榇,aa
榈,ak
榉,af
榊,au
榋,ae
榌,af
榍,ao
榎,aw
榏,am
榐,ay
榑,ac
榒,ag
榓,am
榔,ae
榕,ag
榖,tu
榗,ao
榘,ua
榙,ak
榚,ah
榛,ah
榜,af
榝,au
榞,ax
榟,ax
榠,al
榡,ax
榢,au
榣,af
榤,aa
榥,ag
榦,ua
榧,af
榨,av
榩,aw
榪,am
榫,au
榬,ay
榭,ac
榮,ha
榯,ac
榰,ao
榱,av
榲,am
榳,aw
榴,at
榵,ae
榶,ak
榷,av
榸,al
榹,aj
榺,oa
榻,ax
榼,am
榽,ad
榾,ao
榿,ab
槀,wa
槁,ak
槂,ax
槃,va
槄,aj
槅,ag
槆,ao
槇,ab
槈,ac
槉,au
槊,na
構,ar
槌,al
槍,ak
槎,ag
槏,aj
槐,ag
槑,ka
槒,at
槓,ab
槔,au
槕,aa
槖,ta
槗,ak
様,au
槙,ab
槚,ab
槛,am
槜,an
槝,au
槞,ad
槟,ab
槠,ao
槡,aa
槢,ab
槣,ak
槤,ai
槥,ae
槦,ao
槧,ia
槨,ae
槩,ba
槪,aw
槫,ac
槬,ag
槭,ax
槮,ap
槯,av
槰,af
槱,ah
槲,ad
槳,pa
槴,ab
槵,ax
槶,aa
槷,ta
槸,aw
槹,au
槺,al
槻,aj
槼,fa
槽,ao
槾,ay
槿,aw
樀,ag
樁,aj
樂,ya
樃,ao
樄,ad
樅,az
樆,an
樇,ao
樈,ae
樉,ax
樊,ad
樋,ay
樌,ab
樍,ab
樎,ab
樏,ax
樐,ad
樑,aa
樒,au
樓,an
樔,ag
樕,aq
樖,rk
樗,ak
樘,at
標,au
樚,ab
樛,ap
樜,ah
樝,aq
樞,ak
樟,au
樠,ar
模,ad
樢,an
樣,ay
樤,am
樥,af
樦,av
樧,au
樨,an
権,av
横,ab
樫,at
樬,ax
樭,at
樮,ah
樯,ak
樰,ae
樱,an
樲,ab
樳,ac
樴,ao
樵,ah
樶,ay
樷,ay
樸,af
樹,ac
樺,af
樻,ab
樼,az
樽,ac
樾,al
樿,au
橀,am
橁,ao
橂,ad
橃,au
橄,aw
橅,ah
橆,pa
橇,am
橈,aw
橉,af
橊,at
橋,ak
橌,ao
橍,aw
橎,at
橏,ak
橐,ga
橑,ax
橒,ay
橓,af
橔,aw
橕,ay
橖,aa
橗,ao
橘,ak
橙,ab
橚,aa
橛,aq
橜,ia
橝,au
橞,ax
機,ar
橠,ax
橡,au
橢,ao
橣,ay
橤,xa
橥,qa
橦,al
橧,ao
橨,ab
橩,aj
橪,ah
橫,ab
橬,ao
橭,ax
橮,ab
橯,al
橰,au
橱,ac
橲,ak
橳,al
橴,ax
橵,aw
橶,ag
橷,ae
橸,ao
橹,ao
橺,ao
橻,ai
橼,au
橽,ay
橾,aa
橿,aj
檀,ad
檁,ah
檂,ai
檃,ea
檄,aw
檅,au
檆,av
檇,ak
檈,ay
檉,aw
檊,ag
檋,ai
檌,af
檍,ax
檎,an
檏,aw
檐,ak
檑,at
檒,af
檓,au
檔,at
檕,ia
檖,au
檗,ua
檘,ax
檙,ao
檚,az
檛,ak
檜,ao
檝,ae
檞,an
檟,ab
檠,ca
檡,ag
檢,ar
檣,ak
檤,az
檥,aw
檦,ad
檧,ax
檨,aq
檩,au
檪,aa
檫,au
檬,au
檭,ag
檮,ac
檯,at
檰,aj
檱,ab
檲,ac
檳,ab
檴,ay
檵,ay
檶,ak
檷,ab
檸,ad
檹,ak
檺,au
檻,am
檼,ax
檽,ae
檾,ha
檿,ia
櫀,ax
櫁,ai
櫂,av
櫃,ab
櫄,ah
櫅,ao
櫆,ad
櫇,ay
櫈,aj
櫉,ac
櫊,ak
櫋,af
櫌,aw
櫍,ab
櫎,ab
櫏,as
櫐,ta
櫑,at
櫒,au
櫓,ao
櫔,ad
櫕,ab
櫖,ax
櫗,ad
櫘,ax
櫙,ak
櫚,ak
櫛,ae
櫜,ga
櫝,ab
櫞,au
櫟,aa
櫠,au
櫡,ao
櫢,aw
櫣,ai
櫤,ad
櫥,ac
櫦,aw
櫧,ao
櫨,am
櫩,aj
櫪,av
櫫,ua
櫬,aj
櫭,ad
櫮,ae
櫯,ah
櫰,ax
櫱,ca
櫲,au
櫳,al
櫴,ab
櫵,ah
櫶,ax
櫷,ag
櫸,af
櫹,aa
櫺,ak
櫻,an
櫼,aj
櫽,ea
櫾,ax
櫿,ak
欀,af
欁,aa
欂,ac
欃,at
欄,aj
欅,au
欆,ay
欇,ae
欈,ak
欉,ay
權,av
欋,av
欌,ai
欍,aj
欎,ac
欏,av
欐,ab
欑,ab
欒,xa
欓,ah
欔,ay
欕,aw
欖,aj
欗,aj
欘,ai
欙,ax
欚,ai
欛,ao
欜,ay
欝,ac
欞,ar
欟,aj
欠,dr
次,dq
欢,yq
欣,iq
欤,yq
欥,oq
欦,rq
欧,qq
欨,jq
欩,dq
欪,iq
欫,vq
欬,wq
欭,yq
欮,nq
欯,tq
欰,pq
欱,rq
欲,gq
欳,bq
欴,lq
欵,bq
欶,uq
欷,xq
欸,sq
欹,dq
欺,cq
欻,hq
欼,yq
欽,jq
款,tq
欿,dq
歀,aq
歁,cq
歂,uq
歃,qq
歄,gq
歅,xq
歆,lq
歇,oq
歈,rq
歉,jq
歊,wq
歋,iq
歌,kq
歍,wq
歎,cq
歏,cq
歐,kq
歑,hq
歒,wq
歓,pq
歔,hq
歕,uq
歖,tq
歗,yq
歘,hq
歙,rq
歚,yq
歛,rq
歜,sq
歝,sq
歞,oq
歟,jq
歠,yq
歡,cq
止,lb
正,av
此,vb
步,vu
武,gv
歧,vv
歨,vz
歩,vu
歪,bv
歫,vj
歬,vv
歭,vc
歮,vv
歯,vm
歰,dv
歱,vv
歲,vu
歳,vx
歴,iv
歵,vb
歶,vd
歷,iv
歸,pj
歹,ax
歺,bx
死,db
歼,dq
歽,dt
歾,dw
歿,dy
殀,dy
殁,du
殂,dq
殃,dy
殄,dp
殅,du
殆,dk
殇,dp
殈,dm
殉,do
殊,dw
残,dj
殌,dg
殍,dz
殎,dr
殏,dq
殐,du
殑,dx
殒,db
殓,dq
殔,dl
殕,dk
殖,dq
殗,dd
殘,dg
殙,do
殚,du
殛,da
殜,da
殝,dh
殞,db
殟,dm
殠,dq
殡,db
殢,dj
殣,dw
殤,dw
殥,db
殦,dn
殧,dy
殨,db
殩,dm
殪,db
殫,du
殬,dg
殭,dj
殮,dr
殯,db
殰,db
殱,dj
殲,dj
殳,jy
殴,qu
段,pu
殶,vu
殷,pu
殸,tu
殹,ku
殺,xu
殻,tu
殼,tu
殽,xu
殾,lu
殿,uu
毀,ju
毁,ju
毂,tu
毃,wu
毄,iu
毅,lu
毆,ku
毇,ju
毈,lu
毉,kr
毊,tk
毋,mp
毌,ml
母,md
毎,pm
每,pm
毐,tm
毑,my
毒,fm
毓,pi
比,bb
毕,bu
毖,bb
毗,tb
毘,tb
毙,bb
毚,dt
毛,pv
毜,mx
毝,mp
毞,bm
毟,um
毠,lm
毡,mv
毢,mx
毣,xm
毤,gm
毥,mo
毦,em
毧,mu
毨,me
毩,mm
毪,mn
毫,wm
毬,mq
毭,dm
毮,fm
毯,mh
毰,mk
毱,mm
毲,ym
毳,mm
毴,mf
毵,sm
毶,mp
毷,om
毸,mx
毹,rm
毺,md
毻,um
毼,om
毽,my
毾,om
毿,sm
氀,um
氁,md
氂,wm
氃,lm
氄,mm
氅,xm
氆,mo
氇,mo
氈,wm
氉,km
氊,md
氋,cm
氌,mo
氍,om
氎,tm
氏,pv
氐,ud
民,vv
氒,uu
氓,wm
气,pv
氕,qp
氖,qn
気,qx
氘,ql
氙,qu
氚,qi
氛,qf
氜,qo
氝,qn
氞,qn
氟,qf
氠,qu
氡,qd
氢,qj
氣,qm
氤,qy
氥,qx
氦,qr
氧,qy
氨,qn
氩,qy
氪,qx
氫,qg
氬,qy
氭,qd
氮,qh
氯,qu
氰,qo
氱,qw
氲,qm
氳,qm
水,ln
氵,dd
氶,lu
氷,ud
永,du
氹,vu
氺,ld
氻,dl
氼,ur
氽,ru
氾,dv
氿,dj
汀,dd
汁,du
求,au
汃,db
汄,dr
汅,dk
汆,ru
汇,dk
汈,dd
汉,dy
汊,di
汋,du
汌,di
汍,dw
汎,df
汏,dd
汐,dx
汑,dq
汒,dw
汓,dz
汔,dv
汕,du
汖,uu
汗,dg
汘,dq
汙,dy
汚,dv
汛,du
汜,ds
汝,dn
汞,gu
江,dg
池,dy
污,dk
汢,dt
汣,dj
汤,dp
汥,dv
汦,du
汧,dk
汨,do
汩,do
汪,dw
汫,dj
汬,ju
汭,dn
汮,dy
汯,ds
汰,dt
汱,dq
汲,dj
汳,dy
汴,db
汵,dv
汶,dw
汷,dw
汸,df
汹,dx
決,dg
汻,dw
汼,dn
汽,dq
汾,df
汿,dy
沀,uy
沁,dx
沂,dt
沃,dy
沄,dy
沅,dy
沆,dj
沇,dy
沈,de
沉,dj
沊,bu
沋,dy
沌,dt
沍,dh
沎,db
沏,dd
沐,da
沑,di
沒,dy
沓,uo
沔,dg
沕,dw
沖,dv
沗,tu
沘,db
沙,du
沚,dv
沛,dj
沜,dp
沝,uu
沞,dj
沟,dg
沠,dv
没,du
沢,di
沣,df
沤,dq
沥,dl
沦,dl
沧,dv
沨,df
沩,dw
沪,dh
沫,dw
沬,dw
沭,du
沮,dq
沯,uu
沰,du
沱,db
沲,dy
河,dk
沴,dp
沵,dx
沶,du
沷,dy
沸,df
油,dy
沺,dt
治,dk
沼,dk
沽,dg
沾,dv
沿,dk
泀,dk
況,dx
泂,dk
泃,dj
泄,du
泅,dr
泆,df
泇,dk
泈,dd
泉,bu
泊,db
泋,dc
泌,db
泍,db
泎,dv
泏,di
泐,dl
泑,dl
泒,dg
泓,ds
泔,dg
法,dq
泖,de
泗,ds
泘,dh
泙,dp
泚,db
泛,df
泜,du
泝,di
泞,dd
泟,dv
泠,ds
泡,db
波,dp
泣,dl
泤,dr
泥,db
泦,dj
泧,dl
注,dv
泩,du
泪,do
泫,dx
泬,db
泭,dc
泮,db
泯,dm
泰,iu
泱,dy
泲,dd
泳,dy
泴,um
泵,uu
泶,xu
泷,dl
泸,du
泹,dd
泺,dl
泻,dy
泼,dy
泽,df
泾,dj
泿,dg
洀,dv
洁,dk
洂,db
洃,dh
洄,dk
洅,dr
洆,di
洇,dy
洈,dv
洉,dk
洊,dz
洋,dy
洌,dd
洍,di
洎,dz
洏,de
洐,dd
洑,dq
洒,dx
洓,du
洔,dc
洕,do
洖,dt
洗,de
洘,dk
洙,dw
洚,df
洛,dk
洜,wu
洝,dn
洞,dk
洟,dy
洠,dn
洡,dl
洢,dy
洣,dm
洤,dw
津,dy
洦,db
洧,do
洨,df
洩,dy
洪,dg
洫,dm
洬,dd
洭,dw
洮,dv
洯,fu
洰,dj
洱,de
洲,dv
洳,dk
洴,dk
洵,do
洶,dx
洷,dt
洸,dg
洹,dd
洺,dk
活,du
洼,dt
洽,dk
派,dy
洿,dk
浀,dq
流,di
浂,dt
浃,dj
浄,dy
浅,dj
浆,lu
浇,dw
浈,db
浉,dj
浊,di
测,dd
浌,dg
浍,dy
济,dq
浏,dd
浐,di
浑,di
浒,dw
浓,dy
浔,dc
浕,dd
浖,dc
浗,dq
浘,dm
浙,dt
浚,dw
浛,dk
浜,db
浝,dp
浞,dz
浟,dw
浠,dj
浡,dz
浢,db
浣,dy
浤,ds
浥,db
浦,df
浧,dw
浨,da
浩,dk
浪,dl
浫,dg
浬,dl
浭,dg
浮,dz
浯,dk
浰,dd
浱,di
浲,df
浳,do
浴,dg
浵,dp
浶,dn
海,dm
浸,dy
浹,dr
浺,dv
浻,dk
浼,de
浽,dn
浾,di
浿,db
涀,dj
涁,dp
涂,dm
涃,da
涄,dk
涅,dt
涆,dg
涇,dg
消,do
涉,du
涊,dx
涋,dq
涌,dy
涍,dz
涎,dv
涏,dw
涐,dw
涑,du
涒,dk
涓,do
涔,dv
涕,dd
涖,dl
涗,dx
涘,du
涙,dd
涚,dx
涛,dc
涜,de
涝,dl
涞,dl
涟,di
涠,dw
涡,dn
涢,db
涣,dr
涤,da
涥,dl
润,dw
涧,do
涨,di
涩,dv
涪,dk
涫,dl
涬,dg
涭,dy
涮,dd
涯,dt
涰,dy
涱,di
液,dw
涳,dg
涴,dv
涵,du
涶,dt
涷,dd
涸,dg
涹,dn
涺,dg
涻,dg
涼,dx
涽,do
涾,do
涿,du
淀,dz
淁,dn
淂,dc
淃,dv
淄,dt
淅,dt
淆,do
淇,db
淈,di
淉,dg
淊,dj
淋,da
淌,dk
淍,dk
淎,df
淏,dt
淐,do
淑,dy
淒,dn
淓,df
淔,dq
淕,dt
淖,du
淗,dm
淘,df
淙,du
淚,dq
淛,dd
淜,do
淝,db
淞,dg
淟,db
淠,dw
淡,dh
淢,da
淣,de
淤,dd
淥,du
淦,dj
淧,db
淨,dy
淩,dw
淪,dc
淫,dw
淬,du
淭,da
淮,dv
淯,do
淰,dx
深,da
淲,dj
淳,dz
淴,dx
淵,da
淶,dl
混,db
淸,dm
淹,dd
淺,dg
添,dx
淼,uu
淽,dv
淾,ju
淿,dj
渀,dc
渁,du
渂,dw
渃,dk
渄,df
清,do
渆,dd
渇,db
済,do
渉,du
渊,dm
渋,dd
渌,du
渍,db
渎,dd
渏,dk
渐,dt
渑,dd
渒,du
渓,df
渔,dy
渕,dd
渖,du
渗,dp
渘,da
渙,dd
渚,do
減,dk
渜,dd
渝,dd
渞,dz
渟,dd
渠,da
渡,dy
渢,df
渣,dd
渤,dl
渥,dt
渦,dk
渧,dj
渨,dy
温,dm
渪,dy
渫,da
測,dd
渭,do
渮,dk
港,ds
渰,dc
渱,dg
渲,dd
渳,de
渴,dr
渵,dt
渶,dy
渷,dx
游,dz
渹,dk
渺,du
渻,do
渼,dd
渽,dk
渾,di
渿,du
湀,dt
湁,dk
湂,dk
湃,df
湄,do
湅,dj
湆,do
湇,do
湈,da
湉,du
湊,dt
湋,df
湌,dg
湍,de
湎,dm
湏,dy
湐,db
湑,do
湒,de
湓,dm
湔,dd
湕,dy
湖,do
湗,dc
湘,do
湙,dd
湚,do
湛,db
湜,dz
湝,db
湞,db
湟,dw
湠,dh
湡,dd
湢,dt
湣,do
湤,dy
湥,dq
湦,du
湧,dl
湨,dq
湩,dv
湪,du
湫,dh
湬,hu
湭,dy
湮,dt
湯,dw
湰,du
湱,du
湲,dy
湳,dg
湴,dy
湵,dj
湶,du
湷,do
湸,dj
湹,dl
湺,da
湻,do
湼,dt
湽,dt
湾,dg
湿,dy
満,dl
溁,da
溂,dd
溃,db
溄,df
溅,dj
溆,dy
溇,dn
溈,dw
溉,dw
溊,dy
溋,dm
溌,de
溍,do
溎,dt
溏,dk
源,dx
溑,db
溒,dy
溓,dj
溔,dh
溕,du
準,du
溗,dr
溘,dm
溙,du
溚,dk
溛,dg
溜,dt
溝,dr
溞,di
溟,dl
溠,dg
溡,dc
溢,dm
溣,dc
溤,dm
溥,dc
溦,dj
溧,da
溨,da
溩,dh
溪,dd
溫,dm
溬,ds
溭,dw
溮,dj
溯,do
溰,db
溱,dh
溲,dy
溳,db
溴,dq
溵,du
溶,dg
溷,du
溸,dx
溹,dx
溺,dg
溻,dx
溼,dt
溽,dc
溾,dg
溿,db
滀,dt
滁,dm
滂,df
滃,dx
滄,dk
滅,dh
滆,dg
滇,db
滈,dk
滉,dg
滊,dm
滋,dy
滌,dm
滍,di
滎,hu
滏,db
滐,da
滑,do
滒,dk
滓,dx
滔,dj
滕,ou
滖,dv
滗,dm
滘,dk
滙,dv
滚,dg
滛,df
滜,du
滝,dd
滞,dj
滟,db
滠,dy
满,dl
滢,dy
滣,dk
滤,dx
滥,dm
滦,da
滧,dw
滨,db
滩,dv
滪,dy
滫,do
滬,db
滭,df
滮,dp
滯,dj
滰,de
滱,dy
滲,dp
滳,dk
滴,dg
滵,du
滶,dw
滷,dd
滸,dw
滹,dh
滺,dx
滻,du
滼,df
滽,do
滾,dk
滿,dr
漀,tu
漁,dy
漂,du
漃,dy
漄,dt
漅,dg
漆,du
漇,dz
漈,du
漉,db
漊,dn
漋,du
漌,dw
漍,da
漎,dz
漏,dy
漐,tu
漑,dw
漒,di
漓,dn
演,db
漕,do
漖,dw
漗,dx
漘,do
漙,dc
漚,dk
漛,du
漜,dt
漝,db
漞,dj
漟,dt
漠,dd
漡,dw
漢,dt
漣,di
漤,dn
漥,dt
漦,wu
漧,dv
漨,df
漩,dz
漪,dk
漫,dy
漬,db
漭,dc
漮,dl
漯,dx
漰,do
漱,dq
漲,di
漳,du
漴,du
漵,dw
漶,dx
漷,de
漸,dt
漹,dh
漺,dx
漻,dp
漼,dv
漽,dn
漾,dy
漿,pu
潀,dr
潁,bu
潂,dy
潃,do
潄,dw
潅,dv
潆,dx
潇,db
潈,du
潉,db
潊,dy
潋,dw
潌,dt
潍,dv
潎,dw
潏,dk
潐,dh
潑,du
潒,du
潓,dx
潔,dx
潕,dh
潖,db
潗,da
潘,dt
潙,dw
潚,da
潛,do
潜,do
潝,dx
潞,dk
潟,dh
潠,dg
潡,dw
潢,db
潣,dw
潤,dw
潥,dm
潦,dx
潧,do
潨,du
潩,dg
潪,do
潫,dx
潬,du
潭,du
潮,do
潯,dc
潰,db
潱,db
潲,do
潳,do
潴,do
潵,dw
潶,dh
潷,dy
潸,do
潹,da
潺,dz
潻,du
潼,dl
潽,do
潾,df
潿,df
澀,dv
澁,dv
澂,dw
澃,pu
澄,db
澅,da
澆,dw
澇,dl
澈,dw
澉,dw
澊,dc
澋,dx
澌,dt
澍,dc
澎,dp
澏,du
澐,dy
澑,dt
澒,dy
澓,dw
澔,dk
澕,df
澖,da
澗,do
澘,do
澙,dh
澚,dk
澛,do
澜,dj
澝,dy
澞,dt
澟,dh
澠,dd
澡,da
澢,dt
澣,dg
澤,dg
澥,dn
澦,dy
澧,db
澨,dr
澩,ju
澪,ds
澫,dd
澬,db
澭,dv
澮,do
澯,dm
澰,dr
澱,du
澲,dw
澳,dd
澴,dy
澵,dt
澶,dd
澷,dw
澸,dx
澹,dk
澺,dx
澻,du
澼,dx
澽,du
澾,dy
澿,du
激,dw
濁,di
濂,dj
濃,di
濄,dk
濅,dy
濆,db
濇,dk
濈,de
濉,dv
濊,du
濋,dz
濌,vo
濍,dx
濎,do
濏,db
濐,do
濑,db
濒,dy
濓,db
濔,db
濕,dh
濖,do
濗,dj
濘,dd
濙,dh
濚,da
濛,du
濜,dm
濝,dx
濞,dw
濟,do
濠,du
濡,de
濢,du
濣,dd
濤,dc
濥,db
濦,dx
濧,dc
濨,dx
濩,dy
濪,db
濫,dm
濬,do
濭,dm
濮,df
濯,dv
濰,dv
濱,db
濲,du
濳,do
濴,du
濵,db
濶,du
濷,ur
濸,dk
濹,dt
濺,dg
濻,db
濼,da
濽,db
濾,dx
濿,dd
瀀,dw
瀁,dg
瀂,do
瀃,dw
瀄,de
瀅,dy
瀆,db
瀇,db
瀈,di
瀉,dh
瀊,dm
瀋,dt
瀌,dh
瀍,dt
瀎,dd
瀏,dd
瀐,dj
瀑,du
瀒,dk
瀓,dw
瀔,du
瀕,dy
瀖,dv
瀗,dx
瀘,dm
瀙,dj
瀚,dx
瀛,dn
瀜,di
瀝,dv
瀞,dy
瀟,da
瀠,dx
瀡,do
瀢,db
瀣,dj
瀤,dx
瀥,dk
瀦,do
瀧,dl
瀨,db
瀩,dy
瀪,pu
瀫,du
瀬,dy
瀭,dd
瀮,da
瀯,dk
瀰,db
瀱,dd
瀲,dw
瀳,dh
瀴,dn
瀵,dg
瀶,dk
瀷,dg
瀸,dj
瀹,dc
瀺,dt
瀻,dg
瀼,df
瀽,dz
瀾,dj
瀿,dx
灀,do
灁,du
灂,dc
灃,db
灄,de
灅,dt
灆,dm
灇,dy
灈,dv
灉,dv
灊,dg
灋,dq
灌,dv
灍,dq
灎,dm
灏,dy
灐,dj
灑,db
灒,db
灓,xu
灔,db
灕,dv
灖,df
灗,dd
灘,dv
灙,dh
灚,dj
灛,du
灜,db
灝,dy
灞,do
灟,di
灠,dj
灡,dj
灢,dy
灣,dg
灤,da
灥,bu
灦,dy
灧,db
灨,db
灩,dm
灪,dp
火,br
灬,dd
灭,ah
灮,he
灯,hd
灰,uh
灱,hd
灲,hd
灳,bh
灴,hg
灵,eh
灶,ht
灷,hc
灸,jh
灹,hq
灺,hy
灻,th
灼,hu
災,vh
灾,bh
灿,hu
炀,hp
炁,wh
炂,hg
炃,fh
炄,hi
炅,oh
炆,hw
炇,hw
炈,hu
炉,hh
炊,hq
炋,hb
炌,hj
炍,hy
炎,hh
炏,hh
炐,hf
炑,ha
炒,hu
炓,hd
炔,hg
炕,hj
炖,ht
炗,ch
炘,ht
炙,xh
炚,oh
炛,hb
炜,hw
炝,hv
炞,hb
炟,hd
炠,hj
炡,hv
炢,hu
炣,hk
炤,hk
炥,hf
炦,hy
炧,hy
炨,hb
炩,hs
炪,hi
炫,hx
炬,hj
炭,uh
炮,hb
炯,hk
炰,bh
炱,sh
炲,hk
炳,hn
炴,hy
炵,hd
炶,hv
炷,hv
炸,hv
点,vh
為,dh
炻,hu
炼,hd
炽,hv
炾,hx
炿,hd
烀,hh
烁,hl
烂,hl
烃,hj
烄,hf
烅,hm
烆,hd
烇,hw
烈,dh
烉,dh
烊,hy
烋,rh
烌,ha
烍,he
烎,kh
烏,wh
烐,hv
烑,hv
烒,hg
烓,ht
烔,hk
烕,gh
烖,gh
烗,hr
烘,hg
烙,hk
烚,hk
烛,hi
烜,hd
烝,lh
烞,hb
烟,hy
烠,ho
烡,hg
烢,hq
烣,hh
烤,hk
烥,hi
烦,hy
烧,hw
烨,hu
烩,hy
烪,ht
烫,dh
烬,hd
热,fh
烮,dh
烯,hj
烰,hz
烱,hk
烲,fh
烳,hf
烴,hg
烵,hu
烶,hw
烷,hy
烸,hm
烹,wh
烺,hl
烻,hv
烼,hu
烽,hf
烾,ht
烿,hp
焀,hg
焁,kh
焂,rh
焃,hi
焄,yh
焅,hk
焆,ho
焇,ho
焈,hh
焉,vh
焊,hg
焋,ph
焌,hw
焍,hd
焎,fh
焏,kh
焐,hk
焑,ha
焒,hk
焓,hk
焔,ho
焕,hr
焖,hx
焗,hk
焘,fh
焙,hk
焚,ah
焛,mh
焜,hb
焝,ho
焞,hz
焟,ho
焠,hu
無,ph
焢,hg
焣,eh
焤,gh
焥,hv
焦,rh
焧,hx
焨,ho
焩,ho
焪,hg
焫,hn
焬,hw
焭,hj
焮,hq
焯,hu
焰,hj
焱,hh
焲,hw
焳,hv
焴,ho
焵,hu
然,xh
焷,hu
焸,oh
焹,hw
焺,hc
焻,ho
焼,hw
焽,oh
焾,hx
焿,hr
煀,hi
煁,hb
煂,hu
煃,ht
煄,hv
煅,hu
煆,hy
煇,hi
煈,hf
煉,hj
煊,hd
煋,hu
煌,hw
煍,hh
煎,bh
煏,ht
煐,hy
煑,lh
煒,hf
煓,he
煔,hv
煕,ih
煖,hy
煗,hd
煘,hk
煙,ht
煚,oh
煛,oh
煜,hl
煝,ho
煞,dh
煟,ho
煠,ha
煡,hy
煢,hu
煣,ha
煤,ha
煥,hd
煦,oh
照,oh
煨,hy
煩,hy
煪,hy
煫,hu
煬,hw
煭,vh
煮,lh
煯,hb
煰,hk
煱,hk
煲,rh
煳,ho
煴,hm
煵,hg
煶,hz
煷,hj
煸,hc
煹,hr
煺,hg
煻,hk
煼,hc
煽,hx
煾,hx
煿,hc
熀,hg
熁,ho
熂,hm
熃,mh
熄,hx
熅,hm
熆,hm
熇,hk
熈,ph
熉,hb
熊,sh
熋,sh
熌,hr
熍,hk
熎,hf
熏,qh
熐,hl
熑,hj
熒,hh
熓,hh
熔,hg
熕,hb
熖,hj
熗,hk
熘,ht
熙,ih
熚,hf
熛,hu
熜,hx
熝,hb
熞,ht
熟,wh
熠,hb
熡,hn
熢,hf
熣,hv
熤,hl
熥,hy
熦,hv
熧,rh
熨,uh
熩,hb
熪,hx
熫,hh
熬,fh
熭,fh
熮,hp
熯,ht
熰,hk
熱,th
熲,bh
熳,hy
熴,hb
熵,hk
熶,hy
熷,ho
熸,ho
熹,th
熺,hk
熻,hx
熼,hg
熽,ha
熾,ho
熿,hb
燀,hu
燁,hf
燂,hu
燃,hh
燄,dh
燅,th
燆,hk
燇,hc
燈,hb
燉,hw
燊,ha
燋,hh
燌,hb
燍,ht
燎,hx
燏,hk
燐,hf
燑,hl
燒,hw
燓,ah
燔,ht
燕,ch
燖,hc
燗,ho
燘,hw
燙,dh
燚,hh
燛,ih
燜,hx
燝,hx
燞,rh
營,hk
燠,hd
燡,hg
燢,jh
燣,hh
燤,hd
燥,ha
燦,hm
燧,hu
燨,hw
燩,hw
燪,hx
燫,hj
燬,hu
燭,hi
燮,hy
燯,hs
燰,hw
燱,hx
燲,hb
燳,hh
燴,ho
燵,hy
燶,hi
燷,hu
燸,he
燹,uh
燺,ha
燻,hh
燼,hm
燽,hc
燾,th
燿,hv
爀,hi
爁,hm
爂,jh
爃,ha
爄,hd
爅,ht
爆,hu
爇,ch
爈,hx
爉,hv
爊,hh
爋,hl
爌,hb
爍,ha
爎,hx
爏,hv
爐,hm
爑,hh
爒,xx
爓,hj
爔,hk
爕,hh
爖,hl
爗,hf
爘,hg
爙,hf
爚,hc
爛,hj
爜,hy
爝,hc
爞,hi
爟,hv
爠,hv
爡,hi
爢,gh
爣,hh
爤,hj
爥,hi
爦,hj
爧,hr
爨,jh
爩,hp
爪,in
爫,pd
爬,vb
爭,vy
爮,vb
爯,vr
爰,vy
爱,vy
爲,vh
爳,wl
爴,wv
爵,vc
父,bx
爷,fe
爸,fb
爹,fx
爺,fe
爻,xx
爼,xq
爽,dx
爾,ab
爿,vl
牀,pa
牁,pk
牂,py
牃,pa
牄,pk
牅,po
牆,pk
片,pv
版,py
牉,pb
牊,pk
牋,pg
牌,pu
牍,pd
牎,px
牏,pd
牐,pj
牑,pc
牒,pa
牓,pf
牔,pc
牕,px
牖,pf
牗,po
牘,pb
牙,gp
牚,xy
牛,pu
牜,pa
牝,nb
牞,nl
牟,sn
牠,ny
牡,nt
牢,bn
牣,nd
牤,nw
牥,nf
牦,nm
牧,nw
牨,nj
物,nw
牪,nn
牫,ng
牬,nd
牭,ns
牮,rn
牯,ng
牰,ny
牱,nk
牲,nu
牳,nm
牴,nu
牵,dn
牶,jn
牷,nw
牸,nz
特,nc
牺,nx
牻,np
牼,ng
牽,xn
牾,nk
牿,nk
犀,un
犁,hn
犂,hn
犃,nk
犄,nk
犅,nu
犆,nq
犇,nn
犈,nv
犉,nz
犊,nd
犋,nb
犌,ny
犍,ny
犎,tn
犏,nc
犐,nd
犑,nq
犒,nk
犓,nc
犔,nm
犕,ny
犖,hn
犗,nk
犘,gn
犙,np
犚,un
犛,wn
犜,nw
犝,nl
犞,nk
犟,gn
犠,nw
犡,nd
犢,nb
犣,nv
犤,nb
犥,nh
犦,nu
犧,nk
犨,rn
犩,hn
犪,nw
犫,rn
犬,dd
犭,pp
犮,uy
犯,qv
犰,qj
犱,qw
犲,qc
犳,qu
犴,qg
犵,qv
状,lq
犷,qg
犸,qm
犹,qy
犺,qj
犻,qj
犼,qv
犽,qy
犾,qq
犿,qb
狀,pq
狁,qy
狂,qw
狃,qi
狄,qh
狅,qw
狆,qv
狇,qa
狈,qb
狉,qp
狊,oq
狋,qu
狌,qu
狍,qb
狎,qj
狏,qy
狐,qg
狑,qs
狒,qf
狓,qp
狔,qb
狕,ql
狖,qb
狗,qj
狘,ql
狙,qq
狚,qd
狛,qb
狜,qg
狝,qx
狞,qd
狟,qd
狠,qg
狡,qf
狢,qk
狣,qv
狤,qk
狥,qo
狦,qj
狧,qu
狨,qu
狩,qc
狪,qk
狫,ql
独,qi
狭,qj
狮,qj
狯,qy
狰,qy
狱,qq
狲,qx
狳,qm
狴,qt
狵,qp
狶,qj
狷,qo
狸,ql
狹,qr
狺,qk
狻,qw
狼,ql
狽,qb
狾,qt
狿,qv
猀,qu
猁,qd
猂,qg
猃,qq
猄,qx
猅,qf
猆,fq
猇,qj
猈,qu
猉,qb
猊,qe
猋,qq
猌,lq
猍,ql
猎,qo
猏,qo
猐,qv
猑,qb
猒,oq
猓,qg
猔,qu
猕,qx
猖,qo
猗,qk
猘,qd
猙,qy
猚,qv
猛,qm
猜,qo
猝,qu
猞,qg
猟,qf
猠,qb
猡,qx
猢,qo
猣,qw
猤,qt
猥,qy
猦,qf
猧,qk
猨,qy
猩,qu
猪,qo
猫,qt
猬,qo
猭,qu
献,uq
猯,qe
猰,qd
猱,qa
猲,qr
猳,qy
猴,qu
猵,qc
猶,qy
猷,bq
猸,qo
猹,qd
猺,qf
猻,qx
猼,qc
猽,ql
猾,qo
猿,qy
獀,qy
獁,qm
獂,qx
獃,uq
獄,qq
獅,qj
獆,qu
獇,qs
獈,qm
獉,qh
獊,qk
獋,qu
獌,qy
獍,qe
獎,pq
獏,qd
獐,qu
獑,qt
獒,fq
獓,qw
獔,qu
獕,qv
獖,qb
獗,qq
獘,xq
獙,qw
獚,qb
獛,qf
獜,qf
獝,qk
獞,ql
獟,qw
獠,qx
獡,qh
獢,qk
獣,xq
獤,qw
獥,qw
獦,qr
獧,qy
獨,qi
獩,qu
獪,qo
獫,qr
獬,qn
獭,qb
獮,qb
獯,qh
獰,qd
獱,qb
獲,qy
獳,qe
獴,qu
獵,qv
獶,qw
獷,qb
獸,kq
獹,qm
獺,qb
獻,hq
獼,qb
獽,qf
獾,qv
獿,qw
玀,qv
玁,qw
玂,qt
玃,qy
玄,wy
玅,xu
玆,xx
率,wu
玈,xy
玉,wd
玊,wd
王,at
玌,wv
玍,pw
玎,wd
玏,wl
玐,wb
玑,wj
玒,wg
玓,wu
玔,wi
玕,wg
玖,wj
玗,wy
玘,wj
玙,wy
玚,wp
玛,wm
玜,wg
玝,ww
玞,wf
玟,ww
玠,wj
玡,wy
玢,wf
玣,wb
玤,wf
玥,wo
玦,wg
玧,wy
玨,ww
玩,wy
玪,wv
玫,ww
玬,wd
玭,wb
玮,ww
环,wb
现,wj
玱,wv
玲,ws
玳,wg
玴,wu
玵,wg
玶,wp
玷,wv
玸,wb
玹,wx
玺,dy
玻,wp
玼,wb
玽,wj
玾,wj
玿,wk
珀,wb
珁,ww
珂,wk
珃,wr
珄,wu
珅,wu
珆,wk
珇,wq
珈,wk
珉,wm
珊,wc
珋,we
珌,wb
珍,wp
珎,wx
珏,wy
珐,wq
珑,wl
珒,wy
珓,wf
珔,wz
珕,wl
珖,wg
珗,we
珘,wv
珙,wg
珚,wy
珛,wo
珜,wy
珝,wx
珞,wk
珟,wd
珠,ww
珡,wr
珢,wg
珣,wo
珤,wf
珥,we
珦,wk
珧,wv
珨,wk
珩,wd
珪,wt
珫,wy
珬,wa
班,wl
珮,wj
珯,wl
珰,we
珱,wn
珲,wi
珳,wp
珴,ww
珵,ww
珶,wd
珷,wv
珸,wk
珹,wi
珺,wk
珻,wm
珼,wb
珽,ww
現,wj
珿,wz
琀,wk
琁,wz
琂,wk
球,wq
琄,wo
琅,wl
理,wl
琇,wn
琈,wz
琉,wi
琊,we
琋,wj
琌,wv
琍,wd
琎,wj
琏,wi
琐,wb
琑,wo
琒,wf
琓,wy
琔,wz
琕,wu
琖,wg
琗,wu
琘,wo
琙,wa
琚,wg
琛,wa
琜,wl
琝,ww
琞,oy
琟,wv
琠,wb
琡,wy
琢,wu
琣,wk
琤,wy
琥,wj
琦,wk
琧,yy
琨,wb
琩,wo
琪,wb
琫,wf
琬,wv
琭,wu
琮,wu
琯,wl
琰,wh
琱,wk
琲,wf
琳,wa
琴,wv
琵,wb
琶,wb
琷,wv
琸,wu
琹,wa
琺,wq
琻,wj
琼,wx
琽,wo
琾,wj
琿,wi
瑀,wy
瑁,wo
瑂,wo
瑃,wo
瑄,wd
瑅,wz
瑆,wu
瑇,wm
瑈,wa
瑉,wo
瑊,wk
瑋,wf
瑌,wd
瑍,wd
瑎,wb
瑏,wy
瑐,wd
瑑,wu
瑒,ww
瑓,wj
瑔,wu
瑕,wy
瑖,wu
瑗,wy
瑘,we
瑙,wx
瑚,wo
瑛,wy
瑜,wd
瑝,ww
瑞,we
瑟,wb
瑠,wt
瑡,wj
瑢,wg
瑣,wb
瑤,wf
瑥,wm
瑦,wh
瑧,wh
瑨,wo
瑩,hy
瑪,wm
瑫,wj
瑬,dy
瑭,wk
瑮,wa
瑯,we
瑰,wg
瑱,wb
瑲,wk
瑳,wg
瑴,tu
瑵,wi
瑶,wf
瑷,wy
瑸,yb
瑹,wm
瑺,wj
瑻,wb
瑼,wc
瑽,wz
瑾,ww
瑿,ky
璀,wv
璁,wx
璂,wt
璃,wn
璄,we
璅,wg
璆,wp
璇,wz
璈,ww
璉,wi
璊,wr
璋,wu
璌,wb
璍,wf
璎,wn
璏,wb
璐,wk
璑,wh
璒,wb
璓,wn
璔,wo
璕,wc
璖,wa
璗,dy
璘,wf
璙,wx
璚,wk
璛,wa
璜,wb
璝,wb
璞,wf
璟,wx
璠,wt
璡,wv
璢,wt
璣,wr
璤,wx
璥,ww
璦,ww
璧,uy
璨,wm
璩,wu
璪,wa
璫,wt
璬,ww
璭,wi
璮,wd
璯,wo
環,wy
璱,wb
璲,wu
璳,wb
璴,wz
璵,wb
璶,wm
璷,ww
璸,wb
璹,wc
璺,jy
璻,wu
璼,wm
璽,ay
璾,wo
璿,wo
瓀,we
瓁,wy
瓂,wm
瓃,wt
瓄,wb
瓅,wa
瓆,wb
瓇,ww
瓈,wu
瓉,wb
瓊,ww
瓋,wg
瓌,wx
瓍,wo
瓎,wb
瓏,wl
瓐,wm
瓑,wv
瓒,wb
瓓,wj
瓔,wn
瓕,gy
瓖,wf
瓗,wk
瓘,wv
瓙,wh
瓚,wb
瓛,wq
瓜,in
瓝,gu
瓞,gf
瓟,gb
瓠,dg
瓡,tg
瓢,xg
瓣,xg
瓤,yg
瓥,gi
瓦,ad
瓧,wu
瓨,gw
瓩,wq
瓪,wy
瓫,fw
瓬,fw
瓭,bw
瓮,gw
瓯,qw
瓰,wf
瓱,wm
瓲,wt
瓳,gw
瓴,rw
瓵,sw
瓶,bw
瓷,dw
瓸,wb
瓹,kw
瓺,ew
瓻,xw
瓼,wl
瓽,xw
瓾,hw
瓿,lw
甀,qw
甁,pw
甂,hw
甃,hw
甄,xw
甅,wl
甆,bw
甇,hw
甈,zw
甉,jw
甊,uw
甋,ww
甌,kw
甍,cw
甎,iw
甏,tw
甐,mw
甑,bw
甒,pw
甓,uw
甔,dw
甕,ww
甖,bw
甗,hw
甘,ca
甙,gg
甚,cb
甛,gu
甜,ug
甝,hg
甞,xg
生,pf
甠,ou
甡,uu
產,wu
産,wu
甤,uu
甥,ul
甦,gu
甧,uo
用,kf
甩,yv
甪,py
甫,uy
甬,sy
甭,by
甮,wy
甯,by
田,wu
由,ol
甲,ol
申,ol
甴,ol
电,ov
甶,pt
男,tl
甸,bt
甹,yk
町,td
画,at
甼,td
甽,ti
甾,vt
甿,tw
畀,tw
畁,yw
畂,tj
畃,uu
畄,xt
畅,up
畆,ws
畇,ty
畈,ty
畉,tf
畊,tj
畋,tw
界,tj
畍,tj
畎,tq
畏,ty
畐,at
畑,ht
畒,wr
畓,ut
畔,tb
畕,tt
畖,tg
畗,wt
畘,tr
留,pt
畚,st
畛,tp
畜,xt
畝,wj
畞,uj
畟,tw
畠,bt
畡,tr
畢,tf
畣,rt
畤,tc
略,tk
畦,tt
畧,tk
畨,mt
畩,ty
番,mt
畫,ya
畬,rt
畭,tm
畮,tm
畯,tw
異,tg
畱,at
畲,rt
畳,tq
畴,tc
畵,yt
當,xt
畷,ty
畸,tk
畹,tv
畺,aa
畻,tt
畼,tw
畽,tv
畾,tt
畿,gt
疀,vz
疁,tp
疂,tq
疃,tl
疄,tf
疅,tj
疆,gj
疇,tc
疈,al
疉,th
疊,tq
疋,az
疌,uz
疍,zd
疎,vu
疏,vi
疐,uz
疑,bz
疒,gd
疓,bn
疔,bd
疕,bb
疖,be
疗,bl
疘,bg
疙,bv
疚,bj
疛,bc
疜,bx
疝,bu
疞,bk
疟,be
疠,bw
疡,bp
疢,bh
疣,by
疤,bb
疥,bj
疦,bg
疧,bu
疨,by
疩,bu
疪,bb
疫,bu
疬,bl
疭,br
疮,bv
疯,bf
疰,bv
疱,bb
疲,bp
疳,bg
疴,bk
疵,bb
疶,bu
疷,bu
疸,bd
疹,bp
疺,bf
疻,bv
疼,bd
疽,bq
疾,bu
疿,bf
痀,bj
痁,bv
痂,bk
痃,bx
痄,bv
病,bn
痆,bb
症,bv
痈,by
痉,bj
痊,bw
痋,bi
痌,bk
痍,by
痎,br
痏,bo
痐,bk
痑,bx
痒,by
痓,bt
痔,bc
痕,bg
痖,by
痗,bm
痘,bb
痙,bg
痚,bz
痛,by
痜,bj
痝,bp
痞,bk
痟,bo
痠,bw
痡,bf
痢,bd
痣,bx
痤,br
痥,bx
痦,bk
痧,bu
痨,bl
痩,by
痪,br
痫,ba
痬,bw
痭,bo
痮,bi
痯,bl
痰,bh
痱,bf
痲,bm
痳,ba
痴,bk
痵,bz
痶,bb
痷,bd
痸,bd
痹,bw
痺,bu
痻,bo
痼,bg
痽,bv
痾,bk
痿,bn
瘀,bd
瘁,bu
瘂,by
瘃,bu
瘄,bo
瘅,bu
瘆,bp
瘇,bv
瘈,bd
瘉,bd
瘊,bu
瘋,bf
瘌,bd
瘍,bw
瘎,bb
瘏,bo
瘐,br
瘑,bk
瘒,bi
瘓,bd
瘔,bg
瘕,by
瘖,bo
瘗,bt
瘘,bn
瘙,bi
瘚,bq
瘛,bx
瘜,bx
瘝,bx
瘞,bt
瘟,bm
瘠,bo
瘡,bk
瘢,bu
瘣,bg
瘤,bt
瘥,bg
瘦,by
瘧,be
瘨,bb
瘩,bk
瘪,bl
瘫,bv
瘬,bi
瘭,bu
瘮,bp
瘯,bu
瘰,bx
瘱,bx
瘲,bz
瘳,bp
瘴,bu
瘵,bu
瘶,bq
瘷,bw
瘸,br
瘹,bu
瘺,by
瘻,bn
瘼,bd
瘽,bw
瘾,bx
瘿,bn
癀,bb
癁,bw
療,bx
癃,bu
癄,bh
癅,bt
癆,bl
癇,bo
癈,bu
癉,bu
癊,by
癋,bx
癌,bu
癍,bw
癎,bo
癏,by
癐,bo
癑,bi
癒,bx
癓,bj
癔,bx
癕,bv
癖,bx
癗,bt
癘,bd
癙,bv
癚,bk
癛,bh
癜,bu
癝,bu
癞,bb
癟,bc
癠,bo
癡,bz
癢,bg
癣,by
癤,be
癥,bw
癦,bt
癧,bv
癨,bv
癩,bb
癪,bb
癫,by
癬,by
癭,bn
癮,bx
癯,bv
癰,bv
癱,bv
癲,by
癳,bx
癴,bu
癵,br
癶,vn
癷,bg
癸,bt
癹,bu
発,be
登,bb
發,bu
白,po
百,ab
癿,bv
皀,bb
皁,bu
皂,bq
皃,be
的,bu
皅,bb
皆,bb
皇,bw
皈,by
皉,bb
皊,bs
皋,bu
皌,bw
皍,be
皎,bf
皏,bk
皐,bu
皑,bj
皒,bw
皓,bk
皔,bg
皕,bb
皖,by
皗,bk
皘,bo
皙,ab
皚,bb
皛,bb
皜,bk
皝,bg
皞,bu
皟,bb
皠,bv
皡,bu
皢,bw
皣,bf
皤,bt
皥,bu
皦,bw
皧,bw
皨,bt
皩,bg
皪,ba
皫,bh
皬,bv
皭,bc
皮,py
皯,pg
皰,pb
皱,dp
皲,bp
皳,qp
皴,sp
皵,cp
皶,ap
皷,tp
皸,bp
皹,pi
皺,bp
皻,hp
皼,tp
皽,wp
皾,tp
皿,ka
盀,bm
盁,nm
盂,ym
盃,bm
盄,dm
盅,vm
盆,fm
盇,tm
盈,nm
盉,hm
益,bm
盋,um
盌,xm
盍,qm
盎,ym
盏,jm
盐,tm
监,lm
盒,rm
盓,dm
盔,um
盕,dm
盖,ym
盗,dm
盘,vm
盙,fm
盚,qm
盛,im
盜,dm
盝,em
盞,gm
盟,om
盠,hm
盡,ym
盢,tm
監,im
盤,vm
盥,jm
盦,rm
盧,hm
盨,pm
盩,tm
盪,dm
盫,rm
盬,im
盭,tm
目,we
盯,od
盰,og
盱,oy
盲,wo
盳,ow
直,uq
盵,ov
盶,oy
盷,oy
相,ao
盹,ot
盺,ot
盻,ok
盼,of
盽,of
盾,io
盿,ow
眀,oo
省,uo
眂,ou
眃,oy
眄,og
眅,oy
眆,of
眇,ou
眈,oe
眉,uo
眊,om
看,uo
県,ox
眍,oq
眎,ou
眏,oy
眐,ov
眑,ol
眒,ou
眓,ol
眔,sx
眕,op
眖,ox
眗,oj
眘,do
眙,ok
眚,uo
眛,ow
眜,ow
眝,od
眞,bb
真,ub
眠,om
眡,ou
眢,xo
眣,of
眤,ob
眥,vo
眦,ob
眧,ok
眨,of
眩,ox
眪,on
眫,ob
眬,ol
眭,ot
眮,ok
眯,om
眰,ot
眱,oy
眲,oe
眳,ok
眴,oo
眵,ox
眶,ow
眷,jo
眸,on
眹,ot
眺,ov
眻,oy
眼,og
眽,oy
眾,sr
眿,oy
着,yo
睁,oy
睂,ro
睃,ow
睄,oo
睅,og
睆,oy
睇,od
睈,ow
睉,or
睊,oo
睋,ow
睌,oe
睍,oj
睎,oj
睏,oa
睐,ol
睑,oq
睒,oh
睓,ob
睔,oc
睕,ov
睖,ow
睗,ow
睘,sy
睙,oq
睚,ot
睛,oo
睜,oy
睝,ho
睞,ol
睟,ou
睠,ov
睡,ot
睢,ov
督,uo
睤,ow
睥,ou
睦,ot
睧,oo
睨,oe
睩,ou
睪,sg
睫,oz
睬,oa
睭,ok
睮,od
睯,mo
睰,ok
睱,oy
睲,ou
睳,ot
睴,oi
睵,ok
睶,oo
睷,oy
睸,oo
睹,oo
睺,ou
睻,od
睼,oz
睽,ot
睾,pg
睿,bo
瞀,mo
瞁,oq
瞂,iy
瞃,oo
瞄,ot
瞅,oh
瞆,ob
瞇,om
瞈,ox
瞉,tu
瞊,ok
瞋,ob
瞌,om
瞍,oy
瞎,ok
瞏,sy
瞐,oo
瞑,ol
瞒,ol
瞓,oi
瞔,ob
瞕,ou
瞖,ko
瞗,on
瞘,ok
瞙,od
瞚,ob
瞛,oz
瞜,on
瞝,on
瞞,or
瞟,ou
瞠,ot
瞡,oj
瞢,co
瞣,ox
瞤,ow
瞥,xo
瞦,ok
瞧,oh
瞨,of
瞩,oy
瞪,ob
瞫,ou
瞬,of
瞭,ox
瞮,ow
瞯,oo
瞰,ow
瞱,of
瞲,ok
瞳,ol
瞴,oh
瞵,of
瞶,ob
瞷,oo
瞸,oa
瞹,ow
瞺,oo
瞻,ok
瞼,or
瞽,to
瞾,og
瞿,ov
矀,oj
矁,ox
矂,oa
矃,od
矄,oh
矅,ov
矆,oy
矇,ou
矈,of
矉,ob
矊,oj
矋,od
矌,ob
矍,oy
矎,ow
矏,of
矐,ov
矑,om
矒,oo
矓,ol
矔,ov
矕,xo
矖,ob
矗,uq
矘,oh
矙,ow
矚,oi
矛,yp
矜,mv
矝,ms
矞,mk
矟,mo
矠,mo
矡,my
矢,pd
矣,su
矤,gu
知,uk
矦,du
矧,ul
矨,uy
矩,uj
矪,uv
矫,ul
矬,ur
短,ub
矮,un
矯,uk
矰,uo
矱,uy
矲,ub
石,ak
矴,ud
矵,ud
矶,uj
矷,uz
矸,ug
矹,uw
矺,uq
矻,uv
矼,ug
矽,ux
矾,uf
矿,ug
砀,up
码,um
砂,uu
砃,ud
砄,ug
砅,uu
砆,uf
砇,uw
砈,uv
砉,fu
砊,uj
砋,uv
砌,ud
砍,uq
砎,uj
砏,uf
砐,uj
砑,uy
砒,ub
砓,uu
研,uk
砕,uu
砖,uv
砗,ui
砘,ut
砙,uw
砚,uj
砛,uv
砜,uf
砝,uq
砞,uw
砟,uv
砠,uq
砡,uy
砢,uk
砣,ub
砤,uy
砥,uu
砦,vu
砧,uv
砨,uv
砩,uf
砪,um
砫,uv
砬,ul
砭,uf
砮,nu
砯,ud
砰,up
砱,us
砲,ub
砳,uu
破,up
砵,ub
砶,ub
砷,uu
砸,uj
砹,ux
砺,uw
砻,lu
砼,ug
砽,uy
砾,ul
砿,us
础,ui
硁,uj
硂,uw
硃,uw
硄,ug
硅,ut
硆,uk
硇,ux
硈,uk
硉,uy
硊,uv
硋,ur
硌,uk
硍,ug
硎,ud
硏,ug
硐,uk
硑,uk
硒,ux
硓,ul
硔,ug
硕,uy
硖,uj
硗,uw
硘,uk
硙,uj
硚,ul
硛,ub
硜,ug
硝,uo
硞,uk
硟,uv
硠,ul
硡,us
硢,um
硣,uz
硤,ur
硥,up
硦,uc
硧,uy
硨,ui
硩,fu
硪,uw
硫,ui
硬,ug
硭,uw
确,uy
硯,uj
硰,du
硱,ua
硲,ug
硳,ui
硴,ub
硵,ux
硶,uv
硷,uq
硸,ug
硹,ug
硺,uu
硻,iu
硼,uo
硽,ud
硾,ut
硿,ug
碀,uy
碁,cu
碂,uu
碃,uo
碄,ua
碅,uh
碆,du
碇,uz
碈,uo
碉,uk
碊,ug
碋,uk
碌,uu
碍,uc
碎,uu
碏,uo
碐,uw
碑,uu
碒,uj
碓,uv
碔,uv
碕,uk
碖,uc
碗,uv
碘,ub
碙,uu
碚,uk
碛,ub
碜,up
碝,ud
碞,ku
碟,ua
碠,ud
碡,um
碢,uk
碣,ur
碤,uy
碥,uc
碦,uk
碧,wu
碨,uy
碩,uy
碪,ub
碫,uu
碬,uy
碭,uw
碮,uz
碯,ux
碰,uy
碱,uk
碲,uj
碳,uh
碴,ud
碵,ub
碶,ud
碷,uo
碸,uf
碹,ud
確,uv
碻,uk
碼,um
碽,ub
碾,uy
碿,uo
磀,un
磁,uy
磂,ut
磃,uj
磄,uk
磅,uf
磆,uo
磇,ub
磈,ug
磉,ua
磊,uu
磋,ug
磌,ub
磍,uk
磎,ud
磏,uj
磐,vu
磑,ub
磒,ub
磓,ul
磔,ua
磕,um
磖,ub
磗,uc
磘,uf
磙,ug
磚,uc
磛,iu
磜,uu
磝,uw
磞,uo
磟,up
磠,ud
磡,ul
磢,ux
磣,up
磤,uu
磥,ux
磦,uu
磧,ub
磨,gu
磩,ux
磪,uv
磫,uz
磬,tu
磭,uo
磮,uc
磯,ur
磰,uk
磱,ul
磲,ua
磳,uo
磴,ub
磵,uo
磶,uh
磷,uf
磸,ud
磹,uu
磺,ub
磻,ut
磼,ua
磽,uw
磾,uu
磿,iu
礀,uo
礁,uh
礂,uk
礃,uu
礄,uk
礅,uw
礆,ur
礇,ud
礈,uu
礉,uw
礊,iu
礋,ug
礌,ut
礍,ur
礎,uz
礏,uw
礐,ju
礑,ut
礒,uw
礓,uj
礔,ux
礕,uu
礖,ub
礗,ub
礘,uh
礙,uz
礚,um
礛,um
礜,ju
礝,ue
礞,uu
礟,ux
礠,ux
礡,uc
礢,ug
礣,ud
礤,uu
礥,ub
礦,ub
礧,ut
礨,tu
礩,ub
礪,ud
礫,ua
礬,au
礭,uv
礮,uf
礯,ux
礰,uv
礱,lu
礲,ul
礳,uu
礴,uc
礵,uo
礶,uv
礷,um
礸,ub
礹,uw
示,ex
礻,dd
礼,pv
礽,pn
社,pt
礿,pu
祀,ps
祁,pe
祂,py
祃,pm
祄,pj
祅,py
祆,pt
祇,pu
祈,pt
祉,pv
祊,pf
祋,pu
祌,pv
祍,pw
祎,pw
祏,pu
祐,pk
祑,pf
祒,pk
祓,py
祔,pc
祕,pb
祖,pq
祗,pu
祘,uu
祙,pw
祚,pv
祛,pq
祜,pg
祝,px
神,pu
祟,iu
祠,pk
祡,vu
祢,px
祣,py
祤,px
祥,py
祦,pt
祧,pv
票,xu
祩,pw
祪,pv
祫,pk
祬,pt
祭,xu
祮,pk
祯,pb
祰,pk
祱,px
祲,py
祳,pi
祴,pc
祵,pa
祶,pd
祷,pc
祸,pn
祹,pf
祺,pb
祻,pg
祼,pg
祽,pu
祾,pw
祿,pu
禀,wu
禁,au
禂,pk
禃,pq
禄,pu
禅,pu
禆,pu
禇,po
禈,pi
禉,py
禊,pd
禋,pt
禌,py
禍,pk
禎,pb
福,pt
禐,py
禑,pd
禒,pu
禓,pw
禔,pz
禕,pf
禖,pa
禗,px
禘,pj
禙,po
禚,ph
禛,pb
禜,hu
禝,pw
禞,pk
禟,pk
禠,pj
禡,pm
禢,px
禣,pc
禤,px
禥,pt
禦,ru
禧,pk
禨,pr
禩,pg
禪,pu
禫,pu
禬,po
禭,pu
禮,pb
禯,pi
禰,pb
禱,pc
禲,pd
禳,pf
禴,pc
禵,py
禶,pb
禷,py
禸,ks
禹,pd
禺,td
离,wn
禼,bn
禽,rn
禾,pa
禿,he
秀,hn
私,hs
秂,hr
秃,hj
秄,hz
秅,hq
秆,hg
秇,hw
秈,hu
秉,qr
秊,hq
秋,hh
秌,hh
种,hv
秎,hf
秏,hm
秐,hy
科,hd
秒,hu
秓,hv
秔,hj
秕,hb
秖,hu
秗,hy
秘,hb
秙,hg
秚,hb
秛,hp
秜,hb
秝,hh
秞,hy
租,hq
秠,hp
秡,hy
秢,hs
秣,hw
秤,hp
秥,hv
秦,ih
秧,hy
秨,hv
秩,hf
秪,hu
秫,hu
秬,hj
秭,hd
秮,hk
积,hv
称,hx
秱,hk
秲,hc
秳,hu
秴,hk
秵,hy
秶,dh
秷,ht
秸,hk
秹,hw
秺,hq
移,hx
秼,hw
秽,hx
秾,hy
秿,hf
稀,hj
稁,wh
稂,hl
稃,hz
稄,hw
稅,hx
稆,hk
稇,ha
稈,hg
稉,hg
稊,hd
程,hw
稌,hm
稍,ho
税,hx
稏,hy
稐,hc
稑,ht
稒,hg
稓,ho
稔,hx
稕,hz
稖,hk
稗,hu
稘,hb
稙,hq
稚,hv
稛,hh
稜,hw
稝,ho
稞,hg
稟,wh
稠,hk
稡,hu
稢,ha
稣,yh
稤,hx
稥,ho
稦,hf
稧,hd
稨,hc
稩,ho
稪,hw
稫,ht
稬,hd
稭,hb
種,hv
稯,hw
稰,ho
稱,hr
稲,ho
稳,hx
稴,hj
稵,hy
稶,ha
稷,hw
稸,ht
稹,hb
稺,hx
稻,hj
稼,hu
稽,ho
稾,wh
稿,hk
穀,tu
穁,he
穂,hx
穃,hg
穄,hu
穅,hl
穆,hp
穇,hp
穈,gh
穉,hn
穊,hw
穋,hp
穌,yh
積,hb
穎,bh
穏,hx
穐,hd
穑,hk
穒,hn
穓,hg
穔,hb
穕,ha
穖,hr
穗,hx
穘,hw
穙,hf
穚,hk
穛,hh
穜,hl
穝,hy
穞,ho
穟,hu
穠,hi
穡,hk
穢,hu
穣,hf
穤,he
穥,hb
穦,hb
穧,ho
穨,hb
穩,hx
穪,hb
穫,hy
穬,hb
穭,ho
穮,hh
穯,hk
穰,hf
穱,hc
穲,hb
穳,hb
穴,bb
穵,bv
究,bj
穷,bl
穸,bx
穹,bg
空,bg
穻,by
穼,ba
穽,bj
穾,by
穿,by
窀,bt
突,bq
窂,bn
窃,bd
窄,bv
窅,bo
窆,bf
窇,bb
窈,bl
窉,bn
窊,bg
窋,bi
窌,be
窍,bk
窎,bn
窏,by
窐,bt
窑,bf
窒,bt
窓,bx
窔,bf
窕,bv
窖,bk
窗,bw
窘,bk
窙,bz
窚,bi
窛,bn
窜,bi
窝,bn
窞,bj
窟,bi
窠,bg
窡,by
窢,ba
窣,bu
窤,bb
窥,bj
窦,bd
窧,bu
窨,bo
窩,bk
窪,bt
窫,bd
窬,bd
窭,bn
窮,bg
窯,bh
窰,bf
窱,bm
窲,bd
窳,bg
窴,bb
窵,bn
窶,bn
窷,be
窸,bx
窹,bk
窺,bj
窻,bx
窼,bg
窽,bq
窾,bq
窿,bu
竀,bj
竁,bm
竂,bx
竃,bd
竄,bv
竅,bw
竆,bk
竇,bb
竈,bd
竉,bl
竊,bn
立,wb
竌,lj
竍,lu
竎,lc
竏,lq
竐,lu
竑,ls
竒,wk
竓,lm
竔,lc
竕,lf
竖,ll
竗,lu
竘,lj
站,lv
竚,ld
竛,ls
竜,ld
竝,ll
竞,lx
竟,le
章,lu
竡,lb
竢,lu
竣,lw
竤,ls
童,ll
竦,lu
竧,lu
竨,lu
竩,lq
竪,il
竫,ly
竬,ly
竭,lr
竮,lk
端,le
竰,ll
竱,lc
竲,lo
竳,lb
竴,lc
竵,lf
競,lx
竷,lw
竸,le
竹,gg
竺,ve
竻,vl
竼,vf
竽,vy
竾,vy
竿,vg
笀,vw
笁,vg
笂,vw
笃,vm
笄,vk
笅,vx
笆,vb
笇,vb
笈,vj
笉,vy
笊,vv
笋,vy
笌,vy
笍,vn
笎,vy
笏,vw
笐,vj
笑,vy
笒,vv
笓,vb
笔,vm
笕,vj
笖,vr
笗,vd
笘,vv
笙,vu
笚,vj
笛,vy
笜,vi
笝,vy
笞,vk
笟,vg
笠,vl
笡,vq
笢,vm
笣,vb
笤,vk
笥,vk
符,vc
笧,vc
笨,vb
笩,vg
笪,vd
笫,vd
第,vd
笭,vs
笮,vv
笯,vy
笰,vf
笱,vj
笲,vc
笳,vk
笴,vk
笵,vv
笶,vu
笷,ve
笸,vk
笹,vu
笺,vj
笻,ve
笼,vl
笽,vm
笾,vl
笿,vk
筀,vt
筁,vq
筂,vy
筃,vy
筄,vv
筅,ve
筆,vy
筇,ve
筈,vu
等,vc
筊,vf
筋,vl
筌,vw
筍,vo
筎,vk
筏,vg
筐,vw
筑,vf
筒,vk
筓,vg
答,vk
筕,vd
策,vu
筗,vv
筘,vk
筙,vl
筚,vu
筛,vj
筜,ve
筝,vy
筞,va
筟,vz
筠,vy
筡,vm
筢,vb
筣,vd
筤,vl
筥,vk
筦,vy
筧,vj
筨,vk
筩,vy
筪,vj
筫,vb
筬,vi
筭,vc
筮,vr
筯,vl
筰,vv
筱,vw
筲,vo
筳,vw
筴,vr
筵,vv
筶,vk
筷,vg
筸,vg
筹,vc
筺,vy
筻,vg
筼,vb
筽,vt
签,vq
筿,va
简,vo
箁,vk
箂,vl
箃,vy
箄,vu
箅,vw
箆,vb
箇,vg
箈,vk
箉,vl
箊,vd
箋,vg
箌,vd
箍,vj
箎,vj
箏,vy
箐,vo
箑,vz
箒,vj
箓,vu
箔,vb
箕,vb
箖,va
算,vc
箘,vh
箙,vy
箚,vd
箛,vg
箜,vg
箝,vg
箞,vv
箟,vb
箠,vt
管,vl
箢,vv
箣,vd
箤,vu
箥,vp
箦,vb
箧,vj
箨,vf
箩,vx
箪,vu
箫,vb
箬,vk
箭,vd
箮,vd
箯,vg
箰,vz
箱,vo
箲,ve
箳,vk
箴,vk
箵,vo
箶,vo
箷,vy
箸,vo
箹,vu
箺,vo
箻,vy
箼,vt
箽,vv
箾,vd
箿,ve
節,ve
篁,vw
篂,vu
篃,vo
範,vv
篅,ve
篆,vu
篇,vc
篈,vc
築,va
篊,vg
篋,vr
篌,vu
篍,vh
篎,vu
篏,vq
篐,vj
篑,vb
篒,vg
篓,vn
篔,vb
篕,vm
篖,vk
篗,vy
篘,vc
篙,vk
篚,vf
篛,vg
篜,vh
篝,vr
篞,vt
篟,vo
篠,vm
篡,vs
篢,vb
篣,vf
篤,vm
篥,va
篦,vb
篧,vv
篨,vm
篩,vj
篪,vj
篫,vu
篬,vk
篭,vd
篮,vm
篯,vj
篰,ve
篱,vn
篲,ve
篳,vf
篴,vu
篵,vz
篶,vh
篷,vf
篸,vp
篹,vv
篺,vu
篻,vu
篼,ve
篽,ve
篾,vd
篿,vc
簀,vb
簁,vz
簂,va
簃,vx
簄,vb
簅,vu
簆,vy
簇,vu
簈,vg
簉,vk
簊,vt
簋,vm
簌,vq
簍,vn
簎,vo
簏,vb
簐,vq
簑,vv
簒,vm
簓,vp
簔,vv
簕,vl
簖,vt
簗,va
簘,vm
簙,vc
簚,vj
簛,vt
簜,vw
簝,vx
簞,vu
簟,vu
簠,vm
簡,vo
簢,vw
簣,vb
簤,vb
簥,vk
簦,vb
簧,vb
簨,vg
簩,vl
簪,vo
簫,va
簬,vk
簭,vk
簮,vo
簯,vb
簰,vu
簱,vb
簲,vu
簳,vg
簴,vb
簵,vk
簶,vu
簷,vk
簸,vp
簹,vt
簺,vt
簻,vk
簼,vr
簽,vr
簾,vj
簿,vc
籀,vt
籁,vb
籂,vj
籃,vm
籄,vb
籅,vb
籆,vy
籇,vu
籈,vw
籉,vt
籊,vv
籋,vb
籌,vc
籍,vo
籎,vz
籏,vb
籐,vu
籑,vl
籒,vt
籓,vt
籔,vw
籕,vt
籖,vj
籗,vv
籘,vx
籙,vu
籚,vm
籛,vg
籜,vg
籝,vn
籞,vu
籟,vb
籠,vl
籡,vr
籢,vw
籣,vj
籤,vj
籥,vc
籦,vv
籧,vu
籨,vq
籩,vf
籪,vt
籫,vb
籬,vv
籭,vb
籮,vv
籯,vb
籰,vy
籱,vv
籲,vy
米,ba
籴,rm
籵,mu
籶,mj
籷,mq
籸,mu
籹,mn
籺,mv
类,md
籼,mu
籽,mz
籾,md
籿,mc
粀,mv
粁,mq
粂,jm
粃,mb
粄,my
粅,mw
粆,mu
粇,mj
粈,mi
粉,mf
粊,bm
粋,mu
粌,ml
粍,mm
粎,mi
粏,mt
粐,mh
粑,mb
粒,ml
粓,mg
粔,mj
粕,mb
粖,mw
粗,mq
粘,mv
粙,my
粚,my
粛,ym
粜,im
粝,mw
粞,mx
粟,xm
粠,mg
粡,mk
粢,dm
粣,mc
粤,pk
粥,gm
粦,mf
粧,mt
粨,mb
粩,ml
粪,mg
粫,me
粬,mq
粭,mk
粮,ml
粯,mj
粰,mz
粱,dm
粲,dm
粳,mg
粴,ml
粵,pk
粶,mu
粷,mm
粸,mb
粹,mu
粺,mu
粻,mi
粼,mv
粽,mu
精,mo
粿,mg
糀,mb
糁,mp
糂,mb
糃,mw
糄,mc
糅,ma
糆,mm
糇,mu
糈,mo
糉,mw
糊,mo
糋,md
糌,mo
糍,my
糎,ml
糏,mo
糐,mc
糑,mg
糒,my
糓,tu
糔,mi
糕,mh
糖,mk
糗,mq
糘,mu
糙,mk
糚,mt
糛,mt
糜,gm
糝,mp
糞,mg
糟,mo
糠,ml
糡,me
糢,md
糣,mo
糤,mw
糥,me
糦,mk
糧,ml
糨,mi
糩,mo
糪,um
糫,my
糬,mo
糭,mw
糮,mm
糯,me
糰,mc
糱,cm
糲,md
糳,ym
糴,rv
糵,cm
糶,iv
糷,mj
糸,yx
糹,yx
糺,sv
系,px
糼,sl
糽,sd
糾,sj
糿,sd
紀,sj
紁,si
紂,sc
紃,si
約,su
紅,sg
紆,sy
紇,sv
紈,sw
紉,sd
紊,wx
紋,sw
紌,sy
納,sn
紎,sq
紏,sd
紐,si
紑,sb
紒,sj
紓,sy
純,st
紕,sb
紖,sl
紗,su
紘,ss
紙,su
級,sj
紛,sf
紜,sy
紝,sw
紞,se
紟,sv
素,fx
紡,sf
索,ux
紣,su
紤,st
紥,fx
紦,sb
紧,lx
紨,sc
紩,sf
紪,sb
紫,vx
紬,sy
紭,ss
紮,ax
累,tx
細,st
紱,sy
紲,su
紳,su
紴,sp
紵,sd
紶,sq
紷,ss
紸,sv
紹,sk
紺,sg
紻,sy
紼,sf
紽,sb
紾,sp
紿,sk
絀,si
絁,sy
終,sd
絃,sx
組,sq
絅,sk
絆,sb
絇,sj
絈,sb
絉,su
絊,sb
絋,ss
経,st
絍,sw
絎,sd
絏,sy
結,sk
絑,sw
絒,sv
絓,st
絔,sb
絕,sb
絖,sg
絗,sk
絘,sq
絙,sd
絚,sh
絛,rx
絜,fx
絝,sk
絞,sf
絟,sw
絠,so
絡,sk
絢,so
絣,sk
絤,sx
絥,sq
給,sk
絧,sk
絨,su
絩,sv
絪,sy
絫,sx
絬,su
絭,jx
絮,nx
絯,sr
絰,st
統,sy
絲,sx
絳,sf
絴,sy
絵,sy
絶,sb
絷,fx
絸,sj
絹,so
絺,sj
絻,se
絼,sv
絽,sk
絾,si
絿,sq
綀,su
綁,se
綂,se
綃,so
綄,sy
綅,sy
綆,sg
綇,sy
綈,sd
綉,sn
綊,sr
綋,ss
綌,sg
綍,sz
綎,sw
綏,sn
綐,sx
綑,sa
綒,sz
經,sg
綔,dx
綕,sx
綖,sv
綗,sk
綘,sf
継,sm
続,se
綛,sx
綜,su
綝,sa
綞,st
綟,sq
綠,su
綡,sx
綢,sk
綣,sv
綤,dx
綥,sw
綦,cx
綧,sz
綨,sb
綩,sv
綪,so
綫,sg
綬,sy
維,sv
綮,hx
綯,sf
綰,sl
綱,su
網,sw
綳,so
綴,sy
綵,sa
綶,sg
綷,su
綸,sc
綹,sk
綺,sk
綻,sz
綼,su
綽,su
綾,sw
綿,sj
緀,sn
緁,sz
緂,sh
緃,sz
緄,sb
緅,sy
緆,sw
緇,st
緈,sg
緉,sr
緊,ix
緋,sf
緌,sn
緍,so
緎,sa
総,sx
緐,px
緑,su
緒,so
緓,sy
緔,sk
緕,so
緖,so
緗,so
緘,sk
緙,su
線,su
緛,sd
緜,bx
緝,se
緞,su
緟,sv
締,sj
緡,so
緢,st
緣,su
緤,sa
緥,sa
緦,sx
緧,sy
編,sc
緩,sy
緪,sh
緫,sx
緬,sm
緭,so
緮,sw
緯,sf
緰,sd
緱,su
緲,su
緳,gx
練,sj
緵,sw
緶,sg
緷,si
緸,st
緹,sz
緺,sk
緻,sw
緼,sm
緽,sb
緾,sl
緿,sx
縀,sy
縁,su
縂,sx
縃,so
縄,sd
縅,sn
縆,sd
縇,sd
縈,hx
縉,so
縊,sm
縋,sl
縌,sn
縍,sf
縎,so
縏,vx
縐,sc
縑,sj
縒,sg
縓,sx
縔,sa
縕,sm
縖,sk
縗,sv
縘,sd
縙,se
縚,sj
縛,sc
縜,sb
縝,sb
縞,sk
縟,sc
縠,tu
縡,sx
縢,ox
縣,qx
縤,sx
縥,sh
縦,sz
縧,sm
縨,sg
縩,su
縪,sf
縫,sf
縬,sx
縭,sn
縮,sb
縯,sb
縰,sz
縱,sz
縲,sx
縳,sc
縴,sn
縵,sy
縶,tx
縷,sn
縸,sd
縹,su
縺,si
縻,gx
縼,sz
總,sx
績,sb
縿,sp
繀,sv
繁,px
繂,su
繃,so
繄,kx
繅,sg
繆,sp
繇,vx
繈,si
繉,sv
繊,sy
繋,ix
繌,sw
繍,sm
繎,sh
繏,sg
繐,sx
繑,sk
繒,so
繓,sy
織,so
繕,sk
繖,sw
繗,sf
繘,sk
繙,st
繚,sx
繛,fu
繜,sc
繝,so
繞,sw
繟,su
繠,xx
繡,sa
繢,sb
繣,sa
繤,cx
繥,sk
繦,si
繧,sy
繨,sy
繩,sd
繪,so
繫,ix
繬,sk
繭,ci
繮,sj
繯,sy
繰,sa
繱,sx
繲,sn
繳,sw
繴,ux
繵,sd
繶,sx
繷,si
繸,su
繹,sg
繺,sh
繻,se
繼,sy
繽,sb
繾,sl
繿,sm
纀,sf
纁,sh
纂,vx
纃,so
纄,sf
纅,sa
纆,st
纇,my
纈,sy
纉,sb
纊,sb
纋,sw
續,sb
纍,tx
纎,sj
纏,st
纐,sy
纑,sm
纒,st
纓,sn
纔,st
纕,sf
纖,sj
纗,sk
纘,sb
纙,sv
纚,sb
纛,fx
纜,sj
纝,sx
纞,sx
纟,sa
纠,sj
纡,sy
红,sg
纣,sc
纤,sq
纥,sv
约,su
级,sj
纨,sw
纩,sg
纪,sj
纫,sd
纬,sw
纭,sy
纮,ss
纯,st
纰,sb
纱,su
纲,sx
纳,sn
纴,sw
纵,sr
纶,sl
纷,sf
纸,su
纹,sw
纺,sf
纻,sv
纼,sl
纽,si
纾,sy
线,sj
绀,sg
绁,su
绂,sy
练,sd
组,sq
绅,su
细,st
织,sv
终,sd
绉,se
绊,sb
绋,sf
绌,si
绍,sk
绎,sf
经,sj
绐,sk
绑,se
绒,su
结,sk
绔,sk
绕,sw
绖,st
绗,sd
绘,sy
给,sk
绚,so
绛,sf
络,sk
绝,sb
绞,sf
统,sy
绠,sg
绡,so
绢,so
绣,sn
绤,sg
绥,sn
绦,sa
继,sm
绨,sd
绩,sb
绪,so
绫,sw
绬,sy
续,sd
绮,sk
绯,sf
绰,su
绱,sk
绲,sb
绳,sd
维,sv
绵,sj
绶,sy
绷,so
绸,sk
绹,sf
绺,sk
绻,sv
综,su
绽,sz
绾,sl
绿,su
缀,sy
缁,st
缂,su
缃,so
缄,sk
缅,sm
缆,sj
缇,sz
缈,su
缉,se
缊,sm
缋,sb
缌,sx
缍,st
缎,su
缏,sg
缐,su
缑,su
缒,sl
缓,sy
缔,sj
缕,sn
编,sc
缗,so
缘,su
缙,so
缚,sc
缛,sc
缜,sb
缝,sf
缞,sv
缟,sk
缠,sl
缡,sn
缢,sm
缣,sj
缤,sb
缥,su
缦,sy
缧,sx
缨,sn
缩,sb
缪,sp
缫,sg
缬,sy
缭,sx
缮,sk
缯,so
缰,sj
缱,sl
缲,sa
缳,sy
缴,sw
缵,sb
缶,wk
缷,fe
缸,fg
缹,fh
缺,fg
缻,fw
缼,fq
缽,fb
缾,fk
缿,fk
罀,fv
罁,fu
罂,bf
罃,hf
罄,tf
罅,fh
罆,fb
罇,fc
罈,fu
罉,fu
罊,if
罋,wf
罌,bf
罍,tf
罎,fy
罏,fm
罐,fv
网,kx
罒,kl
罓,kx
罔,kw
罕,bg
罖,sd
罗,sx
罘,sb
罙,ba
罚,sd
罛,sg
罜,sv
罝,sq
罞,sm
罟,sg
罠,sm
罡,sv
罢,sq
罣,st
罤,sd
罥,so
罦,sz
罧,sa
罨,sd
罩,su
罪,sf
罫,sb
罬,sy
罭,sa
置,sq
罯,so
罰,sd
罱,sg
署,so
罳,sx
罴,sh
罵,sm
罶,st
罷,sb
罸,sc
罹,sv
罺,sg
罻,sc
罼,sf
罽,sd
罾,so
罿,sl
羀,kt
羁,sm
羂,so
羃,sj
羄,su
羅,sv
羆,sh
羇,sk
羈,sm
羉,sx
羊,bf
羋,cf
羌,yv
羍,dy
美,yd
羏,yp
羐,cj
羑,yj
羒,yf
羓,yb
羔,yh
羕,yy
羖,yu
羗,ys
羘,oy
羙,yh
羚,ys
羛,yf
羜,yd
羝,yu
羞,yi
羟,yj
羠,yy
羡,yq
羢,yu
羣,yy
群,yy
羥,yg
羦,yy
羧,yw
羨,yq
義,yw
羪,yl
羫,yg
羬,yk
羭,yd
羮,yf
羯,yr
羰,yh
羱,yx
羲,yk
羳,yt
羴,yy
羵,yb
羶,yd
羷,yr
羸,wy
羹,yd
羺,ye
羻,yw
羼,uy
羽,xx
羾,xg
羿,xc
翀,xv
翁,gx
翂,xf
翃,ux
翄,xv
翅,vx
翆,xu
翇,xy
翈,jx
翉,bx
翊,lx
翋,xl
翌,xl
翍,xp
翎,rx
翏,xp
翐,xf
翑,xj
習,xb
翓,tx
翔,yx
翕,rx
翖,rx
翗,xx
翘,yx
翙,ux
翚,xi
翛,rx
翜,xr
翝,bx
翞,xx
翟,xv
翠,xu
翡,fx
翢,kx
翣,xn
翤,kx
翥,lx
翦,bx
翧,bx
翨,xz
翩,hx
翪,xw
翫,xy
翬,xi
翭,xu
翮,gx
翯,xk
翰,ux
翱,bx
翲,xx
翳,kx
翴,xi
翵,xn
翶,bx
翷,mx
翸,ux
翹,tx
翺,zx
翻,mx
翼,xg
翽,vx
翾,sx
翿,tx
耀,gv
老,lb
耂,tp
考,lk
耄,lm
者,lo
耆,lo
耇,lj
耈,lj
耉,lk
耊,lt
耋,lt
而,al
耍,en
耎,ed
耏,ep
耐,ec
耑,ue
耒,fa
耓,ld
耔,lz
耕,lj
耖,lu
耗,lm
耘,ly
耙,lb
耚,lp
耛,lk
耜,ll
耝,lq
耞,lk
耟,lj
耠,lk
耡,ll
耢,ll
耣,lc
耤,lo
耥,lk
耦,ld
耧,ln
耨,lc
耩,lr
耪,lf
耫,lb
耬,ln
耭,lr
耮,ll
耯,ly
耰,lw
耱,lu
耲,lx
耳,ol
耴,ev
耵,ed
耶,ee
耷,de
耸,re
耹,ev
耺,ey
耻,ev
耼,eo
耽,ee
耾,es
耿,eh
聀,eg
聁,ef
聂,ey
聃,er
聄,ep
聅,eu
聆,es
聇,ev
聈,el
聉,ei
聊,ee
聋,le
职,ev
聍,ed
聎,ev
聏,ee
聐,ek
聑,ee
聒,eu
聓,ge
联,et
聕,ek
聖,ew
聗,er
聘,ek
聙,eo
聚,eu
聛,eu
聜,eg
聝,ea
聞,me
聟,ue
聠,ek
聡,ex
聢,ez
聣,ee
聤,ed
聥,ey
聦,ex
聧,et
聨,ec
聩,eb
聪,ex
聫,ed
聬,ex
聭,eg
聮,eh
聯,ej
聰,ex
聱,fe
聲,te
聳,re
聴,ex
聵,eb
聶,ee
職,eo
聸,ek
聹,ed
聺,eu
聻,de
聼,ex
聽,ex
聾,le
聿,yg
肀,el
肁,hy
肂,dy
肃,yb
肄,by
肅,ya
肆,ey
肇,hy
肈,hy
肉,nr
肊,ov
肋,ol
肌,oj
肍,oj
肎,bo
肏,rr
肐,ov
肑,ou
肒,ow
肓,wo
肔,oy
肕,od
肖,xo
肗,on
肘,oc
肙,ko
肚,ot
肛,og
肜,op
肝,og
肞,oi
肟,ok
肠,op
股,ou
肢,ov
肣,ov
肤,of
肥,ob
肦,of
肧,ob
肨,of
肩,ho
肪,of
肫,ot
肬,oy
肭,on
肮,oj
肯,vo
肰,oq
肱,os
育,wo
肳,ow
肴,xo
肵,ot
肶,ob
肷,oq
肸,ou
肹,ok
肺,oj
肻,bo
肼,oj
肽,ot
肾,lo
肿,ov
胀,oi
胁,ob
胂,ou
胃,to
胄,yo
胅,of
胆,od
胇,of
胈,oy
胉,ob
胊,oj
胋,ov
背,bo
胍,og
胎,ok
胏,od
胐,oi
胑,ov
胒,ob
胓,op
胔,vr
胕,oc
胖,ob
胗,op
胘,ox
胙,ov
胚,op
胛,oj
胜,ou
胝,ou
胞,ob
胟,om
胠,oq
胡,go
胢,ok
胣,oy
胤,eo
胥,zo
胦,oy
胧,ol
胨,od
胩,ob
胪,ou
胫,oj
胬,nr
胭,oy
胮,of
胯,ok
胰,oy
胱,og
胲,or
胳,ok
胴,ok
胵,ot
胶,of
胷,bo
胸,ox
胹,oe
胺,on
胻,od
胼,ok
能,sb
胾,gr
胿,ot
脀,lo
脁,ov
脂,oo
脃,ob
脄,oh
脅,lo
脆,ov
脇,ol
脈,oy
脉,oy
脊,ro
脋,do
脌,on
脍,oy
脎,oa
脏,ot
脐,oq
脑,ox
脒,om
脓,oy
脔,wr
脕,oe
脖,oz
脗,ok
脘,oy
脙,oq
脚,oe
脛,og
脜,ob
脝,ol
脞,or
脟,oc
脠,ov
脡,ow
脢,om
脣,io
脤,oi
脥,or
脦,ox
脧,ow
脨,ou
脩,ro
脪,oj
脫,ox
脬,oz
脭,ow
脮,on
脯,of
脰,ob
脱,ox
脲,ou
脳,ox
脴,ok
脵,ot
脶,on
脷,od
脸,oq
脹,oi
脺,ou
脻,oz
脼,or
脽,ov
脾,ou
脿,oy
腀,oc
腁,og
腂,og
腃,ov
腄,ot
腅,oh
腆,ob
腇,on
腈,oo
腉,oe
腊,oo
腋,ow
腌,od
腍,ox
腎,io
腏,oy
腐,gr
腑,oc
腒,og
腓,of
腔,og
腕,ov
腖,od
腗,ow
腘,oy
腙,ou
腚,oz
腛,ot
腜,oa
腝,od
腞,ou
腟,ot
腠,ot
腡,ok
腢,od
腣,oj
腤,oo
腥,ou
腦,ox
腧,od
腨,oe
腩,og
腪,oi
腫,ov
腬,oa
腭,ok
腮,ox
腯,oo
腰,on
腱,oy
腲,oy
腳,oe
腴,or
腵,oy
腶,ou
腷,ot
腸,ow
腹,ow
腺,ou
腻,ob
腼,om
腽,om
腾,om
腿,og
膀,of
膁,oj
膂,fo
膃,om
膄,oy
膅,ok
膆,ox
膇,ol
膈,og
膉,om
膊,oc
膋,ho
膌,oo
膍,ob
膎,od
膏,wo
膐,fr
膑,ob
膒,ok
膓,ow
膔,ob
膕,oa
膖,of
膗,ov
膘,ou
膙,oi
膚,ho
膛,ot
膜,od
膝,ou
膞,oc
膟,ou
膠,op
膡,oo
膢,on
膣,ot
膤,oe
膥,wr
膦,of
膧,ol
膨,op
膩,ob
膪,ok
膫,ox
膬,om
膭,ob
膮,ow
膯,ob
膰,ot
膱,oo
膲,oh
膳,ok
膴,oh
膵,ou
膶,ow
膷,og
膸,oo
膹,ob
膺,go
膻,od
膼,ok
膽,ok
膾,oo
膿,oi
臀,uo
臁,oj
臂,uo
臃,ov
臄,ou
臅,oi
臆,ox
臇,ok
臈,or
臉,or
臊,oa
臋,ur
臌,ov
臍,oo
臎,ou
臏,ob
臐,oh
臑,oe
臒,oy
臓,oi
臔,ob
臕,oh
臖,jo
臗,od
臘,ov
臙,oh
臚,om
臛,ov
臜,ob
臝,wg
臞,ov
臟,oi
臠,xr
臡,cr
臢,ob
臣,kl
臤,iy
臥,ir
臦,ii
臧,vi
臨,ik
臩,il
自,po
臫,zv
臬,za
臭,zq
臮,zr
臯,zu
臰,zb
臱,zf
臲,zv
至,gt
致,gw
臵,gk
臶,gz
臷,gt
臸,gt
臹,gi
臺,tt
臻,gh
臼,pa
臽,dj
臾,jr
臿,qj
舀,vj
舁,jc
舂,ij
舃,jh
舄,jh
舅,jl
舆,jb
與,jb
興,jb
舉,jf
舊,cj
舋,jq
舌,qk
舍,rg
舎,ru
舏,uj
舐,uu
舑,ur
舒,ry
舓,uw
舔,ux
舕,uh
舖,rf
舗,rf
舘,rl
舙,uu
舚,uk
舛,xf
舜,vf
舝,wf
舞,pf
舟,pd
舠,vd
舡,vg
舢,vu
舣,vy
舤,vf
舥,vb
舦,vt
舧,vd
舨,vy
舩,vg
航,vj
舫,vf
般,vu
舭,vb
舮,vh
舯,vv
舰,vj
舱,vv
舲,vs
舳,vy
舴,vv
舵,vb
舶,vb
舷,vx
舸,vk
船,vk
舺,vj
舻,vu
舼,vg
舽,vf
舾,vx
舿,vk
艀,vz
艁,vk
艂,vf
艃,vl
艄,vo
艅,vm
艆,vl
艇,vw
艈,vi
艉,vm
艊,vj
艋,vm
艌,vx
艍,vg
艎,vw
艏,vz
艐,vw
艑,vc
艒,vo
艓,va
艔,vy
艕,vf
艖,vg
艗,vm
艘,vy
艙,vk
艚,vo
艛,vn
艜,vj
艝,ve
艞,vv
艟,vl
艠,vb
艡,vt
艢,vk
艣,vl
艤,vw
艥,ve
艦,vm
艧,vy
艨,vu
艩,vo
艪,vo
艫,vm
艬,vt
艭,vy
艮,oy
良,dg
艰,yg
艱,cg
色,db
艳,fb
艴,fb
艵,bb
艶,qb
艷,ub
艸,cc
艹,al
艺,cv
艻,cl
艼,cd
艽,cj
艾,cx
艿,cn
芀,cd
芁,cj
节,ce
芃,cf
芄,cw
芅,cg
芆,ci
芇,cj
芈,cf
芉,cg
芊,cq
芋,cy
芌,ck
芍,cu
芎,cg
芏,ct
芐,cx
芑,cj
芒,cw
芓,cz
芔,cc
芕,cx
芖,cd
芗,cx
芘,cb
芙,cf
芚,ct
芛,cy
芜,cw
芝,cv
芞,cq
芟,cu
芠,cw
芡,cq
芢,ce
芣,cb
芤,cv
芥,cj
芦,ch
芧,cy
芨,cj
芩,cv
芪,cu
芫,cy
芬,cf
芭,cb
芮,cn
芯,cx
芰,cv
花,cb
芲,cl
芳,cf
芴,cw
芵,cg
芶,cg
芷,cv
芸,cy
芹,ct
芺,cy
芻,bc
芼,cm
芽,cy
芾,cj
芿,cn
苀,cj
苁,cr
苂,ch
苃,cy
苄,cb
苅,cd
苆,cd
苇,cw
苈,cl
苉,cp
苊,cv
苋,cj
苌,ci
苍,cv
苎,cv
苏,cb
苐,cd
苑,cv
苒,cr
苓,cs
苔,ck
苕,ck
苖,cy
苗,ct
苘,ck
苙,cl
苚,cy
苛,ck
苜,co
苝,cb
苞,cb
苟,cj
苠,cm
苡,cr
苢,cl
苣,cj
苤,cp
若,ck
苦,cg
苧,cd
苨,cb
苩,cb
苪,cn
苫,cv
苬,cr
苭,cl
苮,cu
苯,cb
苰,cs
英,cy
苲,cv
苳,cd
苴,cq
苵,cf
苶,cx
苷,cg
苸,ch
苹,cp
苺,cm
苻,cc
苼,cu
苽,cg
苾,cb
苿,cw
茀,cf
茁,ci
茂,cg
范,cv
茄,ck
茅,cm
茆,ce
茇,cy
茈,cb
茉,cw
茊,cq
茋,cu
茌,ct
茍,cj
茎,cj
茏,cl
茐,cd
茑,cn
茒,ce
茓,cb
茔,ct
茕,cu
茖,ck
茗,ck
茘,cd
茙,cu
茚,ce
茛,cg
茜,cx
茝,ci
茞,ci
茟,cy
茠,ca
茡,cz
茢,cd
茣,ct
茤,cx
茥,ct
茦,cu
茧,ci
茨,cq
茩,ck
茪,cg
茫,cw
茬,ct
茭,cf
茮,cx
茯,cq
茰,cn
茱,cw
茲,cy
茳,cg
茴,ck
茵,cy
茶,cm
茷,cg
茸,ce
茹,ck
茺,cy
茻,cc
茼,ck
茽,cv
茾,ck
茿,cf
荀,co
荁,cd
荂,ck
荃,cw
荄,cr
荅,ck
荆,cd
荇,cd
荈,cf
草,cu
荊,cd
荋,ce
荌,cn
荍,cw
荎,ct
荏,cw
荐,cz
荑,cy
荒,ci
荓,ck
荔,cl
荕,cl
荖,cl
荗,cd
荘,ct
荙,cd
荚,cj
荛,cw
荜,cu
荝,cd
荞,cl
荟,cy
荠,cq
荡,cp
荢,cy
荣,ca
荤,ci
荥,cu
荦,cn
荧,ch
荨,cc
荩,cd
荪,cx
荫,co
荬,cd
荭,cg
荮,cc
药,cu
荰,ct
荱,cm
荲,cl
荳,cb
荴,cf
荵,cx
荶,cv
荷,ck
荸,cz
荹,cu
荺,cy
荻,ch
荼,cm
荽,cn
荾,cw
荿,ci
莀,ci
莁,cr
莂,cd
莃,cj
莄,cg
莅,cl
莆,cf
莇,cl
莈,cu
莉,cd
莊,ct
莋,cv
莌,cx
莍,cq
莎,cu
莏,cu
莐,ce
莑,cf
莒,ck
莓,cm
莔,ck
莕,ck
莖,cg
莗,ci
莘,cx
莙,ck
莚,cv
莛,cw
莜,cw
莝,cr
莞,cy
莟,ck
莠,cn
莡,cz
莢,cr
莣,cx
莤,cy
莥,ci
莦,co
莧,cj
莨,cl
莩,cz
莪,cw
莫,cd
莬,ce
莭,ce
莮,cl
莯,ca
莰,cq
莱,cl
莲,ci
莳,cc
莴,cn
莵,cd
莶,cq
获,cq
莸,cy
莹,cy
莺,cn
莻,cb
莼,ct
莽,cc
莾,cc
莿,cd
菀,cv
菁,co
菂,cu
菃,cj
菄,cd
菅,cl
菆,cy
菇,cg
菈,cl
菉,cu
菊,cm
菋,cw
菌,ch
菍,cx
菎,cb
菏,ck
菐,yf
菑,ct
菒,ca
菓,cg
菔,cy
菕,cc
菖,co
菗,cy
菘,cg
菙,ct
菚,cg
菛,cm
菜,ca
菝,cy
菞,cp
菟,ct
菠,cp
菡,cu
菢,cb
菣,cy
菤,cv
菥,ct
菦,ct
菧,cu
菨,cn
菩,ck
菪,cu
菫,cw
菬,ck
菭,ck
菮,cr
華,cf
菰,cg
菱,cw
菲,cf
菳,cj
菴,cd
菵,cw
菶,cf
菷,cj
菸,cd
菹,cq
菺,co
菻,ca
菼,ch
菽,cy
菾,cx
菿,cd
萀,cj
萁,cb
萂,ck
萃,cu
萄,cf
萅,co
萆,cu
萇,ci
萈,cd
萉,cb
萊,cl
萋,cn
萌,co
萍,cp
萎,cn
萏,cj
萐,cz
萑,cv
萒,cy
萓,cq
萔,ck
萕,co
萖,ce
萗,cu
萘,cu
萙,ce
萚,cf
萛,cc
萜,cv
萝,cx
萞,cb
萟,cw
萠,co
萡,cb
萢,cb
萣,cz
萤,ci
营,ck
萦,cx
萧,cb
萨,ci
萩,ch
萪,cd
萫,co
萬,cd
萭,cy
萮,cd
萯,cb
萰,cj
萱,cd
萲,cy
萳,cg
萴,cd
萵,ck
萶,co
萷,cd
萸,cr
萹,cc
萺,co
萻,co
萼,ck
落,ck
萾,cm
萿,cu
葀,cu
葁,cn
葂,cl
葃,cv
葄,cv
葅,cq
葆,ca
葇,ca
葈,ca
葉,ca
葊,cc
葋,cj
葌,cn
葍,ct
葎,cy
葏,cy
葐,cm
葑,cc
葒,cg
葓,cg
葔,cu
葕,cd
葖,cq
著,co
葘,ct
葙,co
葚,cb
葛,cr
葜,cd
葝,cl
葞,ce
葟,cw
葠,cy
葡,cf
葢,cm
董,cv
葤,cc
葥,cd
葦,cf
葧,cl
葨,cy
葩,cb
葪,cd
葫,co
葬,cc
葭,cy
葮,cu
葯,cu
葰,cw
葱,cx
葲,cu
葳,cn
葴,ck
葵,ct
葶,cd
葷,ci
葸,cx
葹,cy
葺,ce
葻,cf
葼,cw
葽,cn
葾,cx
葿,co
蒀,cm
蒁,cu
蒂,cj
蒃,cu
蒄,cc
蒅,ca
蒆,cn
蒇,cb
蒈,cb
蒉,cb
蒊,cb
蒋,cc
蒌,cn
蒍,cw
蒎,cy
蒏,cy
蒐,cg
蒑,cu
蒒,cj
蒓,ct
蒔,cc
蒕,cm
蒖,cb
蒗,cl
蒘,cu
蒙,cu
蒚,cg
蒛,cg
蒜,cu
蒝,cx
蒞,cl
蒟,cj
蒠,cx
蒡,cf
蒢,cm
蒣,cm
蒤,cm
蒥,ct
蒦,cy
蒧,cv
蒨,co
蒩,cq
蒪,cc
蒫,cg
蒬,ct
蒭,cc
蒮,cv
蒯,cd
蒰,cu
蒱,cf
蒲,cf
蒳,cn
蒴,co
蒵,cd
蒶,cf
蒷,cb
蒸,ch
蒹,cj
蒺,cu
蒻,cg
蒼,ck
蒽,cx
蒾,cm
蒿,ck
蓀,cx
蓁,ch
蓂,cl
蓃,cy
蓄,ct
蓅,ci
蓆,cj
蓇,co
蓈,ce
蓉,cg
蓊,cx
蓋,cm
蓌,cw
蓍,co
蓎,ck
蓏,cg
蓐,cc
蓑,cv
蓒,cg
蓓,ck
蓔,ch
蓕,ct
蓖,cb
蓗,cz
蓘,cg
蓙,cr
蓚,cp
蓛,cw
蓜,cj
蓝,cm
蓞,cj
蓟,cd
蓠,cn
蓡,cy
蓢,co
蓣,cy
蓤,cw
蓥,cj
蓦,cm
蓧,cm
蓨,co
蓩,cl
蓪,cy
蓫,cu
蓬,cf
蓭,cd
蓮,ci
蓯,cz
蓰,cz
蓱,ck
蓲,ck
蓳,cw
蓴,cc
蓵,cz
蓶,cv
蓷,cv
蓸,co
蓹,ce
蓺,cw
蓻,cw
蓼,cp
蓽,cf
蓾,cd
蓿,cb
蔀,ce
蔁,cu
蔂,cx
蔃,ci
蔄,ck
蔅,cn
蔆,cw
蔇,cw
蔈,cu
蔉,ck
蔊,cg
蔋,cy
蔌,cq
蔍,cb
蔎,cu
蔏,ck
蔐,cg
蔑,cd
蔒,ch
蔓,cy
蔔,ct
蔕,cj
蔖,cq
蔗,ch
蔘,cp
蔙,cz
蔚,cc
蔛,cd
蔜,cw
蔝,cm
蔞,cn
蔟,cu
蔠,cd
蔡,cu
蔢,cn
蔣,cc
蔤,cu
蔥,cx
蔦,cn
蔧,ce
蔨,cv
蔩,cb
蔪,ct
蔫,ch
蔬,ci
蔭,cy
蔮,ca
蔯,cd
蔰,cb
蔱,cu
蔲,cw
蔳,co
蔴,ca
蔵,ci
蔶,cb
蔷,ck
蔸,ce
蔹,cw
蔺,cv
蔻,cy
蔼,cr
蔽,cw
蔾,ca
蔿,cw
蕀,cu
蕁,cc
蕂,cl
蕃,ct
蕄,cx
蕅,cd
蕆,cb
蕇,cu
蕈,cu
蕉,ch
蕊,cx
蕋,cv
蕌,co
蕍,cd
蕎,ck
蕏,co
蕐,cf
蕑,co
蕒,cb
蕓,cy
蕔,cy
蕕,cy
蕖,ca
蕗,ck
蕘,cw
蕙,cx
蕚,ck
蕛,cd
蕜,cx
蕝,cb
蕞,cy
蕟,cu
蕠,cx
蕡,cb
蕢,cb
蕣,cf
蕤,cu
蕥,cv
蕦,cy
蕧,cw
蕨,cq
蕩,cw
蕪,ch
蕫,cl
蕬,cx
蕭,ca
蕮,ch
蕯,cu
蕰,cm
蕱,co
蕲,ct
蕳,co
蕴,cm
蕵,cg
蕶,cs
蕷,cy
蕸,cy
蕹,cv
蕺,ce
蕻,cg
蕼,cy
蕽,ci
蕾,ct
蕿,cy
薀,cm
薁,cd
薂,cw
薃,ck
薄,cc
薅,cc
薆,cw
薇,cj
薈,co
薉,cu
薊,cd
薋,cb
薌,cg
薍,cv
薎,cg
薏,cx
薐,cw
薑,cj
薒,cm
薓,cy
薔,ck
薕,cj
薖,ck
薗,cy
薘,cy
薙,cv
薚,cw
薛,cx
薜,cx
薝,ck
薞,cg
薟,cr
薠,cy
薡,co
薢,cn
薣,cv
薤,cj
薥,ci
薦,ch
薧,cb
薨,cb
薩,cu
薪,ct
薫,ch
薬,ca
薭,cu
薮,cw
薯,co
薰,ch
薱,cc
薲,cb
薳,cy
薴,cd
薵,cc
薶,cl
薷,ce
薸,cu
薹,ct
薺,co
薻,cg
薼,ct
薽,cw
薾,cb
薿,cz
藀,ch
藁,ca
藂,cu
藃,cq
藄,cx
藅,cd
藆,cu
藇,cb
藈,ct
藉,co
藊,cc
藋,cv
藌,ci
藍,cm
藎,cm
藏,ci
藐,ce
藑,cw
藒,cr
藓,cy
藔,cx
藕,cd
藖,cb
藗,cq
藘,cx
藙,cu
藚,cb
藛,ch
藜,cu
藝,cy
藞,cu
藟,ct
藠,cb
藡,cg
藢,cw
藣,cb
藤,cu
藥,ca
藦,cu
藧,cy
藨,ch
藩,ct
藪,cw
藫,cu
藬,cb
藭,cg
藮,ch
藯,cx
藰,cd
藱,cg
藲,ck
藳,ch
藴,cm
藵,ca
藶,cv
藷,co
藸,co
藹,cr
藺,cv
藻,ca
藼,cx
藽,cj
藾,cb
藿,cv
蘀,cg
蘁,ce
蘂,ca
蘃,ca
蘄,ct
蘅,cd
蘆,cm
蘇,ch
蘈,cy
蘉,cy
蘊,cm
蘋,cy
蘌,cu
蘍,cl
蘎,cb
蘏,cy
蘐,cy
蘑,cu
蘒,cd
蘓,cy
蘔,cy
蘕,cf
蘖,ca
蘗,ca
蘘,cf
蘙,cx
蘚,cy
蘛,co
蘜,cm
蘝,cq
蘞,cw
蘟,cx
蘠,ck
蘡,cn
蘢,cl
蘣,cv
蘤,cw
蘥,cc
蘦,ck
蘧,cu
蘨,cx
蘩,cx
蘪,cm
蘫,cm
蘬,cj
蘭,cj
蘮,cd
蘯,cm
蘰,cy
蘱,cy
蘲,ct
蘳,ct
蘴,cb
蘵,co
蘶,cg
蘷,cw
蘸,ch
蘹,cx
蘺,cv
蘻,cx
蘼,cf
蘽,ca
蘾,cx
蘿,cv
虀,cj
虁,cw
虂,ck
虃,cj
虄,cu
虅,cm
虆,cx
虇,cv
虈,cy
虉,cn
虊,ca
虋,cf
虌,cd
虍,hq
虎,hj
虏,hl
虐,he
虑,hx
虒,ij
虓,jj
虔,hw
處,hj
虖,hh
虗,hq
虘,hq
虙,hb
虚,hy
虛,hy
虜,hl
虝,hw
虞,ht
號,kj
虠,wj
虡,hb
虢,vj
虣,gj
虤,hj
虥,hg
虦,gj
虧,hk
虨,hp
虩,xj
虪,hh
虫,vd
虬,iv
虭,id
虮,ij
虯,ij
虰,id
虱,vi
虲,ib
虳,iu
虴,iq
虵,iy
虶,iy
虷,ig
虸,iz
虹,ig
虺,wi
虻,iw
虼,iv
虽,ki
虾,ix
虿,wi
蚀,ui
蚁,iy
蚂,im
蚃,xi
蚄,if
蚅,iv
蚆,ib
蚇,ii
蚈,ik
蚉,wi
蚊,iw
蚋,in
蚌,if
蚍,ib
蚎,io
蚏,io
蚐,iy
蚑,iv
蚒,id
蚓,il
蚔,iu
蚕,ti
蚖,iy
蚗,ig
蚘,iy
蚙,iv
蚚,it
蚛,iv
蚜,iy
蚝,im
蚞,ia
蚟,iw
蚠,fi
蚡,if
蚢,ij
蚣,ig
蚤,ii
蚥,if
蚦,io
蚧,ij
蚨,if
蚩,ci
蚪,id
蚫,ib
蚬,ij
蚭,ib
蚮,ig
蚯,iq
蚰,iy
蚱,iv
蚲,ip
蚳,iu
蚴,il
蚵,ik
蚶,ig
蚷,ij
蚸,ii
蚹,ic
蚺,ir
蚻,ai
蚼,ij
蚽,ip
蚾,ip
蚿,ix
蛀,iv
蛁,ik
蛂,iy
蛃,in
蛄,ig
蛅,iv
蛆,iq
蛇,ib
蛈,if
蛉,is
蛊,im
蛋,zi
蛌,ig
蛍,xi
蛎,iw
蛏,it
蛐,iq
蛑,in
蛒,ik
蛓,gi
蛔,ik
蛕,io
蛖,ip
蛗,pi
蛘,iy
蛙,it
蛚,id
蛛,iw
蛜,iy
蛝,ig
蛞,iu
蛟,if
蛠,il
蛡,ix
蛢,ik
蛣,ik
蛤,ik
蛥,ix
蛦,iy
蛧,ix
蛨,ib
蛩,gi
蛪,fi
蛫,iv
蛬,gi
蛭,it
蛮,wi
蛯,il
蛰,fi
蛱,ij
蛲,iw
蛳,ij
蛴,iq
蛵,ig
蛶,ic
蛷,iq
蛸,io
蛹,iy
蛺,ir
蛻,ix
蛼,ii
蛽,ib
蛾,iw
蛿,ik
蜀,si
蜁,iz
蜂,if
蜃,ii
蜄,ii
蜅,if
蜆,ij
蜇,fi
蜈,it
蜉,iz
蜊,id
蜋,il
蜌,it
蜍,im
蜎,io
蜏,in
蜐,il
蜑,zi
蜒,iv
蜓,iw
蜔,it
蜕,ix
蜖,io
蜗,in
蜘,ik
蜙,ig
蜚,fi
蜛,ig
蜜,bi
蜝,ci
蜞,ib
蜟,io
蜠,ih
蜡,io
蜢,im
蜣,iv
蜤,ai
蜥,it
蜦,ic
蜧,iq
蜨,iz
蜩,ik
蜪,if
蜫,ib
蜬,iu
蜭,ij
蜮,ia
蜯,if
蜰,oi
蜱,iu
蜲,in
蜳,iz
蜴,iw
蜵,ia
蜶,iu
蜷,iv
蜸,ii
蜹,in
蜺,ie
蜻,io
蜼,iv
蜽,ir
蜾,ig
蜿,iv
蝀,id
蝁,yi
蝂,iy
蝃,iy
蝄,iw
蝅,ti
蝆,if
蝇,id
蝈,iy
蝉,iu
蝊,iz
蝋,if
蝌,id
蝍,ie
蝎,ir
蝏,id
蝐,io
蝑,io
蝒,im
蝓,id
蝔,ib
蝕,ui
蝖,id
蝗,iw
蝘,in
蝙,ic
蝚,ia
蝛,in
蝜,ib
蝝,iu
蝞,io
蝟,io
蝠,it
蝡,id
蝢,iy
蝣,iz
蝤,iy
蝥,mi
蝦,iy
蝧,iy
蝨,vi
蝩,iv
蝪,iw
蝫,io
蝬,iw
蝭,iz
蝮,iw
蝯,iy
蝰,it
蝱,wi
蝲,id
蝳,im
蝴,io
蝵,hi
蝶,ia
蝷,in
蝸,ik
蝹,im
蝺,iy
蝻,ig
蝼,in
蝽,io
蝾,ia
蝿,id
螀,li
螁,ig
螂,ie
螃,if
螄,ij
螅,ix
螆,iy
螇,id
螈,ix
螉,ix
螊,ij
螋,iy
螌,vi
融,gi
螎,ig
螏,iu
螐,ih
螑,iq
螒,ui
螓,ih
螔,ij
螕,ib
螖,io
螗,ik
螘,ib
螙,ai
螚,si
螛,ik
螜,ti
螝,ig
螞,im
螟,il
螠,im
螡,wi
螢,hi
螣,oi
螤,wr
螥,ik
螦,ix
螧,io
螨,il
螩,im
螪,ik
螫,ii
螬,io
螭,in
螮,ij
螯,fi
螰,ib
螱,ui
螲,it
螳,it
螴,ei
螵,iu
螶,ji
螷,gi
螸,gi
螹,it
螺,ix
螻,in
螼,iw
螽,di
螾,ib
螿,pi
蟀,iu
蟁,mi
蟂,ia
蟃,iy
蟄,ti
蟅,ih
蟆,id
蟇,ci
蟈,ia
蟉,ip
蟊,mi
蟋,ix
蟌,ix
蟍,ia
蟎,ir
蟏,ib
蟐,ij
蟑,iu
蟒,ic
蟓,iu
蟔,ih
蟕,iy
蟖,it
蟗,gi
蟘,ib
蟙,io
蟚,ti
蟛,ip
蟜,ik
蟝,ia
蟞,xi
蟟,ix
蟠,it
蟡,iw
蟢,ik
蟣,ir
蟤,ig
蟥,ib
蟦,ib
蟧,il
蟨,ii
蟩,iq
蟪,ix
蟫,iu
蟬,iu
蟭,ih
蟮,ik
蟯,iw
蟰,ia
蟱,ih
蟲,ii
蟳,ic
蟴,ci
蟵,ic
蟶,iw
蟷,it
蟸,ui
蟹,di
蟺,id
蟻,iw
蟼,ci
蟽,iy
蟾,ik
蟿,ii
蠀,ib
蠁,xi
蠂,ia
蠃,wi
蠄,in
蠅,id
蠆,ci
蠇,id
蠈,bi
蠉,iy
蠊,ij
蠋,ii
蠌,ig
蠍,iq
蠎,ic
蠏,in
蠐,io
蠑,ia
蠒,ai
蠓,iu
蠔,iu
蠕,ie
蠖,iy
蠗,iv
蠘,iv
蠙,ib
蠚,ci
蠛,id
蠜,ai
蠝,it
蠞,vi
蠟,iv
蠠,mi
蠡,hi
蠢,ii
蠣,id
蠤,bi
蠥,ci
蠦,im
蠧,ti
蠨,ia
蠩,io
蠪,li
蠫,vi
蠬,il
蠭,zi
蠮,ix
蠯,gi
蠰,if
蠱,im
蠲,bi
蠳,in
蠴,io
蠵,ik
蠶,wi
蠷,iv
蠸,iv
蠹,gi
蠺,ti
蠻,xi
蠼,iy
蠽,xi
蠾,ii
蠿,vi
血,pm
衁,wm
衂,pd
衃,pb
衄,pi
衅,pb
衆,pu
衇,py
衈,pe
衉,pk
衊,pd
衋,ym
行,rd
衍,rd
衎,rg
衏,ry
衐,rj
衑,rs
衒,rx
術,ru
衔,rj
衕,rk
衖,rg
街,rt
衘,rv
衙,rk
衚,ro
衛,rf
衜,rz
衝,rv
衞,rj
衟,rb
衠,rb
衡,rd
衢,rv
衣,wy
衤,dd
补,pb
衦,pg
衧,py
表,fy
衩,pi
衪,py
衫,pp
衬,pc
衭,pf
衮,yg
衯,pf
衰,yv
衱,pj
衲,pn
衳,pg
衴,pe
衵,po
衶,pv
衷,yv
衸,pj
衹,pu
衺,yy
衻,po
衼,pv
衽,pw
衾,ry
衿,pv
袀,py
袁,ty
袂,pg
袃,qy
袄,py
袅,ny
袆,pw
袇,pd
袈,ly
袉,pb
袊,ps
袋,ry
袌,yb
袍,pb
袎,pl
袏,pg
袐,pb
袑,pk
袒,pd
袓,pq
袔,pk
袕,pb
袖,py
袗,pp
袘,py
袙,pb
袚,py
袛,pu
袜,pw
袝,pc
袞,yk
袟,pf
袠,yf
袡,pr
袢,pb
袣,pu
袤,ym
袥,pu
袦,pi
袧,pj
袨,px
袩,pv
袪,pq
被,pp
袬,yk
袭,ly
袮,px
袯,py
袰,my
袱,pq
袲,yx
袳,px
袴,pk
袵,pw
袶,pf
袷,pk
袸,pz
袹,pb
袺,pk
袻,pe
袼,pk
袽,pk
袾,pw
袿,pt
裀,py
裁,gy
裂,dy
裃,px
裄,pd
装,ly
裆,pe
裇,pm
裈,pi
裉,pg
裊,ny
裋,pb
裌,pr
裍,pa
裎,pw
裏,yl
裐,po
裑,pu
裒,yj
裓,pc
裔,yk
裕,pg
裖,pi
裗,pi
裘,qy
裙,pk
裚,fy
裛,yb
補,pf
裝,py
裞,px
裟,dy
裠,yy
裡,pl
裢,pi
裣,pq
裤,pi
裥,po
裦,ym
裧,ph
裨,pu
裩,pb
裪,pf
裫,pa
裬,pw
裭,pj
裮,po
裯,pk
裰,py
裱,py
裲,pr
裳,xy
裴,fy
裵,yf
裶,pf
裷,pv
裸,pg
裹,yg
裺,pd
裻,uy
裼,pw
製,ny
裾,pg
裿,pk
褀,pb
褁,gy
褂,pb
褃,po
褄,pn
褅,pj
褆,pz
複,pw
褈,pv
褉,pd
褊,pc
褋,pa
褌,pi
褍,pe
褎,yh
褏,yy
褐,pr
褑,py
褒,ya
褓,pa
褔,pt
褕,pd
褖,pu
褗,pn
褘,pf
褙,po
褚,po
褛,pn
褜,oy
褝,pu
褞,pm
褟,px
褠,pr
褡,pk
褢,yg
褣,pg
褤,py
褥,pc
褦,pb
褧,ey
褨,pg
褩,vy
褪,pg
褫,pj
褬,pa
褭,ym
褮,hy
褯,pj
褰,by
褱,yx
褲,pi
褳,pi
褴,pm
褵,pn
褶,pb
褷,pz
褸,pn
褹,pw
褺,ty
褻,yw
褼,ps
褽,uy
褾,pu
褿,po
襀,pb
襁,pi
襂,pp
襃,ya
襄,yf
襅,pf
襆,pf
襇,po
襈,pg
襉,po
襊,py
襋,pu
襌,pu
襍,pa
襎,pt
襏,pu
襐,pu
襑,pc
襒,pw
襓,pw
襔,pr
襕,pj
襖,pd
襗,pg
襘,po
襙,pa
襚,pu
襛,pi
襜,pk
襝,pr
襞,uy
襟,pu
襠,pt
襡,pi
襢,pd
襣,pw
襤,pm
襥,pf
襦,pe
襧,pb
襨,pc
襩,pb
襪,pd
襫,pb
襬,pb
襭,py
襮,pu
襯,pj
襰,pb
襱,pl
襲,ly
襳,pj
襴,pj
襵,pe
襶,pg
襷,pu
襸,pb
襹,pb
襺,pi
襻,pu
襼,py
襽,pj
襾,ak
西,ak
覀,ak
要,xn
覂,xf
覃,xu
覄,xq
覅,xw
覆,xw
覇,xo
覈,xw
覉,xk
覊,xm
見,oe
覌,yj
覍,xj
覎,jz
規,fj
覐,jx
覑,pj
覒,mj
覓,vj
覔,bj
覕,bj
視,pj
覗,vj
覘,vj
覙,dj
覚,xj
覛,ij
覜,vj
覝,gj
覞,jj
覟,tj
覠,yj
覡,gj
覢,hj
覣,hj
覤,hj
覥,qj
覦,rj
覧,ij
覨,xj
覩,lj
親,lj
覫,wj
覬,uj
覭,bj
覮,hj
覯,fj
覰,hj
覱,ij
覲,cj
観,pj
覴,bj
覵,mj
覶,vj
覷,hj
覸,mj
覹,jj
覺,jj
覻,hj
覼,aj
覽,ij
覾,bj
覿,tj
觀,cj
见,ke
观,yj
觃,jz
规,fj
觅,vj
视,pj
觇,vj
览,lj
觉,xj
觊,uj
觋,gj
觌,uj
觍,qj
觎,rj
觏,fj
觐,cj
觑,hj
角,dy
觓,dj
觔,dl
觕,ny
觖,dg
觗,du
觘,du
觙,dj
觚,dg
觛,dd
觜,vy
觝,du
觞,dp
觟,dt
觠,jy
觡,dk
觢,fy
解,dn
觤,dv
觥,dg
触,di
觧,dy
觨,du
觩,dq
觪,dx
觫,du
觬,de
觭,dk
觮,du
觯,du
觰,do
觱,gy
觲,dn
觳,tu
觴,dw
觵,db
觶,du
觷,jy
觸,di
觹,dk
觺,by
觻,da
觼,dw
觽,dk
觾,dh
觿,dk
言,wk
訁,wk
訂,yd
訃,yb
訄,jk
訅,yj
訆,yj
訇,bk
計,yu
訉,yf
訊,yu
訋,yu
訌,yg
訍,yi
討,yc
訏,yy
訐,yg
訑,yy
訒,yd
訓,yi
訔,uk
訕,yu
訖,yv
託,yq
記,yj
訙,yw
訚,mk
訛,yb
訜,yf
訝,yy
訞,yy
訟,yg
訠,yl
訡,yv
訢,yt
訣,yg
訤,yx
訥,yn
訦,ye
訧,yy
訨,yv
訩,yx
訪,yf
訫,yx
訬,yu
設,yu
訮,yk
訯,yj
訰,yt
許,yw
訲,yv
訳,yi
訴,yi
訵,ys
訶,yk
訷,yu
訸,yh
訹,yu
診,yp
註,yv
証,yv
訽,yj
訾,vk
訿,yb
詀,yv
詁,yg
詂,yc
詃,yx
詄,yf
詅,ys
詆,yu
詇,yy
詈,sk
詉,yy
詊,yb
詋,yx
詌,yg
詍,yu
詎,yj
詏,yl
詐,yv
詑,yb
詒,yk
詓,yq
詔,yk
評,yp
詖,yp
詗,yk
詘,yi
詙,yy
詚,yd
詛,yq
詜,yy
詝,yd
詞,yk
詟,lk
詠,yy
詡,yx
詢,yo
詣,yo
詤,yi
詥,yk
試,yg
詧,xk
詨,yf
詩,yc
詪,yg
詫,yq
詬,yk
詭,yv
詮,yw
詯,yz
詰,yk
話,yu
該,yr
詳,yy
詴,yo
詵,ye
詶,yv
詷,yk
詸,ym
詹,dk
詺,yk
詻,yk
詼,yh
詽,yg
詾,yx
詿,yt
誀,ye
誁,yk
誂,yv
誃,yx
誄,yl
誅,yw
誆,yw
誇,yk
誈,yt
誉,xk
誊,jk
誋,yx
誌,yx
認,yx
誎,yu
誏,yl
誐,yw
誑,yw
誒,yu
誓,fk
誔,yw
誕,yv
誖,yz
誗,yd
誘,yn
誙,yg
誚,yo
誛,yy
誜,yw
誝,yk
語,yk
誟,yz
誠,yi
誡,yc
誢,yj
誣,yr
誤,yt
誥,yk
誦,yy
誧,yf
誨,ym
誩,yk
說,yx
誫,yi
説,yx
読,ye
誮,yb
誯,yo
誰,yv
誱,yz
課,yg
誳,yi
誴,yu
誵,yo
誶,yu
誷,yw
誸,yx
誹,yf
誺,yl
誻,yo
誼,yq
誽,ye
誾,mk
調,yk
諀,yu
諁,yy
諂,yj
諃,ya
諄,yz
諅,ck
諆,yb
談,yh
諈,yt
諉,yn
諊,ym
請,yo
諌,yd
諍,yy
諎,yo
諏,yy
諐,rk
諑,yu
諒,yx
諓,yg
諔,yy
諕,yj
論,yc
諗,yx
諘,yy
諙,yo
諚,yz
諛,yr
諜,ya
諝,yo
諞,yc
諟,yz
諠,yd
諡,ym
諢,yi
諣,yk
諤,yk
諥,yv
諦,yj
諧,yb
諨,yt
諩,yy
諪,yd
諫,yj
諬,hk
諭,yd
諮,yk
諯,ye
諰,yx
諱,yf
諲,yt
諳,yo
諴,yk
諵,yg
諶,yb
諷,yf
諸,yo
諹,yw
諺,yp
諻,yw
諼,yy
諽,yu
諾,yk
諿,ye
謀,ya
謁,yr
謂,yo
謃,yu
謄,ok
謅,yc
謆,yx
謇,bk
謈,ok
謉,yg
謊,yi
謋,ya
謌,yk
謍,hk
謎,ym
謏,yy
謐,ym
謑,yd
謒,yk
謓,yb
謔,ye
謕,yj
謖,yw
謗,yf
謘,yx
謙,yj
謚,ym
講,yr
謜,yx
謝,yc
謞,yk
謟,yj
謠,yf
謡,yf
謢,yy
謣,yk
謤,yu
謥,yx
謦,tk
謧,yn
謨,yd
謩,ck
謪,yk
謫,yg
謬,yp
謭,yd
謮,yb
謯,yq
謰,yi
謱,yn
謲,yp
謳,yk
謴,yb
謵,yb
謶,yh
謷,fk
謸,yw
謹,yw
謺,tk
謻,yx
謼,yh
謽,gk
謾,yy
謿,yo
譀,yw
譁,yf
譂,yu
譃,yy
譄,yo
譅,yv
譆,yk
譇,yo
譈,yw
證,yb
譊,yw
譋,yo
譌,yw
譍,gk
譎,yk
譏,yr
譐,yc
譑,yk
譒,yt
譓,yx
譔,yg
譕,yh
譖,yo
譗,yk
識,yo
譙,yh
譚,yu
譛,yo
譜,yo
譝,yd
譞,yy
譟,ya
譠,yd
譡,yt
譢,yu
譣,yr
譤,yw
譥,bk
警,ck
譧,yj
譨,yi
譩,yx
譪,yr
譫,yk
譬,uk
譭,yu
譮,yo
譯,yg
議,yw
譱,yk
譲,yf
譳,ye
譴,yl
譵,yc
譶,wk
護,yy
譸,yc
譹,yu
譺,yz
譻,bk
譼,ik
譽,jk
譾,yx
譿,yx
讀,yb
讁,yg
讂,yw
讃,yb
讄,yt
讅,yt
讆,rk
讇,yj
讈,yv
讉,yb
變,xw
讋,lk
讌,yh
讍,ye
讎,rk
讏,rk
讐,rk
讑,yc
讒,yt
讓,yf
讔,yx
讕,yj
讖,yj
讗,yk
讘,ye
讙,yv
讚,yb
讛,yy
讜,yh
讝,yw
讞,yq
讟,yk
讠,dv
计,yu
订,yd
讣,yb
认,yr
讥,yj
讦,yg
讧,yg
讨,yc
让,yu
讪,yu
讫,yv
讬,yq
训,yi
议,yy
讯,yu
记,yj
讱,yd
讲,yj
讳,yw
讴,yq
讵,yj
讶,yy
讷,yn
许,yw
讹,yb
论,yl
讻,yx
讼,yg
讽,yf
设,yu
访,yf
诀,yg
证,yv
诂,yg
诃,yk
评,yp
诅,yq
识,yv
诇,yk
诈,yv
诉,yi
诊,yp
诋,yu
诌,ye
词,yk
诎,yi
诏,yk
诐,yp
译,yf
诒,yk
诓,yw
诔,yl
试,yg
诖,yt
诗,yc
诘,yk
诙,yh
诚,yi
诛,yw
诜,ye
话,yu
诞,yv
诟,yk
诠,yw
诡,yv
询,yo
诣,yo
诤,yy
该,yr
详,yy
诧,yq
诨,yi
诩,yx
诪,yc
诫,yc
诬,yr
语,yk
诮,yo
误,yt
诰,yk
诱,yn
诲,ym
诳,yw
说,yx
诵,yy
诶,yu
请,yo
诸,yo
诹,yy
诺,yk
读,yd
诼,yu
诽,yf
课,yg
诿,yn
谀,yr
谁,yv
谂,yx
调,yk
谄,yj
谅,yx
谆,yz
谇,yu
谈,yh
谉,yu
谊,yq
谋,ya
谌,yb
谍,ya
谎,yi
谏,yj
谐,yb
谑,ye
谒,yr
谓,yo
谔,yk
谕,yd
谖,yy
谗,yd
谘,yk
谙,yo
谚,yp
谛,yj
谜,ym
谝,yc
谞,yo
谟,yd
谠,yx
谡,yw
谢,yc
谣,yf
谤,yf
谥,ym
谦,yj
谧,ym
谨,yw
谩,yy
谪,yg
谫,yd
谬,yp
谭,yu
谮,yo
谯,yh
谰,yj
谱,yo
谲,yk
谳,yq
谴,yl
谵,yk
谶,yj
谷,bk
谸,qg
谹,gs
谺,gy
谻,gf
谼,gg
谽,gk
谾,gg
谿,vg
豀,gd
豁,bg
豂,gp
豃,gw
豄,gb
豅,gl
豆,ab
豇,dg
豈,ub
豉,dv
豊,qb
豋,xb
豌,dv
豍,du
豎,ib
豏,dj
豐,ub
豑,qd
豒,ud
豓,um
豔,um
豕,au
豖,ud
豗,wu
豘,ut
豙,lu
豚,ou
豛,uu
豜,uk
豝,ub
豞,uj
豟,uv
豠,uq
象,du
豢,ju
豣,ug
豤,ug
豥,ur
豦,hu
豧,uf
豨,uj
豩,uu
豪,wu
豫,yu
豬,uo
豭,uy
豮,ub
豯,ud
豰,tu
豱,um
豲,ux
豳,uu
豴,ug
豵,uz
豶,ub
豷,ub
豸,pp
豹,vu
豺,vc
豻,vg
豼,vb
豽,vn
豾,vp
豿,vj
貀,vi
貁,vb
貂,vk
貃,vb
貄,vy
貅,va
貆,vd
貇,vg
貈,vv
貉,vk
貊,vb
貋,vg
貌,ve
貍,vl
貎,ve
貏,vu
貐,vd
貑,vy
貒,ve
貓,vt
貔,vb
貕,vd
貖,vm
貗,vn
貘,vd
貙,vk
貚,vu
貛,vv
貜,vy
貝,ob
貞,bb
貟,sb
負,db
財,bc
貢,gb
貣,gb
貤,by
貥,bj
貦,by
貧,fb
貨,rb
販,by
貪,rb
貫,mb
責,fb
貭,ib
貮,gb
貯,bd
貰,ub
貱,bp
貲,vb
貳,gb
貴,vb
貵,sb
貶,bf
買,sb
貸,rb
貹,bu
貺,bx
費,fb
貼,bv
貽,bk
貾,bu
貿,pb
賀,lb
賁,ub
賂,bk
賃,rb
賄,bo
賅,br
賆,bk
資,db
賈,xb
賉,bm
賊,bu
賋,bf
賌,wb
賍,bt
賎,bj
賏,bb
賐,bw
賑,bi
賒,bu
賓,bb
賔,bb
賕,bq
賖,bm
賗,bi
賘,bd
賙,bk
賚,lb
賛,fb
賜,bw
賝,ba
賞,xb
賟,bb
賠,bk
賡,gb
賢,ib
賣,tb
賤,bg
賥,bu
賦,bv
賧,bh
賨,bb
賩,bu
質,ib
賫,ub
賬,bi
賭,bo
賮,yb
賯,bz
賰,bo
賱,bi
賲,rb
賳,bk
賴,ub
賵,bo
賶,bk
賷,ub
賸,ob
賹,bm
賺,bj
賻,bc
購,br
賽,bb
賾,ib
賿,bp
贀,kb
贁,bw
贂,bp
贃,bx
贄,tb
贅,fb
贆,bq
贇,wb
贈,bo
贉,bu
贊,nb
贋,ib
贌,bf
贍,bk
贎,bd
贏,wb
贐,bm
贑,lb
贒,ib
贓,bi
贔,bb
贕,lb
贖,bb
贗,ib
贘,bb
贙,hb
贚,bl
贛,lb
贜,bi
贝,kr
贞,bb
负,db
贠,sb
贡,gb
财,bc
责,fb
贤,lb
败,bw
账,bi
货,rb
质,ib
贩,by
贪,rb
贫,fb
贬,bf
购,bg
贮,bv
贯,mb
贰,gb
贱,bj
贲,ub
贳,ub
贴,bv
贵,vb
贶,bx
贷,rb
贸,pb
费,fb
贺,lb
贻,bk
贼,bu
贽,fb
贾,xb
贿,bo
赀,vb
赁,rb
赂,bk
赃,bt
资,db
赅,br
赆,bd
赇,bq
赈,bi
赉,lb
赊,bu
赋,bv
赌,bo
赍,ub
赎,bd
赏,xb
赐,bw
赑,bb
赒,bk
赓,gb
赔,bk
赕,bh
赖,ub
赗,bo
赘,fb
赙,bc
赚,bj
赛,bb
赜,ib
赝,ib
赞,nb
赟,wb
赠,bo
赡,bk
赢,wb
赣,lb
赤,tb
赥,iq
赦,iw
赧,iy
赨,ii
赩,ib
赪,ib
赫,ii
赬,ib
赭,io
赮,iy
赯,ik
走,tz
赱,tv
赲,tl
赳,tj
赴,tb
赵,tx
赶,tg
起,tj
赸,tu
赹,ty
赺,tv
赻,tu
赼,tq
赽,tg
赾,tt
赿,tu
趀,td
趁,tp
趂,tx
趃,tf
趄,tq
超,tk
趆,tu
趇,tl
趈,tv
趉,ti
越,tl
趋,te
趌,tk
趍,tx
趎,tw
趏,tu
趐,tx
趑,tq
趒,tv
趓,ta
趔,td
趕,tg
趖,tr
趗,tz
趘,tm
趙,to
趚,tu
趛,tj
趜,tm
趝,tx
趞,to
趟,tk
趠,tu
趡,tv
趢,tu
趣,ty
趤,tu
趥,ty
趦,tk
趧,tz
趨,tc
趩,tg
趪,tb
趫,tk
趬,tw
趭,th
趮,ta
趯,tv
趰,tb
趱,tb
趲,tb
足,kz
趴,zb
趵,zu
趶,zy
趷,zv
趸,wz
趹,zg
趺,zf
趻,zv
趼,zk
趽,zf
趾,zv
趿,zj
跀,zo
跁,zb
跂,zv
跃,zy
跄,zv
跅,zi
跆,zk
跇,zu
跈,zp
跉,zs
跊,zw
跋,zy
跌,zf
跍,zg
跎,zb
跏,zk
跐,zb
跑,zb
跒,zk
跓,zv
跔,zj
跕,zv
跖,zu
跗,zc
跘,zb
跙,zq
跚,zc
跛,zp
跜,zb
距,zj
跞,zl
跟,zg
跠,zy
跡,zb
跢,zx
跣,ze
跤,zf
跥,za
跦,zw
跧,zw
跨,zk
跩,zy
跪,zv
跫,gz
跬,zt
跭,zf
跮,zt
路,zk
跰,zk
跱,zc
跲,zk
跳,zv
跴,zx
践,zj
跶,zd
跷,zw
跸,zu
跹,zq
跺,za
跻,zq
跼,zk
跽,zx
跾,rz
跿,zz
踀,zz
踁,zg
踂,zv
踃,zo
踄,zu
踅,fz
踆,zw
踇,zm
踈,zu
踉,zl
踊,zy
踋,ze
踌,zc
踍,zz
踎,zk
踏,zo
踐,zg
踑,zb
踒,zn
踓,zv
踔,zu
踕,zz
踖,zo
踗,zx
踘,zm
踙,zy
踚,zc
踛,zt
踜,zw
踝,zg
踞,zg
踟,zk
踠,zv
踡,zv
踢,zw
踣,zk
踤,zu
踥,zn
踦,zk
踧,zy
踨,zz
踩,za
踪,zu
踫,zy
踬,zb
踭,zy
踮,zv
踯,ze
踰,zd
踱,zy
踲,zo
踳,zo
踴,zl
踵,zv
踶,zz
踷,zo
踸,zb
踹,ze
踺,zy
踻,zk
踼,zw
踽,zy
踾,zt
踿,zh
蹀,za
蹁,zc
蹂,za
蹃,zk
蹄,zj
蹅,zd
蹆,zg
蹇,bz
蹈,zj
蹉,zg
蹊,zd
蹋,zx
蹌,zk
蹍,zy
蹎,zb
蹏,zj
蹐,zo
蹑,zy
蹒,zl
蹓,zt
蹔,iz
蹕,zf
蹖,zj
蹗,zb
蹘,zp
蹙,gz
蹚,zt
蹛,zj
蹜,zb
蹝,zz
蹞,zy
蹟,zb
蹠,zh
蹡,zc
蹢,zg
蹣,zr
蹤,zz
蹥,zi
蹦,zo
蹧,zo
蹨,zh
蹩,xz
蹪,zb
蹫,zk
蹬,zb
蹭,zo
蹮,zv
蹯,zt
蹰,zc
蹱,zl
蹲,zc
蹳,zu
蹴,zy
蹵,wz
蹶,zq
蹷,iz
蹸,zf
蹹,zx
蹺,zw
蹻,zk
蹼,zf
蹽,zx
蹾,zw
蹿,zi
躀,zb
躁,za
躂,zy
躃,zx
躄,uz
躅,zi
躆,zu
躇,zo
躈,zw
躉,cz
躊,zc
躋,zo
躌,zf
躍,zv
躎,zb
躏,zv
躐,zv
躑,ze
躒,za
躓,zb
躔,zt
躕,zc
躖,zy
躗,rz
躘,zl
躙,zv
躚,zs
躛,rz
躜,zb
躝,zj
躞,zy
躟,zf
躠,cz
躡,ze
躢,zx
躣,zv
躤,zo
躥,zv
躦,zb
躧,zb
躨,zw
躩,zy
躪,zv
身,zc
躬,ug
躭,ue
躮,uf
躯,uq
躰,ub
躱,ua
躲,ua
躳,uk
躴,ul
躵,ux
躶,ug
躷,un
躸,uk
躹,um
躺,uk
躻,ug
躼,ui
躽,un
躾,ud
躿,ul
軀,uk
軁,un
軂,ul
軃,uu
軄,uo
軅,uv
軆,ub
軇,uc
軈,ux
軉,ub
車,iu
軋,iv
軌,ij
軍,bi
軎,ik
軏,iw
軐,iu
軑,id
軒,ig
軓,if
軔,id
軕,iu
軖,iw
軗,iu
軘,it
軙,iy
軚,it
軛,iv
軜,in
軝,iu
軞,im
軟,iq
軠,iw
軡,iv
転,iy
軣,id
軤,ih
軥,ij
軦,ix
軧,iu
軨,is
軩,ik
軪,il
軫,ip
軬,si
軭,iw
軮,iy
軯,ip
軰,bi
軱,ig
軲,ig
軳,ib
軴,iv
軵,ic
軶,iv
軷,iy
軸,iy
軹,iv
軺,ik
軻,ik
軼,if
軽,it
軾,ig
軿,ik
輀,ie
輁,ig
輂,gi
較,if
輄,ig
輅,ik
輆,ir
輇,iw
輈,iv
載,gi
輊,it
輋,ui
輌,il
輍,ig
輎,io
輏,iy
輐,iy
輑,ik
輒,iv
輓,ie
輔,if
輕,ig
輖,ik
輗,ie
輘,iw
輙,iy
輚,ig
輛,ir
輜,it
輝,gi
輞,iw
輟,iy
輠,ig
輡,ij
輢,ik
輣,io
輤,io
輥,ib
輦,fi
輧,ig
輨,il
輩,fi
輪,ic
輫,if
輬,ix
輭,id
輮,ia
輯,ie
輰,iw
輱,ik
輲,ie
輳,it
輴,io
輵,ir
輶,iy
輷,ik
輸,id
輹,iw
輺,it
輻,it
輼,im
輽,it
輾,iy
輿,jb
轀,im
轁,ij
轂,tu
轃,ih
轄,ik
轅,iy
轆,ib
轇,ip
轈,ig
轉,ic
轊,ie
轋,ii
轌,ie
轍,iw
轎,ik
轏,iz
轐,if
轑,ix
轒,ib
轓,it
轔,if
轕,ir
轖,ik
轗,ix
轘,iy
轙,iw
轚,ii
轛,ic
轜,ie
轝,ji
轞,im
轟,ii
轠,it
轡,xk
轢,ia
轣,iv
轤,im
轥,iv
车,au
轧,iv
轨,ij
轩,ig
轪,id
轫,id
转,iv
轭,iv
轮,il
软,iq
轰,iy
轱,ig
轲,ik
轳,iu
轴,iy
轵,iv
轶,if
轷,ih
轸,ip
轹,il
轺,ik
轻,ij
轼,ig
载,gi
轾,it
轿,il
辀,iv
辁,iw
辂,ik
较,if
辄,iv
辅,if
辆,il
辇,fi
辈,fi
辉,gi
辊,ib
辋,iw
辌,ix
辍,iy
辎,it
辏,it
辐,it
辑,ie
辒,im
输,id
辔,sk
辕,iy
辖,ik
辗,iy
辘,ib
辙,iw
辚,if
辛,lu
辜,gx
辝,sx
辞,ux
辟,ux
辠,zx
辡,xx
辢,ux
辣,xu
辤,vx
辥,cx
辦,xl
辧,xd
辨,xl
辩,xy
辪,vx
辫,xs
辬,xw
辭,vx
辮,xx
辯,xk
辰,iy
辱,ic
農,qi
辳,ai
辴,ki
辵,pz
辶,dn
辷,za
辸,zn
边,zl
辺,zd
辻,zu
込,zr
辽,zl
达,zd
辿,zu
迀,zg
迁,zq
迂,zy
迃,zk
迄,zv
迅,zu
迆,zy
过,zc
迈,zw
迉,zu
迊,zj
迋,zw
迌,zo
迍,zt
迎,ze
迏,zt
运,zy
近,zt
迒,zj
迓,zy
返,zy
迕,zw
迖,zq
迗,zt
还,zb
这,zw
迚,zv
进,zj
远,zy
违,zw
连,zi
迟,zi
迠,zv
迡,zb
迢,zk
迣,zu
迤,zy
迥,zk
迦,zk
迧,zu
迨,zk
迩,zx
迪,zy
迫,zb
迬,zv
迭,zf
迮,zv
迯,zb
述,zu
迱,zb
迲,zq
迳,zj
迴,zk
迵,zk
迶,zo
迷,zm
迸,zk
迹,zb
迺,zx
迻,zx
迼,zk
追,zl
迾,zd
迿,zo
退,zg
送,zt
适,zu
逃,zv
逄,zf
逅,zk
逆,zn
逇,zy
逈,zk
选,ze
逊,zx
逋,zf
逌,zk
逍,zo
逎,zy
透,zn
逐,zu
逑,zq
递,zd
逓,zj
途,zm
逕,zg
逖,zh
逗,zb
逘,zu
這,zk
通,zy
逛,zw
逜,zk
逝,zt
逞,zw
速,zu
造,zk
逡,zw
逢,zf
連,zi
逤,zu
逥,zo
逦,zd
逧,zg
逨,zl
逩,zc
逪,zo
逫,zy
逬,zg
逭,zl
逮,zl
逯,zu
逰,zz
週,zk
進,zv
逳,zo
逴,zu
逵,zt
逶,zn
逷,zw
逸,zt
逹,zg
逺,zy
逻,zx
逼,zt
逽,zk
逾,zd
逿,zw
遀,zo
遁,zo
遂,zu
遃,zp
遄,ze
遅,zy
遆,zj
遇,zd
遈,zz
遉,zb
遊,zz
運,zi
遌,zk
遍,zc
過,zk
遏,zr
遐,zy
遑,zw
遒,zy
道,zz
達,zy
違,zf
遖,zg
遗,zb
遘,zr
遙,zf
遚,zy
遛,zt
遜,zx
遝,zx
遞,zj
遟,zx
遠,zy
遡,zo
遢,zx
遣,zl
遤,zm
遥,zf
遦,zb
遧,zu
遨,zw
適,zg
遪,zp
遫,zw
遬,zq
遭,zo
遮,zh
遯,zu
遰,zj
遱,zn
遲,zn
遳,zr
遴,zf
遵,zc
遶,zw
遷,zs
選,zg
遹,zk
遺,zb
遻,zn
遼,zx
遽,zu
遾,zr
避,zx
邀,zw
邁,zd
邂,zn
邃,zu
還,zy
邅,zd
邆,zb
邇,zb
邈,ze
邉,zk
邊,zf
邋,zv
邌,zu
邍,zu
邎,zx
邏,zv
邐,zb
邑,kb
邒,de
邓,ye
邔,je
邕,vb
邖,ue
邗,ge
邘,ye
邙,we
邚,ne
邛,ge
邜,xe
邝,ge
邞,fe
邟,we
邠,fe
邡,fe
邢,ke
那,ve
邤,ie
邥,be
邦,fe
邧,ye
邨,te
邩,he
邪,ye
邫,fb
邬,we
邭,je
邮,ye
邯,ge
邰,se
邱,qe
邲,be
邳,be
邴,be
邵,de
邶,be
邷,we
邸,ue
邹,de
邺,ye
邻,re
邼,ke
邽,te
邾,pe
邿,te
郀,de
郁,ue
郂,we
郃,re
郄,xe
郅,ge
郆,te
郇,be
郈,ie
郉,ge
郊,we
郋,ze
郌,tb
郍,ve
郎,le
郏,je
郐,re
郑,be
郒,lb
郓,be
郔,ze
郕,ie
郖,de
郗,xe
郘,ke
郙,fe
郚,we
郛,ve
郜,ne
郝,ie
郞,le
郟,de
郠,ge
郡,ye
郢,ke
郣,ue
郤,ge
郥,be
郦,le
郧,ke
部,le
郩,xe
郪,ue
郫,pe
郬,fe
郭,we
郮,ke
郯,he
郰,ee
郱,be
郲,le
郳,je
郴,ae
郵,qe
郶,lb
郷,xg
郸,be
郹,oe
郺,xb
郻,ve
郼,we
都,le
郾,ke
郿,ue
鄀,ce
鄁,be
鄂,xe
鄃,re
鄄,xe
鄅,ye
鄆,be
鄇,re
鄈,be
鄉,xg
鄊,xe
鄋,je
鄌,ge
鄍,be
鄎,ze
鄏,ie
鄐,xe
鄑,ye
鄒,be
鄓,ze
鄔,we
鄕,xe
鄖,ke
鄗,we
鄘,ge
鄙,ke
鄚,ce
鄛,ve
鄜,ge
鄝,xe
鄞,ce
鄟,ie
鄠,ye
鄡,ne
鄢,ve
鄣,le
鄤,oe
鄥,ne
鄦,pe
鄧,be
鄨,xb
鄩,ee
鄪,fe
鄫,be
鄬,we
鄭,be
鄮,pe
鄯,ye
鄰,me
鄱,me
鄲,xe
鄳,ke
鄴,ye
鄵,ke
鄶,re
鄷,qe
鄸,ce
鄹,ee
鄺,ge
鄻,fe
鄼,fe
鄽,ge
鄾,be
鄿,ce
酀,ce
酁,de
酂,ne
酃,ye
酄,ce
酅,ue
酆,ue
酇,ne
酈,le
酉,xa
酊,yd
酋,by
酌,yu
配,yj
酎,yc
酏,yy
酐,yg
酑,yy
酒,dy
酓,ry
酔,yu
酕,ym
酖,ye
酗,yx
酘,yu
酙,yd
酚,yf
酛,yy
酜,yf
酝,yy
酞,yt
酟,yv
酠,yk
酡,yb
酢,yv
酣,yg
酤,yg
酥,yh
酦,yy
酧,yc
酨,gy
酩,yk
酪,yk
酫,yw
酬,yv
酭,yo
酮,yk
酯,yo
酰,ye
酱,ly
酲,yw
酳,yo
酴,ym
酵,yz
酶,ym
酷,yk
酸,yw
酹,yc
酺,yf
酻,yz
酼,yi
酽,yy
酾,yd
酿,yl
醀,yv
醁,yu
醂,ya
醃,yd
醄,yf
醅,yk
醆,yg
醇,yz
醈,yh
醉,yu
醊,yy
醋,yo
醌,yb
醍,yz
醎,yk
醏,yo
醐,yo
醑,yo
醒,yu
醓,ym
醔,hy
醕,yo
醖,ym
醗,ye
醘,ym
醙,yy
醚,ym
醛,yw
醜,yg
醝,yg
醞,ym
醟,hy
醠,ym
醡,yv
醢,ym
醣,yk
醤,ly
醥,yu
醦,yp
醧,yk
醨,yn
醩,yo
醪,yp
醫,ky
醬,py
醭,yf
醮,yh
醯,ym
醰,yu
醱,yu
醲,yi
醳,yg
醴,yb
醵,yu
醶,yr
醷,yx
醸,yf
醹,ye
醺,yh
醻,yc
醼,yh
醽,yk
醾,ym
醿,yx
釀,yf
釁,jf
釂,yc
釃,yb
釄,yf
釅,yw
釆,pm
采,va
釈,mi
釉,vy
释,mf
釋,mg
里,tt
重,ql
野,ly
量,ol
釐,wl
金,rb
釒,rb
釓,jv
釔,jv
釕,jl
釖,jd
釗,jd
釘,jd
釙,jb
釚,jj
釛,jl
釜,fb
針,ju
釞,jr
釟,jb
釠,jj
釡,bj
釢,jn
釣,ju
釤,jp
釥,jx
釦,jk
釧,ji
釨,jz
釩,jf
釪,jy
釫,jk
釬,jg
釭,jg
釮,jc
釯,jw
釰,jd
釱,jd
釲,js
釳,jv
釴,jg
釵,ji
釶,jy
釷,jt
釸,jx
釹,jn
釺,jq
釻,jw
釼,jr
釽,jv
釾,jy
釿,jt
鈀,jb
鈁,jf
鈂,je
鈃,jk
鈄,jd
鈅,jo
鈆,jg
鈇,jf
鈈,jb
鈉,jn
鈊,jx
鈋,jb
鈌,jg
鈍,jt
鈎,jg
鈏,jl
鈐,jv
鈑,jy
鈒,jj
鈓,jw
鈔,ju
鈕,ji
鈖,jf
鈗,jy
鈘,jv
鈙,jy
鈚,jb
鈛,jg
鈜,js
鈝,jn
鈞,jy
鈟,jd
鈠,ju
鈡,jv
鈢,ja
鈣,jg
鈤,jo
鈥,jh
鈦,jt
鈧,jj
鈨,jy
鈩,jh
鈪,jv
鈫,jw
鈬,ji
鈭,vj
鈮,jb
鈯,ji
鈰,jj
鈱,jm
鈲,jg
鈳,jk
鈴,js
鈵,jn
鈶,jk
鈷,jg
鈸,jy
鈹,jp
鈺,jy
鈻,jl
鈼,jv
鈽,jj
鈾,jy
鈿,jt
鉀,jj
鉁,jp
鉂,ju
鉃,ju
鉄,jf
鉅,jj
鉆,jv
鉇,jy
鉈,jb
鉉,jx
鉊,jk
鉋,jb
鉌,jh
鉍,jb
鉎,ju
鉏,jq
鉐,ju
鉑,jb
鉒,jv
鉓,jj
鉔,jj
鉕,jk
鉖,jd
鉗,jg
鉘,jf
鉙,jv
鉚,je
鉛,jk
鉜,jc
鉝,jl
鉞,jl
鉟,jp
鉠,jy
鉡,jb
鉢,jb
鉣,jq
鉤,jj
鉥,ju
鉦,jv
鉧,jm
鉨,jx
鉩,jx
鉪,ju
鉫,jk
鉬,jo
鉭,jd
鉮,ju
鉯,jr
鉰,jk
鉱,js
鉲,jb
鉳,jb
鉴,lj
鉵,ji
鉶,jd
鉷,jg
鉸,jf
鉹,jx
鉺,je
鉻,jk
鉼,jk
鉽,jg
鉾,jn
鉿,jk
銀,jg
銁,jo
銂,jv
銃,jy
銄,jk
銅,jk
銆,jb
銇,jl
銈,jt
銉,jy
銊,jd
銋,jw
銌,jz
銍,jt
銎,gj
銏,jc
銐,dj
銑,je
銒,jg
銓,jw
銔,ju
銕,jy
銖,jw
銗,jk
銘,jk
銙,jk
銚,jv
銛,ju
銜,rj
銝,ja
銞,bj
銟,jj
銠,jl
銡,jk
銢,ju
銣,jk
銤,jm
銥,jy
銦,jy
銧,jg
銨,jn
銩,jq
銪,jo
銫,jb
銬,jk
銭,jj
銮,wj
銯,jx
銰,jx
銱,jj
銲,jg
銳,jx
銴,fj
銵,ju
銶,jq
銷,jo
銸,jv
銹,jn
銺,pj
銻,jd
銼,jr
銽,jk
銾,ju
銿,jy
鋀,jb
鋁,jk
鋂,jm
鋃,jl
鋄,jy
鋅,jx
鋆,tj
鋇,jb
鋈,dj
鋉,ju
鋊,jg
鋋,jv
鋌,jw
鋍,jz
鋎,jy
鋏,jr
鋐,js
鋑,jw
鋒,jf
鋓,jd
鋔,je
鋕,jx
鋖,jn
鋗,jo
鋘,jt
鋙,jk
鋚,rj
鋛,ji
鋜,jz
鋝,jc
鋞,jg
鋟,jy
鋠,ji
鋡,jk
鋢,jz
鋣,je
鋤,jl
鋥,jw
鋦,jk
鋧,jj
鋨,jw
鋩,jw
鋪,jf
鋫,hj
鋬,fj
鋭,jx
鋮,ji
鋯,jk
鋰,jl
鋱,jx
鋲,jb
鋳,jc
鋴,jx
鋵,jj
鋶,ji
鋷,jy
鋸,jg
鋹,ji
鋺,jv
鋻,ij
鋼,ju
鋽,ju
鋾,jf
鋿,jk
錀,jc
錁,jg
錂,jw
錃,dj
錄,ju
錅,hj
錆,jo
錇,jk
錈,jv
錉,jo
錊,ju
錋,jo
錌,jg
錍,ju
錎,jj
錏,jy
錐,jv
錑,jq
錒,jk
錓,jv
錔,jo
錕,jb
錖,uj
錗,jn
錘,jt
錙,jt
錚,jy
錛,jc
錜,jx
錝,ju
錞,jz
錟,jh
錠,jz
錡,jk
錢,jg
錣,jy
錤,jb
錥,jo
錦,jj
錧,jl
錨,jt
錩,jo
錪,jb
錫,jw
錬,jd
錭,jk
錮,jg
錯,jo
錰,jh
錱,jw
録,ju
錳,jm
錴,jt
錵,jb
錶,jy
錷,jv
錸,jl
錹,jo
錺,jf
錻,jv
錼,ju
錽,jw
錾,ij
錿,jj
鍀,jc
鍁,jq
鍂,jj
鍃,jx
鍄,jx
鍅,jq
鍆,jm
鍇,jb
鍈,jy
鍉,jz
鍊,jj
鍋,jk
鍌,dj
鍍,jy
鍎,jo
鍏,jf
鍐,jw
鍑,jw
鍒,ja
鍓,je
鍔,jk
鍕,ji
鍖,jb
鍗,jj
鍘,jd
鍙,dj
鍚,jw
鍛,ju
鍜,jy
鍝,jd
鍞,jb
鍟,ju
鍠,jw
鍡,jy
鍢,jt
鍣,jk
鍤,jj
鍥,jd
鍦,jy
鍧,jk
鍨,jt
鍩,jk
鍪,mj
鍫,hj
鍬,jh
鍭,ju
鍮,jd
鍯,jx
鍰,jy
鍱,ja
鍲,jo
鍳,ij
鍴,je
鍵,jy
鍶,jx
鍷,jt
鍸,jo
鍹,jd
鍺,jo
鍻,jr
鍼,jk
鍽,jc
鍾,jv
鍿,jt
鎀,jp
鎁,je
鎂,jd
鎃,jy
鎄,jk
鎅,jj
鎆,jd
鎇,jo
鎈,jg
鎉,jx
鎊,jf
鎋,jk
鎌,jj
鎍,jx
鎎,jm
鎏,dj
鎐,jf
鎑,jm
鎒,jc
鎓,jx
鎔,jg
鎕,jk
鎖,jb
鎗,jk
鎘,jg
鎙,jo
鎚,jl
鎛,jc
鎜,vj
鎝,jk
鎞,jb
鎟,ja
鎠,jv
鎡,jy
鎢,jh
鎣,hj
鎤,jg
鎥,rj
鎦,jt
鎧,jb
鎨,ju
鎩,ju
鎪,jy
鎫,jw
鎬,jk
鎭,jb
鎮,jb
鎯,je
鎰,jm
鎱,jy
鎲,jx
鎳,ja
鎴,jx
鎵,ju
鎶,jk
鎷,jm
鎸,jn
鎹,jt
鎺,jq
鎻,jb
鎼,ju
鎽,jf
鎾,jm
鎿,ju
鏀,jd
鏁,jg
鏂,jk
鏃,ju
鏄,jc
鏅,jo
鏆,jb
鏇,jz
鏈,ji
鏉,jq
鏊,fj
鏋,jr
鏌,jd
鏍,jx
鏎,jf
鏏,je
鏐,jp
鏑,jg
鏒,jp
鏓,jx
鏔,jb
鏕,jb
鏖,gj
鏗,jt
鏘,jc
鏙,jv
鏚,jx
鏛,jj
鏜,jt
鏝,jy
鏞,jo
鏟,ju
鏠,jf
鏡,je
鏢,ju
鏣,jh
鏤,jn
鏥,jb
鏦,jz
鏧,tj
鏨,ij
鏩,jt
鏪,jo
鏫,ja
鏬,jh
鏭,jx
鏮,jl
鏯,jx
鏰,jo
鏱,ju
鏲,jn
鏳,jo
鏴,jk
鏵,jf
鏶,ja
鏷,jf
鏸,jx
鏹,ji
鏺,ju
鏻,jf
鏼,ju
鏽,ja
鏾,jw
鏿,ja
鐀,jb
鐁,jt
鐂,jt
鐃,jw
鐄,jb
鐅,xj
鐆,ej
鐇,jt
鐈,jk
鐉,jg
鐊,jw
鐋,jw
鐌,ju
鐍,jk
鐎,jh
鐏,jc
鐐,jx
鐑,jk
鐒,jl
鐓,jw
鐔,ju
鐕,jo
鐖,jr
鐗,jo
鐘,jl
鐙,jb
鐚,jx
鐛,jx
鐜,wj
鐝,jq
鐞,jc
鐟,jo
鐠,jo
鐡,jb
鐢,aj
鐣,ju
鐤,jo
鐥,jk
鐦,jk
鐧,jo
鐨,jb
鐩,ju
鐪,jl
鐫,jk
鐬,ju
鐭,jd
鐮,jj
鐯,jo
鐰,ja
鐱,jr
鐲,ji
鐳,jt
鐴,jx
鐵,jw
鐶,jy
鐷,ja
鐸,jg
鐹,jk
鐺,jt
鐻,ju
鐼,jb
鐽,jy
鐾,uj
鐿,jx
鑀,jw
鑁,jw
鑂,jh
鑃,jv
鑄,jc
鑅,ja
鑆,jc
鑇,jo
鑈,jb
鑉,jm
鑊,jy
鑋,ij
鑌,jb
鑍,bj
鑎,jb
鑏,jd
鑐,je
鑑,jm
鑒,ij
鑓,jl
鑔,ju
鑕,jb
鑖,jd
鑗,ju
鑘,jt
鑙,jo
鑚,jb
鑛,jb
鑜,jb
鑝,jf
鑞,jv
鑟,jb
鑠,ja
鑡,jr
鑢,jx
鑣,jh
鑤,ju
鑥,jo
鑦,jb
鑧,jd
鑨,jl
鑩,je
鑪,jm
鑫,jj
鑬,jj
鑭,jj
鑮,jc
鑯,jj
鑰,jc
鑱,jt
鑲,jf
鑳,jz
鑴,jk
鑵,jv
鑶,ji
鑷,je
鑸,jt
鑹,jv
鑺,jv
鑻,ju
鑼,jv
鑽,jb
鑾,xj
鑿,yj
钀,jq
钁,jy
钂,jh
钃,ji
钄,jj
钅,pl
钆,jv
钇,jv
针,ju
钉,jd
钊,jd
钋,jb
钌,jl
钍,jt
钎,jq
钏,ji
钐,jp
钑,jj
钒,jf
钓,ju
钔,jm
钕,jn
钖,jp
钗,ji
钘,jk
钙,jg
钚,jb
钛,jt
钜,jj
钝,jt
钞,ju
钟,jv
钠,jn
钡,jb
钢,jx
钣,jy
钤,jv
钥,jo
钦,jq
钧,jy
钨,jw
钩,jg
钪,jj
钫,jf
钬,jh
钭,jd
钮,ji
钯,jb
钰,jy
钱,jj
钲,jv
钳,jg
钴,jg
钵,jb
钶,jk
钷,jk
钸,jj
钹,jy
钺,jl
钻,jv
钼,jo
钽,jd
钾,jj
钿,jt
铀,jy
铁,jf
铂,jb
铃,js
铄,jl
铅,jk
铆,je
铇,jb
铈,jj
铉,jx
铊,jb
铋,jb
铌,jb
铍,jp
铎,jf
铏,jd
铐,jk
铑,jl
铒,je
铓,jw
铔,jy
铕,jo
铖,ji
铗,jj
铘,je
铙,jw
铚,jt
铛,je
铜,jk
铝,jk
铞,jj
铟,jy
铠,jj
铡,jd
铢,jw
铣,je
铤,jw
铥,jq
铦,ju
铧,ju
铨,jw
铩,ja
铪,jk
铫,jv
铬,jk
铭,jk
铮,jy
铯,jb
铰,jf
铱,jy
铲,ji
铳,jy
铴,jp
铵,jn
银,jg
铷,jk
铸,jc
铹,jl
铺,jf
铻,jk
铼,jl
铽,jx
链,ji
铿,jt
销,jo
锁,jb
锂,jl
锃,jw
锄,jl
锅,jn
锆,jk
锇,jw
锈,jn
锉,jr
锊,jc
锋,jf
锌,jx
锍,ji
锎,jk
锏,jo
锐,jx
锑,jd
锒,jl
锓,jy
锔,jk
锕,jk
锖,jo
锗,jo
锘,jk
错,jo
锚,jt
锛,jc
锜,jk
锝,jc
锞,jg
锟,jb
锠,jo
锡,jw
锢,jg
锣,jx
锤,jt
锥,jv
锦,jj
锧,jb
锨,jq
锩,jv
锪,jx
锫,jk
锬,jh
锭,jz
键,jy
锯,jg
锰,jm
锱,jt
锲,jd
锳,jy
锴,jb
锵,jc
锶,jx
锷,jk
锸,jj
锹,jh
锺,jv
锻,ju
锼,jy
锽,jw
锾,jy
锿,jk
镀,jy
镁,jd
镂,jn
镃,jy
镄,jb
镅,jo
镆,jd
镇,jb
镈,jc
镉,jg
镊,jy
镋,jx
镌,jn
镍,ja
镎,ju
镏,jt
镐,jk
镑,jf
镒,jm
镓,ju
镔,jb
镕,jg
镖,ju
镗,jt
镘,jy
镙,jx
镚,jo
镛,jo
镜,je
镝,jg
镞,ju
镟,jz
镠,jp
镡,ju
镢,jq
镣,jx
镤,jf
镥,jo
镦,jw
镧,jj
镨,jo
镩,ji
镪,ji
镫,jb
镬,jy
镭,jt
镮,jy
镯,ji
镰,jj
镱,jx
镲,ju
镳,jh
镴,jv
镵,jt
镶,jf
長,ey
镸,eg
镹,ej
镺,ey
镻,ef
镼,ei
镽,ex
镾,eb
长,pn
門,ll
閁,mp
閂,ma
閃,mr
閄,mr
閅,md
閆,ms
閇,mx
閈,mg
閉,mc
閊,mu
開,mk
閌,mj
閍,mf
閎,ms
閏,mw
閐,mm
閑,ma
閒,mo
間,mo
閔,mw
閕,my
閖,mu
閗,md
閘,mj
閙,mj
閚,ml
閛,mp
閜,mk
閝,ms
閞,mc
閟,mb
閠,my
閡,mr
関,mt
閣,mk
閤,mk
閥,mg
閦,mr
閧,mg
閨,mt
閩,mi
閪,mx
閫,ma
閬,ml
閭,mk
閮,mw
閯,mu
閰,mj
閱,mx
閲,mx
閳,mi
閴,mb
閵,mv
閶,mo
閷,xr
閸,my
閹,md
閺,mw
閻,mj
閼,md
閽,mo
閾,ma
閿,my
闀,ms
闁,mm
闂,mv
闃,mq
闄,mn
闅,my
闆,mk
闇,mo
闈,mf
闉,mt
闊,mu
闋,mt
闌,mj
闍,mo
闎,mu
闏,mf
闐,mb
闑,ma
闒,mx
闓,mb
闔,mm
闕,mq
闖,mm
闗,mh
闘,mc
闙,mw
闚,mj
闛,mt
關,mj
闝,mw
闞,mw
闟,mx
闠,mb
闡,mu
闢,mx
闣,mt
闤,my
闥,my
闦,mb
闧,my
门,dv
闩,ma
闪,mr
闫,ms
闬,mg
闭,mc
问,mk
闯,mm
闰,mw
闱,mw
闲,ma
闳,ms
间,mo
闵,mw
闶,mj
闷,mx
闸,mj
闹,mj
闺,mt
闻,me
闼,md
闽,mi
闾,mk
闿,mj
阀,mg
阁,mk
阂,mr
阃,ma
阄,md
阅,mx
阆,ml
阇,mo
阈,ma
阉,md
阊,mo
阋,me
阌,my
阍,mo
阎,mj
阏,md
阐,mu
阑,mj
阒,mq
阓,mb
阔,mu
阕,mt
阖,mm
阗,mb
阘,mx
阙,mq
阚,mw
阛,my
阜,pu
阝,vl
阞,el
队,er
阠,eu
阡,eq
阢,ew
阣,ev
阤,ey
阥,eu
阦,eh
阧,ed
阨,ev
阩,ec
阪,ey
阫,eb
阬,ej
阭,ey
阮,ey
阯,ev
阰,eb
阱,ej
防,ef
阳,eo
阴,eo
阵,ei
阶,ej
阷,ev
阸,ev
阹,eq
阺,eu
阻,eq
阼,ev
阽,ev
阾,es
阿,ek
陀,eb
陁,ey
陂,ep
陃,en
附,ec
际,eu
陆,ej
陇,el
陈,ed
陉,ej
陊,ex
陋,en
陌,eb
降,ef
陎,ew
陏,eo
限,eg
陑,ee
陒,ev
陓,ek
陔,er
陕,ej
陖,ew
陗,eo
陘,eg
陙,ei
陚,ev
陛,et
陜,er
陝,er
陞,et
陟,eu
陠,ef
陡,ez
院,ey
陣,ei
除,em
陥,eo
陦,ec
陧,et
陨,eb
险,eq
陪,ek
陫,ef
陬,ey
陭,ek
陮,ev
陯,ec
陰,ey
陱,em
陲,et
陳,ed
陴,eu
陵,ew
陶,ef
陷,ej
陸,et
陹,eo
険,er
陻,et
陼,eo
陽,ew
陾,ed
陿,er
隀,ev
隁,en
隂,eg
隃,ed
隄,ez
隅,ed
隆,eu
隇,en
隈,ey
隉,et
隊,eu
隋,eo
隌,eo
隍,ew
階,eb
随,eo
隐,ex
隑,eb
隒,ej
隓,eg
隔,eg
隕,eb
隖,eh
隗,eg
隘,em
隙,eo
隚,et
際,eu
障,eu
隝,en
隞,ew
隟,eg
隠,ex
隡,eu
隢,ew
隣,ef
隤,eb
隥,eb
隦,ex
隧,eu
隨,eo
隩,ed
險,er
隫,eb
隬,eb
隭,ee
隮,eo
隯,ec
隰,eh
隱,ex
隲,em
隳,ex
隴,el
隵,eg
隶,yu
隷,tl
隸,al
隹,rv
隺,bv
隻,ry
隼,ru
隽,rn
难,yv
隿,gv
雀,xv
雁,iv
雂,rv
雃,kv
雄,uv
雅,yv
集,ra
雇,hv
雈,cv
雉,uv
雊,jv
雋,rk
雌,vv
雍,wv
雎,qv
雏,dv
雐,hv
雑,jv
雒,wv
雓,rv
雔,rv
雕,kv
雖,kv
雗,uv
雘,dy
雙,ry
雚,cv
雛,bv
雜,wv
雝,vv
雞,vv
雟,ck
雠,ry
雡,xv
離,wv
難,cv
雤,jv
雥,rv
雦,rv
雧,ra
雨,ad
雩,yk
雪,ye
雫,yx
雬,ya
雭,yj
雮,ym
雯,yw
雰,yf
雱,yf
雲,yy
雳,yl
雴,yl
雵,yy
零,ys
雷,yt
雸,yg
雹,yb
雺,ym
電,yd
雼,yu
雽,yh
雾,yl
雿,yv
需,ye
霁,yq
霂,ya
霃,ye
霄,yo
霅,yk
霆,yw
震,yi
霈,yj
霉,ym
霊,yy
霋,yn
霌,yk
霍,yv
霎,yn
霏,yf
霐,ys
霑,yv
霒,yv
霓,ye
霔,yv
霕,yt
霖,ya
霗,ys
霘,yk
霙,yy
霚,yw
霛,yg
霜,yo
霝,yk
霞,yy
霟,yg
霠,yv
霡,yy
霢,yy
霣,yb
霤,yt
霥,yu
霦,yp
霧,yl
霨,yc
霩,ye
霪,yw
霫,yb
霬,yg
霭,yr
霮,yb
霯,yb
霰,yw
霱,yk
露,yk
霳,yu
霴,yl
霵,ye
霶,yf
霷,yw
霸,yo
霹,yx
霺,yj
霻,yb
霼,ym
霽,yo
霾,yl
霿,yo
靀,yu
靁,yt
靂,yv
靃,yv
靄,yr
靅,yb
靆,yl
靇,yl
靈,yr
靉,yw
靊,yb
靋,yv
靌,yb
靍,yn
靎,yn
靏,yn
靐,yt
靑,fm
青,fo
靓,fj
靔,fq
靕,vo
靖,lo
靗,fg
靘,fb
静,fy
靚,fj
靛,fz
靜,fy
靝,fm
非,ls
靟,fm
靠,nf
靡,gf
面,ao
靣,ak
靤,mb
靥,im
靦,mj
靧,mb
靨,im
革,cu
靪,cd
靫,ci
靬,cg
靭,cd
靮,cu
靯,ct
靰,cw
靱,cr
靲,cv
靳,ct
靴,cb
靵,ci
靶,cb
靷,cl
靸,cj
靹,cn
靺,cw
靻,cq
靼,cd
靽,cb
靾,cu
靿,cl
鞀,ck
鞁,cp
鞂,ch
鞃,cs
鞄,cb
鞅,cy
鞆,cn
鞇,cy
鞈,ck
鞉,cv
鞊,ck
鞋,ct
鞌,bu
鞍,cn
鞎,cg
鞏,gu
鞐,cx
鞑,cd
鞒,cl
鞓,cw
鞔,ce
鞕,cg
鞖,cn
鞗,ru
鞘,co
鞙,co
鞚,cg
鞛,ck
鞜,co
鞝,ck
鞞,cu
鞟,cz
鞠,cm
鞡,cl
鞢,ca
鞣,ca
鞤,tu
鞥,cc
鞦,ch
鞧,cy
鞨,cr
鞩,cd
鞪,mu
鞫,ck
鞬,cy
鞭,cg
鞮,cz
鞯,cz
鞰,cm
鞱,cj
鞲,cr
鞳,ck
鞴,cy
鞵,cd
鞶,vu
鞷,gu
鞸,cf
鞹,ce
鞺,ct
鞻,cn
鞼,cb
鞽,ck
鞾,cf
鞿,cr
韀,ch
韁,cj
韂,ck
韃,cy
韄,cy
韅,ch
韆,cs
韇,cb
韈,cd
韉,ch
韊,cj
韋,wf
韌,wd
韍,wy
韎,ww
韏,jf
韐,wk
韑,gf
韒,wo
韓,uf
韔,wi
韕,wz
韖,wa
韗,wi
韘,wa
韙,of
韚,wu
韛,wy
韜,wj
韝,wr
韞,wm
韟,wu
韠,wf
韡,wf
韢,wx
韣,wi
韤,wd
韥,wb
韦,fv
韧,wd
韨,wy
韩,uw
韪,ow
韫,wm
韬,wj
韭,fa
韮,cj
韯,gj
韰,dj
韱,gj
韲,wj
音,lo
韴,lj
韵,ly
韶,lk
韷,li
韸,lf
韹,lw
韺,ly
韻,lb
韼,lf
韽,ro
韾,to
響,xo
頀,ly
頁,ab
頂,dy
頃,by
頄,jy
項,gy
順,iy
頇,gy
須,py
頉,vy
頊,wy
頋,iy
頌,gy
頍,vy
頎,iy
頏,wy
預,yy
頑,yy
頒,fy
頓,ty
頔,yy
頕,vy
頖,by
頗,py
領,ry
頙,vy
頚,yy
頛,ly
頜,ry
頝,wy
頞,by
頟,wy
頠,dy
頡,ty
頢,uy
頣,iy
頤,iy
頥,ly
頦,wy
頧,py
頨,xy
頩,by
頪,my
頫,vy
頬,jy
頭,dy
頮,uy
頯,xy
頰,dy
頱,vy
頲,zy
頳,iy
頴,bu
頵,yy
頶,ny
頷,ry
頸,jy
頹,hy
頺,hy
頻,vy
頼,uy
頽,hy
頾,pb
頿,py
顀,ry
顁,by
顂,ly
顃,hy
顄,ky
顅,hy
顆,gy
顇,wy
顈,bx
顉,jy
顊,py
顋,ty
題,oy
額,by
顎,xy
顏,wy
顐,by
顑,gy
顒,ty
顓,uy
顔,wy
顕,oy
顖,py
顗,uy
願,iy
顙,yy
顚,by
顛,uy
顜,fy
顝,gy
類,my
顟,xy
顠,xy
顡,ly
顢,cy
顣,gy
顤,ty
顥,oy
顦,ry
顧,hy
顨,yw
顩,ry
顪,vy
顫,wy
顬,yy
顭,cy
顮,by
顯,oy
顰,vu
顱,hy
顲,hy
顳,ey
顴,cy
页,ab
顶,dy
顷,by
顸,gy
项,gy
顺,iy
须,py
顼,wy
顽,yy
顾,iy
顿,ty
颀,iy
颁,fy
颂,gy
颃,wy
预,yy
颅,by
领,ry
颇,py
颈,jy
颉,ty
颊,jy
颋,zy
颌,ry
颍,bu
颎,bh
颏,wy
颐,iy
频,vy
颒,uy
颓,hy
颔,ry
颕,bu
颖,bh
颗,gy
题,oy
颙,ty
颚,xy
颛,uy
颜,wy
额,by
颞,ey
颟,cy
颠,uy
颡,yy
颢,oy
颣,my
颤,wy
颥,yy
颦,vu
颧,cy
風,ji
颩,fp
颪,xf
颫,ff
颬,fy
颭,fv
颮,fb
颯,lf
颰,fy
颱,fk
颲,fd
颳,fu
颴,fz
颵,fo
颶,fb
颷,fh
颸,fx
颹,ff
颺,fw
颻,vf
颼,fy
颽,uf
颾,fi
颿,mf
飀,ft
飁,xf
飂,fp
飃,fu
飄,xf
飅,ft
飆,qf
飇,fq
飈,fh
飉,fx
飊,hf
飋,fb
飌,cf
飍,ff
风,jx
飏,fp
飐,fv
飑,fb
飒,lf
飓,fb
飔,fx
飕,fy
飖,vf
飗,ft
飘,xf
飙,qf
飚,fh
飛,fc
飜,mf
飝,ff
飞,vd
食,rg
飠,rg
飡,dg
飢,uj
飣,ud
飤,ur
飥,uq
飦,ug
飧,xg
飨,xg
飩,ut
飪,uw
飫,uy
飬,jl
飭,ul
飮,uq
飯,uy
飰,ub
飱,dg
飲,uq
飳,uv
飴,uk
飵,uv
飶,ub
飷,uq
飸,kg
飹,ue
飺,vg
飻,up
飼,uk
飽,ub
飾,uj
飿,ui
餀,ux
餁,uw
餂,uu
餃,uf
餄,uk
餅,uk
餆,uv
餇,uk
餈,dg
餉,uk
養,yg
餋,jg
餌,ue
餍,ig
餎,uk
餏,uy
餐,dg
餑,uz
餒,un
餓,uw
餔,uf
餕,uw
餖,ub
餗,uu
餘,um
餙,uj
餚,uo
餛,ub
餜,ug
餝,uf
餞,ug
餟,uy
餠,ug
餡,uj
餢,uk
餣,ud
餤,uh
餥,fg
餦,ui
餧,un
館,ul
餩,ur
餪,ud
餫,ui
餬,uo
餭,uw
餮,dg
餯,uu
餰,ud
餱,uu
餲,ur
餳,uw
餴,uc
餵,uy
餶,uo
餷,ud
餸,ut
餹,uk
餺,uc
餻,uh
餼,um
餽,ug
餾,ut
餿,uy
饀,uj
饁,um
饂,um
饃,ud
饄,ut
饅,uy
饆,uf
饇,uk
饈,ui
饉,uw
饊,uw
饋,ub
饌,ug
饍,uk
饎,uk
饏,eg
饐,ub
饑,ur
饒,uw
饓,ua
饔,wg
饕,kg
饖,uu
饗,xg
饘,ud
饙,ub
饚,um
饛,uu
饜,ig
饝,uu
饞,ut
饟,uf
饠,uv
饡,ub
饢,uy
饣,dl
饤,ud
饥,uj
饦,uq
饧,up
饨,ut
饩,uq
饪,uw
饫,uy
饬,ul
饭,uy
饮,uq
饯,uj
饰,uj
饱,ub
饲,uk
饳,ui
饴,uk
饵,ue
饶,uw
饷,uk
饸,uk
饹,uk
饺,uf
饻,uy
饼,uk
饽,uz
饾,ub
饿,uw
馀,um
馁,un
馂,uw
馃,ug
馄,ub
馅,uj
馆,ul
馇,ud
馈,ub
馉,uo
馊,uy
馋,ud
馌,um
馍,ud
馎,uc
馏,ut
馐,ui
馑,uw
馒,uy
馓,uw
馔,ug
馕,uy
首,bz
馗,jz
馘,ba
香,ho
馚,hf
馛,hy
馜,hb
馝,hb
馞,hz
馟,hz
馠,hk
馡,hf
馢,hg
馣,hd
馤,hr
馥,hw
馦,hj
馧,hm
馨,to
馩,hb
馪,hb
馫,ho
馬,mh
馭,my
馮,dm
馯,mg
馰,mu
馱,md
馲,mq
馳,my
馴,mi
馵,mc
馶,mv
馷,mj
馸,mt
馹,mo
馺,mj
馻,my
馼,mw
馽,mv
馾,me
馿,mh
駀,my
駁,mx
駂,bm
駃,mg
駄,mt
駅,mi
駆,mq
駇,mw
駈,mq
駉,mk
駊,mp
駋,mk
駌,xm
駍,mp
駎,my
駏,mj
駐,mv
駑,nm
駒,mj
駓,mp
駔,mq
駕,lm
駖,ms
駗,mp
駘,mk
駙,mc
駚,my
駛,mu
駜,mb
駝,mb
駞,my
駟,ms
駠,me
駡,xm
駢,mk
駣,mv
駤,mt
駥,mu
駦,jm
駧,mk
駨,mo
駩,mw
駪,me
駫,mg
駬,me
駭,mr
駮,mf
駯,mw
駰,my
駱,mk
駲,mv
駳,mv
駴,mc
駵,ml
駶,mk
駷,mu
駸,my
駹,mp
駺,ml
駻,mg
駼,mm
駽,mo
駾,mx
駿,mw
騀,mw
騁,mk
騂,mx
騃,mu
騄,mu
騅,mv
騆,mk
騇,mg
騈,mg
騉,mb
騊,mf
騋,ml
騌,mu
騍,mg
騎,mk
騏,mb
騐,mx
騑,mf
騒,mi
験,mr
騔,mr
騕,mn
騖,mm
騗,hm
騘,mx
騙,mc
騚,md
騛,mf
騜,mw
騝,my
騞,mu
騟,md
騠,mz
騡,mu
騢,my
騣,mw
騤,mt
騥,ma
騦,mx
騧,mk
騨,mu
騩,mg
騪,my
騫,bm
騬,mr
騭,em
騮,mt
騯,mf
騰,om
騱,md
騲,mu
騳,mm
騴,mn
騵,mx
騶,mc
騷,mi
騸,mx
騹,mw
騺,tm
騻,mx
騼,mb
騽,mb
騾,mx
騿,mu
驀,cm
驁,fm
驂,mp
驃,mu
驄,mx
驅,mk
驆,mf
驇,tm
驈,mk
驉,my
驊,mf
驋,mu
驌,ma
驍,mw
驎,mf
驏,mz
驐,mw
驑,mt
驒,mu
驓,mo
驔,mu
驕,mk
驖,mw
驗,mr
驘,wm
驙,md
驚,cm
驛,mg
驜,mw
驝,ma
驞,mb
驟,mu
驠,mh
驡,lm
驢,mm
驣,mm
驤,mf
驥,mg
驦,mo
驧,mm
驨,mk
驩,mv
驪,mb
驫,mm
马,va
驭,my
驮,md
驯,mi
驰,my
驱,mq
驲,mo
驳,mx
驴,mh
驵,mq
驶,mu
驷,ms
驸,mc
驹,mj
驺,me
驻,mv
驼,mb
驽,nm
驾,lm
驿,mf
骀,mk
骁,mw
骂,xm
骃,my
骄,ml
骅,mu
骆,mk
骇,mr
骈,mk
骉,mm
骊,md
骋,mk
验,mq
骍,mx
骎,my
骏,mw
骐,mb
骑,mk
骒,mg
骓,mv
骔,mu
骕,mb
骖,mp
骗,mc
骘,em
骙,mt
骚,mi
骛,mm
骜,fm
骝,mt
骞,bm
骟,mx
骠,mu
骡,mx
骢,mx
骣,mz
骤,mu
骥,mg
骦,mo
骧,mf
骨,go
骩,gj
骪,gf
骫,gw
骬,gy
骭,gg
骮,gg
骯,gj
骰,gu
骱,gj
骲,gb
骳,gp
骴,gb
骵,gb
骶,gu
骷,gg
骸,gr
骹,gf
骺,gk
骻,gk
骼,gk
骽,gn
骾,gg
骿,gk
髀,gu
髁,gg
髂,gk
髃,gd
髄,go
髅,gn
髆,gc
髇,gk
髈,gf
髉,gv
髊,gg
髋,gj
髌,gb
髍,ga
髎,gp
髏,gn
髐,gw
髑,gi
髒,gc
髓,go
體,gb
髕,gb
髖,gd
髗,gm
高,wk
髙,wk
髚,wj
髛,wj
髜,wc
髝,wl
髞,wa
髟,ep
髠,ej
髡,ew
髢,ey
髣,ef
髤,ea
髥,eo
髦,em
髧,ee
髨,ey
髩,eg
髪,ey
髫,ek
髬,ep
髭,eb
髮,ey
髯,er
髰,eu
髱,eb
髲,ep
髳,em
髴,ef
髵,ee
髶,ee
髷,eq
髸,eg
髹,ea
髺,eu
髻,ek
髼,ef
髽,er
髾,eo
髿,eu
鬀,ed
鬁,ed
鬂,eb
鬃,eu
鬄,ew
鬅,eo
鬆,eg
鬇,ey
鬈,ev
鬉,ew
鬊,eo
鬋,ed
鬌,eo
鬍,eo
鬎,ed
鬏,eh
鬐,eo
鬑,ej
鬒,eb
鬓,eb
鬔,ef
鬕,ed
鬖,ep
鬗,er
鬘,ey
鬙,eo
鬚,ey
鬛,ev
鬜,eo
鬝,eo
鬞,ei
鬟,ey
鬠,eo
鬡,ed
鬢,eb
鬣,ev
鬤,ef
鬥,ll
鬦,md
鬧,mj
鬨,mg
鬩,me
鬪,mc
鬫,mw
鬬,mt
鬭,mt
鬮,mg
鬯,kb
鬰,ap
鬱,ap
鬲,al
鬳,hg
鬴,gf
鬵,wg
鬶,fg
鬷,gw
鬸,gt
鬹,fg
鬺,gw
鬻,gg
鬼,ps
鬽,gp
鬾,gv
鬿,gt
魀,gj
魁,gd
魂,yg
魃,gy
魄,bg
魅,gw
魆,gl
魇,ig
魈,go
魉,gl
魊,ga
魋,gv
魌,gb
魍,gw
魎,gr
魏,hg
魐,gj
魑,gn
魒,gu
魓,gf
魔,gg
魕,gr
魖,gy
魗,tg
魘,ig
魙,dg
魚,dh
魛,yd
魜,yr
魝,yd
魞,yr
魟,yg
魠,yq
魡,yu
魢,yj
魣,yy
魤,yb
魥,yj
魦,yu
魧,yj
魨,yt
魩,yw
魪,yj
魫,ye
魬,yy
魭,yy
魮,yb
魯,yo
魰,yw
魱,yh
魲,yh
魳,yj
魴,yf
魵,yf
魶,yn
魷,yy
魸,yp
魹,ym
魺,yk
魻,yj
魼,yq
魽,yg
魾,yp
魿,ys
鮀,yb
鮁,yy
鮂,yr
鮃,yp
鮄,yf
鮅,yb
鮆,vy
鮇,yw
鮈,yj
鮉,yk
鮊,yb
鮋,yy
鮌,yx
鮍,yp
鮎,yv
鮏,yu
鮐,yk
鮑,yb
鮒,yc
鮓,yv
鮔,yj
鮕,yg
鮖,yu
鮗,yd
鮘,yg
鮙,yx
鮚,yk
鮛,yx
鮜,yk
鮝,jy
鮞,ye
鮟,yn
鮠,yv
鮡,yv
鮢,yw
鮣,ye
鮤,dy
鮥,yk
鮦,yk
鮧,yy
鮨,yo
鮩,yk
鮪,yo
鮫,yf
鮬,yk
鮭,yt
鮮,yy
鮯,yk
鮰,yk
鮱,yl
鮲,yq
鮳,yk
鮴,ya
鮵,yx
鮶,yk
鮷,yd
鮸,ye
鮹,yo
鮺,yy
鮻,yw
鮼,yy
鮽,ym
鮾,yn
鮿,yv
鯀,yx
鯁,yg
鯂,yy
鯃,yk
鯄,yq
鯅,yv
鯆,yf
鯇,yy
鯈,ry
鯉,yl
鯊,dy
鯋,yu
鯌,yk
鯍,yi
鯎,yi
鯏,yd
鯐,yz
鯑,yj
鯒,yy
鯓,yu
鯔,yt
鯕,yb
鯖,yo
鯗,yy
鯘,yn
鯙,yz
鯚,yz
鯛,yk
鯜,yn
鯝,yg
鯞,yj
鯟,yd
鯠,yl
鯡,yf
鯢,ye
鯣,yw
鯤,yb
鯥,yt
鯦,yk
鯧,yo
鯨,yx
鯩,yc
鯪,yw
鯫,yy
鯬,hy
鯭,ym
鯮,yu
鯯,yd
鯰,yx
鯱,yj
鯲,yd
鯳,yu
鯴,yi
鯵,yp
鯶,yi
鯷,yz
鯸,yu
鯹,yu
鯺,yo
鯻,yd
鯼,yw
鯽,ye
鯾,yg
鯿,yc
鰀,yy
鰁,yu
鰂,yd
鰃,yy
鰄,yn
鰅,yd
鰆,yo
鰇,ya
鰈,ya
鰉,yw
鰊,yj
鰋,yn
鰌,yy
鰍,yh
鰎,yy
鰏,yt
鰐,yk
鰑,yw
鰒,yw
鰓,yx
鰔,yk
鰕,yy
鰖,yo
鰗,yo
鰘,yt
鰙,yk
鰚,yd
鰛,ym
鰜,yj
鰝,yk
鰞,yh
鰟,yf
鰠,yi
鰡,yt
鰢,ym
鰣,yc
鰤,yj
鰥,yx
鰦,yy
鰧,oy
鰨,yx
鰩,yf
鰪,ym
鰫,yg
鰬,yw
鰭,yo
鰮,ym
鰯,yg
鰰,yu
鰱,yi
鰲,fy
鰳,yl
鰴,ry
鰵,py
鰶,yu
鰷,ym
鰸,yk
鰹,yt
鰺,yp
鰻,yy
鰼,yb
鰽,yo
鰾,yu
鰿,yb
鱀,gy
鱁,yu
鱂,yc
鱃,yi
鱄,yc
鱅,yo
鱆,yu
鱇,yl
鱈,ye
鱉,xy
鱊,yk
鱋,yy
鱌,yu
鱍,yu
鱎,yk
鱏,yu
鱐,ya
鱑,yb
鱒,yc
鱓,yu
鱔,yk
鱕,yt
鱖,yq
鱗,yf
鱘,yc
鱙,yw
鱚,yk
鱛,yo
鱜,yg
鱝,yb
鱞,yy
鱟,jy
鱠,yo
鱡,yu
鱢,ya
鱣,yd
鱤,yx
鱥,yu
鱦,yd
鱧,yb
鱨,yo
鱩,yt
鱪,yo
鱫,yw
鱬,ye
鱭,yo
鱮,yb
鱯,yy
鱰,yo
鱱,yd
鱲,yv
鱳,ya
鱴,yd
鱵,yk
鱶,yg
鱷,ye
鱸,ym
鱹,yv
鱺,yb
鱻,yy
鱼,da
鱽,yd
鱾,yj
鱿,yy
鲀,yt
鲁,yo
鲂,yf
鲃,yb
鲄,yk
鲅,yy
鲆,yp
鲇,yv
鲈,yu
鲉,yy
鲊,yv
鲋,yc
鲌,yb
鲍,yb
鲎,xy
鲏,yp
鲐,yk
鲑,yt
鲒,yk
鲓,yk
鲔,yo
鲕,ye
鲖,yk
鲗,yd
鲘,yk
鲙,yy
鲚,yq
鲛,yf
鲜,yy
鲝,yy
鲞,jy
鲟,yc
鲠,yg
鲡,yd
鲢,yi
鲣,yt
鲤,yl
鲥,yc
鲦,ya
鲧,yx
鲨,dy
鲩,yy
鲪,yk
鲫,ye
鲬,yy
鲭,yo
鲮,yw
鲯,yb
鲰,yy
鲱,yf
鲲,yb
鲳,yo
鲴,yg
鲵,ye
鲶,yx
鲷,yk
鲸,yx
鲹,yp
鲺,yi
鲻,yt
鲼,yb
鲽,ya
鲾,yt
鲿,yy
鳀,yz
鳁,ym
鳂,yy
鳃,yx
鳄,yk
鳅,yh
鳆,yw
鳇,yw
鳈,yu
鳉,yc
鳊,yc
鳋,yi
鳌,fy
鳍,yo
鳎,yx
鳏,yx
鳐,yf
鳑,yf
鳒,yj
鳓,yl
鳔,yu
鳕,ye
鳖,xy
鳗,yy
鳘,py
鳙,yo
鳚,yc
鳛,yb
鳜,yq
鳝,yk
鳞,yf
鳟,yc
鳠,yy
鳡,yx
鳢,yb
鳣,yd
鳤,yl
鳥,nh
鳦,nv
鳧,nj
鳨,nl
鳩,jn
鳪,bn
鳫,in
鳬,nj
鳭,dn
鳮,yn
鳯,jn
鳰,rn
鳱,gn
鳲,un
鳳,jn
鳴,kn
鳵,vn
鳶,gn
鳷,vn
鳸,hn
鳹,rn
鳺,fn
鳻,fn
鳼,wn
鳽,kn
鳾,bn
鳿,wn
鴀,bn
鴁,yn
鴂,gn
鴃,ng
鴄,pn
鴅,dn
鴆,bn
鴇,bn
鴈,in
鴉,yn
鴊,vn
鴋,fn
鴌,tn
鴍,wn
鴎,qn
鴏,ng
鴐,ln
鴑,nn
鴒,rn
鴓,bn
鴔,fn
鴕,nb
鴖,mn
鴗,ln
鴘,sn
鴙,un
鴚,nk
鴛,xn
鴜,vn
鴝,jn
鴞,kn
鴟,un
鴠,dn
鴡,qn
鴢,yn
鴣,gn
鴤,nd
鴥,nb
鴦,yn
鴧,bn
鴨,jn
鴩,pn
鴪,bn
鴫,tn
鴬,xn
鴭,pn
鴮,dn
鴯,en
鴰,un
鴱,cn
鴲,bn
鴳,bn
鴴,rn
鴵,vn
鴶,tn
鴷,dn
鴸,pn
鴹,yn
鴺,yn
鴻,dn
鴼,nk
鴽,nn
鴾,sn
鴿,rn
鵀,rn
鵁,wn
鵂,rn
鵃,vn
鵄,gn
鵅,wn
鵆,rn
鵇,nn
鵈,en
鵉,wn
鵊,dn
鵋,jn
鵌,nm
鵍,bn
鵎,vn
鵏,fn
鵐,gn
鵑,kn
鵒,gn
鵓,un
鵔,nw
鵕,sn
鵖,gn
鵗,xn
鵘,yn
鵙,bn
鵚,hn
鵛,jn
鵜,bn
鵝,wn
鵞,wn
鵟,qn
鵠,nn
鵡,gn
鵢,un
鵣,un
鵤,dn
鵥,bn
鵦,nu
鵧,bn
鵨,rn
鵩,on
鵪,dn
鵫,bn
鵬,on
鵭,jn
鵮,dn
鵯,pn
鵰,kn
鵱,tn
鵲,cn
鵳,hn
鵴,bn
鵵,tn
鵶,yn
鵷,bn
鵸,dn
鵹,hn
鵺,wn
鵻,nv
鵼,bn
鵽,yn
鵾,on
鵿,nc
鶀,nb
鶁,wn
鶂,jn
鶃,ne
鶄,fn
鶅,vn
鶆,ln
鶇,dn
鶈,un
鶉,wn
鶊,gn
鶋,un
鶌,un
鶍,on
鶎,bn
鶏,vn
鶐,zn
鶑,hn
鶒,un
鶓,cn
鶔,mn
鶕,ln
鶖,hn
鶗,on
鶘,gn
鶙,wn
鶚,xn
鶛,bn
鶜,cn
鶝,an
鶞,in
鶟,bn
鶠,kn
鶡,on
鶢,vn
鶣,hn
鶤,bn
鶥,un
鶦,gn
鶧,cn
鶨,hn
鶩,mn
鶪,on
鶫,jn
鶬,rn
鶭,sn
鶮,wn
鶯,hn
鶰,kn
鶱,bn
鶲,gn
鶳,nj
鶴,bn
鶵,bn
鶶,gn
鶷,bn
鶸,gn
鶹,pn
鶺,rn
鶻,gn
鶼,jn
鶽,rn
鶾,un
鶿,bn
鷀,bn
鷁,bn
鷂,vn
鷃,on
鷄,vn
鷅,xn
鷆,bn
鷇,tu
鷈,nj
鷉,in
鷊,gn
鷋,cn
鷌,nm
鷍,zn
鷎,bn
鷏,un
鷐,on
鷑,vn
鷒,in
鷓,gn
鷔,fn
鷕,kn
鷖,kn
鷗,kn
鷘,un
鷙,tn
鷚,xn
鷛,gn
鷜,un
鷝,tn
鷞,dn
鷟,fn
鷠,yn
鷡,pn
鷢,in
鷣,xn
鷤,xn
鷥,sn
鷦,rn
鷧,tn
鷨,cn
鷩,xn
鷪,on
鷫,yn
鷬,cn
鷭,mn
鷮,yn
鷯,dn
鷰,cn
鷱,zn
鷲,wn
鷳,mn
鷴,mn
鷵,un
鷶,sn
鷷,bn
鷸,mn
鷹,gn
鷺,zn
鷻,nw
鷼,mn
鷽,jn
鷾,ln
鷿,un
鸀,sn
鸁,wn
鸂,dn
鸃,nw
鸄,bn
鸅,sn
鸆,hn
鸇,wn
鸈,yn
鸉,an
鸊,un
鸋,bn
鸌,ny
鸍,an
鸎,bn
鸏,cn
鸐,xn
鸑,qn
鸒,jn
鸓,tn
鸔,nu
鸕,hn
鸖,yn
鸗,ln
鸘,yn
鸙,rn
鸚,bn
鸛,cn
鸜,on
鸝,ln
鸞,xn
鸟,na
鸠,jn
鸡,yn
鸢,gn
鸣,kn
鸤,un
鸥,qn
鸦,yn
鸧,ln
鸨,bn
鸩,bn
鸪,gn
鸫,dn
鸬,bn
鸭,jn
鸮,kn
鸯,yn
鸰,rn
鸱,un
鸲,jn
鸳,xn
鸴,xn
鸵,nb
鸶,sn
鸷,fn
鸸,en
鸹,un
鸺,rn
鸻,rn
鸼,vn
鸽,rn
鸾,wn
鸿,dn
鹀,gn
鹁,un
鹂,ln
鹃,kn
鹄,nn
鹅,wn
鹆,gn
鹇,mn
鹈,bn
鹉,gn
鹊,cn
鹋,cn
鹌,dn
鹍,on
鹎,pn
鹏,on
鹐,dn
鹑,wn
鹒,gn
鹓,bn
鹔,yn
鹕,gn
鹖,on
鹗,xn
鹘,gn
鹙,hn
鹚,bn
鹛,un
鹜,mn
鹝,gn
鹞,vn
鹟,gn
鹠,pn
鹡,rn
鹢,bn
鹣,jn
鹤,bn
鹥,kn
鹦,bn
鹧,gn
鹨,xn
鹩,dn
鹪,rn
鹫,wn
鹬,mn
鹭,zn
鹮,sn
鹯,wn
鹰,gn
鹱,ny
鹲,cn
鹳,cn
鹴,yn
鹵,vd
鹶,vv
鹷,vs
鹸,vr
鹹,vk
鹺,vg
鹻,vj
鹼,vr
鹽,im
鹾,bg
鹿,gb
麀,gb
麁,db
麂,gj
麃,gh
麄,fb
麅,gb
麆,gq
麇,gh
麈,gv
麉,gb
麊,mb
麋,gm
麌,gt
麍,gi
麎,gi
麏,gk
麐,gk
麑,ge
麒,gb
麓,ab
麔,gk
麕,gh
麖,gx
麗,lb
麘,go
麙,gk
麚,gy
麛,ge
麜,ga
麝,gc
麞,gu
麟,gf
麠,gj
麡,go
麢,gk
麣,gw
麤,gb
麥,lw
麦,fw
麧,lv
麨,lu
麩,lf
麪,lg
麫,lg
麬,lp
麭,lb
麮,lq
麯,lq
麰,ln
麱,lf
麲,lj
麳,ll
麴,lm
麵,lm
麶,ln
麷,lb
麸,ff
麹,fm
麺,fm
麻,ga
麼,gy
麽,gm
麾,gm
麿,gk
黀,gy
黁,go
黂,gb
黃,cb
黄,cb
黅,cv
黆,ce
黇,cv
黈,cv
黉,xb
黊,ct
黋,gb
黌,jb
黍,hu
黎,hu
黏,hv
黐,hn
黑,lh
黒,th
黓,lg
黔,lv
黕,le
黖,lw
黗,lt
默,lq
黙,lh
黚,lg
黛,rh
黜,li
黝,ll
點,lv
黟,lx
黠,lk
黡,ih
黢,lw
黣,lm
黤,ld
黥,lx
黦,lv
黧,hh
黨,xh
黩,ld
黪,lp
黫,lt
黬,lk
黭,lc
黮,lb
黯,lo
黰,lb
黱,oh
黲,lp
黳,kh
黴,rh
黵,lk
黶,ih
黷,lb
黸,lm
黹,yx
黺,yf
黻,yy
黼,yf
黽,kd
黾,kd
黿,yd
鼀,td
鼁,qd
鼂,od
鼃,td
鼄,pd
鼅,ud
鼆,bd
鼇,fd
鼈,xd
鼉,xd
鼊,ud
鼋,yd
鼌,od
鼍,xd
鼎,po
鼏,bo
鼐,no
鼑,po
鼒,co
鼓,tv
鼔,ty
鼕,td
鼖,uv
鼗,vv
鼘,ta
鼙,tu
鼚,ti
鼛,tk
鼜,ti
鼝,dv
鼞,tt
鼟,tb
鼠,jv
鼡,xf
鼢,jf
鼣,jq
鼤,jw
鼥,jy
鼦,jk
鼧,jb
鼨,jd
鼩,jj
鼪,ju
鼫,ju
鼬,jy
鼭,jc
鼮,jw
鼯,jk
鼰,jb
鼱,jo
鼲,ji
鼳,jq
鼴,jn
鼵,jq
鼶,jj
鼷,jd
鼸,jj
鼹,jn
鼺,jt
鼻,zw
鼼,zj
鼽,zj
鼾,zg
鼿,zw
齀,zw
齁,zj
齂,zl
齃,zr
齄,zd
齅,zq
齆,zb
齇,zq
齈,zi
齉,zy
齊,wo
齋,wx
齌,wh
齍,wm
齎,wb
齏,wj
齐,wl
齑,qj
齒,vr
齓,vv
齔,vb
齕,vv
齖,vy
齗,vt
齘,vj
齙,vb
齚,vv
齛,vu
齜,vb
齝,vk
齞,vv
齟,vq
齠,vk
齡,vs
齢,vs
齣,vj
齤,jr
齥,vy
齦,vg
齧,fr
齨,vj
齩,vf
齪,vz
齫,va
齬,vk
齭,vt
齮,vk
齯,ve
齰,vo
齱,vy
齲,vy
齳,vi
齴,vp
齵,vd
齶,vk
齷,vt
齸,vm
齹,yr
齺,vc
齻,vb
齼,vz
齽,vu
齾,hr
齿,vr
龀,vb
龁,vv
龂,vt
龃,vq
龄,vs
龅,vb
龆,vk
龇,vb
龈,vg
龉,vk
龊,vz
龋,vy
龌,vt
龍,lv
龎,il
龏,lc
龐,gl
龑,lt
龒,lu
龓,ul
龔,lg
龕,rl
龖,ll
龗,yl
龘,ll
龙,yp
龚,lg
龛,rl
龜,px
龝,hg
龞,xg
龟,dd
龠,rc
龡,rq
龢,rh
龣,ru
龤,rb
龥,ry
龦,hj
龧,oo
龨,kv
龩,ct
龪,tr
龫,ig
龬,jw
龭,mg
龮,mg
龯,jg
龰,br
龱,wx
龲,ji
龳,tt
龴,ad
龵,br
龶,br
龷,ca
龸,xb
龹,bf
龺,uu
龻,xx
龼,to
龽,hy
龾,pm
龿,ct
鿀,cy
鿁,yg
鿂,in
鿃,or
鿄,da
鿅,ps
鿆,py
鿇,ry
鿈,ri
鿉,rw
鿊,cv
鿋,pk
鿌,dx
鿍,tf
鿎,ud
鿏,jw
鿐,yy
鿑,dy
鿒,cy
鿓,cy
鿔,jk
鿕,yd
鿖,ra
鿗,ra
鿘,rk
鿙,rx
鿚,rk
鿛,db
鿜,fb
鿝,ab
鿞,db
鿟,hx
鿠,hb
鿡,sb
鿢,ek
鿣,ex
鿤,ek
鿥,lb
鿦,cj
鿧,eb
鿨,yb
鿩,yb
鿪,zh
鿫,qd
鿬,ut
鿭,jx
鿮,gj
鿯,nm
𠀀,av
𠀁,av
𠀂,av
𠀃,ka
𠀄,aa
𠀅,kp
𠀆,up
𠀇,ka
𠀉,ia
𠀊,ud
𠀋,vd
𠀍,cv
𠀎,ca
𠀏,ta
𠀐,va
𠀒,ab
𠀓,ga
𠀔,ar
𠀕,hd
𠀖,cd
𠀗,cp
𠀘,ww
𠀙,ak
𠀚,ax
𠀛,an
𠀜,aa
𠀝,xu
𠀠,cx
𠀡,ae
𠀢,ab
𠀣,aa
𠀤,da
𠀥,eo
𠀦,av
𠀧,bs
𠀨,xj
𠀩,ad
𠀪,cd
𠀫,cp
𠀬,xr
𠀭,mv
𠀮,ax
𠀯,au
𠀰,bu
𠀱,bf
𠀲,dx
𠀳,lx
𠀴,ix
𠀵,dw
𠀶,af
𠀷,ac
𠀸,av
𠀹,ak
𠀺,ab
𠀻,yd
𠀼,bx
𠀽,uy
𠀾,by
𠀿,xq
𠁀,ug
𠁁,yy
𠁂,ld
𠁃,bu
𠁄,rx
𠁅,ad
𠁆,bq
𠁇,bq
𠁈,ak
𠁉,aw
𠁊,fr
𠁋,bd
𠁌,be
𠁍,bd
𠁏,ay
𠁐,ay
𠁑,cx
𠁒,bb
𠁓,bq
𠁔,bk
𠁕,gy
𠁖,ai
𠁗,ud
𠁙,bv
𠁚,xo
𠁛,bz
𠁜,bl
𠁝,bk
𠁞,bo
𠁟,bj
𠁠,qq
𠁣,ll
𠁤,ek
𠁥,rl
𠁨,dv
𠁪,wv
𠁫,ja
𠁬,ci
𠁭,rl
𠁮,rd
𠁯,vk
𠁰,fa
𠁲,lj
𠁳,uf
𠁵,vb
𠁶,vw
𠁷,ii
𠁸,iu
𠁹,vb
𠁺,iy
𠁻,iu
𠁼,dd
𠁽,nr
𠁿,kd
𠂁,od
𠂃,qw
𠂄,dr
𠂅,ww
𠂆,pp
𠂇,ap
𠂈,vp
𠂉,pa
𠂊,pv
𠂋,ia
𠂌,pl
𠂎,pp
𠂏,nv
𠂐,nd
𠂑,pd
𠂒,pt
𠂓,ps
𠂔,dp
𠂕,pf
𠂖,fa
𠂗,ex
𠂘,id
𠂙,fp
𠂚,yp
𠂛,pv
𠂝,pv
𠂞,pk
𠂟,pu
𠂠,pk
𠂡,jf
𠂢,iy
𠂤,pl
𠂥,pc
𠂦,lu
𠂧,pg
𠂨,pc
𠂩,pp
𠂪,nb
𠂫,wn
𠂬,ib
𠂭,xd
𠂮,iv
𠂰,ij
𠂱,vn
𠂲,pl
𠂳,xl
𠂴,fa
𠂵,lf
𠂶,wp
𠂷,yg
𠂸,pc
𠂹,rr
𠂺,pc
𠂻,pv
𠂽,yy
𠂾,pb
𠃀,rv
𠃁,yy
𠃂,pp
𠃃,if
𠃄,iy
𠃅,ib
𠃆,pm
𠃇,qb
𠃈,pw
𠃊,vv
𠃋,vv
𠃌,vv
𠃍,vv
𠃎,vv
𠃏,lv
𠃐,vv
𠃑,vv
𠃒,vu
𠃓,vp
𠃔,pv
𠃕,pv
𠃖,gv
𠃗,yv
𠃘,iv
𠃙,jj
𠃚,jv
𠃛,ll
𠃜,uu
𠃝,vx
𠃞,av
𠃟,cv
𠃠,ed
𠃡,vv
𠃣,vu
𠃤,pi
𠃥,vw
𠃦,yv
𠃧,ff
𠃨,vc
𠃩,jp
𠃪,qv
𠃫,iv
𠃬,vk
𠃭,vv
𠃮,vu
𠃯,hv
𠃰,jy
𠃱,uv
𠃲,rv
𠃳,jk
𠃴,av
𠃵,bv
𠃶,vv
𠃷,hv
𠃸,tv
𠃹,vv
𠃺,vz
𠃻,dv
𠃼,pv
𠃽,gv
𠃾,kx
𠃿,vv
𠄀,vy
𠄁,jy
𠄂,vv
𠄃,av
𠄄,uv
𠄅,yv
𠄆,jt
𠄇,vk
𠄈,mv
𠄉,vv
𠄊,uv
𠄋,gv
𠄌,ll
𠄍,ll
𠄎,vv
𠄏,al
𠄐,al
𠄑,ll
𠄒,pc
𠄕,ll
𠄖,rd
𠄗,kl
𠄘,vn
𠄚,md
𠄛,yj
𠄜,um
𠄝,yh
𠄞,aa
𠄟,aa
𠄠,aa
𠄡,ex
𠄢,es
𠄣,ah
𠄤,te
𠄥,kv
𠄦,ej
𠄧,be
𠄨,eb
𠄩,se
𠄪,le
𠄫,cl
𠄬,ue
𠄭,ev
𠄮,ey
𠄯,ab
𠄰,eh
𠄱,ei
𠄲,wd
𠄳,el
𠄴,yf
𠄵,eo
𠄶,rw
𠄸,ek
𠄹,ew
𠄺,jj
𠄻,wa
𠄼,uw
𠄽,ef
𠄾,ek
𠄿,ef
𠅀,ty
𠅁,wv
𠅂,wp
𠅃,wr
𠅄,wb
𠅅,wm
𠅆,wn
𠅇,bw
𠅈,wn
𠅉,wb
𠅊,wa
𠅋,xu
𠅌,wd
𠅍,ww
𠅎,wf
𠅏,wp
𠅐,pw
𠅑,wd
𠅒,ww
𠅓,wr
𠅔,wb
𠅕,wy
𠅖,wu
𠅗,dw
𠅘,wd
𠅙,we
𠅚,wl
𠅛,wl
𠅜,wd
𠅝,wz
𠅞,wj
𠅟,wj
𠅠,wk
𠅡,wu
𠅢,wq
𠅣,ww
𠅤,wx
𠅥,wo
𠅦,wl
𠅧,wd
𠅨,ww
𠅩,ww
𠅪,ww
𠅫,wj
𠅬,wy
𠅭,wj
𠅮,wy
𠅯,wb
𠅰,wb
𠅱,gw
𠅲,wd
𠅳,wb
𠅴,wt
𠅵,wc
𠅶,ww
𠅷,wu
𠅸,wl
𠅹,wy
𠅺,wa
𠅻,wo
𠅼,wf
𠅽,wx
𠅾,ld
𠅿,wo
𠆀,wu
𠆁,wg
𠆂,wl
𠆃,wx
𠆄,lb
𠆅,wm
𠆆,wg
𠆇,wd
𠆈,wn
𠆉,wc
𠆊,wy
𠆋,wk
𠆌,wb
𠆍,wb
𠆎,wy
𠆏,wl
𠆐,wh
𠆑,wb
𠆒,wo
𠆓,ww
𠆔,we
𠆕,pw
𠆖,wk
𠆗,wk
𠆙,ww
𠆚,wb
𠆛,wu
𠆜,wn
𠆝,wg
𠆞,wd
𠆟,wu
𠆠,wh
𠆡,wh
𠆢,rr
𠆣,ar
𠆤,rl
𠆥,rp
𠆦,va
𠆧,rr
𠆨,rl
𠆩,rf
𠆪,rb
𠆫,rc
𠆬,rv
𠆮,rl
𠆯,ri
𠆰,rl
𠆱,rd
𠆲,rg
𠆳,ru
𠆴,ur
𠆵,rk
𠆶,re
𠆷,jj
𠆸,ry
𠆹,rp
𠆺,rl
𠆻,rk
𠆼,rl
𠆽,rs
𠆾,rl
𠆿,rw
𠇀,ry
𠇁,rl
𠇂,rd
𠇃,rb
𠇄,rt
𠇅,rw
𠇆,rj
𠇇,rd
𠇈,rv
𠇉,rj
𠇊,ry
𠇋,rk
𠇌,yr
𠇍,rx
𠇎,rc
𠇏,rv
𠇐,ry
𠇑,rf
𠇒,rr
𠇓,ry
𠇔,rm
𠇕,rb
𠇖,rf
𠇗,rg
𠇘,rl
𠇙,rk
𠇚,rj
𠇛,rj
𠇜,ry
𠇝,re
𠇞,rd
𠇟,ry
𠇠,wr
𠇡,rx
𠇢,rx
𠇣,ru
𠇤,ry
𠇥,rw
𠇦,rr
𠇧,jj
𠇨,rg
𠇩,re
𠇪,rf
𠇫,rf
𠇬,er
𠇭,rv
𠇮,rn
𠇯,rq
𠇰,rj
𠇱,rw
𠇲,ru
𠇳,rj
𠇴,rl
𠇵,rj
𠇶,rk
𠇷,ru
𠇸,ra
𠇹,rj
𠇺,rj
𠇻,rs
𠇼,rh
𠇽,rj
𠇾,ra
𠇿,pr
𠈀,rf
𠈁,rb
𠈂,bk
𠈃,ra
𠈄,ri
𠈅,rw
𠈆,rl
𠈇,rx
𠈈,rx
𠈉,rv
𠈊,rb
𠈋,ru
𠈌,rr
𠈍,rn
𠈏,rr
𠈐,ry
𠈑,rg
𠈒,rx
𠈓,rl
𠈔,rb
𠈕,rk
𠈖,rb
𠈗,rd
𠈘,rt
𠈙,rj
𠈚,rt
𠈛,rd
𠈜,rb
𠈝,rh
𠈞,rf
𠈟,re
𠈠,rn
𠈡,rj
𠈢,rv
𠈣,nr
𠈤,rn
𠈥,rg
𠈦,rw
𠈧,ry
𠈨,ra
𠈩,rj
𠈪,rt
𠈫,rj
𠈬,rt
𠈭,rn
𠈮,rz
𠈯,ry
𠈰,rv
𠈱,ru
𠈲,rk
𠈳,rh
𠈴,rz
𠈵,rp
𠈶,rj
𠈷,ru
𠈸,rx
𠈹,rw
𠈺,rt
𠈻,rk
𠈼,ry
𠈽,dr
𠈾,rg
𠈿,ry
𠉀,rt
𠉁,kr
𠉂,rd
𠉃,re
𠉄,rx
𠉅,rd
𠉆,rb
𠉇,rk
𠉈,ro
𠉉,rk
𠉊,ro
𠉋,rw
𠉌,ro
𠉍,ra
𠉎,ru
𠉏,rf
𠉐,rk
𠉑,rn
𠉒,rd
𠉓,rb
𠉔,ru
𠉕,ry
𠉖,rw
𠉗,rv
𠉘,rb
𠉙,ra
𠉚,ru
𠉛,ri
𠉜,rm
𠉝,rv
𠉞,rb
𠉟,rq
𠉠,rv
𠉡,ru
𠉢,ru
𠉣,ro
𠉤,ro
𠉥,rv
𠉦,rr
𠉧,ry
𠉨,rd
𠉩,rm
𠉪,ra
𠉫,rv
𠉬,ri
𠉭,rr
𠉮,rl
𠉯,rn
𠉰,rw
𠉱,rf
𠉲,rb
𠉳,rd
𠉴,ry
𠉵,rz
𠉶,rc
𠉷,rp
𠉸,ro
𠉹,ri
𠉺,re
𠉻,rh
𠉼,rb
𠉽,ro
𠉾,rv
𠉿,rw
𠊀,rg
𠊁,ry
𠊂,rw
𠊃,rj
𠊄,rj
𠊅,rh
𠊆,rx
𠊇,rc
𠊈,re
𠊉,rw
𠊊,rb
𠊋,rd
𠊌,rh
𠊍,ra
𠊎,rt
𠊏,rd
𠊐,rf
𠊑,rk
𠊒,rw
𠊓,rf
𠊔,rl
𠊕,rh
𠊖,rd
𠊗,ry
𠊘,ro
𠊙,rq
𠊚,rc
𠊛,or
𠊜,ru
𠊝,rk
𠊞,rx
𠊟,rd
𠊠,rf
𠊡,rv
𠊢,rn
𠊣,ri
𠊤,rr
𠊥,ru
𠊦,rv
𠊧,ry
𠊨,rb
𠊩,rz
𠊪,rb
𠊫,rz
𠊬,re
𠊭,rk
𠊮,rl
𠊯,ry
𠊰,rk
𠊱,ru
𠊲,rq
𠊳,ry
𠊴,rn
𠊵,rx
𠊶,rn
𠊷,rw
𠊸,rh
𠊹,ro
𠊺,ru
𠊻,rb
𠊼,rc
𠊽,ro
𠊾,rt
𠊿,rd
𠋀,rl
𠋁,rx
𠋂,rd
𠋃,rv
𠋄,rn
𠋅,rc
𠋆,ra
𠋇,re
𠋈,rd
𠋉,rf
𠋊,ry
𠋋,rd
𠋌,rh
𠋍,rw
𠋎,rx
𠋏,rb
𠋐,rk
𠋑,rk
𠋒,rk
𠋓,rp
𠋔,ry
𠋕,ra
𠋖,rj
𠋗,ry
𠋘,rn
𠋙,rd
𠋚,ro
𠋛,ro
𠋜,rk
𠋝,ru
𠋞,ry
𠋟,rr
𠋠,ry
𠋡,rg
𠋢,ry
𠋣,rk
𠋤,rt
𠋥,ro
𠋦,ra
𠋧,rd
𠋨,rj
𠋩,rw
𠋪,ri
𠋫,ru
𠋬,rq
𠋭,rk
𠋮,rn
𠋯,rj
𠋰,rb
𠋱,ro
𠋲,rx
𠋳,ru
𠋴,rd
𠋵,rw
𠋶,rl
𠋷,ri
𠋸,ra
𠋹,rk
𠋺,ri
𠋻,rw
𠋼,rk
𠋽,rw
𠋾,rx
𠋿,rt
𠌀,rx
𠌁,rw
𠌂,rd
𠌃,rt
𠌄,ry
𠌅,rx
𠌆,re
𠌇,re
𠌈,rc
𠌉,rd
𠌊,lb
𠌋,ru
𠌌,rx
𠌍,rw
𠌎,rh
𠌏,rf
𠌐,rb
𠌑,rb
𠌒,rw
𠌓,ru
𠌔,rv
𠌕,jj
𠌖,ra
𠌗,rb
𠌘,rw
𠌙,ru
𠌚,ru
𠌛,rb
𠌜,rk
𠌝,rj
𠌞,ry
𠌟,rp
𠌠,rt
𠌡,rt
𠌢,rw
𠌣,rk
𠌤,rx
𠌥,rh
𠌦,rn
𠌧,ru
𠌨,rf
𠌩,rj
𠌪,ro
𠌫,rf
𠌬,rn
𠌭,ru
𠌮,rh
𠌯,rn
𠌰,rw
𠌱,rv
𠌲,rt
𠌳,rr
𠌴,rj
𠌵,rn
𠌶,rk
𠌷,rw
𠌸,rg
𠌹,ru
𠌺,rl
𠌻,ru
𠌼,rx
𠌽,rf
𠌾,rw
𠌿,rz
𠍀,rd
𠍁,rw
𠍂,ra
𠍃,rj
𠍄,ry
𠍅,rw
𠍆,rd
𠍇,ra
𠍈,re
𠍉,rn
𠍊,rb
𠍋,ri
𠍌,rx
𠍍,rs
𠍎,rb
𠍏,rw
𠍐,rg
𠍑,rw
𠍒,rk
𠍓,rc
𠍔,ri
𠍕,rb
𠍖,ru
𠍗,rj
𠍘,ru
𠍙,ra
𠍚,rx
𠍛,rn
𠍜,rq
𠍝,rt
𠍞,rx
𠍟,rf
𠍠,rf
𠍡,ry
𠍢,rl
𠍣,rf
𠍤,rz
𠍥,rf
𠍦,rb
𠍧,rt
𠍨,ra
𠍩,rl
𠍪,rh
𠍫,rq
𠍬,rj
𠍭,rj
𠍮,rr
𠍯,rw
𠍰,rc
𠍱,ra
𠍲,ra
𠍳,cl
𠍴,rx
𠍵,ry
𠍶,rh
𠍷,ru
𠍸,rr
𠍹,rk
𠍺,rz
𠍻,rk
𠍼,rb
𠍽,ro
𠍾,rn
𠍿,rb
𠎀,ra
𠎁,rh
𠎂,ry
𠎃,rr
𠎄,rw
𠎅,rc
𠎆,ru
𠎇,rd
𠎈,ry
𠎉,ry
𠎊,ra
𠎋,rw
𠎌,rh
𠎍,rb
𠎎,rp
𠎏,rv
𠎐,ro
𠎑,rf
𠎒,rx
𠎓,rw
𠎔,rn
𠎕,rf
𠎖,rm
𠎗,ry
𠎘,rd
𠎙,lk
𠎚,rc
𠎛,rx
𠎝,rx
𠎞,ro
𠎟,ry
𠎠,rx
𠎡,ry
𠎢,rx
𠎣,ru
𠎤,rc
𠎥,ro
𠎦,ri
𠎧,rx
𠎨,rk
𠎩,rx
𠎪,rn
𠎫,ro
𠎬,rc
𠎭,rw
𠎮,rq
𠎯,rw
𠎰,rx
𠎱,rx
𠎲,ro
𠎳,rm
𠎴,rj
𠎵,ru
𠎶,wr
𠎷,rj
𠎸,rk
𠎹,rw
𠎺,rg
𠎻,ro
𠎼,rd
𠎽,ru
𠎾,rv
𠎿,rn
𠏀,rk
𠏁,rg
𠏂,rt
𠏃,rw
𠏄,rw
𠏅,ri
𠏆,rf
𠏇,rt
𠏈,rf
𠏉,um
𠏋,rx
𠏌,rj
𠏍,ro
𠏎,rn
𠏏,cr
𠏐,ra
𠏑,rw
𠏒,rw
𠏓,rk
𠏔,rz
𠏕,rn
𠏖,rh
𠏗,rh
𠏘,rk
𠏙,rv
𠏚,rx
𠏛,rf
𠏜,rk
𠏝,ro
𠏞,rb
𠏟,rh
𠏠,rt
𠏡,rs
𠏢,rv
𠏣,re
𠏤,rb
𠏥,rd
𠏦,rd
𠏧,rs
𠏨,rx
𠏩,rq
𠏪,rj
𠏫,rm
𠏬,rk
𠏭,ru
𠏮,rc
𠏯,ru
𠏰,rh
𠏱,rb
𠏲,ro
𠏳,vr
𠏴,rz
𠏵,rn
𠏶,rf
𠏷,ri
𠏸,rh
𠏹,ry
𠏺,rb
𠏻,ro
𠏼,rk
𠏽,rh
𠏾,rg
𠏿,rw
𠐀,rq
𠐁,ru
𠐂,rk
𠐃,rx
𠐄,ry
𠐅,rq
𠐆,rc
𠐇,ll
𠐈,rf
𠐉,re
𠐊,rb
𠐋,rp
𠐌,rb
𠐍,rw
𠐎,ry
𠐏,rb
𠐐,ru
𠐑,rz
𠐒,rg
𠐓,ry
𠐔,ro
𠐕,re
𠐖,rj
𠐗,rg
𠐘,rd
𠐙,ra
𠐚,rb
𠐛,ry
𠐜,rk
𠐝,rg
𠐞,ru
𠐟,rx
𠐠,rk
𠐡,ri
𠐢,ry
𠐣,rx
𠐤,rg
𠐥,rx
𠐦,rx
𠐧,ro
𠐨,rk
𠐩,rj
𠐪,re
𠐫,rc
𠐬,ry
𠐭,rc
𠐮,rz
𠐯,rg
𠐰,rv
𠐱,ur
𠐳,rm
𠐴,rx
𠐵,rc
𠐶,rv
𠐷,rx
𠐸,rv
𠐹,rm
𠐺,ry
𠐻,rz
𠐼,rk
𠐽,rj
𠐾,ry
𠐿,rb
𠑀,rg
𠑁,rq
𠑂,rb
𠑃,rn
𠑄,ry
𠑅,rb
𠑆,rj
𠑇,rb
𠑈,rm
𠑉,rg
𠑊,rw
𠑋,rc
𠑌,rb
𠑍,rw
𠑎,rh
𠑏,rk
𠑐,rk
𠑑,rj
𠑒,rf
𠑓,rx
𠑔,rm
𠑕,rk
𠑖,rg
𠑗,rv
𠑘,ry
𠑙,rl
𠑚,ry
𠑛,rw
𠑜,rm
𠑝,rv
𠑞,rg
𠑟,rf
𠑠,rj
𠑡,ru
𠑢,ry
𠑣,rs
𠑤,ro
𠑥,rc
𠑦,rz
𠑧,rl
𠑨,rw
𠑩,ry
𠑪,rk
𠑫,rk
𠑬,rw
𠑭,ri
𠑮,ru
𠑯,ry
𠑰,rg
𠑱,rx
𠑲,rr
𠑳,ru
𠑴,ro
𠑵,rk
𠑶,ae
𠑷,ue
𠑸,ve
𠑹,ke
𠑺,ae
𠑻,ke
𠑼,pe
𠑽,we
𠑾,de
𠑿,ew
𠒀,te
𠒁,be
𠒃,le
𠒄,iw
𠒆,pe
𠒇,pe
𠒈,uy
𠒉,yi
𠒊,sw
𠒋,we
𠒌,ce
𠒍,jv
𠒎,ne
𠒏,iy
𠒐,uw
𠒑,ny
𠒒,nl
𠒓,yx
𠒔,yk
𠒕,yy
𠒖,uy
𠒗,gu
𠒘,ud
𠒙,ut
𠒚,ud
𠒛,je
𠒜,ye
𠒝,gn
𠒞,yv
𠒟,te
𠒠,uv
𠒡,gd
𠒢,yt
𠒣,nd
𠒤,yx
𠒥,ga
𠒦,gk
𠒧,ue
𠒨,wx
𠒩,wq
𠒪,gg
𠒫,go
𠒬,ga
𠒭,ux
𠒮,vo
𠒯,re
𠒰,jl
𠒱,ue
𠒲,ug
𠒳,xy
𠒴,yy
𠒵,gj
𠒶,te
𠒷,nk
𠒸,zg
𠒹,ue
𠒺,yb
𠒻,yo
𠒼,gg
𠒽,gd
𠒾,dm
𠒿,gg
𠓀,nk
𠓁,gy
𠓂,gp
𠓃,gv
𠓄,dm
𠓅,ga
𠓆,fx
𠓇,go
𠓈,uy
𠓉,gg
𠓊,gu
𠓋,gg
𠓌,gj
𠓍,db
𠓎,uw
𠓏,uk
𠓐,gm
𠓑,go
𠓒,gb
𠓓,go
𠓔,jx
𠓕,yb
𠓖,gj
𠓗,tt
𠓘,tk
𠓙,ne
𠓚,gj
𠓛,ra
𠓜,rr
𠓝,ru
𠓞,re
𠓟,rv
𠓠,ry
𠓡,rw
𠓢,ru
𠓣,rx
𠓤,ro
𠓥,ry
𠓦,rt
𠓧,rh
𠓨,br
𠓩,lr
𠓪,rl
𠓫,rb
𠓬,wr
𠓭,ra
𠓮,rk
𠓯,rg
𠓰,ry
𠓱,rd
𠓲,ra
𠓳,re
𠓴,rl
𠓵,rr
𠓶,cr
𠓷,rx
𠓸,ra
𠓹,rc
𠓺,pr
𠓻,rc
𠓼,ru
𠓽,ri
𠓾,rw
𠓿,rf
𠔀,ba
𠔁,bb
𠔂,db
𠔃,bk
𠔄,bk
𠔅,bu
𠔆,bp
𠔇,bz
𠔈,bv
𠔉,br
𠔊,qb
𠔋,bx
𠔌,bk
𠔍,by
𠔎,bf
𠔏,cb
𠔐,ab
𠔑,ff
𠔒,bj
𠔓,wb
𠔔,yl
𠔕,fc
𠔖,cb
𠔘,fg
𠔙,pb
𠔚,wg
𠔛,kb
𠔜,jb
𠔝,cb
𠔞,ub
𠔟,by
𠔠,fa
𠔡,cf
𠔢,fv
𠔣,gg
𠔤,rg
𠔥,bh
𠔦,kb
𠔨,jj
𠔩,sa
𠔪,bt
𠔫,cv
𠔬,tb
𠔭,bp
𠔮,jf
𠔯,bf
𠔰,sb
𠔱,jb
𠔲,bf
𠔳,wj
𠔴,cg
𠔵,ck
𠔶,cb
𠔷,xg
𠔸,bb
𠔹,jg
𠔺,jk
𠔻,jb
𠔼,ka
𠔽,kk
𠔾,pa
𠔿,kr
𠕀,ky
𠕁,kc
𠕂,ar
𠕃,kw
𠕄,lv
𠕅,ao
𠕆,ua
𠕇,ud
𠕈,kr
𠕉,db
𠕊,kd
𠕋,kj
𠕌,ko
𠕍,da
𠕎,kr
𠕏,kk
𠕐,ki
𠕑,kk
𠕓,ca
𠕔,ko
𠕕,kd
𠕖,oa
𠕗,dk
𠕘,kx
𠕙,ko
𠕚,kx
𠕛,kk
𠕜,dl
𠕝,ox
𠕞,rk
𠕟,rv
𠕠,oi
𠕡,kx
𠕣,oj
𠕤,ot
𠕥,od
𠕦,od
𠕧,uk
𠕨,km
𠕪,ko
𠕫,px
𠕬,kk
𠕭,ou
𠕮,oy
𠕰,ob
𠕱,am
𠕳,br
𠕴,bj
𠕵,bf
𠕶,bw
𠕷,bn
𠕸,bw
𠕹,bt
𠕺,bg
𠕻,by
𠕼,bl
𠕽,bu
𠕾,bo
𠕿,bb
𠖀,bu
𠖁,bc
𠖂,by
𠖃,bl
𠖄,bk
𠖅,bo
𠖆,bb
𠖇,bd
𠖈,bx
𠖉,bd
𠖊,bu
𠖋,bt
𠖌,bc
𠖍,be
𠖎,by
𠖏,bk
𠖐,bt
𠖑,bd
𠖒,by
𠖓,bx
𠖔,bu
𠖕,bb
𠖖,bm
𠖗,by
𠖘,bn
𠖙,ae
𠖚,bd
𠖛,be
𠖜,bt
𠖝,bs
𠖞,bw
𠖟,bd
𠖠,bg
𠖡,yc
𠖢,bo
𠖣,bh
𠖤,bx
𠖥,bl
𠖦,bu
𠖧,bi
𠖨,bu
𠖩,by
𠖪,bi
𠖫,bb
𠖬,dv
𠖭,dl
𠖮,dj
𠖯,dv
𠖰,dv
𠖱,dy
𠖲,df
𠖳,dw
𠖴,dw
𠖵,de
𠖶,dx
𠖷,dk
𠖸,db
𠖹,dj
𠖺,db
𠖻,do
𠖼,yd
𠖽,dv
𠖾,dw
𠖿,dy
𠗀,ld
𠗁,kd
𠗂,dk
𠗃,dy
𠗄,dx
𠗅,dm
𠗆,rd
𠗇,dh
𠗈,dq
𠗉,dr
𠗊,dg
𠗋,dx
𠗌,dx
𠗍,db
𠗎,dw
𠗏,du
𠗐,dk
𠗑,dx
𠗒,df
𠗓,do
𠗔,dl
𠗕,dw
𠗖,dg
𠗗,dd
𠗘,db
𠗙,du
𠗚,du
𠗛,da
𠗜,dd
𠗝,dw
𠗞,dz
𠗟,dt
𠗠,dm
𠗡,da
𠗢,dd
𠗣,dc
𠗤,dv
𠗥,do
𠗦,dc
𠗧,dd
𠗨,da
𠗩,du
𠗪,dk
𠗫,dd
𠗬,dy
𠗭,dc
𠗮,db
𠗯,du
𠗰,dp
𠗲,od
𠗳,dj
𠗴,dg
𠗵,df
𠗶,dk
𠗷,de
𠗸,db
𠗹,dh
𠗺,dx
𠗻,dt
𠗼,dx
𠗽,dp
𠗾,dx
𠗿,dp
𠘀,od
𠘁,de
𠘂,dq
𠘃,dl
𠘄,dw
𠘅,dn
𠘆,da
𠘇,dv
𠘈,dz
𠘉,dx
𠘊,di
𠘋,do
𠘌,dj
𠘍,da
𠘎,do
𠘏,da
𠘐,dd
𠘑,dh
𠘒,dv
𠘓,du
𠘔,du
𠘕,dh
𠘖,db
𠘗,od
𠘘,dd
𠘙,da
𠘚,du
𠘛,db
𠘜,dw
𠘝,db
𠘞,dl
𠘟,dv
𠘠,dx
𠘡,bh
𠘢,dv
𠘣,dc
𠘤,dd
𠘥,dw
𠘦,dm
𠘧,pv
𠘨,pv
𠘩,bj
𠘪,jj
𠘫,jy
𠘬,jj
𠘭,sj
𠘮,xj
𠘯,js
𠘰,jx
𠘱,jp
𠘲,aj
𠘳,ju
𠘴,jq
𠘵,jk
𠘶,bj
𠘷,uv
𠘸,tj
𠘹,ls
𠘺,wj
𠘻,ff
𠘼,ji
𠘽,kj
𠘾,jq
𠙀,xj
𠙁,vj
𠙂,jv
𠙃,sj
𠙄,jq
𠙅,jl
𠙆,xj
𠙇,wj
𠙈,jf
𠙉,ij
𠙊,jo
𠙋,pj
𠙌,jy
𠙍,ji
𠙎,pj
𠙏,xj
𠙑,vj
𠙒,jb
𠙓,tj
𠙔,jg
𠙕,jk
𠙖,dj
𠙗,jv
𠙘,jj
𠙙,gj
𠙚,aj
𠙛,ej
𠙜,tf
𠙝,jj
𠙞,xj
𠙟,wj
𠙠,rj
𠙡,yb
𠙢,cj
𠙣,jq
𠙤,jn
𠙥,dj
𠙦,hf
𠙧,pb
𠙨,cx
𠙩,bb
𠙪,yj
𠙫,qj
𠙬,ji
𠙭,vj
𠙮,uf
𠙯,cb
𠙰,wf
𠙱,ud
𠙲,ju
𠙳,xj
𠙵,ka
𠙶,kl
𠙷,ku
𠙸,ks
𠙹,kf
𠙺,kq
𠙼,kk
𠙽,kt
𠙾,kf
𠚀,kt
𠚁,kf
𠚂,kw
𠚃,ak
𠚄,kr
𠚅,kg
𠚆,al
𠚇,kn
𠚈,ku
𠚉,kh
𠚊,kb
𠚋,vf
𠚌,kk
𠚍,kd
𠚎,kj
𠚏,kr
𠚐,ia
𠚑,kb
𠚓,kk
𠚔,sk
𠚕,kr
𠚖,aw
𠚗,py
𠚘,kj
𠚙,kj
𠚚,ku
𠚛,kt
𠚜,aj
𠚝,kb
𠚟,pk
𠚠,kv
𠚡,aj
𠚢,si
𠚣,vp
𠚥,dd
𠚦,ds
𠚧,ed
𠚨,jd
𠚩,bd
𠚪,dd
𠚫,yd
𠚬,bd
𠚭,ud
𠚮,dv
𠚯,wd
𠚰,nd
𠚱,bd
𠚲,qd
𠚳,gd
𠚴,vd
𠚵,jd
𠚶,fd
𠚷,ud
𠚸,gd
𠚹,ud
𠚺,ud
𠚻,pd
𠚼,fd
𠚽,vd
𠚾,yd
𠚿,yd
𠛀,gd
𠛁,pd
𠛂,dd
𠛃,ud
𠛄,xd
𠛅,qd
𠛆,wd
𠛇,dd
𠛈,fd
𠛉,fd
𠛊,ud
𠛋,bd
𠛌,bd
𠛍,fd
𠛎,jd
𠛏,sd
𠛐,wd
𠛑,xd
𠛒,gd
𠛓,pd
𠛔,dd
𠛕,ud
𠛖,ud
𠛗,dd
𠛘,dd
𠛙,bd
𠛚,yd
𠛛,rd
𠛜,jd
𠛝,jd
𠛞,dd
𠛟,ud
𠛠,xd
𠛡,bd
𠛢,vd
𠛣,dd
𠛤,vd
𠛥,bd
𠛦,pd
𠛧,kd
𠛨,ld
𠛩,sd
𠛪,vd
𠛫,xd
𠛬,gd
𠛭,yd
𠛮,rd
𠛯,ud
𠛰,gd
𠛱,vd
𠛲,rd
𠛳,wd
𠛴,wd
𠛵,gd
𠛶,bd
𠛷,rd
𠛸,vf
𠛹,kd
𠛺,vd
𠛻,pd
𠛼,bd
𠛽,fd
𠛾,id
𠛿,id
𠜀,qd
𠜁,yd
𠜂,kd
𠜃,jd
𠜄,pd
𠜅,wd
𠜆,yd
𠜇,wd
𠜈,yd
𠜉,ld
𠜊,vd
𠜋,rd
𠜌,dk
𠜍,bd
𠜎,nd
𠜏,kd
𠜐,bd
𠜑,bd
𠜒,id
𠜓,qd
𠜔,ud
𠜕,qd
𠜖,vd
𠜗,xd
𠜘,ed
𠜙,fd
𠜚,jd
𠜛,kd
𠜜,ud
𠜝,gd
𠜞,eq
𠜟,wd
𠜠,wd
𠜡,wd
𠜢,gd
𠜣,hd
𠜤,td
𠜥,id
𠜦,dg
𠜧,dd
𠜨,wd
𠜩,vd
𠜪,dd
𠜫,qd
𠜬,rd
𠜭,de
𠜮,pd
𠜯,nd
𠜰,dd
𠜱,pd
𠜲,yd
𠜳,od
𠜴,gd
𠜵,fg
𠜶,vd
𠜷,bd
𠜸,sd
𠜹,od
𠜺,hd
𠜻,gd
𠜼,dd
𠜽,xd
𠜾,ud
𠜿,ud
𠝀,ud
𠝁,wp
𠝂,jf
𠝃,ud
𠝄,vd
𠝅,bd
𠝆,jd
𠝇,gd
𠝈,pf
𠝉,ud
𠝊,ud
𠝋,ud
𠝌,sd
𠝍,qd
𠝎,dl
𠝏,rd
𠝐,cd
𠝑,ud
𠝒,dd
𠝓,rd
𠝔,nd
𠝕,db
𠝖,cd
𠝗,dd
𠝘,wd
𠝙,vd
𠝚,cd
𠝛,qd
𠝜,fd
𠝝,ud
𠝞,qd
𠝟,cd
𠝠,bd
𠝡,gd
𠝢,rd
𠝣,vd
𠝤,vd
𠝥,dd
𠝦,ud
𠝧,ed
𠝨,rd
𠝩,id
𠝪,wd
𠝫,yd
𠝬,bd
𠝭,ud
𠝮,bd
𠝯,hw
𠝰,df
𠝱,dd
𠝲,hd
𠝳,bd
𠝴,kd
𠝵,pd
𠝶,qd
𠝷,nf
𠝸,md
𠝹,td
𠝺,gd
𠝻,cd
𠝼,gd
𠝽,do
𠝾,kd
𠝿,xd
𠞀,bd
𠞁,cd
𠞂,ud
𠞃,bd
𠞄,id
𠞅,td
𠞆,wd
𠞇,pd
𠞈,od
𠞉,xd
𠞊,yd
𠞋,od
𠞌,wd
𠞍,kd
𠞎,xd
𠞏,ud
𠞐,ad
𠞑,wd
𠞒,dd
𠞓,fd
𠞔,pd
𠞕,vd
𠞖,gd
𠞗,qd
𠞘,ad
𠞙,hd
𠞚,xd
𠞛,hd
𠞜,vd
𠞝,cd
𠞞,vd
𠞟,wd
𠞠,df
𠞡,gd
𠞢,wd
𠞣,fd
𠞤,vd
𠞥,gd
𠞦,cd
𠞧,gd
𠞨,xd
𠞩,wd
𠞪,fd
𠞫,kd
𠞬,yd
𠞭,ud
𠞮,dd
𠞯,yd
𠞰,vd
𠞱,cd
𠞲,wd
𠞳,bd
𠞴,rd
𠞵,sd
𠞶,wd
𠞷,yd
𠞸,nd
𠞹,md
𠞺,dk
𠞻,wd
𠞼,rd
𠞽,bd
𠞾,rd
𠞿,sd
𠟀,dn
𠟁,ud
𠟂,bd
𠟃,bd
𠟄,id
𠟅,vd
𠟆,fd
𠟇,wd
𠟈,xd
𠟉,ud
𠟊,rd
𠟋,td
𠟌,cd
𠟍,ld
𠟎,kd
𠟏,rd
𠟐,rd
𠟑,wd
𠟒,ld
𠟓,vd
𠟔,bd
𠟕,ed
𠟖,rd
𠟗,cd
𠟘,od
𠟙,yd
𠟚,vd
𠟛,jd
𠟜,td
𠟝,cd
𠟞,vd
𠟟,sd
𠟠,rd
𠟡,hd
𠟢,ed
𠟣,gd
𠟤,yd
𠟥,xd
𠟦,wd
𠟧,dd
𠟨,yd
𠟩,gd
𠟪,yd
𠟫,bd
𠟬,vd
𠟭,pd
𠟮,dd
𠟯,kd
𠟰,dd
𠟱,yd
𠟲,pd
𠟳,yg
𠟴,ud
𠟵,ad
𠟶,bd
𠟷,ld
𠟸,yd
𠟹,dy
𠟺,yd
𠟻,bd
𠟼,yd
𠟽,cd
𠟾,vd
𠟿,vd
𠠀,vd
𠠁,od
𠠂,hd
𠠃,rd
𠠄,td
𠠅,ud
𠠆,rd
𠠇,pd
𠠈,cd
𠠉,pd
𠠊,kd
𠠋,dd
𠠌,vd
𠠍,hd
𠠎,gd
𠠏,id
𠠐,td
𠠑,vd
𠠒,gd
𠠓,hd
𠠔,td
𠠕,cd
𠠖,bd
𠠗,vd
𠠘,dd
𠠙,bd
𠠚,vd
𠠛,yd
𠠜,hd
𠠝,id
𠠞,hd
𠠟,wd
𠠠,td
𠠡,od
𠠢,yd
𠠣,gd
𠠤,dd
𠠥,dd
𠠦,ad
𠠧,jd
𠠨,ed
𠠩,td
𠠪,xd
𠠫,ld
𠠬,vd
𠠭,po
𠠮,ud
𠠯,td
𠠰,yd
𠠱,yd
𠠲,pl
𠠳,jl
𠠴,ll
𠠵,jl
𠠶,pl
𠠷,pl
𠠸,cl
𠠹,bl
𠠺,yl
𠠻,il
𠠼,wl
𠠽,hl
𠠾,lb
𠠿,il
𠡀,al
𠡁,yl
𠡂,fl
𠡃,lg
𠡄,pl
𠡅,gl
𠡆,xl
𠡇,sl
𠡈,bl
𠡉,gl
𠡊,dl
𠡋,kl
𠡌,wl
𠡍,yl
𠡎,dl
𠡏,ul
𠡐,lk
𠡑,dl
𠡒,pl
𠡓,bl
𠡔,vl
𠡕,wl
𠡖,wl
𠡗,il
𠡘,lt
𠡙,lb
𠡚,al
𠡛,yl
𠡜,wl
𠡝,vl
𠡞,bl
𠡟,ql
𠡠,ll
𠡡,dl
𠡢,vl
𠡣,gl
𠡤,wl
𠡥,lb
𠡧,wl
𠡨,ul
𠡩,hl
𠡪,bl
𠡫,ll
𠡬,rl
𠡭,tl
𠡮,ol
𠡯,ul
𠡰,ul
𠡱,xl
𠡲,il
𠡳,al
𠡴,hl
𠡵,nl
𠡶,jl
𠡷,la
𠡸,ul
𠡹,ul
𠡺,ql
𠡻,bl
𠡼,bl
𠡽,wl
𠡾,fl
𠡿,ul
𠢀,cl
𠢁,jl
𠢂,tl
𠢃,ol
𠢄,bl
𠢅,hl
𠢆,bl
𠢇,ul
𠢈,jl
𠢉,fl
𠢊,bl
𠢋,lb
𠢌,il
𠢍,hl
𠢎,ll
𠢏,ml
𠢐,yl
𠢑,il
𠢒,dl
𠢓,cl
𠢔,kl
𠢕,fl
𠢖,ll
𠢗,wl
𠢘,bl
𠢙,vl
𠢚,jl
𠢛,gl
𠢜,xl
𠢝,ol
𠢞,fl
𠢟,qw
𠢠,ul
𠢡,vl
𠢢,ml
𠢣,ub
𠢤,il
𠢥,fl
𠢦,uv
𠢧,vl
𠢨,bl
𠢩,tl
𠢪,xl
𠢫,lv
𠢬,pl
𠢭,il
𠢮,yl
𠢯,xl
𠢰,dl
𠢱,al
𠢲,dl
𠢳,gl
𠢴,dl
𠢵,al
𠢶,vl
𠢷,la
𠢸,hl
𠢹,gl
𠢺,sl
𠢻,wl
𠢼,sl
𠢽,cl
𠢾,il
𠢿,tl
𠣀,gl
𠣁,hl
𠣂,wl
𠣃,gl
𠣄,dl
𠣅,cl
𠣆,jl
𠣇,ui
𠣈,xl
𠣉,yl
𠣊,fl
𠣋,fl
𠣌,bu
𠣍,bg
𠣎,by
𠣏,bv
𠣐,bp
𠣑,by
𠣒,be
𠣓,by
𠣔,pw
𠣕,bv
𠣖,bx
𠣗,bq
𠣘,bv
𠣙,bd
𠣚,bo
𠣛,ga
𠣜,bi
𠣝,dy
𠣞,bi
𠣟,bw
𠣠,bc
𠣡,bd
𠣢,yu
𠣣,gr
𠣤,bk
𠣥,bu
𠣦,bh
𠣧,bx
𠣨,bx
𠣪,jj
𠣫,dj
𠣬,bk
𠣭,bk
𠣮,by
𠣯,bt
𠣰,bo
𠣱,bk
𠣲,bt
𠣳,bu
𠣴,bw
𠣵,bc
𠣶,bd
𠣷,cu
𠣸,bw
𠣹,bw
𠣺,db
𠣻,db
𠣼,db
𠣽,bw
𠣾,bw
𠣿,bu
𠤀,dw
𠤁,kb
𠤂,bg
𠤃,db
𠤄,bg
𠤅,bm
𠤆,wo
𠤇,bw
𠤈,bl
𠤊,bg
𠤋,bi
𠤌,wo
𠤍,bv
𠤎,vp
𠤏,bu
𠤐,bw
𠤑,bu
𠤒,rb
𠤓,db
𠤔,bg
𠤕,bu
𠤖,bf
𠤗,bb
𠤘,bu
𠤙,jb
𠤚,bj
𠤜,lb
𠤝,xb
𠤞,bl
𠤟,bd
𠤠,xb
𠤡,bk
𠤢,bq
𠤣,pb
𠤤,bb
𠤥,by
𠤦,by
𠤧,bz
𠤨,bg
𠤩,sb
𠤪,bo
𠤫,jb
𠤭,kr
𠤮,kv
𠤯,kb
𠤰,kg
𠤱,kf
𠤲,kt
𠤳,kg
𠤴,kv
𠤵,ku
𠤶,kv
𠤷,ky
𠤸,kf
𠤹,kw
𠤺,ky
𠤻,km
𠤼,kw
𠤽,kr
𠤾,kv
𠤿,kk
𠥀,kk
𠥁,kb
𠥂,kj
𠥅,kv
𠥆,kw
𠥇,kk
𠥈,kq
𠥉,ku
𠥊,kb
𠥋,kb
𠥌,kp
𠥍,kk
𠥎,kf
𠥏,kt
𠥐,kk
𠥑,km
𠥒,kj
𠥔,kv
𠥕,km
𠥖,kj
𠥗,kr
𠥘,kb
𠥙,kc
𠥚,ku
𠥜,kq
𠥝,ku
𠥞,kw
𠥟,kj
𠥠,ki
𠥡,kk
𠥢,kf
𠥣,kf
𠥤,ky
𠥥,kv
𠥦,kg
𠥨,ki
𠥭,kd
𠥮,kn
𠥯,ku
𠥰,ke
𠥱,ki
𠥳,kg
𠥴,kv
𠥵,kk
𠥶,kj
𠥷,kf
𠥸,ij
𠥹,kh
𠥺,kk
𠥼,uu
𠥽,ma
𠥾,ju
𠥿,vu
𠦀,uu
𠦁,up
𠦂,du
𠦃,uc
𠦄,uc
𠦅,qq
𠦈,ju
𠦉,ut
𠦊,yu
𠦋,uq
𠦌,cc
𠦍,ru
𠦎,bu
𠦏,ur
𠦐,uj
𠦒,cf
𠦓,au
𠦔,ua
𠦕,gu
𠦖,xu
𠦗,ul
𠦘,gu
𠦙,ul
𠦚,pl
𠦛,ic
𠦜,cc
𠦝,uo
𠦞,bq
𠦟,iu
𠦠,ua
𠦡,tg
𠦢,ud
𠦣,vu
𠦤,ku
𠦥,du
𠦦,uu
𠦧,tu
𠦨,du
𠦩,uw
𠦪,uu
𠦫,ku
𠦬,qr
𠦭,du
𠦮,vu
𠦯,bg
𠦰,uq
𠦱,il
𠦲,bc
𠦳,wq
𠦴,fu
𠦵,du
𠦷,bc
𠦸,wu
𠦹,uu
𠦻,bw
𠦼,yu
𠦽,ux
𠦾,uv
𠦿,hc
𠧀,qu
𠧁,ut
𠧂,uw
𠧃,fu
𠧄,bg
𠧅,gu
𠧆,bu
𠧇,bc
𠧈,gu
𠧉,gd
𠧊,pw
𠧋,uh
𠧌,pb
𠧍,yc
𠧎,vu
𠧏,vu
𠧐,ru
𠧑,ju
𠧒,bv
𠧓,bd
𠧔,uw
𠧕,uu
𠧖,bb
𠧗,ux
𠧘,hy
𠧙,db
𠧚,br
𠧛,ui
𠧜,bn
𠧝,bl
𠧞,vb
𠧟,vx
𠧠,vk
𠧡,vo
𠧢,bb
𠧣,bt
𠧤,vx
𠧥,ax
𠧦,bb
𠧧,bw
𠧨,wb
𠧩,pb
𠧪,br
𠧫,bw
𠧬,yb
𠧭,db
𠧮,ub
𠧯,bb
𠧰,bk
𠧱,vd
𠧲,bg
𠧳,vx
𠧴,vr
𠧵,bd
𠧶,bu
𠧷,vr
𠧸,bb
𠧹,vx
𠧺,vw
𠧻,bp
𠧼,bv
𠧽,bh
𠧾,bw
𠧿,bf
𠨀,kv
𠨁,by
𠨂,bw
𠨃,tb
𠨄,bk
𠨅,vw
𠨆,bn
𠨇,ba
𠨈,bn
𠨉,rb
𠨊,fb
𠨋,br
𠨌,bu
𠨍,je
𠨎,vv
𠨏,ye
𠨐,be
𠨑,we
𠨒,be
𠨓,gl
𠨔,ae
𠨕,vv
𠨖,ed
𠨗,id
𠨘,be
𠨙,de
𠨚,xe
𠨛,we
𠨜,dw
𠨝,px
𠨞,je
𠨟,mv
𠨠,gj
𠨡,pe
𠨢,dw
𠨣,py
𠨤,uv
𠨥,pe
𠨦,be
𠨧,jv
𠨨,jv
𠨩,jv
𠨪,dw
𠨫,xl
𠨬,ib
𠨭,if
𠨮,id
𠨯,iz
𠨰,ik
𠨱,iy
𠨲,ci
𠨳,id
𠨴,ij
𠨵,if
𠨶,if
𠨷,iv
𠨸,iy
𠨹,iy
𠨺,iw
𠨻,iu
𠨼,iw
𠨽,ib
𠨾,iu
𠨿,iu
𠩀,ic
𠩁,id
𠩂,iq
𠩃,ii
𠩄,il
𠩅,iw
𠩆,ib
𠩇,ip
𠩈,iv
𠩉,ii
𠩊,io
𠩋,in
𠩌,id
𠩍,iy
𠩎,ia
𠩏,ix
𠩑,ib
𠩒,iy
𠩓,iv
𠩔,ib
𠩕,im
𠩖,by
𠩗,iq
𠩘,ir
𠩙,iw
𠩚,iy
𠩛,ir
𠩜,ir
𠩝,if
𠩞,iz
𠩟,ir
𠩠,ib
𠩡,ib
𠩢,iw
𠩣,ix
𠩤,ix
𠩥,iw
𠩦,iq
𠩧,iv
𠩨,iz
𠩩,it
𠩪,id
𠩫,ie
𠩬,il
𠩭,iz
𠩮,iz
𠩯,ij
𠩰,iu
𠩱,iq
𠩴,iw
𠩵,ia
𠩶,iu
𠩷,ib
𠩸,ig
𠩹,iy
𠩺,wi
𠩻,iu
𠩼,iq
𠩽,ia
𠩾,ih
𠩿,ic
𠪀,iu
𠪁,iq
𠪂,ic
𠪃,io
𠪄,it
𠪅,iy
𠪆,ic
𠪇,iy
𠪈,iv
𠪉,ig
𠪊,ij
𠪋,il
𠪌,ih
𠪍,iv
𠪎,id
𠪏,ig
𠪐,it
𠪑,iw
𠪒,ij
𠪓,ix
𠪔,ig
𠪖,it
𠪗,iq
𠪘,io
𠪙,ig
𠪚,iw
𠪛,ih
𠪜,ij
𠪝,id
𠪞,io
𠪟,if
𠪠,io
𠪡,io
𠪢,iq
𠪣,iw
𠪤,it
𠪥,iu
𠪦,if
𠪧,ig
𠪨,it
𠪩,ih
𠪪,ir
𠪫,iw
𠪬,iy
𠪭,iw
𠪮,ix
𠪯,ig
𠪰,ix
𠪲,il
𠪴,iz
𠪵,iv
𠪶,ib
𠪷,ii
𠪸,ia
𠪹,iw
𠪺,if
𠪻,ic
𠪼,ig
𠪽,iy
𠪾,ix
𠪿,ii
𠫀,it
𠫁,io
𠫂,im
𠫃,ia
𠫄,is
𠫅,cz
𠫆,ik
𠫇,ix
𠫈,im
𠫉,iy
𠫊,ix
𠫋,ih
𠫌,iu
𠫍,ib
𠫎,ij
𠫏,iu
𠫐,iu
𠫑,im
𠫒,iu
𠫓,as
𠫔,as
𠫕,vs
𠫖,sv
𠫗,js
𠫘,su
𠫙,vr
𠫚,sf
𠫛,sg
𠫜,sl
𠫝,si
𠫞,sj
𠫟,ps
𠫠,sj
𠫡,sa
𠫢,fs
𠫣,sn
𠫤,xs
𠫥,bs
𠫦,sj
𠫧,sn
𠫨,sf
𠫩,sr
𠫪,sd
𠫫,sk
𠫬,ss
𠫭,sx
𠫮,sj
𠫯,sr
𠫰,ss
𠫱,sv
𠫲,su
𠫳,qj
𠫴,qu
𠫵,sx
𠫶,sl
𠫷,xw
𠫸,sl
𠫹,su
𠫺,su
𠫻,st
𠫼,so
𠫽,ss
𠫾,qx
𠫿,sg
𠬀,sg
𠬁,st
𠬂,sf
𠬃,qf
𠬄,ss
𠬅,ss
𠬆,sx
𠬇,qx
𠬈,qu
𠬉,qy
𠬊,sp
𠬋,su
𠬌,bw
𠬍,se
𠬎,sn
𠬏,sw
𠬐,so
𠬑,qq
𠬒,qo
𠬓,sx
𠬔,so
𠬕,qf
𠬖,qf
𠬗,uw
𠬘,sj
𠬙,sr
𠬚,jy
𠬛,dy
𠬜,yv
𠬝,ey
𠬞,jy
𠬟,ys
𠬠,by
𠬡,iy
𠬢,cy
𠬣,vy
𠬤,yf
𠬥,jy
𠬦,py
𠬧,ly
𠬨,ey
𠬩,uy
𠬪,vy
𠬫,vy
𠬬,bj
𠬭,yy
𠬮,uy
𠬯,yl
𠬰,fy
𠬱,ky
𠬲,dy
𠬳,jy
𠬴,ys
𠬵,uy
𠬶,ey
𠬷,ww
𠬸,ky
𠬹,yx
𠬺,yu
𠬻,fy
𠬼,fy
𠬽,yl
𠬾,yy
𠬿,qy
𠭀,yk
𠭁,by
𠭂,yz
𠭃,iy
𠭄,uy
𠭅,uv
𠭆,cy
𠭇,wy
𠭈,vy
𠭉,by
𠭊,py
𠭋,yv
𠭌,ye
𠭍,yy
𠭎,yk
𠭏,cy
𠭐,tv
𠭑,yk
𠭒,oy
𠭓,vy
𠭔,py
𠭕,ay
𠭖,vg
𠭗,hy
𠭘,dj
𠭙,fy
𠭚,yv
𠭛,py
𠭜,fy
𠭝,vy
𠭞,ye
𠭟,xy
𠭠,dy
𠭡,py
𠭢,bj
𠭣,hy
𠭤,ky
𠭥,iy
𠭦,by
𠭧,vy
𠭨,yg
𠭩,ay
𠭪,ey
𠭫,yu
𠭬,yh
𠭭,jy
𠭮,uj
𠭯,hy
𠭰,wy
𠭱,xy
𠭲,oy
𠭳,be
𠭴,yi
𠭵,vy
𠭶,by
𠭷,iy
𠭸,vy
𠭹,by
𠭺,yb
𠭻,by
𠭼,by
𠭽,yj
𠭾,yj
𠭿,ay
𠮀,yk
𠮁,xy
𠮂,gy
𠮃,uy
𠮄,yx
𠮅,sy
𠮆,yw
𠮇,yj
𠮈,dy
𠮉,by
𠮊,oy
𠮋,yy
𠮌,yj
𠮍,uy
𠮎,gy
𠮏,by
𠮐,yj
𠮑,cy
𠮒,ly
𠮓,xy
𠮔,yb
𠮕,by
𠮖,xv
𠮗,vx
𠮘,sy
𠮙,kv
𠮚,kd
𠮛,ak
𠮜,kv
𠮝,kl
𠮞,vk
𠮟,kq
𠮠,kd
𠮡,ke
𠮢,yk
𠮣,xk
𠮤,kv
𠮥,dk
𠮦,bk
𠮧,kd
𠮨,kn
𠮩,kl
𠮪,kv
𠮫,wk
𠮬,kw
𠮭,ku
𠮮,pk
𠮯,jk
𠮰,kv
𠮱,kk
𠮲,kv
𠮳,uk
𠮴,xk
𠮵,ku
𠮶,kl
𠮷,tk
𠮸,vk
𠮹,kc
𠮺,kv
𠮻,kj
𠮼,kn
𠮽,kc
𠮾,kw
𠮿,ku
𠯀,ki
𠯁,kv
𠯂,kz
𠯃,kl
𠯄,kd
𠯅,kg
𠯆,kn
𠯇,kj
𠯈,kd
𠯉,da
𠯊,ky
𠯋,kk
𠯌,xk
𠯍,ko
𠯎,kf
𠯏,kq
𠯐,ko
𠯑,uk
𠯒,rk
𠯓,ik
𠯔,kp
𠯕,kp
𠯖,kh
𠯗,kj
𠯘,ky
𠯙,kn
𠯚,ki
𠯛,ug
𠯜,kg
𠯝,ky
𠯞,kh
𠯟,kj
𠯠,kw
𠯡,kv
𠯢,kc
𠯣,kv
𠯤,kj
𠯥,ku
𠯦,kd
𠯨,fk
𠯩,kv
𠯪,kd
𠯫,kg
𠯬,kz
𠯭,ko
𠯮,kk
𠯯,kp
𠯰,ku
𠯱,kr
𠯲,ko
𠯳,wk
𠯴,kb
𠯵,kb
𠯶,jk
𠯷,ks
𠯸,kd
𠯹,kn
𠯺,dk
𠯻,kv
𠯼,kd
𠯽,kv
𠯾,kj
𠯿,kl
𠰀,kl
𠰁,kg
𠰂,ky
𠰃,kw
𠰄,ky
𠰅,ku
𠰆,kv
𠰇,kv
𠰈,ks
𠰉,kk
𠰊,kz
𠰋,kq
𠰌,kw
𠰍,kv
𠰎,ky
𠰏,kf
𠰐,kk
𠰑,kg
𠰒,kx
𠰓,kh
𠰔,mk
𠰕,ik
𠰖,kl
𠰗,kk
𠰘,km
𠰙,kd
𠰚,kx
𠰛,ug
𠰜,kh
𠰝,sk
𠰞,pk
𠰠,kj
𠰢,kb
𠰣,bk
𠰤,kl
𠰥,bk
𠰦,yk
𠰧,ky
𠰨,kq
𠰩,ky
𠰪,kv
𠰫,ik
𠰬,ky
𠰭,ke
𠰮,ku
𠰯,kd
𠰰,rk
𠰱,ke
𠰲,ku
𠰳,kn
𠰴,ku
𠰵,kb
𠰶,ak
𠰷,ku
𠰸,kk
𠰹,ky
𠰺,kg
𠰻,kb
𠰼,kj
𠰽,kj
𠰾,kj
𠰿,ku
𠱀,kp
𠱁,ku
𠱂,ka
𠱃,ka
𠱄,km
𠱅,kt
𠱆,kz
𠱇,kb
𠱈,ku
𠱉,kp
𠱊,kt
𠱋,ky
𠱌,ke
𠱍,kv
𠱎,ka
𠱏,ke
𠱐,kb
𠱑,kk
𠱒,pk
𠱓,kv
𠱔,kc
𠱕,ke
𠱖,kx
𠱗,wo
𠱘,kn
𠱙,kx
𠱚,kx
𠱛,dk
𠱜,kz
𠱝,ko
𠱞,ka
𠱟,ka
𠱠,kk
𠱡,kj
𠱢,kg
𠱣,kt
𠱤,kl
𠱥,kc
𠱦,pk
𠱧,rk
𠱨,kc
𠱩,wk
𠱪,kp
𠱫,lw
𠱬,kk
𠱭,ck
𠱮,ko
𠱯,xg
𠱰,jk
𠱱,ka
𠱲,ke
𠱳,kg
𠱴,kw
𠱵,ky
𠱶,ky
𠱷,kk
𠱸,ki
𠱹,kq
𠱺,ki
𠱻,kr
𠱼,kk
𠱽,kt
𠱾,kc
𠱿,kl
𠲀,lk
𠲁,kd
𠲂,kd
𠲃,ke
𠲄,ke
𠲅,kb
𠲆,hk
𠲇,kb
𠲈,ku
𠲉,kw
𠲊,kw
𠲋,ku
𠲌,kd
𠲍,kq
𠲎,kg
𠲏,kw
𠲐,ku
𠲑,bv
𠲒,rk
𠲓,kf
𠲔,kb
𠲕,kt
𠲖,ky
𠲗,kl
𠲘,yk
𠲙,kd
𠲚,kz
𠲛,kk
𠲜,ky
𠲝,kc
𠲞,kg
𠲟,kn
𠲠,kw
𠲡,kz
𠲢,kj
𠲣,km
𠲤,kn
𠲥,kv
𠲦,ku
𠲧,kg
𠲨,ky
𠲩,lg
𠲪,kv
𠲫,ki
𠲬,ki
𠲭,kq
𠲮,kg
𠲯,pk
𠲰,kk
𠲱,fk
𠲲,kp
𠲳,ku
𠲴,ku
𠲵,kl
𠲶,ke
𠲷,kv
𠲸,kl
𠲹,kx
𠲺,kj
𠲻,dk
𠲼,kj
𠲽,kf
𠲾,ko
𠲿,ku
𠳀,ky
𠳁,ka
𠳂,kk
𠳃,ku
𠳄,gk
𠳅,mk
𠳆,gk
𠳇,kk
𠳈,kk
𠳉,ka
𠳊,kq
𠳋,vl
𠳌,qk
𠳍,ka
𠳎,kr
𠳏,kv
𠳐,ke
𠳑,ke
𠳒,ku
𠳓,kb
𠳔,kj
𠳕,ku
𠳖,kj
𠳗,kj
𠳘,kw
𠳙,sg
𠳚,kw
𠳛,dk
𠳜,kd
𠳝,kk
𠳞,ke
𠳟,kw
𠳠,kw
𠳡,ki
𠳢,kb
𠳣,ku
𠳤,ku
𠳥,kg
𠳦,ky
𠳧,kv
𠳨,km
𠳩,kp
𠳪,kk
𠳫,gy
𠳬,gg
𠳭,kx
𠳮,uk
𠳯,kk
𠳰,kw
𠳱,kx
𠳲,ky
𠳳,ka
𠳴,kn
𠳵,kw
𠳶,kj
𠳷,kq
𠳸,ka
𠳹,ka
𠳺,kk
𠳻,kx
𠳼,ka
𠳽,kd
𠳾,kg
𠳿,km
𠴀,ka
𠴂,kl
𠴄,kv
𠴅,ek
𠴆,kx
𠴇,kb
𠴈,ks
𠴉,ky
𠴊,kk
𠴋,kl
𠴌,kh
𠴍,kx
𠴎,ky
𠴏,kw
𠴐,ki
𠴑,kn
𠴒,ks
𠴓,ku
𠴔,kw
𠴕,ku
𠴖,kl
𠴗,kt
𠴘,kc
𠴙,kb
𠴚,kv
𠴛,kl
𠴜,kv
𠴝,kw
𠴞,kb
𠴟,kf
𠴠,kn
𠴡,ke
𠴢,ku
𠴣,kj
𠴤,kx
𠴥,ke
𠴦,jv
𠴧,ke
𠴨,kl
𠴩,kb
𠴪,ky
𠴫,ky
𠴬,ka
𠴭,kw
𠴮,kx
𠴯,kr
𠴰,kk
𠴱,kg
𠴲,ko
𠴳,ko
𠴴,kj
𠴵,kj
𠴶,ke
𠴷,ke
𠴸,dk
𠴹,kl
𠴺,ke
𠴻,ky
𠴼,kd
𠴽,kx
𠴾,ki
𠴿,kj
𠵀,ku
𠵁,kk
𠵂,ak
𠵃,kg
𠵄,ky
𠵅,kb
𠵆,kd
𠵇,kk
𠵈,kw
𠵉,kj
𠵊,yg
𠵋,kg
𠵌,kq
𠵍,ak
𠵎,kg
𠵏,kk
𠵐,kq
𠵑,kk
𠵒,ku
𠵔,ky
𠵕,kt
𠵖,kg
𠵗,kg
𠵘,km
𠵙,ks
𠵚,kg
𠵛,kk
𠵜,kw
𠵝,ky
𠵞,nw
𠵟,ka
𠵠,kk
𠵡,kj
𠵢,kb
𠵣,kv
𠵤,ik
𠵥,wk
𠵦,ww
𠵧,ik
𠵨,kc
𠵩,kg
𠵪,kx
𠵫,ke
𠵬,ky
𠵭,ko
𠵮,kn
𠵯,kd
𠵰,kg
𠵱,ky
𠵲,ik
𠵳,iy
𠵴,ke
𠵵,rb
𠵶,ky
𠵷,ky
𠵸,kx
𠵹,ku
𠵺,kb
𠵻,ku
𠵼,km
𠵽,kq
𠵾,kt
𠵿,kp
𠶀,ka
𠶁,kb
𠶂,kw
𠶃,ky
𠶄,kk
𠶅,kk
𠶆,ku
𠶇,ky
𠶈,kt
𠶉,kj
𠶊,kp
𠶋,kj
𠶌,kt
𠶍,ke
𠶎,kp
𠶏,kr
𠶐,ke
𠶑,km
𠶒,kd
𠶓,ky
𠶔,kt
𠶕,kk
𠶖,kw
𠶗,kq
𠶘,kd
𠶙,kb
𠶚,kk
𠶛,kx
𠶜,kd
𠶝,ku
𠶞,ku
𠶟,kj
𠶠,kk
𠶡,kc
𠶢,ky
𠶣,kw
𠶤,kk
𠶥,kg
𠶦,ky
𠶧,kv
𠶨,kh
𠶩,kd
𠶪,kd
𠶫,ku
𠶬,xw
𠶭,kn
𠶮,tg
𠶯,ki
𠶰,dk
𠶱,kk
𠶲,kf
𠶳,hk
𠶴,kj
𠶵,lp
𠶶,hg
𠶷,lv
𠶸,ke
𠶹,kv
𠶺,ky
𠶻,ke
𠶼,kv
𠶽,kc
𠶾,kk
𠶿,ky
𠷀,kd
𠷁,kd
𠷂,kx
𠷃,ky
𠷄,kf
𠷅,ki
𠷆,kv
𠷇,ky
𠷈,ky
𠷉,kk
𠷊,kg
𠷋,kz
𠷌,kd
𠷍,ku
𠷎,gk
𠷏,wk
𠷐,kd
𠷑,ku
𠷒,ko
𠷓,yv
𠷔,dr
𠷕,kf
𠷖,kf
𠷗,wk
𠷘,kh
𠷙,kw
𠷚,kv
𠷛,ky
𠷜,tj
𠷝,kd
𠷞,lg
𠷟,kj
𠷠,uk
𠷡,bk
𠷢,kd
𠷣,ki
𠷤,kb
𠷥,kd
𠷦,kl
𠷧,kh
𠷨,kc
𠷩,kn
𠷪,kk
𠷫,uk
𠷬,kj
𠷭,ky
𠷮,km
𠷯,ko
𠷰,km
𠷱,ak
𠷲,kc
𠷳,ok
𠷴,kw
𠷵,kc
𠷶,ku
𠷷,yk
𠷸,kb
𠷹,ko
𠷺,kl
𠷻,kc
𠷼,kx
𠷾,ky
𠷿,kx
𠸀,kf
𠸁,ky
𠸂,kq
𠸃,kb
𠸄,ky
𠸅,ky
𠸆,dk
𠸇,kd
𠸈,kt
𠸉,kk
𠸊,ke
𠸋,kg
𠸌,ku
𠸍,kd
𠸎,ku
𠸏,kk
𠸐,kv
𠸑,kd
𠸒,ka
𠸓,ku
𠸔,kj
𠸕,ko
𠸖,ks
𠸗,pg
𠸘,kg
𠸙,gc
𠸚,kj
𠸛,xe
𠸜,nk
𠸝,kz
𠸞,kv
𠸟,km
𠸠,kk
𠸡,km
𠸢,kt
𠸣,kg
𠸤,kc
𠸥,ku
𠸦,ko
𠸧,kk
𠸨,kl
𠸩,kb
𠸪,kk
𠸫,kt
𠸬,ky
𠸭,ok
𠸮,yk
𠸯,kn
𠸰,kq
𠸱,ku
𠸲,ak
𠸳,kn
𠸴,kb
𠸵,kv
𠸶,kw
𠸷,kz
𠸸,kk
𠸹,ka
𠸺,kn
𠸻,ky
𠸼,ku
𠸽,kb
𠸾,kf
𠸿,bk
𠹀,kx
𠹁,kg
𠹂,kb
𠹃,km
𠹄,kg
𠹅,kx
𠹆,ke
𠹇,kb
𠹈,xl
𠹉,xo
𠹊,ku
𠹋,ku
𠹌,kb
𠹍,kg
𠹎,kh
𠹏,ki
𠹐,kw
𠹑,ka
𠹒,kk
𠹓,kf
𠹔,kk
𠹕,ku
𠹖,ky
𠹗,kk
𠹘,kw
𠹙,ku
𠹚,kb
𠹛,kb
𠹜,kv
𠹝,ak
𠹞,kc
𠹟,bk
𠹠,ka
𠹡,kw
𠹢,tk
𠹣,kw
𠹤,kx
𠹥,kx
𠹦,kx
𠹧,lk
𠹨,dv
𠹩,yu
𠹪,lj
𠹫,tk
𠹬,gy
𠹭,kk
𠹮,ky
𠹯,kt
𠹰,kf
𠹱,ka
𠹲,ko
𠹳,ka
𠹴,ke
𠹵,kn
𠹶,kp
𠹷,kw
𠹸,ky
𠹹,kc
𠹺,kl
𠹻,kt
𠹼,kx
𠹽,kr
𠹾,vk
𠹿,kt
𠺀,kk
𠺁,kg
𠺂,ky
𠺃,fk
𠺄,kd
𠺅,kh
𠺆,kg
𠺇,tk
𠺈,kn
𠺉,kd
𠺊,ke
𠺋,kg
𠺌,kg
𠺍,kb
𠺎,mk
𠺏,kx
𠺐,xj
𠺑,kq
𠺒,kx
𠺓,kd
𠺔,ky
𠺕,kt
𠺖,kj
𠺗,km
𠺘,kl
𠺙,kg
𠺚,kl
𠺛,lk
𠺜,kl
𠺝,kk
𠺞,ak
𠺟,ki
𠺠,kd
𠺡,kq
𠺢,ku
𠺣,kd
𠺤,ck
𠺥,dy
𠺦,ko
𠺧,km
𠺨,kx
𠺩,ki
𠺪,km
𠺫,kd
𠺬,kj
𠺭,kf
𠺮,kc
𠺯,kw
𠺰,kx
𠺱,kx
𠺲,ki
𠺳,ko
𠺴,kk
𠺵,kg
𠺶,kn
𠺷,kx
𠺸,ky
𠺹,ky
𠺺,kt
𠺻,kj
𠺼,kq
𠺽,ku
𠺾,kw
𠺿,kx
𠻀,kz
𠻁,yk
𠻂,kk
𠻃,kg
𠻄,ki
𠻅,kf
𠻆,ki
𠻇,ky
𠻈,kn
𠻉,ku
𠻊,kj
𠻋,ky
𠻌,vk
𠻍,ky
𠻎,ke
𠻏,kb
𠻐,kk
𠻑,ke
𠻒,kd
𠻓,kv
𠻔,kd
𠻕,ky
𠻖,ku
𠻗,kn
𠻘,kv
𠻙,kk
𠻚,ck
𠻛,kk
𠻜,ku
𠻝,kp
𠻞,kl
𠻟,ku
𠻠,ks
𠻡,lk
𠻢,kk
𠻣,ku
𠻤,kb
𠻥,kg
𠻦,kw
𠻧,kk
𠻨,kw
𠻩,kv
𠻪,kh
𠻫,kx
𠻬,km
𠻭,uk
𠻮,lk
𠻯,kx
𠻰,ks
𠻱,kw
𠻲,kw
𠻳,kw
𠻴,ko
𠻵,kc
𠻶,ko
𠻷,kj
𠻸,ak
𠻹,kx
𠻺,ky
𠻻,kc
𠻼,kb
𠻽,km
𠻾,kw
𠻿,ku
𠼀,ku
𠼁,ky
𠼂,kd
𠼃,ik
𠼄,kr
𠼅,kd
𠼆,bk
𠼇,ky
𠼈,kn
𠼉,ko
𠼊,ky
𠼋,kk
𠼌,kw
𠼍,kw
𠼎,km
𠼏,kw
𠼐,kn
𠼑,nk
𠼒,kb
𠼓,kd
𠼔,kj
𠼕,kf
𠼖,kn
𠼗,kt
𠼘,kk
𠼙,kx
𠼚,kw
𠼛,ks
𠼜,ka
𠼝,ka
𠼞,ry
𠼟,km
𠼠,kb
𠼡,gy
𠼢,ki
𠼣,ky
𠼤,kt
𠼥,kd
𠼦,ky
𠼧,kf
𠼨,kk
𠼩,kc
𠼪,kx
𠼫,kd
𠼬,kk
𠼭,kb
𠼮,kw
𠼯,kw
𠼰,kg
𠼱,kx
𠼲,kv
𠼳,kv
𠼴,ky
𠼵,kd
𠼶,ky
𠼷,sk
𠼸,kn
𠼹,kt
𠼺,ku
𠼻,kt
𠼼,kz
𠼽,kj
𠼾,ku
𠼿,kx
𠽀,kd
𠽁,kj
𠽂,ku
𠽃,kw
𠽄,ka
𠽅,kj
𠽆,kn
𠽇,kg
𠽈,kg
𠽉,ka
𠽊,kw
𠽋,kk
𠽌,ke
𠽍,kw
𠽎,kt
𠽏,kj
𠽐,ky
𠽑,kv
𠽒,ky
𠽓,kk
𠽔,ku
𠽕,kz
𠽖,ku
𠽗,kg
𠽘,kk
𠽙,ky
𠽚,kv
𠽛,ky
𠽜,kk
𠽝,xb
𠽞,kb
𠽟,ki
𠽠,ku
𠽡,kx
𠽢,kc
𠽣,kj
𠽤,kg
𠽥,kt
𠽦,kk
𠽧,kt
𠽨,ko
𠽩,ky
𠽪,ko
𠽫,ky
𠽬,kb
𠽭,kz
𠽮,kz
𠽯,kz
𠽰,kz
𠽱,kv
𠽲,km
𠽳,ko
𠽴,ke
𠽵,kb
𠽶,km
𠽷,kb
𠽸,ky
𠽹,kk
𠽺,ik
𠽻,kk
𠽼,kv
𠽽,kx
𠽾,ko
𠽿,kx
𠾀,kw
𠾁,kf
𠾂,lk
𠾃,wk
𠾄,vg
𠾅,kk
𠾆,kn
𠾇,kc
𠾈,kk
𠾉,gc
𠾊,kr
𠾋,ku
𠾌,kj
𠾍,ka
𠾎,kw
𠾏,ko
𠾐,ku
𠾑,kv
𠾒,kv
𠾓,kk
𠾔,kx
𠾕,ku
𠾖,kd
𠾗,kq
𠾘,kk
𠾙,kt
𠾚,kb
𠾛,kb
𠾜,kv
𠾝,kw
𠾞,kf
𠾟,kk
𠾠,kj
𠾡,kc
𠾢,kc
𠾣,ka
𠾤,ak
𠾥,ks
𠾦,kx
𠾧,kd
𠾨,kq
𠾩,kr
𠾪,ku
𠾫,ky
𠾬,kq
𠾭,kn
𠾮,ku
𠾯,ka
𠾰,kt
𠾱,ko
𠾲,kl
𠾳,kk
𠾴,kf
𠾵,kd
𠾶,kx
𠾷,ky
𠾸,kk
𠾹,yu
𠾺,kk
𠾻,kb
𠾼,kb
𠾽,kw
𠾾,ky
𠾿,ky
𠿀,ko
𠿁,kq
𠿂,kj
𠿃,ka
𠿄,kd
𠿅,kv
𠿆,kw
𠿇,kn
𠿈,kx
𠿉,ik
𠿊,ku
𠿋,kk
𠿌,ko
𠿍,ku
𠿎,kf
𠿏,kh
𠿐,kw
𠿑,kx
𠿒,kq
𠿓,kj
𠿔,kx
𠿕,yj
𠿖,kq
𠿗,kb
𠿘,kk
𠿙,kb
𠿚,ka
𠿛,kl
𠿜,kw
𠿝,kz
𠿞,kd
𠿟,jk
𠿠,ke
𠿡,bk
𠿢,kq
𠿣,kq
𠿤,kv
𠿥,ko
𠿦,iw
𠿧,uk
𠿨,kg
𠿩,ke
𠿪,kb
𠿫,ko
𠿬,kw
𠿭,ko
𠿮,kq
𠿯,kg
𠿰,kl
𠿱,kz
𠿲,rd
𠿳,kj
𠿴,kc
𠿵,kg
𠿶,ku
𠿷,kj
𠿸,kk
𠿹,kb
𠿺,kc
𠿻,yy
𠿼,kh
𠿽,kf
𠿾,kd
𠿿,kw
𡀀,ku
𡀁,kk
𡀂,kt
𡀃,kd
𡀄,ky
𡀅,kb
𡀆,tb
𡀇,kv
𡀈,kw
𡀉,kq
𡀊,ky
𡀋,kd
𡀌,kx
𡀍,kx
𡀎,kj
𡀏,kw
𡀐,ka
𡀑,kv
𡀒,kp
𡀓,kr
𡀔,kk
𡀕,kh
𡀖,kb
𡀗,kc
𡀘,kn
𡀙,ki
𡀚,kx
𡀛,kh
𡀜,kc
𡀝,kx
𡀞,ke
𡀟,ku
𡀠,ky
𡀡,kg
𡀢,kk
𡀣,kl
𡀤,vc
𡀥,kb
𡀦,km
𡀧,ky
𡀨,kf
𡀩,kk
𡀪,df
𡀫,kh
𡀬,ku
𡀭,kl
𡀮,ky
𡀯,kc
𡀰,kv
𡀱,kj
𡀲,kr
𡀳,ky
𡀴,kh
𡀵,kk
𡀶,kx
𡀷,ko
𡀸,hk
𡀹,kb
𡀺,kb
𡀻,nw
𡀼,kn
𡀽,km
𡀾,kh
𡀿,kn
𡁀,kq
𡁁,ky
𡁂,kx
𡁃,kb
𡁄,kg
𡁅,ke
𡁆,kn
𡁇,ku
𡁈,kx
𡁉,kv
𡁊,kn
𡁋,kx
𡁌,kq
𡁍,kq
𡁎,kb
𡁏,ku
𡁐,kl
𡁑,kg
𡁒,ku
𡁓,kw
𡁔,ko
𡁕,kn
𡁖,kw
𡁗,ya
𡁘,kc
𡁙,kw
𡁚,kt
𡁛,kw
𡁜,kk
𡁝,ko
𡁞,ky
𡁟,kb
𡁠,kb
𡁡,ku
𡁢,km
𡁣,km
𡁤,kk
𡁥,kd
𡁦,ko
𡁧,ki
𡁨,yk
𡁩,ku
𡁪,kd
𡁫,kj
𡁬,kg
𡁭,kf
𡁮,kk
𡁯,kc
𡁰,ko
𡁱,kh
𡁲,kz
𡁳,ky
𡁴,kc
𡁵,kx
𡁶,kv
𡁷,kc
𡁸,kx
𡁹,kn
𡁺,kk
𡁻,ko
𡁼,ku
𡁽,km
𡁾,kx
𡁿,kc
𡂀,kk
𡂁,kl
𡂂,kk
𡂃,kg
𡂄,ky
𡂅,kw
𡂆,kt
𡂇,kw
𡂈,kf
𡂉,kk
𡂊,ku
𡂋,kh
𡂌,ku
𡂍,km
𡂎,ku
𡂏,kv
𡂐,kb
𡂑,km
𡂒,kb
𡂓,kg
𡂔,kx
𡂕,kp
𡂖,kd
𡂗,kk
𡂘,kh
𡂙,kn
𡂚,ko
𡂛,kb
𡂜,ky
𡂝,kb
𡂞,ky
𡂟,kb
𡂠,ku
𡂡,kw
𡂢,ka
𡂣,kv
𡂤,ar
𡂥,kt
𡂦,ek
𡂧,aw
𡂨,ki
𡂩,ke
𡂪,kh
𡂫,kf
𡂬,yw
𡂭,kr
𡂮,kd
𡂯,wo
𡂰,ke
𡂱,ke
𡂲,kd
𡂳,ku
𡂴,ki
𡂵,kp
𡂶,uo
𡂷,kd
𡂸,ke
𡂹,kt
𡂺,kg
𡂻,kw
𡂼,km
𡂽,ku
𡂾,ku
𡂿,kq
𡃀,ku
𡃁,kj
𡃂,kh
𡃃,ke
𡃄,kb
𡃅,ky
𡃆,ko
𡃇,kc
𡃈,ku
𡃉,km
𡃊,ko
𡃋,rb
𡃌,kn
𡃍,kd
𡃎,kd
𡃏,kt
𡃐,ku
𡃑,ko
𡃒,kf
𡃓,kt
𡃔,kx
𡃕,kg
𡃖,kx
𡃗,kd
𡃘,kh
𡃙,kd
𡃚,kt
𡃛,ky
𡃜,kv
𡃝,kc
𡃞,ko
𡃟,tk
𡃠,dk
𡃡,lk
𡃢,kd
𡃣,kg
𡃤,kb
𡃥,kg
𡃦,kv
𡃧,kq
𡃨,kx
𡃩,kx
𡃪,kb
𡃫,ko
𡃬,wk
𡃭,kk
𡃮,ko
𡃯,gw
𡃰,kg
𡃱,ku
𡃲,kn
𡃳,kb
𡃴,ko
𡃵,kv
𡃶,kw
𡃷,kt
𡃸,kn
𡃹,kg
𡃺,kw
𡃻,kb
𡃼,kh
𡃽,ke
𡃾,kf
𡃿,ky
𡄀,kc
𡄁,kh
𡄂,tt
𡄃,km
𡄄,kg
𡄆,kz
𡄇,ku
𡄈,tk
𡄉,kx
𡄊,km
𡄋,ko
𡄌,po
𡄍,km
𡄎,kj
𡄏,kx
𡄐,ky
𡄑,kj
𡄒,tk
𡄓,kz
𡄔,ke
𡄕,ky
𡄖,kx
𡄗,kk
𡄘,kk
𡄙,kb
𡄚,wk
𡄛,kt
𡄜,ty
𡄝,cg
𡄞,kv
𡄟,ky
𡄠,ke
𡄡,kx
𡄢,ko
𡄣,kb
𡄤,ky
𡄥,kq
𡄦,kk
𡄧,kr
𡄨,kw
𡄩,kx
𡄪,kv
𡄫,kj
𡄬,rg
𡄭,ke
𡄮,kj
𡄯,kx
𡄰,yu
𡄱,kz
𡄲,nk
𡄳,ku
𡄴,kk
𡄵,ky
𡄶,ky
𡄷,kz
𡄸,kv
𡄹,ky
𡄺,kh
𡄻,tk
𡄼,kj
𡄽,kh
𡄾,kw
𡄿,ky
𡅀,sk
𡅁,kg
𡅂,kn
𡅃,kl
𡅄,wu
𡅅,ky
𡅆,ki
𡅇,ky
𡅈,ku
𡅉,ko
𡅊,km
𡅋,km
𡅌,ko
𡅍,kw
𡅎,ko
𡅏,kb
𡅐,ck
𡅑,ky
𡅒,kw
𡅓,kg
𡅔,kk
𡅕,tg
𡅖,wg
𡅗,kj
𡅘,kv
𡅙,kb
𡅚,kw
𡅛,kt
𡅜,kk
𡅝,kk
𡅞,km
𡅟,wk
𡅠,kd
𡅡,ek
𡅢,ku
𡅣,ka
𡅥,ky
𡅦,tk
𡅧,kv
𡅨,kk
𡅩,kb
𡅪,ky
𡅫,kk
𡅬,kx
𡅭,kj
𡅮,kg
𡅯,kx
𡅰,ko
𡅱,kt
𡅲,kz
𡅳,kl
𡅴,ky
𡅵,kg
𡅶,km
𡅷,kw
𡅸,tw
𡅹,kd
𡅺,ke
𡅻,kd
𡅼,kk
𡅽,kd
𡅾,kg
𡅿,kl
𡆀,ki
𡆁,kw
𡆂,ki
𡆃,yk
𡆄,ke
𡆅,kw
𡆆,kv
𡆇,ky
𡆈,kn
𡆉,ky
𡆊,dh
𡆋,kc
𡆌,kk
𡆍,ky
𡆎,kd
𡆏,kt
𡆐,ck
𡆑,kw
𡆒,ck
𡆓,kb
𡆔,kk
𡆕,kx
𡆖,kh
𡆗,kv
𡆘,ky
𡆙,kt
𡆚,kv
𡆛,kv
𡆜,ki
𡆝,kr
𡆞,kt
𡆟,kr
𡆠,wv
𡆡,wn
𡆣,wr
𡆤,we
𡆥,wb
𡆦,wb
𡆧,wx
𡆨,ke
𡆩,wy
𡆪,wc
𡆫,wj
𡆬,wg
𡆭,ww
𡆮,wt
𡆯,wu
𡆰,wb
𡆱,wp
𡆲,ww
𡆳,ws
𡆴,wi
𡆶,ww
𡆷,wa
𡆸,wg
𡆹,wy
𡆺,wu
𡆻,wy
𡆼,wc
𡆽,wk
𡆾,wg
𡆿,wu
𡇀,wu
𡇁,ws
𡇂,wh
𡇃,wb
𡇄,wy
𡇅,wf
𡇆,wa
𡇇,wf
𡇈,wu
𡇉,we
𡇊,wj
𡇋,wu
𡇌,wo
𡇍,wt
𡇎,wx
𡇏,ww
𡇐,wb
𡇑,wl
𡇒,wm
𡇓,wt
𡇔,wn
𡇕,wd
𡇖,wi
𡇗,wi
𡇘,wx
𡇙,wa
𡇚,wb
𡇛,og
𡇜,wu
𡇝,wz
𡇞,wk
𡇟,wy
𡇠,wb
𡇡,wo
𡇢,wb
𡇣,wg
𡇤,bg
𡇥,wb
𡇦,wn
𡇧,wb
𡇨,wl
𡇩,wj
𡇪,wk
𡇫,wh
𡇬,wv
𡇭,wn
𡇮,wy
𡇯,wu
𡇰,wy
𡇱,wk
𡇲,wv
𡇳,we
𡇴,wy
𡇵,wu
𡇶,sk
𡇷,bk
𡇸,wb
𡇹,wt
𡇺,wh
𡇻,wu
𡇼,wr
𡇽,wt
𡇾,wk
𡇿,wd
𡈀,wy
𡈁,ww
𡈂,wy
𡈃,wy
𡈄,wt
𡈅,wj
𡈆,wk
𡈇,wj
𡈈,wv
𡈉,wk
𡈊,wm
𡈌,wk
𡈍,tr
𡈎,wh
𡈏,wm
𡈐,wk
𡈑,wg
𡈒,wx
𡈓,wb
𡈔,wu
𡈕,wo
𡈖,wp
𡈗,wd
𡈘,wk
𡈙,wn
𡈚,wf
𡈛,wl
𡈜,wu
𡈝,wp
𡈞,wt
𡈟,wg
𡈠,wu
𡈡,wd
𡈢,wx
𡈣,ws
𡈤,by
𡈥,wo
𡈦,ww
𡈧,ay
𡈨,wk
𡈩,wl
𡈪,wp
𡈫,wx
𡈬,wc
𡈭,wq
𡈮,wm
𡈯,bb
𡈰,wk
𡈱,wx
𡈲,yy
𡈳,wh
𡈴,wx
𡈵,wy
𡈶,wr
𡈷,wx
𡈸,wx
𡈹,ta
𡈺,wc
𡈻,wx
𡈼,pt
𡈽,td
𡈾,vt
𡈿,tu
𡉀,bt
𡉁,tn
𡉂,lt
𡉃,ti
𡉄,ut
𡉅,tk
𡉆,tk
𡉇,tr
𡉈,ft
𡉉,ta
𡉊,at
𡉋,tv
𡉌,tj
𡉍,tp
𡉎,tg
𡉏,tv
𡉐,gt
𡉑,td
𡉒,tb
𡉓,tn
𡉔,dt
𡉕,tw
𡉖,tg
𡉗,tz
𡉘,ft
𡉙,wt
𡉚,ct
𡉛,tq
𡉜,tk
𡉝,at
𡉞,ts
𡉟,pt
𡉠,tw
𡉡,tr
𡉢,lt
𡉣,at
𡉤,bt
𡉥,tv
𡉦,tw
𡉧,tc
𡉨,tw
𡉩,tq
𡉪,ty
𡉫,tt
𡉬,ty
𡉭,to
𡉮,kt
𡉯,tn
𡉰,xt
𡉱,to
𡉲,yt
𡉳,ty
𡉴,th
𡉵,vt
𡉶,ta
𡉷,bt
𡉸,kt
𡉺,tu
𡉻,tu
𡉼,pt
𡉽,tl
𡉾,tx
𡉿,ta
𡊀,tt
𡊁,te
𡊂,pt
𡊃,it
𡊄,st
𡊅,st
𡊆,tu
𡊇,ty
𡊈,tu
𡊉,tw
𡊊,tl
𡊋,ty
𡊌,te
𡊍,tu
𡊎,pt
𡊏,st
𡊐,tk
𡊑,tx
𡊒,tx
𡊓,tu
𡊔,tj
𡊕,tz
𡊖,tb
𡊗,tk
𡊘,td
𡊙,kt
𡊚,tb
𡊛,tq
𡊜,tg
𡊝,wt
𡊞,pt
𡊟,to
𡊠,tj
𡊡,ty
𡊢,tc
𡊣,qt
𡊤,ty
𡊥,pt
𡊦,tj
𡊧,te
𡊨,tx
𡊩,ty
𡊪,te
𡊫,tj
𡊭,bt
𡊮,ty
𡊯,tc
𡊰,tt
𡊱,tk
𡊲,tv
𡊳,tu
𡊴,ut
𡊵,ut
𡊶,te
𡊷,ft
𡊸,tu
𡊹,xt
𡊺,dt
𡊻,td
𡊼,gt
𡊽,ut
𡊾,tq
𡊿,ty
𡋀,tv
𡋁,tj
𡋂,tn
𡋃,tl
𡋄,tw
𡋅,bt
𡋆,dt
𡋇,dt
𡋈,dt
𡋉,tv
𡋊,gt
𡋋,dt
𡋌,ty
𡋍,gt
𡋎,tl
𡋏,kt
𡋐,kt
𡋑,tk
𡋒,tm
𡋓,te
𡋔,tx
𡋕,to
𡋖,nt
𡋗,ty
𡋘,yt
𡋙,tk
𡋚,rt
𡋛,rt
𡋜,bt
𡋝,tu
𡋞,tv
𡋟,tf
𡋠,ta
𡋡,qy
𡋢,ty
𡋣,tt
𡋤,td
𡋥,tk
𡋦,tb
𡋧,vt
𡋨,tv
𡋩,rt
𡋪,bt
𡋫,te
𡋬,vt
𡋭,bt
𡋮,tv
𡋯,tz
𡋰,te
𡋱,tc
𡋲,at
𡋳,tb
𡋴,et
𡋵,ot
𡋶,td
𡋷,dt
𡋸,ta
𡋹,dt
𡋺,tw
𡋻,gt
𡋼,tj
𡋽,ti
𡋾,kt
𡋿,tk
𡌀,td
𡌁,jt
𡌂,dt
𡌃,tk
𡌄,ti
𡌅,rt
𡌆,rt
𡌇,td
𡌈,te
𡌉,tz
𡌊,qt
𡌋,tq
𡌌,et
𡌍,pk
𡌎,nt
𡌏,tu
𡌐,tv
𡌑,kt
𡌒,jt
𡌓,bt
𡌔,to
𡌕,tu
𡌖,te
𡌗,te
𡌘,tm
𡌙,tl
𡌚,tr
𡌛,tt
𡌜,ti
𡌝,tl
𡌞,tt
𡌟,tk
𡌠,tu
𡌡,td
𡌢,tk
𡌣,tq
𡌤,tq
𡌥,at
𡌦,ft
𡌧,td
𡌨,tu
𡌩,to
𡌪,xt
𡌫,rt
𡌬,tt
𡌭,yt
𡌮,tk
𡌯,yt
𡌰,nt
𡌱,tv
𡌲,tj
𡌳,gt
𡌴,ut
𡌵,rr
𡌶,ty
𡌷,tk
𡌸,tw
𡌹,tc
𡌺,ti
𡌻,tr
𡌼,ft
𡌽,tv
𡌾,tg
𡌿,tx
𡍀,tf
𡍁,at
𡍂,br
𡍃,et
𡍄,tg
𡍅,tf
𡍆,tf
𡍇,tq
𡍈,tj
𡍉,tt
𡍊,tt
𡍋,tc
𡍌,tg
𡍍,tv
𡍎,tu
𡍏,bt
𡍐,tb
𡍑,kt
𡍒,tf
𡍓,tu
𡍔,tg
𡍕,ta
𡍖,tu
𡍗,tx
𡍘,td
𡍙,te
𡍚,ta
𡍛,tw
𡍜,tm
𡍝,tn
𡍞,td
𡍟,tc
𡍠,ta
𡍡,tv
𡍢,tg
𡍣,ty
𡍤,tt
𡍥,ta
𡍦,ti
𡍧,tl
𡍨,ty
𡍩,tn
𡍪,tj
𡍫,td
𡍬,tk
𡍭,qt
𡍮,pr
𡍯,gt
𡍰,tu
𡍱,kt
𡍲,te
𡍳,yt
𡍴,pt
𡍵,et
𡍶,gt
𡍷,td
𡍸,kt
𡍹,tf
𡍺,pt
𡍻,tw
𡍼,dt
𡍽,bt
𡍾,tx
𡍿,tn
𡎀,yt
𡎁,gt
𡎂,ut
𡎃,tt
𡎄,at
𡎅,th
𡎆,to
𡎇,tu
𡎈,tc
𡎉,lt
𡎊,ct
𡎋,tz
𡎌,tm
𡎍,tj
𡎎,te
𡎏,tu
𡎐,tf
𡎑,tp
𡎒,dt
𡎔,tt
𡎕,ty
𡎖,tb
𡎗,td
𡎘,ty
𡎙,vt
𡎚,tc
𡎛,tm
𡎜,tg
𡎝,tt
𡎞,tb
𡎟,to
𡎠,tm
𡎡,ta
𡎢,tb
𡎣,tk
𡎤,td
𡎥,xr
𡎦,tb
𡎧,tm
𡎨,ut
𡎩,ty
𡎪,tt
𡎫,tr
𡎬,tq
𡎭,ty
𡎮,to
𡎯,st
𡎰,tx
𡎱,bt
𡎲,wt
𡎳,gt
𡎴,tb
𡎵,tu
𡎶,et
𡎷,tt
𡎸,ct
𡎹,ty
𡎺,pt
𡎻,tr
𡎼,lt
𡎽,ta
𡎾,to
𡎿,lt
𡏀,tt
𡏁,tk
𡏂,tl
𡏃,it
𡏄,pt
𡏅,lt
𡏆,tl
𡏇,et
𡏈,th
𡏉,tn
𡏊,tj
𡏋,dt
𡏌,tc
𡏍,yt
𡏎,ds
𡏏,tu
𡏐,it
𡏑,it
𡏒,at
𡏓,tb
𡏔,kt
𡏕,qt
𡏖,tm
𡏗,tx
𡏘,tw
𡏙,pt
𡏚,tj
𡏛,td
𡏜,tg
𡏝,ta
𡏞,tr
𡏟,tf
𡏠,tx
𡏡,td
𡏢,tm
𡏣,tq
𡏤,tn
𡏥,tk
𡏦,tg
𡏧,tk
𡏨,tb
𡏩,pr
𡏪,ta
𡏫,ta
𡏬,dt
𡏭,ta
𡏮,tg
𡏯,tw
𡏰,tc
𡏱,tx
𡏲,tw
𡏳,ct
𡏴,ut
𡏵,et
𡏶,tb
𡏷,tf
𡏸,zt
𡏹,et
𡏺,ty
𡏻,tu
𡏼,tw
𡏽,tb
𡏾,tk
𡏿,te
𡐀,dt
𡐁,tq
𡐂,bt
𡐃,tv
𡐄,ty
𡐅,te
𡐆,ti
𡐇,tc
𡐈,tk
𡐉,ti
𡐊,it
𡐋,to
𡐌,tu
𡐍,ht
𡐎,tt
𡐏,rt
𡐐,to
𡐑,to
𡐒,tm
𡐓,tl
𡐔,tb
𡐕,tu
𡐖,tt
𡐗,td
𡐘,tt
𡐙,tc
𡐚,ty
𡐛,tt
𡐜,ad
𡐝,th
𡐞,xt
𡐟,tk
𡐠,it
𡐡,tl
𡐢,tg
𡐣,tw
𡐤,tx
𡐥,tf
𡐦,to
𡐧,tu
𡐨,at
𡐩,xt
𡐪,kt
𡐬,ti
𡐭,to
𡐮,tw
𡐯,tw
𡐰,it
𡐱,qk
𡐲,gt
𡐳,ct
𡐴,to
𡐵,tp
𡐶,tp
𡐷,it
𡐸,tv
𡐹,tx
𡐺,tf
𡐻,to
𡐼,vt
𡐽,ta
𡐾,tz
𡐿,tg
𡑀,at
𡑁,it
𡑂,te
𡑃,lt
𡑄,tu
𡑅,kt
𡑆,tl
𡑇,tn
𡑈,ql
𡑉,tw
𡑊,tr
𡑋,th
𡑌,to
𡑍,tl
𡑎,tc
𡑏,tk
𡑐,tx
𡑑,dt
𡑒,tw
𡑓,ta
𡑔,ft
𡑕,ta
𡑖,tu
𡑗,tv
𡑘,ut
𡑙,ta
𡑚,tt
𡑛,tk
𡑜,ty
𡑝,tf
𡑞,tu
𡑟,tk
𡑠,gt
𡑡,ty
𡑢,ta
𡑣,ti
𡑤,wt
𡑥,ti
𡑦,tw
𡑧,bt
𡑨,tq
𡑩,ty
𡑪,tr
𡑫,bt
𡑬,tf
𡑭,to
𡑮,tt
𡑯,tr
𡑰,ty
𡑱,ty
𡑲,tu
𡑳,ty
𡑴,tu
𡑵,tf
𡑶,pt
𡑷,tm
𡑸,pt
𡑹,th
𡑺,et
𡑻,at
𡑼,it
𡑽,tr
𡑾,tt
𡑿,tw
𡒀,wt
𡒁,tj
𡒂,tu
𡒃,pt
𡒄,tu
𡒅,tk
𡒆,tb
𡒇,tw
𡒈,ti
𡒉,vt
𡒊,jt
𡒋,wt
𡒌,tl
𡒍,et
𡒎,ct
𡒏,tv
𡒐,zt
𡒑,ut
𡒒,xv
𡒓,it
𡒔,tv
𡒕,tb
𡒖,dt
𡒗,dt
𡒘,tt
𡒙,ut
𡒚,tn
𡒛,tn
𡒜,to
𡒝,tk
𡒞,tj
𡒟,rt
𡒠,tx
𡒡,tp
𡒢,tt
𡒣,tt
𡒤,ti
𡒥,vu
𡒦,ot
𡒧,tt
𡒨,tb
𡒩,tk
𡒪,tm
𡒫,tr
𡒬,tb
𡒭,tx
𡒮,jt
𡒯,tu
𡒰,pt
𡒱,wt
𡒲,tt
𡒳,tf
𡒴,pt
𡒵,td
𡒶,tg
𡒷,tt
𡒸,to
𡒹,ti
𡒺,tc
𡒻,tb
𡒼,tt
𡒽,kt
𡒾,tg
𡒿,pt
𡓀,to
𡓁,tb
𡓂,te
𡓃,tu
𡓄,tf
𡓅,ty
𡓆,vr
𡓇,to
𡓈,to
𡓉,ut
𡓊,tu
𡓋,tm
𡓌,tw
𡓍,tv
𡓎,tf
𡓏,te
𡓐,te
𡓑,tg
𡓒,tb
𡓓,jt
𡓔,th
𡓕,tl
𡓖,ti
𡓗,et
𡓘,tv
𡓙,ty
𡓚,ut
𡓛,gt
𡓜,tk
𡓝,bt
𡓞,tm
𡓟,tv
𡓠,to
𡓡,ty
𡓢,hr
𡓣,tu
𡓤,tb
𡓥,tg
𡓦,tt
𡓧,ht
𡓨,tr
𡓩,xt
𡓪,xt
𡓫,tn
𡓬,pt
𡓭,gt
𡓮,ur
𡓯,tv
𡓰,tk
𡓱,vt
𡓲,tx
𡓳,te
𡓴,tg
𡓵,jt
𡓶,kt
𡓷,ut
𡓸,it
𡓹,tx
𡓺,tl
𡓻,tw
𡓼,vt
𡓽,th
𡓾,tb
𡓿,kt
𡔀,bt
𡔁,tt
𡔂,bt
𡔃,tv
𡔄,tg
𡔅,vt
𡔆,dt
𡔇,mt
𡔈,at
𡔉,tb
𡔊,wt
𡔋,ty
𡔌,wt
𡔍,tb
𡔎,tq
𡔏,gt
𡔐,tr
𡔑,tj
𡔒,tf
𡔓,tb
𡔔,tj
𡔕,lt
𡔖,tw
𡔗,rt
𡔘,tk
𡔙,gt
𡔚,tb
𡔛,dt
𡔜,tu
𡔝,tv
𡔞,ww
𡔟,rw
𡔠,ti
𡔡,tr
𡔢,dk
𡔣,tt
𡔤,td
𡔦,ta
𡔧,tj
𡔨,jw
𡔩,td
𡔪,tt
𡔫,ta
𡔬,tl
𡔭,tf
𡔮,ty
𡔯,tk
𡔰,tz
𡔱,td
𡔴,to
𡔵,tv
𡔶,ty
𡔷,ty
𡔸,tt
𡔹,tb
𡔺,tc
𡔻,to
𡔼,tt
𡔽,tc
𡔾,ty
𡔿,tt
𡕀,th
𡕁,tx
𡕂,tx
𡕃,tx
𡕄,tk
𡕅,ty
𡕆,tk
𡕇,tk
𡕈,tx
𡕉,tk
𡕊,tx
𡕋,tb
𡕌,tb
𡕍,tk
𡕎,tu
𡕏,ta
𡕐,tk
𡕑,to
𡕒,al
𡕓,wl
𡕔,nw
𡕕,wz
𡕖,wf
𡕗,wf
𡕘,wn
𡕙,wo
𡕚,wj
𡕛,wh
𡕜,wi
𡕝,wm
𡕞,jw
𡕟,tw
𡕠,ww
𡕡,vw
𡕢,aw
𡕣,ew
𡕤,iw
𡕥,ow
𡕦,yw
𡕧,ww
𡕨,ww
𡕩,pw
𡕪,vw
𡕫,dw
𡕬,sj
𡕭,ww
𡕮,qw
𡕯,jw
𡕰,kw
𡕱,dw
𡕲,uw
𡕳,dw
𡕴,rw
𡕵,bk
𡕶,bw
𡕷,dw
𡕸,bb
𡕹,bw
𡕺,ow
𡕻,jw
𡕼,vw
𡕽,vw
𡕾,bw
𡕿,bw
𡖀,vw
𡖁,cw
𡖂,cw
𡖃,bw
𡖅,xb
𡖆,jx
𡖇,xx
𡖉,xd
𡖊,xf
𡖋,xh
𡖌,xv
𡖍,wx
𡖎,xl
𡖏,xg
𡖐,xy
𡖑,xu
𡖒,xy
𡖓,xe
𡖔,xo
𡖕,xu
𡖖,xe
𡖗,xe
𡖘,tx
𡖙,xw
𡖚,xj
𡖛,xk
𡖜,xg
𡖝,xr
𡖞,xv
𡖟,xb
𡖠,xg
𡖡,vx
𡖢,xj
𡖣,xk
𡖤,xk
𡖥,xg
𡖦,xl
𡖧,xt
𡖨,xn
𡖩,ex
𡖪,xt
𡖫,xv
𡖬,xe
𡖭,xf
𡖮,xk
𡖯,xu
𡖰,px
𡖱,xb
𡖲,xn
𡖳,dx
𡖴,dw
𡖵,wv
𡖶,cx
𡖷,xl
𡖸,db
𡖹,xx
𡖺,xw
𡖻,xq
𡖼,bx
𡖽,xo
𡖾,xb
𡖿,xk
𡗀,lx
𡗁,xu
𡗂,yx
𡗃,xe
𡗄,jx
𡗅,xm
𡗆,ux
𡗇,vx
𡗈,xt
𡗉,tx
𡗊,xw
𡗋,wx
𡗌,xv
𡗍,yx
𡗎,xo
𡗏,kx
𡗐,cj
𡗑,xf
𡗓,da
𡗔,dl
𡗖,kd
𡗗,sr
𡗘,tl
𡗙,tv
𡗚,an
𡗛,bd
𡗜,db
𡗝,dg
𡗞,yd
𡗟,dl
𡗠,pd
𡗡,dc
𡗢,df
𡗣,td
𡗤,tl
𡗥,dt
𡗦,dj
𡗧,dw
𡗨,dh
𡗩,hd
𡗪,ds
𡗫,id
𡗬,bd
𡗭,rd
𡗮,vd
𡗯,fd
𡗰,dy
𡗱,dz
𡗲,dt
𡗳,gd
𡗴,dd
𡗵,dl
𡗶,du
𡗷,dg
𡗸,dv
𡗹,dc
𡗺,bt
𡗻,fd
𡗼,db
𡗽,ed
𡗾,dc
𡗿,cd
𡘀,kd
𡘁,dv
𡘂,db
𡘃,dm
𡘄,dq
𡘅,bd
𡘆,dk
𡘇,dy
𡘈,kd
𡘉,fd
𡘊,dy
𡘋,da
𡘌,vd
𡘍,dd
𡘎,du
𡘏,dz
𡘐,do
𡘑,jd
𡘒,tt
𡘓,df
𡘔,bd
𡘕,iv
𡘖,ud
𡘗,di
𡘘,dn
𡘙,dd
𡘚,dy
𡘛,dn
𡘜,kd
𡘝,du
𡘞,sy
𡘟,ds
𡘠,pd
𡘡,id
𡘢,fg
𡘣,dl
𡘤,dd
𡘥,id
𡘦,yc
𡘧,du
𡘨,dy
𡘩,jd
𡘪,du
𡘫,dr
𡘬,bd
𡘭,fd
𡘮,wf
𡘯,wd
𡘰,db
𡘱,fg
𡘲,dc
𡘳,dl
𡘴,dx
𡘵,db
𡘶,cu
𡘷,di
𡘸,tu
𡘹,dv
𡘺,dw
𡘻,pd
𡘼,de
𡘽,ad
𡘾,pd
𡘿,py
𡙀,xd
𡙁,dr
𡙂,dt
𡙃,dv
𡙄,do
𡙅,jq
𡙆,da
𡙇,qg
𡙈,dy
𡙉,bd
𡙊,bd
𡙋,dw
𡙌,du
𡙍,do
𡙎,tt
𡙏,bd
𡙐,dw
𡙑,wd
𡙒,tt
𡙓,dp
𡙔,dt
𡙕,df
𡙖,tg
𡙗,dk
𡙘,dc
𡙙,dw
𡙚,ad
𡙛,bd
𡙜,dy
𡙝,dt
𡙞,dy
𡙟,dd
𡙠,cd
𡙡,yd
𡙢,md
𡙣,dw
𡙤,dy
𡙥,du
𡙦,bd
𡙧,yw
𡙨,dd
𡙩,wr
𡙪,xg
𡙫,rr
𡙬,dk
𡙭,fd
𡙮,dw
𡙯,dj
𡙰,wd
𡙱,fd
𡙲,dt
𡙳,du
𡙴,ld
𡙵,dg
𡙶,yd
𡙷,sd
𡙸,da
𡙹,iu
𡙺,df
𡙻,da
𡙼,du
𡙽,id
𡙾,hd
𡙿,dy
𡚀,gd
𡚁,xd
𡚂,bx
𡚃,jd
𡚄,dg
𡚅,dr
𡚆,pg
𡚇,sd
𡚈,bt
𡚉,db
𡚊,dv
𡚋,ud
𡚌,tt
𡚍,dv
𡚎,sk
𡚏,dw
𡚑,tz
𡚒,dj
𡚓,du
𡚔,dh
𡚕,hd
𡚖,pj
𡚗,dt
𡚘,vt
𡚙,cd
𡚚,db
𡚛,dt
𡚜,dv
𡚝,dv
𡚞,da
𡚟,dv
𡚠,dy
𡚡,cd
𡚢,dh
𡚣,jd
𡚤,sd
𡚥,di
𡚦,nd
𡚧,nb
𡚨,nb
𡚩,yn
𡚪,jn
𡚫,nj
𡚬,en
𡚭,nb
𡚮,jn
𡚯,nk
𡚰,jn
𡚱,ns
𡚲,nw
𡚳,nt
𡚴,un
𡚵,nx
𡚶,vn
𡚷,un
𡚸,nm
𡚹,nv
𡚺,nw
𡚻,nd
𡚼,nu
𡚽,in
𡚾,nu
𡚿,nx
𡛀,ny
𡛁,nw
𡛂,ny
𡛃,nd
𡛄,ni
𡛅,nl
𡛆,np
𡛇,nw
𡛈,nc
𡛉,rn
𡛊,nu
𡛋,nv
𡛌,tn
𡛍,yn
𡛎,an
𡛏,ng
𡛐,nb
𡛑,fn
𡛒,yn
𡛓,nd
𡛔,ng
𡛕,nt
𡛖,nv
𡛗,bn
𡛘,np
𡛙,nl
𡛚,nh
𡛛,ni
𡛜,nu
𡛝,dn
𡛞,nc
𡛟,nl
𡛠,nq
𡛡,np
𡛢,ni
𡛣,nd
𡛤,bn
𡛥,nb
𡛦,nn
𡛧,np
𡛨,nb
𡛩,nl
𡛪,np
𡛫,nz
𡛬,pn
𡛭,nu
𡛮,nk
𡛯,nf
𡛰,nv
𡛱,nk
𡛲,ng
𡛳,nb
𡛴,ni
𡛵,vn
𡛶,nu
𡛷,np
𡛸,nk
𡛹,xn
𡛺,mn
𡛻,ny
𡛼,ny
𡛽,yn
𡛾,ny
𡛿,ng
𡜀,sn
𡜁,ng
𡜂,dn
𡜃,nr
𡜄,ny
𡜅,ny
𡜆,nb
𡜇,nd
𡜈,xn
𡜉,na
𡜊,nf
𡜋,ni
𡜌,un
𡜍,nz
𡜎,gn
𡜏,np
𡜐,nd
𡜑,on
𡜒,nz
𡜓,kn
𡜔,nx
𡜕,no
𡜖,no
𡜗,no
𡜘,nq
𡜙,ne
𡜚,ne
𡜛,xn
𡜜,nj
𡜝,kn
𡜞,nb
𡜟,rn
𡜠,nf
𡜡,dn
𡜢,nu
𡜣,ng
𡜤,ny
𡜥,nl
𡜦,un
𡜧,nx
𡜨,na
𡜩,tn
𡜪,nu
𡜫,nd
𡜬,ny
𡜭,yn
𡜮,nb
𡜯,nv
𡜰,wn
𡜱,nx
𡜲,nk
𡜳,ny
𡜴,nk
𡜵,nf
𡜶,nk
𡜷,ng
𡜸,wn
𡜹,yn
𡜺,nk
𡜻,na
𡜼,no
𡜽,xn
𡜾,ny
𡜿,nt
𡝀,ni
𡝁,un
𡝂,nt
𡝃,nu
𡝄,nx
𡝅,nx
𡝆,nk
𡝇,nt
𡝈,nf
𡝉,fn
𡝊,nt
𡝋,na
𡝌,in
𡝍,nu
𡝎,on
𡝏,ng
𡝐,nm
𡝑,on
𡝒,nw
𡝓,ny
𡝔,qn
𡝕,ns
𡝖,nx
𡝗,nk
𡝘,nu
𡝙,nu
𡝚,nw
𡝛,nj
𡝜,ng
𡝝,dn
𡝞,on
𡝟,nq
𡝠,gn
𡝡,gn
𡝢,nq
𡝣,xn
𡝤,vn
𡝥,na
𡝦,nv
𡝧,nn
𡝨,jn
𡝩,ny
𡝪,un
𡝫,dn
𡝬,ny
𡝭,no
𡝮,nq
𡝯,nl
𡝰,nl
𡝱,nf
𡝲,nx
𡝳,nv
𡝴,ny
𡝵,nu
𡝶,fn
𡝷,xn
𡝸,yn
𡝹,nm
𡝺,nw
𡝻,nk
𡝼,un
𡝽,gn
𡝾,nf
𡝿,ny
𡞀,nk
𡞁,nq
𡞂,no
𡞃,nd
𡞄,nk
𡞅,yn
𡞆,ng
𡞇,no
𡞈,nk
𡞉,nn
𡞊,nh
𡞋,np
𡞌,nc
𡞍,ns
𡞎,nk
𡞏,nu
𡞐,nk
𡞑,nw
𡞒,en
𡞓,pn
𡞔,mn
𡞕,nt
𡞖,nu
𡞗,nf
𡞘,nn
𡞙,no
𡞚,no
𡞛,ng
𡞜,bn
𡞝,nz
𡞞,no
𡞟,bn
𡞠,dn
𡞡,nr
𡞢,nd
𡞣,gn
𡞤,ng
𡞥,nu
𡞦,nz
𡞧,nw
𡞨,nj
𡞩,sn
𡞪,nw
𡞫,nu
𡞬,ny
𡞭,nj
𡞮,na
𡞯,ng
𡞰,ny
𡞱,nn
𡞲,nk
𡞳,nt
𡞴,np
𡞵,nd
𡞶,nf
𡞷,nh
𡞸,nd
𡞹,ny
𡞺,en
𡞻,nt
𡞼,nx
𡞽,ny
𡞾,nn
𡞿,ny
𡟀,ns
𡟁,nw
𡟂,nk
𡟃,nv
𡟄,nl
𡟅,nu
𡟆,nm
𡟇,nu
𡟈,no
𡟉,ne
𡟊,nh
𡟋,wn
𡟌,nn
𡟍,nu
𡟎,ni
𡟏,ni
𡟐,nz
𡟑,nu
𡟒,nn
𡟓,nk
𡟔,nk
𡟕,fn
𡟖,dn
𡟗,nd
𡟘,nf
𡟙,nu
𡟚,nm
𡟛,nk
𡟜,nn
𡟝,nu
𡟞,np
𡟟,nx
𡟠,nv
𡟡,ng
𡟢,nr
𡟣,nj
𡟤,no
𡟥,ny
𡟦,ne
𡟧,ne
𡟨,en
𡟩,no
𡟪,nj
𡟫,nb
𡟬,nh
𡟭,nx
𡟮,pn
𡟯,nx
𡟰,nt
𡟱,no
𡟲,nk
𡟳,ny
𡟴,nl
𡟵,nk
𡟶,nw
𡟷,nu
𡟸,nx
𡟹,nw
𡟺,nw
𡟻,ny
𡟼,nu
𡟽,nt
𡟾,nw
𡟿,yw
𡠀,nk
𡠁,nd
𡠂,no
𡠃,wn
𡠄,nh
𡠅,un
𡠆,tn
𡠇,nx
𡠈,bn
𡠉,yn
𡠊,nm
𡠋,pn
𡠌,nb
𡠍,wn
𡠎,ns
𡠏,na
𡠐,nu
𡠑,nr
𡠒,nc
𡠓,rn
𡠔,nd
𡠕,nz
𡠖,nu
𡠗,tn
𡠘,ny
𡠙,ny
𡠚,nf
𡠛,nx
𡠜,cn
𡠝,wn
𡠞,nc
𡠟,ny
𡠠,nt
𡠡,nd
𡠢,xn
𡠣,nw
𡠤,ni
𡠥,gn
𡠦,tn
𡠨,nd
𡠩,nt
𡠪,nr
𡠫,nm
𡠬,nw
𡠭,ne
𡠮,nh
𡠯,nw
𡠰,nb
𡠱,nc
𡠲,ng
𡠳,nc
𡠴,nx
𡠵,ny
𡠶,nu
𡠷,kn
𡠸,ne
𡠹,nj
𡠺,hn
𡠼,un
𡠽,nx
𡠿,na
𡡀,no
𡡁,nx
𡡂,ny
𡡃,nv
𡡄,ni
𡡅,nn
𡡆,ng
𡡇,nm
𡡈,no
𡡉,gn
𡡊,ng
𡡋,jn
𡡌,nx
𡡍,nz
𡡎,nn
𡡏,hn
𡡐,nf
𡡑,no
𡡒,nt
𡡓,pn
𡡔,ny
𡡕,in
𡡖,no
𡡗,ny
𡡘,tn
𡡙,en
𡡚,rn
𡡛,nm
𡡜,an
𡡝,no
𡡞,nf
𡡟,nv
𡡠,nw
𡡡,nx
𡡢,na
𡡣,nm
𡡤,nr
𡡥,na
𡡦,nu
𡡧,no
𡡨,nb
𡡩,nt
𡡪,ni
𡡫,nj
𡡬,nw
𡡭,yo
𡡮,no
𡡯,nl
𡡰,nj
𡡱,nv
𡡲,no
𡡳,nv
𡡴,an
𡡵,nw
𡡶,nv
𡡷,nw
𡡸,nd
𡡹,nw
𡡺,nu
𡡻,no
𡡼,jn
𡡽,nl
𡡾,no
𡡿,nk
𡢀,ng
𡢁,cn
𡢂,tn
𡢃,no
𡢄,nw
𡢅,ny
𡢆,nx
𡢇,nx
𡢈,dn
𡢉,ne
𡢊,nd
𡢋,nv
𡢌,no
𡢍,nb
𡢎,dn
𡢏,mw
𡢐,mk
𡢑,sn
𡢒,nb
𡢓,nf
𡢔,vf
𡢕,jn
𡢖,in
𡢗,jn
𡢘,nd
𡢙,nc
𡢚,nw
𡢛,yn
𡢜,gn
𡢝,nw
𡢞,nn
𡢟,nz
𡢠,nk
𡢡,ny
𡢢,nt
𡢣,rn
𡢤,nk
𡢥,na
𡢦,gn
𡢧,nd
𡢨,nw
𡢩,nw
𡢪,nj
𡢫,ny
𡢬,na
𡢭,nj
𡢮,yn
𡢯,nn
𡢰,nn
𡢱,nd
𡢲,nb
𡢳,nx
𡢴,nh
𡢵,nl
𡢶,nu
𡢷,ny
𡢸,nc
𡢹,nl
𡢺,ur
𡢻,nb
𡢼,nf
𡢽,nt
𡢾,nu
𡢿,ni
𡣀,en
𡣁,no
𡣂,dn
𡣃,no
𡣄,ng
𡣅,in
𡣆,nf
𡣇,nx
𡣈,no
𡣉,hy
𡣊,ng
𡣋,nc
𡣌,nk
𡣍,wn
𡣎,xn
𡣏,np
𡣐,cn
𡣑,nb
𡣒,nu
𡣓,nb
𡣔,ng
𡣕,nb
𡣖,ny
𡣗,nk
𡣘,nu
𡣙,no
𡣚,nj
𡣛,nx
𡣜,nw
𡣝,nu
𡣞,nr
𡣟,ne
𡣠,tn
𡣡,nl
𡣢,vn
𡣣,no
𡣤,ng
𡣥,nn
𡣦,ny
𡣧,nb
𡣨,nm
𡣩,dn
𡣪,ng
𡣫,nt
𡣬,nd
𡣭,nx
𡣮,nu
𡣯,ng
𡣰,nk
𡣱,ny
𡣲,nx
𡣳,nj
𡣴,nn
𡣵,nx
𡣶,nb
𡣷,nw
𡣸,nk
𡣹,wn
𡣺,nx
𡣻,ni
𡣼,wn
𡣽,nj
𡣾,na
𡣿,jn
𡤀,no
𡤁,nh
𡤂,nl
𡤃,no
𡤄,na
𡤅,nj
𡤆,nn
𡤇,nj
𡤈,cn
𡤉,ny
𡤊,no
𡤋,nj
𡤌,nv
𡤍,hx
𡤎,nt
𡤏,nx
𡤐,nb
𡤑,nk
𡤒,nf
𡤓,nb
𡤔,sk
𡤕,ny
𡤖,nx
𡤗,nh
𡤘,nx
𡤙,ne
𡤚,nh
𡤛,nc
𡤜,tn
𡤝,nn
𡤞,ng
𡤟,nu
𡤠,nb
𡤡,nj
𡤢,nv
𡤣,nx
𡤤,na
𡤥,nh
𡤦,ny
𡤧,nb
𡤨,xn
𡤩,nb
𡤫,vn
𡤬,ny
𡤭,nh
𡤮,nk
𡤯,nx
𡤰,nn
𡤱,nj
𡤲,nl
𡤳,de
𡤴,no
𡤵,nx
𡤶,ng
𡤷,nj
𡤸,nb
𡤹,nt
𡤺,tt
𡤻,nn
𡤼,la
𡤽,za
𡤿,zr
𡥀,zb
𡥁,zd
𡥂,uz
𡥃,zn
𡥄,zk
𡥅,fz
𡥆,iz
𡥇,un
𡥈,xz
𡥉,xz
𡥊,zm
𡥋,hz
𡥌,zo
𡥍,yz
𡥎,vz
𡥏,uz
𡥐,uz
𡥑,zv
𡥒,wz
𡥓,zm
𡥔,tz
𡥕,kz
𡥖,rz
𡥗,nz
𡥘,mz
𡥙,zk
𡥚,zk
𡥛,zw
𡥜,bz
𡥝,yz
𡥞,vz
𡥟,xz
𡥠,zm
𡥡,zf
𡥢,zb
𡥣,bz
𡥤,zl
𡥥,zx
𡥦,zz
𡥧,zd
𡥨,zo
𡥩,zd
𡥪,zk
𡥫,rz
𡥬,hz
𡥭,ez
𡥮,fz
𡥯,xz
𡥰,za
𡥱,zk
𡥲,jz
𡥳,qz
𡥴,zg
𡥵,zb
𡥶,zy
𡥷,uz
𡥸,uz
𡥹,wg
𡥺,xz
𡥻,hz
𡥼,zb
𡥽,wz
𡥾,zk
𡥿,zv
𡦀,zo
𡦁,hz
𡦂,bz
𡦃,hz
𡦄,xz
𡦅,zc
𡦆,pz
𡦇,zo
𡦈,rg
𡦉,zw
𡦊,lz
𡦋,iz
𡦌,zo
𡦍,ze
𡦎,zm
𡦏,zo
𡦐,hz
𡦑,fz
𡦒,zb
𡦓,zv
𡦔,wz
𡦕,zc
𡦖,zr
𡦗,zh
𡦘,ze
𡦙,uz
𡦚,wu
𡦛,wz
𡦜,zl
𡦝,kz
𡦞,zm
𡦟,wu
𡦠,hz
𡦡,wo
𡦢,vv
𡦣,uz
𡦤,mz
𡦥,uz
𡦦,wh
𡦧,hu
𡦨,wj
𡦩,oz
𡦪,zz
𡦫,zb
𡦬,oz
𡦭,xh
𡦮,zb
𡦯,uz
𡦰,zz
𡦱,gz
𡦲,lh
𡦳,lh
𡦴,xh
𡦵,gz
𡦶,zd
𡦷,zz
𡦸,rz
𡦺,bn
𡦻,bv
𡦼,br
𡦽,bw
𡦾,bx
𡦿,ba
𡧀,by
𡧁,bm
𡧂,bb
𡧃,bd
𡧄,bw
𡧅,bc
𡧆,bb
𡧇,bg
𡧈,bv
𡧉,bw
𡧊,bw
𡧋,bf
𡧌,by
𡧍,bg
𡧎,bg
𡧏,bb
𡧐,bb
𡧒,bd
𡧓,bo
𡧔,bu
𡧕,by
𡧖,ba
𡧗,bw
𡧘,bu
𡧙,be
𡧚,bl
𡧛,bc
𡧜,bq
𡧝,bx
𡧞,bp
𡧟,bo
𡧠,bd
𡧡,bv
𡧢,bb
𡧣,bk
𡧤,bw
𡧥,bv
𡧦,bu
𡧧,ba
𡧨,bi
𡧩,bt
𡧪,bq
𡧫,bx
𡧬,bi
𡧭,bv
𡧮,bb
𡧯,bx
𡧰,bf
𡧱,bk
𡧲,bv
𡧳,bx
𡧴,bd
𡧵,bu
𡧶,bk
𡧷,bn
𡧸,bu
𡧹,ba
𡧺,bl
𡧻,bk
𡧼,bo
𡧽,bi
𡧾,bm
𡧿,bg
𡨀,bm
𡨁,bi
𡨂,bk
𡨃,bq
𡨄,bb
𡨅,bk
𡨆,ba
𡨇,bb
𡨈,ba
𡨉,bq
𡨊,by
𡨋,bb
𡨌,bv
𡨍,bw
𡨎,bc
𡨏,bd
𡨐,bk
𡨑,bk
𡨒,bd
𡨓,bi
𡨔,ba
𡨕,bb
𡨖,bd
𡨗,bq
𡨘,bd
𡨙,bc
𡨚,be
𡨛,bf
𡨝,bx
𡨞,by
𡨟,bk
𡨠,br
𡨡,br
𡨢,bg
𡨣,by
𡨤,by
𡨥,bw
𡨦,bj
𡨧,bu
𡨨,bx
𡨩,bo
𡨪,bo
𡨫,bu
𡨬,bl
𡨭,bg
𡨮,bd
𡨯,bu
𡨰,bf
𡨱,bt
𡨲,by
𡨳,br
𡨴,bl
𡨵,bd
𡨶,bh
𡨷,br
𡨸,bz
𡨹,bd
𡨺,bc
𡨻,bv
𡨼,bh
𡨽,bo
𡨾,bt
𡨿,bh
𡩀,bu
𡩁,ba
𡩂,bb
𡩃,bh
𡩄,bl
𡩅,bj
𡩆,ub
𡩇,bi
𡩈,ba
𡩉,bd
𡩊,bn
𡩋,br
𡩌,by
𡩍,bi
𡩎,ba
𡩏,bo
𡩐,bt
𡩑,by
𡩒,bo
𡩓,bi
𡩔,bd
𡩕,ba
𡩖,bj
𡩗,bd
𡩘,bo
𡩙,bu
𡩚,bu
𡩛,bb
𡩜,bs
𡩝,be
𡩞,bv
𡩟,bj
𡩠,by
𡩡,bx
𡩢,bm
𡩣,ba
𡩤,bo
𡩥,bx
𡩦,ba
𡩧,bf
𡩨,bk
𡩩,bk
𡩪,br
𡩫,be
𡩬,ba
𡩭,bk
𡩮,bj
𡩯,bd
𡩰,be
𡩱,bk
𡩲,by
𡩳,bt
𡩴,bf
𡩵,bu
𡩶,by
𡩷,bn
𡩸,bk
𡩹,bj
𡩺,bk
𡩻,bj
𡩼,ba
𡩽,bp
𡩾,bk
𡩿,bt
𡪀,ba
𡪁,bk
𡪂,bl
𡪃,bu
𡪄,bo
𡪅,be
𡪆,bb
𡪇,bp
𡪈,bt
𡪉,be
𡪊,by
𡪋,bn
𡪌,by
𡪍,bh
𡪎,bx
𡪏,bd
𡪐,bw
𡪑,bk
𡪒,bt
𡪓,bb
𡪔,ba
𡪕,ba
𡪖,bm
𡪗,bk
𡪘,ba
𡪙,bo
𡪚,bn
𡪛,bb
𡪜,ba
𡪝,bk
𡪞,bk
𡪟,bo
𡪠,bo
𡪡,bq
𡪢,by
𡪣,bm
𡪤,bf
𡪥,bb
𡪦,bo
𡪧,ba
𡪨,bs
𡪩,bw
𡪪,bd
𡪫,bd
𡪬,be
𡪭,bk
𡪮,bc
𡪯,bw
𡪰,bl
𡪱,bq
𡪲,bb
𡪳,bj
𡪴,bl
𡪵,by
𡪶,bh
𡪷,bj
𡪸,bl
𡪹,bx
𡪺,bb
𡪻,bg
𡪼,bm
𡪽,bj
𡪾,bx
𡪿,bd
𡫀,bw
𡫁,bj
𡫂,bo
𡫃,bt
𡫄,bw
𡫅,bh
𡫆,bk
𡫇,bx
𡫈,bq
𡫉,by
𡫊,bx
𡫋,bb
𡫌,bl
𡫍,bm
𡫎,bw
𡫏,by
𡫐,bj
𡫑,bt
𡫒,by
𡫓,bt
𡫔,bo
𡫕,bh
𡫖,by
𡫗,ba
𡫘,bl
𡫙,br
𡫚,bu
𡫛,bk
𡫜,br
𡫝,bd
𡫞,bd
𡫟,bd
𡫠,bo
𡫡,bk
𡫢,bd
𡫣,bw
𡫤,bn
𡫥,bk
𡫦,bc
𡫧,bo
𡫨,bj
𡫩,bd
𡫪,by
𡫫,wb
𡫬,br
𡫭,bm
𡫮,br
𡫯,bv
𡫰,bn
𡫱,bp
𡫲,bk
𡫳,bc
𡫴,bk
𡫵,bh
𡫶,bc
𡫷,bj
𡫸,bk
𡫹,bk
𡫺,by
𡫻,bu
𡫼,bt
𡫽,bn
𡫾,br
𡫿,bj
𡬀,bw
𡬁,bl
𡬂,bd
𡬃,be
𡬄,bu
𡬅,by
𡬆,bo
𡬇,bb
𡬈,bx
𡬉,it
𡬊,by
𡬋,bk
𡬌,bo
𡬍,bm
𡬎,bv
𡬏,by
𡬐,bq
𡬑,bk
𡬒,ba
𡬓,by
𡬔,bj
𡬕,bl
𡬖,bh
𡬗,bb
𡬘,xd
𡬙,bd
𡬚,bk
𡬛,bi
𡬜,bd
𡬞,vc
𡬟,hc
𡬠,gc
𡬡,jc
𡬢,mc
𡬣,xc
𡬤,uc
𡬥,kc
𡬦,bc
𡬧,uc
𡬨,fc
𡬩,oc
𡬪,pc
𡬫,vc
𡬬,kc
𡬭,cc
𡬮,bc
𡬯,jc
𡬰,oi
𡬱,wc
𡬲,vc
𡬳,vs
𡬴,rc
𡬵,xc
𡬶,ef
𡬷,bc
𡬸,vc
𡬹,vc
𡬺,sc
𡬻,rc
𡬼,kc
𡬽,xc
𡬾,ab
𡬿,kc
𡭀,sc
𡭁,xc
𡭂,uc
𡭃,bc
𡭄,tc
𡭅,wc
𡭆,cc
𡭇,in
𡭈,kc
𡭉,bc
𡭊,yc
𡭋,xc
𡭌,ac
𡭍,ic
𡭎,zc
𡭏,ic
𡭐,ic
𡭑,rc
𡭒,vk
𡭓,jc
𡭕,ax
𡭖,vx
𡭗,rx
𡭘,nx
𡭙,xa
𡭚,sx
𡭛,xc
𡭜,mx
𡭝,ux
𡭞,xh
𡭟,ud
𡭠,xb
𡭡,ux
𡭢,xa
𡭣,xu
𡭤,xw
𡭥,wu
𡭦,xb
𡭧,ix
𡭨,ox
𡭩,xb
𡭪,xe
𡭫,xc
𡭬,xc
𡭭,xl
𡭮,xo
𡭯,xx
𡭰,vx
𡭱,iu
𡭲,ui
𡭳,mx
𡭴,xo
𡭵,xj
𡭶,yq
𡭷,xu
𡭸,uk
𡭹,wu
𡭺,ue
𡭻,xt
𡭼,xu
𡭽,ux
𡭾,xv
𡭿,xv
𡮀,uk
𡮁,xc
𡮂,xb
𡮃,ux
𡮄,xv
𡮅,jx
𡮆,xm
𡮇,wx
𡮈,vx
𡮉,mx
𡮊,xd
𡮋,xw
𡮌,xp
𡮍,xi
𡮎,wx
𡮏,uu
𡮐,xx
𡮑,uv
𡮒,hx
𡮓,qu
𡮔,yx
𡮕,xi
𡮖,xj
𡮗,zu
𡮘,gu
𡮙,sx
𡮚,xk
𡮛,xt
𡮜,vx
𡮝,xl
𡮞,bu
𡮟,sx
𡮠,do
𡮡,xe
𡮢,xo
𡮣,xc
𡮤,mx
𡮥,xc
𡮦,cu
𡮧,wx
𡮨,sx
𡮩,mu
𡮪,xq
𡮫,xx
𡮬,xx
𡮭,sx
𡮮,xx
𡮯,uk
𡮰,gx
𡮱,xo
𡮲,xc
𡮳,su
𡮵,xv
𡮶,vk
𡮷,xb
𡮸,sx
𡮹,uu
𡮺,ix
𡮻,iu
𡮼,iu
𡮽,xo
𡮾,zx
𡮿,du
𡯀,ax
𡯁,uv
𡯂,bj
𡯃,yp
𡯄,yl
𡯆,ys
𡯇,yd
𡯈,yr
𡯉,yy
𡯊,ay
𡯋,yg
𡯌,yx
𡯍,yg
𡯎,yp
𡯏,yd
𡯐,ya
𡯑,bu
𡯒,bo
𡯔,yb
𡯕,yf
𡯖,yw
𡯗,bj
𡯘,yy
𡯙,yo
𡯚,bb
𡯛,bg
𡯜,yb
𡯝,wu
𡯞,yn
𡯟,yo
𡯠,bb
𡯡,yb
𡯢,yu
𡯣,yg
𡯤,xy
𡯥,yi
𡯦,ya
𡯧,bb
𡯨,yr
𡯩,yo
𡯪,yw
𡯫,bb
𡯬,yb
𡯭,yw
𡯮,xy
𡯯,yg
𡯰,yc
𡯱,bb
𡯲,bw
𡯳,yk
𡯴,yu
𡯵,yn
𡯶,wy
𡯷,bk
𡯸,bd
𡯹,yy
𡯺,yy
𡯻,yz
𡯼,gy
𡯽,yk
𡯾,yy
𡯿,yb
𡰀,yu
𡰁,wv
𡰂,by
𡰃,yf
𡰄,yd
𡰅,wo
𡰆,ya
𡰇,ie
𡰈,zw
𡰉,bj
𡰊,bo
𡰋,yv
𡰌,yn
𡰍,uy
𡰎,yn
𡰐,hy
𡰑,yk
𡰒,yl
𡰓,uy
𡰔,wy
𡰕,bl
𡰖,yz
𡰗,wy
𡰘,yy
𡰙,by
𡰚,my
𡰛,bm
𡰜,wy
𡰝,yv
𡰞,wv
𡰟,by
𡰠,yy
𡰡,bk
𡰢,yk
𡰣,kp
𡰤,bu
𡰥,ue
𡰦,ur
𡰨,ud
𡰩,ue
𡰪,uk
𡰫,ui
𡰬,ug
𡰭,ui
𡰮,ku
𡰯,uj
𡰰,ie
𡰱,ug
𡰲,uu
𡰳,ux
𡰵,uy
𡰶,uo
𡰷,ud
𡰸,uv
𡰹,uu
𡰺,ud
𡰻,uy
𡰼,uv
𡰽,uy
𡰾,ud
𡰿,uw
𡱀,wu
𡱁,uu
𡱂,uj
𡱃,uj
𡱅,uq
𡱆,un
𡱇,uv
𡱈,uj
𡱉,yy
𡱊,uu
𡱋,yu
𡱌,ud
𡱍,ur
𡱎,ur
𡱏,ux
𡱐,uy
𡱑,uo
𡱒,ug
𡱓,uj
𡱔,uo
𡱖,uw
𡱗,us
𡱘,ug
𡱙,uw
𡱚,uc
𡱛,uf
𡱜,uv
𡱝,uy
𡱞,un
𡱟,uz
𡱠,tu
𡱡,ue
𡱢,uu
𡱣,uy
𡱤,um
𡱥,uw
𡱦,uv
𡱧,uj
𡱨,bg
𡱩,fi
𡱪,uv
𡱫,uw
𡱬,uz
𡱭,ug
𡱮,ia
𡱯,uc
𡱰,uu
𡱱,uy
𡱲,uj
𡱳,uu
𡱴,uu
𡱵,ux
𡱶,uk
𡱷,uv
𡱸,ki
𡱹,uv
𡱺,uj
𡱻,uy
𡱼,ug
𡱽,ux
𡱾,uy
𡱿,uw
𡲀,ug
𡲁,uy
𡲂,kq
𡲃,ut
𡲅,uv
𡲆,uv
𡲈,uw
𡲉,uo
𡲊,uo
𡲋,uy
𡲌,uq
𡲍,ul
𡲎,uu
𡲏,us
𡲐,uv
𡲑,uu
𡲒,ui
𡲓,uf
𡲔,um
𡲕,uy
𡲖,ud
𡲗,ui
𡲘,uu
𡲙,ut
𡲚,uy
𡲛,uf
𡲜,uc
𡲝,uy
𡲞,bg
𡲟,uv
𡲠,uy
𡲡,ka
𡲢,uk
𡲣,uf
𡲤,uq
𡲥,uu
𡲦,ux
𡲧,uw
𡲨,uq
𡲩,ub
𡲪,uz
𡲫,uj
𡲬,ui
𡲭,uy
𡲮,ub
𡲯,uy
𡲰,um
𡲱,uu
𡲲,uw
𡲳,ug
𡲴,um
𡲵,uj
𡲶,ui
𡲷,uh
𡲸,um
𡲹,un
𡲺,uo
𡲻,uj
𡲼,ur
𡲽,uw
𡲾,un
𡲿,uy
𡳀,uv
𡳁,ut
𡳂,ub
𡳃,uy
𡳄,uk
𡳅,uw
𡳆,uq
𡳇,up
𡳈,ut
𡳉,uw
𡳊,uc
𡳋,ul
𡳌,uw
𡳍,uj
𡳎,uk
𡳏,uj
𡳐,uw
𡳑,ur
𡳒,ut
𡳓,uu
𡳔,up
𡳕,uf
𡳗,uu
𡳘,ur
𡳙,ua
𡳚,ua
𡳛,uk
𡳜,uz
𡳝,uu
𡳞,uf
𡳟,uo
𡳠,ub
𡳡,uc
𡳢,ie
𡳣,lu
𡳤,ue
𡳥,uu
𡳦,uu
𡳧,yk
𡳨,ua
𡳩,uo
𡳪,uv
𡳫,ut
𡳬,um
𡳭,ua
𡳮,ub
𡳯,uk
𡳰,ug
𡳱,ud
𡳲,ud
𡳳,uo
𡳴,wu
𡳵,uo
𡳶,cn
𡳷,uw
𡳸,uv
𡳹,ub
𡳺,ug
𡳻,uo
𡳼,ci
𡳽,vt
𡳾,kv
𡴁,cy
𡴂,kv
𡴃,yc
𡴄,cv
𡴅,cj
𡴆,cl
𡴇,cf
𡴉,tf
𡴊,ca
𡴋,cm
𡴌,rc
𡴍,cw
𡴎,cl
𡴏,co
𡴐,cu
𡴑,cv
𡴒,cs
𡴓,pv
𡴔,cs
𡴕,cm
𡴖,cg
𡴗,ck
𡴘,yn
𡴙,cu
𡴚,cf
𡴛,cm
𡴜,co
𡴝,cu
𡴞,cy
𡴟,cg
𡴠,ct
𡴡,uk
𡴢,ty
𡴣,ty
𡴤,rc
𡴥,cn
𡴦,ch
𡴧,cw
𡴨,cu
𡴩,ck
𡴪,cb
𡴫,cl
𡴬,rc
𡴭,uv
𡴮,uv
𡴯,uv
𡴰,uv
𡴱,uv
𡴲,du
𡴳,ku
𡴴,ju
𡴵,ud
𡴶,ul
𡴷,xu
𡴸,eu
𡴹,ue
𡴺,eu
𡴻,du
𡴼,uv
𡴽,ul
𡴾,uv
𡴿,uw
𡵀,uw
𡵁,du
𡵂,uj
𡵃,ug
𡵄,uf
𡵅,ui
𡵆,us
𡵇,uz
𡵈,uy
𡵉,uw
𡵊,uv
𡵋,uv
𡵌,uy
𡵍,wu
𡵎,wu
𡵏,uy
𡵐,uj
𡵑,du
𡵒,su
𡵓,us
𡵔,uy
𡵕,du
𡵖,uh
𡵗,ut
𡵘,uh
𡵙,ue
𡵚,uj
𡵛,uf
𡵜,un
𡵝,ur
𡵞,uf
𡵟,ub
𡵠,ku
𡵡,wu
𡵢,uy
𡵣,nu
𡵤,uu
𡵥,uy
𡵦,us
𡵧,uy
𡵨,uy
𡵩,vu
𡵪,xu
𡵬,ua
𡵭,tu
𡵮,uy
𡵯,uu
𡵰,uu
𡵱,ut
𡵲,uw
𡵳,uf
𡵴,ug
𡵵,uu
𡵶,wu
𡵷,uj
𡵸,ui
𡵹,ju
𡵺,ug
𡵻,uj
𡵼,uh
𡵾,zu
𡵿,uv
𡶀,un
𡶁,ut
𡶂,ue
𡶃,uv
𡶄,ub
𡶅,uk
𡶆,uk
𡶇,bu
𡶈,uu
𡶉,uf
𡶊,uy
𡶋,uj
𡶌,uu
𡶍,uw
𡶎,uw
𡶏,ui
𡶐,uk
𡶑,ug
𡶒,uf
𡶓,ku
𡶔,ug
𡶕,zu
𡶖,uy
𡶗,um
𡶘,mu
𡶙,ug
𡶚,ut
𡶛,ub
𡶜,ui
𡶝,uk
𡶞,ud
𡶟,uv
𡶠,pu
𡶡,ub
𡶢,ux
𡶣,uw
𡶤,uy
𡶥,uk
𡶦,uq
𡶧,ul
𡶨,uq
𡶩,su
𡶪,uu
𡶫,ul
𡶬,ku
𡶭,ud
𡶮,um
𡶯,ux
𡶰,ul
𡶱,us
𡶲,ua
𡶳,du
𡶴,ui
𡶵,ug
𡶶,uf
𡶷,uf
𡶸,ki
𡶹,uk
𡶺,uj
𡶻,uz
𡶼,ux
𡶽,ui
𡶾,ub
𡶿,ux
𡷀,gu
𡷁,uw
𡷂,uk
𡷃,uy
𡷄,uw
𡷅,ut
𡷆,au
𡷇,ku
𡷈,uu
𡷉,uy
𡷋,ue
𡷌,uj
𡷍,ug
𡷎,uy
𡷏,uy
𡷐,ug
𡷑,uq
𡷒,bu
𡷓,uc
𡷔,ua
𡷕,um
𡷖,ui
𡷗,uy
𡷘,ud
𡷙,ue
𡷚,uo
𡷛,ug
𡷜,uv
𡷝,uv
𡷞,ux
𡷟,uc
𡷠,uu
𡷡,uo
𡷢,ux
𡷣,um
𡷤,ut
𡷥,nu
𡷦,gu
𡷧,uv
𡷨,ug
𡷪,ut
𡷫,ui
𡷬,uk
𡷭,ue
𡷮,uy
𡷯,ur
𡷰,ui
𡷱,um
𡷲,uj
𡷳,un
𡷴,uv
𡷵,ua
𡷶,uu
𡷷,uu
𡷸,uz
𡷹,uj
𡷺,cu
𡷻,uu
𡷼,uu
𡷽,uu
𡷾,uy
𡷿,uz
𡸀,uk
𡸁,qk
𡸂,um
𡸃,uq
𡸄,ur
𡸅,uw
𡸆,uu
𡸇,ua
𡸈,ub
𡸉,ud
𡸊,ue
𡸋,ur
𡸌,uv
𡸍,uy
𡸎,ue
𡸏,ul
𡸐,uf
𡸑,uw
𡸒,uq
𡸔,ut
𡸕,ug
𡸖,ug
𡸗,uv
𡸘,uy
𡸙,uh
𡸚,ug
𡸛,uq
𡸜,uq
𡸝,uu
𡸞,uj
𡸟,ut
𡸠,uu
𡸡,iu
𡸢,ue
𡸣,ue
𡸤,ug
𡸥,uv
𡸦,ut
𡸧,mu
𡸨,uy
𡸩,uv
𡸪,uu
𡸫,uk
𡸬,ul
𡸮,uu
𡸯,ua
𡸰,uf
𡸱,uo
𡸲,uv
𡸳,uw
𡸴,ur
𡸵,uy
𡸶,uu
𡸷,ub
𡸸,iu
𡸹,uy
𡸺,uo
𡸻,uj
𡸼,uu
𡸽,ua
𡸾,ud
𡸿,uu
𡹀,uw
𡹁,qu
𡹂,ud
𡹃,uw
𡹄,uy
𡹅,yu
𡹆,um
𡹇,ua
𡹈,uz
𡹉,uv
𡹊,ud
𡹋,uw
𡹌,uo
𡹍,cg
𡹎,uo
𡹏,ui
𡹐,uv
𡹑,uw
𡹒,uo
𡹓,ux
𡹔,uo
𡹕,ue
𡹖,uh
𡹗,ug
𡹘,hu
𡹙,uj
𡹚,au
𡹛,ud
𡹜,un
𡹝,ug
𡹞,ux
𡹟,ue
𡹠,uq
𡹡,ux
𡹢,ut
𡹣,uk
𡹤,uh
𡹥,ut
𡹦,uz
𡹧,uy
𡹨,uy
𡹩,iu
𡹪,ua
𡹫,uk
𡹬,uk
𡹭,ut
𡹮,uc
𡹯,uk
𡹰,um
𡹱,uk
𡹲,uo
𡹳,uw
𡹴,ur
𡹵,uu
𡹶,un
𡹷,uf
𡹸,ux
𡹹,gu
𡹺,ud
𡹻,uk
𡹼,uk
𡹽,ur
𡹾,un
𡹿,uy
𡺀,uk
𡺁,uy
𡺂,uc
𡺃,uc
𡺄,ua
𡺅,uy
𡺆,eu
𡺇,ul
𡺈,uo
𡺉,ul
𡺊,uo
𡺋,uy
𡺌,ud
𡺍,uv
𡺎,ud
𡺏,uq
𡺐,uo
𡺑,ua
𡺒,uy
𡺓,ub
𡺔,ou
𡺕,ul
𡺖,uy
𡺗,uo
𡺘,uh
𡺙,uu
𡺚,uy
𡺛,ur
𡺜,uw
𡺝,uu
𡺞,uo
𡺟,ud
𡺠,ui
𡺡,um
𡺢,ud
𡺣,ud
𡺤,uf
𡺥,ud
𡺦,um
𡺧,du
𡺨,uf
𡺩,uk
𡺪,uu
𡺫,uj
𡺬,um
𡺭,ub
𡺮,ub
𡺯,uf
𡺰,ux
𡺱,ul
𡺲,uw
𡺳,uu
𡺴,ui
𡺵,uc
𡺶,bu
𡺷,uw
𡺸,uo
𡺹,uu
𡺺,ug
𡺻,ut
𡺼,ua
𡺽,uo
𡺾,uu
𡺿,uw
𡻀,uf
𡻁,uy
𡻂,ub
𡻃,ub
𡻄,uc
𡻅,uu
𡻆,uu
𡻇,uf
𡻈,uh
𡻉,ur
𡻊,um
𡻋,uo
𡻌,ui
𡻍,uw
𡻎,un
𡻏,uy
𡻐,ux
𡻑,uu
𡻒,mu
𡻓,uk
𡻔,ul
𡻕,ux
𡻖,ub
𡻗,ub
𡻘,um
𡻙,ue
𡻚,ul
𡻛,uu
𡻜,ut
𡻝,ug
𡻞,uf
𡻟,ud
𡻠,uh
𡻡,uy
𡻢,ug
𡻣,ux
𡻤,gu
𡻥,ua
𡻦,uu
𡻧,du
𡻨,uk
𡻩,uy
𡻪,up
𡻫,uk
𡻬,uu
𡻭,ux
𡻮,ub
𡻯,ux
𡻰,uu
𡻱,ux
𡻲,uk
𡻳,ue
𡻴,uw
𡻵,uk
𡻶,uw
𡻷,ux
𡻸,ut
𡻹,uf
𡻺,uj
𡻻,uh
𡻼,uw
𡻽,uy
𡻾,uj
𡻿,uu
𡼀,ur
𡼁,un
𡼂,ub
𡼃,un
𡼄,ut
𡼅,ue
𡼆,uj
𡼇,uw
𡼈,uw
𡼉,vu
𡼊,ux
𡼋,uy
𡼌,uv
𡼍,uw
𡼎,uk
𡼏,uo
𡼐,uu
𡼑,uk
𡼒,uu
𡼓,ud
𡼔,uy
𡼕,uk
𡼖,wu
𡼗,uu
𡼘,uv
𡼙,uk
𡼚,ku
𡼛,ug
𡼜,uo
𡼝,ub
𡼞,ue
𡼟,uv
𡼠,ur
𡼡,uh
𡼢,uc
𡼣,ua
𡼤,uu
𡼥,uo
𡼦,uw
𡼧,un
𡼨,ua
𡼩,ux
𡼪,uk
𡼫,uo
𡼬,uu
𡼭,uq
𡼮,ux
𡼯,ku
𡼰,uk
𡼱,uf
𡼲,uq
𡼳,uo
𡼴,uo
𡼵,uf
𡼶,ux
𡼷,uh
𡼸,uy
𡼹,uw
𡼺,uu
𡼻,ql
𡼼,uo
𡼽,uq
𡼾,uo
𡼿,ui
𡽀,uw
𡽁,ux
𡽂,uv
𡽃,eu
𡽄,uw
𡽅,ui
𡽆,ub
𡽇,ud
𡽈,ui
𡽉,uo
𡽊,ut
𡽋,uu
𡽌,tu
𡽍,ub
𡽎,ug
𡽏,ue
𡽐,up
𡽑,ud
𡽒,ub
𡽓,ug
𡽔,uu
𡽕,ux
𡽖,un
𡽗,ur
𡽘,uk
𡽙,uq
𡽚,ru
𡽛,uv
𡽜,uk
𡽝,uk
𡽞,uo
𡽟,up
𡽠,uy
𡽡,ue
𡽢,uv
𡽣,uq
𡽤,uf
𡽥,uw
𡽦,up
𡽧,uw
𡽨,uu
𡽩,ut
𡽪,ux
𡽫,uw
𡽬,ju
𡽭,ux
𡽮,uh
𡽯,uv
𡽰,uv
𡽱,uv
𡽲,uf
𡽳,um
𡽴,ui
𡽵,uc
𡽶,uw
𡽷,uu
𡽸,ux
𡽹,uy
𡽺,qu
𡽻,ut
𡽼,ua
𡽽,uh
𡽾,um
𡽿,uu
𡾀,uk
𡾁,uy
𡾂,uy
𡾃,xu
𡾄,uw
𡾅,ux
𡾆,uy
𡾇,ub
𡾈,ug
𡾉,uu
𡾊,ut
𡾋,ut
𡾌,uh
𡾎,uu
𡾏,uu
𡾐,ur
𡾑,ug
𡾒,ua
𡾓,uo
𡾔,tu
𡾕,uw
𡾖,ug
𡾗,uy
𡾘,uu
𡾙,ue
𡾚,ua
𡾛,uk
𡾜,uv
𡾝,ux
𡾞,uk
𡾟,ug
𡾠,ug
𡾡,uo
𡾢,ux
𡾣,uy
𡾤,uz
𡾥,ux
𡾦,ux
𡾧,um
𡾨,ux
𡾩,lu
𡾪,uj
𡾫,uy
𡾬,um
𡾭,uh
𡾮,uy
𡾯,ux
𡾰,uz
𡾱,ub
𡾲,ux
𡾳,ux
𡾴,uq
𡾵,ul
𡾶,ux
𡾷,uu
𡾸,un
𡾹,ua
𡾺,uj
𡾻,ui
𡾼,uy
𡾽,uo
𡾾,ug
𡾿,ub
𡿀,uk
𡿁,hu
𡿂,ul
𡿃,uy
𡿄,ui
𡿅,uy
𡿆,un
𡿇,uv
𡿈,ua
𡿉,cu
𡿊,cu
𡿋,ui
𡿌,ua
𡿍,ub
𡿎,uv
𡿏,uv
𡿐,uf
𡿑,uf
𡿒,uz
𡿓,uh
𡿔,ux
𡿕,uw
𡿖,ur
𡿗,ua
𡿘,uo
𡿙,un
𡿚,uu
𡿛,ua
𡿜,ux
𡿝,uy
𡿞,ug
𡿟,uw
𡿠,uf
𡿡,ur
𡿢,ue
𡿣,ut
𡿤,ck
𡿥,up
𡿧,va
𡿨,vv
𡿩,va
𡿪,vx
𡿫,wi
𡿬,vv
𡿭,vv
𡿮,wv
𡿯,ov
𡿰,ev
𡿱,aw
𡿲,vy
𡿳,vf
𡿴,ev
𡿵,vg
𡿶,vb
𡿷,vk
𡿸,vr
𡿹,vc
𡿺,vx
𡿻,pv
𡿼,vu
𡿽,pv
𡿾,vv
𡿿,gv
𢀀,vv
𢀁,vy
𢀂,vu
𢀃,tv
𢀄,kb
𢀅,va
𢀆,vh
𢀇,vj
𢀈,vj
𢀉,vk
𢀊,vr
𢀋,vj
𢀌,vg
𢀍,ob
𢀎,bv
𢀏,vj
𢀐,sj
𢀑,gv
𢀒,gv
𢀔,gv
𢀕,gv
𢀖,vg
𢀗,gv
𢀘,gl
𢀙,gj
𢀛,gk
𢀜,gf
𢀝,ac
𢀞,gl
𢀟,yg
𢀠,ug
𢀡,ug
𢀢,gj
𢀣,gy
𢀤,gu
𢀥,je
𢀦,jt
𢀧,jc
𢀨,je
𢀩,rg
𢀪,gr
𢀫,aj
𢀬,jo
𢀭,jo
𢀮,wj
𢀯,ag
𢀰,ag
𢀱,jh
𢀲,jb
𢀴,is
𢀵,jj
𢀶,gj
𢀷,ls
𢀸,ds
𢀹,ps
𢀺,ks
𢀻,jj
𢀼,gb
𢀽,pj
𢀾,vs
𢀿,lb
𢁀,gb
𢁁,us
𢁂,cs
𢁃,us
𢁄,ls
𢁅,sq
𢁆,wj
𢁇,ib
𢁈,oj
𢁉,jg
𢁊,bg
𢁋,bw
𢁌,sb
𢁍,bw
𢁎,sd
𢁏,nj
𢁐,ts
𢁑,bb
𢁒,jj
𢁓,aj
𢁔,sj
𢁕,ju
𢁖,jd
𢁗,jg
𢁘,jp
𢁙,wj
𢁚,js
𢁛,uj
𢁜,jc
𢁝,jj
𢁞,jp
𢁟,xj
𢁠,jg
𢁡,jd
𢁢,jv
𢁣,jw
𢁤,jn
𢁥,fj
𢁦,jb
𢁧,jq
𢁨,yj
𢁩,jn
𢁪,jg
𢁫,xj
𢁬,jv
𢁭,rj
𢁮,jv
𢁯,jo
𢁰,rj
𢁱,jy
𢁲,jy
𢁳,dj
𢁴,aj
𢁵,jy
𢁶,jy
𢁷,jg
𢁸,jf
𢁹,pj
𢁻,jj
𢁼,jd
𢁽,jb
𢁾,jk
𢁿,jv
𢂀,jf
𢂁,jj
𢂂,rj
𢂃,jv
𢂄,jx
𢂅,jd
𢂆,jc
𢂇,aj
𢂈,jq
𢂉,ja
𢂊,jl
𢂋,wj
𢂌,jg
𢂍,jd
𢂎,jy
𢂏,uj
𢂐,jl
𢂑,jg
𢂒,jy
𢂓,jk
𢂔,jg
𢂕,jv
𢂖,bj
𢂗,pj
𢂘,jw
𢂙,wj
𢂚,wj
𢂛,uy
𢂜,yj
𢂝,jy
𢂞,xj
𢂟,jj
𢂠,wj
𢂡,jd
𢂢,jl
𢂣,jz
𢂤,wy
𢂥,jd
𢂦,bj
𢂧,jw
𢂨,pj
𢂩,jv
𢂪,wj
𢂫,yj
𢂬,nj
𢂭,jj
𢂮,je
𢂯,uj
𢂰,jy
𢂱,jo
𢂲,jg
𢂳,jm
𢂴,jx
𢂵,jc
𢂶,jk
𢂷,uk
𢂸,cj
𢂹,je
𢂺,dj
𢂻,jx
𢂼,fj
𢂽,jk
𢂾,jw
𢂿,jr
𢃀,jr
𢃁,pj
𢃂,nj
𢃃,qj
𢃄,uj
𢃅,ja
𢃆,yj
𢃇,jl
𢃈,jc
𢃉,jd
𢃊,uk
𢃋,kj
𢃌,vj
𢃍,ju
𢃎,ja
𢃏,ju
𢃐,jg
𢃑,jo
𢃒,ju
𢃓,jg
𢃔,jh
𢃕,jo
𢃖,jk
𢃗,ju
𢃘,hj
𢃙,jl
𢃚,jb
𢃛,cj
𢃜,jq
𢃝,uj
𢃞,jj
𢃟,jo
𢃠,jd
𢃡,jw
𢃢,jo
𢃣,jy
𢃤,gj
𢃥,ij
𢃦,jg
𢃧,jx
𢃨,ju
𢃩,jv
𢃪,aj
𢃫,jr
𢃬,bj
𢃭,jx
𢃮,jm
𢃯,jt
𢃰,jz
𢃱,ja
𢃲,ju
𢃳,eb
𢃴,uj
𢃵,jj
𢃶,jm
𢃷,uj
𢃸,jh
𢃹,kj
𢃺,bj
𢃻,uj
𢃼,jo
𢃽,jn
𢃾,jd
𢃿,jj
𢄀,aj
𢄁,yj
𢄂,qj
𢄃,jy
𢄄,cq
𢄅,jh
𢄆,cj
𢄇,bg
𢄈,jo
𢄊,jg
𢄋,hj
𢄌,ju
𢄍,jm
𢄎,jf
𢄏,bj
𢄐,ju
𢄑,jj
𢄒,jx
𢄓,jh
𢄔,pj
𢄕,rj
𢄖,yj
𢄗,bk
𢄘,zj
𢄙,jb
𢄚,jj
𢄛,jk
𢄜,jg
𢄝,bb
𢄞,mj
𢄟,jy
𢄠,jk
𢄡,wj
𢄢,tj
𢄣,je
𢄤,ij
𢄥,ej
𢄦,jn
𢄧,fj
𢄨,jb
𢄩,jj
𢄪,jp
𢄫,wj
𢄬,uj
𢄭,jb
𢄮,yj
𢄯,jw
𢄰,jk
𢄱,ji
𢄲,fj
𢄳,jo
𢄴,jx
𢄵,ju
𢄶,ja
𢄷,jx
𢄸,jy
𢄹,jk
𢄺,jh
𢄻,jw
𢄼,pj
𢄽,jb
𢄾,dj
𢄿,gj
𢅀,ju
𢅁,vj
𢅂,jk
𢅃,jj
𢅄,sj
𢅅,jq
𢅆,jo
𢅇,um
𢅈,wj
𢅉,be
𢅊,pj
𢅋,jo
𢅌,wj
𢅍,tj
𢅎,jw
𢅏,jj
𢅐,jr
𢅑,jh
𢅒,jd
𢅓,cj
𢅔,jo
𢅕,ju
𢅖,jb
𢅗,jk
𢅘,jj
𢅙,jb
𢅚,jd
𢅛,wp
𢅜,ej
𢅝,uj
𢅞,bu
𢅟,jz
𢅠,ij
𢅡,jm
𢅢,uy
𢅣,jt
𢅤,jm
𢅥,jc
𢅦,ez
𢅧,jj
𢅨,oj
𢅩,jb
𢅪,jx
𢅫,jx
𢅬,bb
𢅭,jb
𢅮,tj
𢅯,jt
𢅰,je
𢅱,jh
𢅲,tj
𢅳,jj
𢅴,jo
𢅵,jg
𢅶,jl
𢅷,cj
𢅸,rj
𢅹,jc
𢅺,yj
𢅻,jy
𢅼,jw
𢅽,jh
𢅾,jv
𢅿,ja
𢆀,jw
𢆁,jj
𢆂,jd
𢆃,jw
𢆄,jj
𢆅,yj
𢆆,jw
𢆇,ba
𢆉,bg
𢆊,pd
𢆋,yg
𢆌,bg
𢆍,qj
𢆎,dg
𢆏,wu
𢆐,ug
𢆑,rg
𢆒,ug
𢆓,bp
𢆔,kg
𢆕,py
𢆖,wg
𢆗,bi
𢆘,nq
𢆙,dg
𢆚,ku
𢆛,gk
𢆜,og
𢆝,og
𢆞,gu
𢆟,yg
𢆠,lp
𢆡,vn
𢆢,xk
𢆣,bw
𢆤,jn
𢆥,un
𢆦,sd
𢆧,tw
𢆨,ag
𢆩,jg
𢆪,tl
𢆫,nx
𢆬,ug
𢆭,vn
𢆮,pi
𢆯,yl
𢆰,ay
𢆱,vy
𢆲,yl
𢆳,yl
𢆴,yl
𢆵,yd
𢆶,yy
𢆷,yu
𢆸,vy
𢆹,yy
𢆺,ay
𢆻,yj
𢆼,yy
𢆽,yu
𢆾,py
𢆿,py
𢇀,yg
𢇁,yh
𢇂,yc
𢇃,yb
𢇄,yu
𢇅,yc
𢇆,pl
𢇇,yj
𢇈,dy
𢇉,yc
𢇊,dl
𢇋,yr
𢇌,ry
𢇍,vy
𢇎,yk
𢇏,vy
𢇐,yu
𢇑,uy
𢇒,gv
𢇓,gv
𢇔,yx
𢇕,uy
𢇖,yq
𢇗,gx
𢇘,gn
𢇙,gg
𢇚,gy
𢇛,gg
𢇜,gw
𢇝,gy
𢇞,gk
𢇟,gw
𢇠,gb
𢇡,gk
𢇢,gu
𢇣,gq
𢇤,gu
𢇥,gu
𢇦,gw
𢇧,ge
𢇨,gy
𢇩,gk
𢇪,gy
𢇫,gf
𢇬,gy
𢇭,gd
𢇮,gy
𢇯,gy
𢇰,gy
𢇱,gk
𢇲,gh
𢇳,gp
𢇴,gj
𢇵,gy
𢇶,gt
𢇷,gy
𢇸,gu
𢇹,gq
𢇺,gk
𢇻,gu
𢇼,gv
𢇽,gy
𢇾,gg
𢇿,gi
𢈀,gy
𢈁,gk
𢈂,gl
𢈃,gb
𢈄,gb
𢈅,gg
𢈆,gk
𢈇,ge
𢈈,gk
𢈉,gk
𢈊,gf
𢈋,go
𢈌,gv
𢈍,gm
𢈎,gg
𢈏,gb
𢈐,gj
𢈑,gf
𢈒,gx
𢈓,go
𢈔,gn
𢈕,gy
𢈖,gr
𢈗,gv
𢈙,gr
𢈚,gk
𢈛,ga
𢈜,gt
𢈝,gq
𢈞,gk
𢈟,gu
𢈠,gu
𢈡,gw
𢈢,gi
𢈣,gw
𢈤,gj
𢈥,gj
𢈦,gf
𢈧,gv
𢈨,gu
𢈩,gz
𢈪,gk
𢈫,gi
𢈬,go
𢈭,go
𢈮,gb
𢈯,gu
𢈰,gu
𢈱,gd
𢈲,gz
𢈳,gx
𢈴,gx
𢈵,gg
𢈶,gj
𢈷,gw
𢈸,gx
𢈹,gu
𢈺,gk
𢈻,gz
𢈼,gu
𢈽,gg
𢈾,gy
𢈿,ga
𢉀,gy
𢉁,go
𢉂,gl
𢉃,gg
𢉄,gq
𢉅,gj
𢉆,gy
𢉇,gz
𢉈,gk
𢉉,gt
𢉊,gl
𢉋,go
𢉌,gy
𢉍,gh
𢉎,gv
𢉏,gy
𢉐,gh
𢉑,go
𢉒,gk
𢉓,gv
𢉔,gx
𢉕,gt
𢉖,gs
𢉗,ga
𢉘,gh
𢉙,gh
𢉚,gv
𢉛,gx
𢉜,go
𢉝,gy
𢉞,gc
𢉟,gg
𢉠,gy
𢉡,gu
𢉢,go
𢉣,ga
𢉤,ga
𢉥,gr
𢉦,gi
𢉧,go
𢉨,gd
𢉩,go
𢉪,ga
𢉫,gr
𢉬,gt
𢉭,gu
𢉮,gb
𢉯,gb
𢉰,gt
𢉱,gt
𢉲,gk
𢉳,gk
𢉴,gz
𢉵,gu
𢉶,gt
𢉷,gy
𢉸,gh
𢉹,ga
𢉺,gq
𢉻,gk
𢉽,gg
𢉾,gy
𢉿,gm
𢊀,gj
𢊁,gh
𢊂,gk
𢊃,gt
𢊄,gy
𢊅,gl
𢊆,gh
𢊇,gy
𢊈,gx
𢊉,gk
𢊊,gd
𢊋,gw
𢊌,go
𢊍,gc
𢊎,gr
𢊏,gu
𢊐,gr
𢊑,gy
𢊒,gh
𢊓,go
𢊔,gu
𢊕,gx
𢊖,ga
𢊗,gd
𢊘,gu
𢊙,gj
𢊚,gz
𢊛,gv
𢊜,gi
𢊝,gc
𢊞,gu
𢊟,gb
𢊠,gk
𢊡,gj
𢊢,gy
𢊣,gu
𢊤,gy
𢊥,gj
𢊦,gq
𢊧,gy
𢊨,gx
𢊩,gb
𢊪,gm
𢊫,gk
𢊬,gu
𢊭,gy
𢊮,gb
𢊯,gw
𢊰,gw
𢊱,gb
𢊲,ga
𢊳,gu
𢊴,gk
𢊵,gu
𢊶,go
𢊷,gb
𢊸,gh
𢊹,gb
𢊺,gt
𢊻,gx
𢊼,gy
𢊽,gh
𢊾,gb
𢊿,gw
𢋀,gk
𢋁,gu
𢋂,go
𢋃,gd
𢋄,gk
𢋅,gq
𢋆,gq
𢋇,gg
𢋈,gh
𢋉,gn
𢋊,gv
𢋋,gw
𢋌,gw
𢋍,gb
𢋎,gu
𢋏,ga
𢋐,gb
𢋑,gf
𢋒,gy
𢋓,gt
𢋔,gk
𢋕,gu
𢋖,gx
𢋗,gh
𢋘,gv
𢋙,gi
𢋚,go
𢋛,gw
𢋜,gi
𢋝,ga
𢋞,gy
𢋟,gh
𢋠,wu
𢋡,go
𢋢,gk
𢋣,gw
𢋤,gx
𢋥,gn
𢋦,gr
𢋧,gu
𢋨,gt
𢋩,gw
𢋪,gx
𢋫,gb
𢋬,gv
𢋭,gs
𢋮,go
𢋯,gr
𢋰,ga
𢋱,ih
𢋲,gb
𢋳,gu
𢋴,cu
𢋵,gh
𢋶,gz
𢋷,gb
𢋸,gg
𢋹,ga
𢋺,gy
𢋻,gw
𢋼,gg
𢋽,ge
𢋾,gk
𢋿,gx
𢌀,gy
𢌁,gj
𢌂,gw
𢌃,gq
𢌄,gv
𢌅,ge
𢌆,gi
𢌇,gq
𢌈,gv
𢌉,gw
𢌊,gc
𢌋,ga
𢌌,wb
𢌍,gj
𢌎,gx
𢌏,gv
𢌐,gj
𢌑,ga
𢌒,gb
𢌓,gb
𢌔,gr
𢌕,gj
𢌖,gx
𢌗,zu
𢌘,zp
𢌙,zq
𢌚,zu
𢌛,zv
𢌜,zu
𢌝,zp
𢌞,zs
𢌟,zx
𢌠,zf
𢌡,zk
𢌢,zf
𢌣,zv
𢌤,zd
𢌥,zw
𢌦,zw
𢌧,zo
𢌨,zo
𢌩,zt
𢌪,zv
𢌫,zo
𢌬,ea
𢌭,cd
𢌮,wc
𢌯,rc
𢌱,yu
𢌲,uc
𢌳,xc
𢌴,sc
𢌵,gc
𢌶,ac
𢌷,nc
𢌸,lc
𢌹,sc
𢌺,kc
𢌻,tc
𢌼,lc
𢌽,cc
𢌾,dc
𢌿,tc
𢍀,lc
𢍁,yc
𢍂,zc
𢍃,yc
𢍄,pc
𢍅,dc
𢍆,fc
𢍇,tc
𢍈,dc
𢍉,yc
𢍊,jc
𢍋,bc
𢍌,cc
𢍍,pc
𢍎,nc
𢍏,mc
𢍑,rc
𢍒,pc
𢍓,wc
𢍔,bc
𢍕,jc
𢍖,lc
𢍗,dc
𢍘,pc
𢍙,pc
𢍚,uc
𢍛,wc
𢍜,bc
𢍝,hc
𢍞,yc
𢍟,ec
𢍠,tc
𢍡,dc
𢍢,pc
𢍣,fc
𢍤,dc
𢍥,nc
𢍦,ac
𢍧,sc
𢍨,mc
𢍩,rc
𢍪,xc
𢍫,gk
𢍬,kc
𢍭,ac
𢍮,gc
𢍯,jk
𢍰,sc
𢍱,jx
𢍲,jy
𢍳,bc
𢍴,kc
𢍵,fc
𢍶,xc
𢍷,vc
𢍸,yc
𢍹,jx
𢍺,qd
𢍻,gv
𢍼,ag
𢍽,yg
𢍾,gb
𢍿,pg
𢎀,go
𢎁,gr
𢎂,gr
𢎃,go
𢎄,kg
𢎅,gj
𢎆,gt
𢎇,gu
𢎈,go
𢎉,gv
𢎊,yg
𢎋,ag
𢎌,gg
𢎍,dg
𢎎,sg
𢎏,gr
𢎐,pb
𢎑,gg
𢎒,bg
𢎓,dg
𢎔,gr
𢎕,vg
𢎖,og
𢎘,av
𢎙,av
𢎚,gd
𢎛,gd
𢎝,ev
𢎟,gl
𢎠,gl
𢎡,gn
𢎢,gr
𢎤,gy
𢎥,ge
𢎦,rg
𢎨,dd
𢎩,gj
𢎪,gj
𢎫,gw
𢎬,gd
𢎭,gj
𢎮,ga
𢎯,yg
𢎰,gv
𢎲,ga
𢎳,gt
𢎴,gd
𢎵,fl
𢎶,ga
𢎷,gf
𢎸,gh
𢎹,gg
𢎺,gl
𢎻,gy
𢎼,gv
𢎽,gj
𢎾,gt
𢎿,gw
𢏀,gs
𢏁,gy
𢏂,gt
𢏃,dg
𢏄,gl
𢏅,gh
𢏆,gg
𢏇,fg
𢏈,gl
𢏉,gj
𢏊,gp
𢏋,gb
𢏌,gg
𢏍,gs
𢏎,gs
𢏏,gx
𢏐,gs
𢏑,gb
𢏒,pp
𢏓,gd
𢏔,bg
𢏕,gk
𢏖,xg
𢏗,gg
𢏘,gg
𢏙,gy
𢏚,gg
𢏛,gx
𢏜,gx
𢏝,gg
𢏞,gi
𢏟,gn
𢏠,gg
𢏡,ge
𢏢,qg
𢏣,gq
𢏤,gw
𢏥,gg
𢏦,gu
𢏧,gy
𢏨,fg
𢏩,vd
𢏪,fg
𢏫,gv
𢏬,gr
𢏭,gi
𢏮,ga
𢏯,gj
𢏰,gy
𢏱,ge
𢏲,ga
𢏳,gk
𢏴,gt
𢏵,gz
𢏶,gq
𢏷,gi
𢏸,gx
𢏹,gz
𢏺,gn
𢏻,dg
𢏼,ga
𢏽,bg
𢏾,gy
𢏿,gv
𢐀,gx
𢐁,gx
𢐂,gz
𢐃,gc
𢐄,gu
𢐅,gp
𢐆,gk
𢐇,ga
𢐈,gb
𢐉,go
𢐊,gf
𢐋,gj
𢐌,gu
𢐍,gw
𢐎,gj
𢐏,gr
𢐐,gx
𢐑,gr
𢐒,go
𢐓,gg
𢐔,gz
𢐕,gu
𢐖,gc
𢐗,gy
𢐘,gi
𢐙,tg
𢐚,ga
𢐛,gz
𢐜,gr
𢐝,gs
𢐞,go
𢐟,gk
𢐠,gt
𢐡,gx
𢐢,gx
𢐣,gu
𢐤,gb
𢐥,gf
𢐦,ug
𢐧,cg
𢐨,gc
𢐩,gi
𢐪,gi
𢐫,gv
𢐬,gk
𢐭,pg
𢐮,gt
𢐯,cg
𢐰,ge
𢐱,cg
𢐲,gt
𢐳,gx
𢐴,gl
𢐵,gi
𢐶,gx
𢐷,go
𢐸,gm
𢐹,gd
𢐺,gg
𢐻,gg
𢐼,gh
𢐽,ct
𢐾,gx
𢐿,gf
𢑀,gm
𢑁,ga
𢑂,vg
𢑃,gt
𢑄,gx
𢑅,jg
𢑆,gv
𢑇,gj
𢑈,gx
𢑉,xg
𢑊,gb
𢑋,wg
𢑌,gd
𢑍,gg
𢑎,gg
𢑏,pe
𢑐,xe
𢑑,ee
𢑒,en
𢑓,hx
𢑔,ek
𢑕,el
𢑖,ej
𢑗,hu
𢑘,eu
𢑙,eu
𢑚,fe
𢑛,hx
𢑜,et
𢑝,ee
𢑞,hj
𢑟,eg
𢑠,ey
𢑢,oj
𢑣,ht
𢑤,eu
𢑦,hk
𢑧,eu
𢑨,eu
𢑩,hj
𢑪,hj
𢑫,et
𢑬,el
𢑮,ef
𢑯,ed
𢑰,ke
𢑲,ex
𢑳,ho
𢑴,ed
𢑵,et
𢑶,eg
𢑷,hd
𢑸,wj
𢑹,fy
𢑻,ei
𢑼,wj
𢑽,eb
𢑾,hu
𢑿,eu
𢒀,np
𢒁,np
𢒂,jp
𢒃,rp
𢒄,gp
𢒅,gp
𢒆,xp
𢒇,yp
𢒈,jp
𢒉,pq
𢒊,dp
𢒋,yp
𢒌,wp
𢒍,fp
𢒎,bp
𢒏,pf
𢒐,tp
𢒑,rp
𢒒,vp
𢒓,ep
𢒔,up
𢒕,vp
𢒖,gp
𢒗,op
𢒘,yp
𢒙,gp
𢒚,hp
𢒛,bp
𢒜,hp
𢒝,jp
𢒞,jp
𢒟,bp
𢒠,op
𢒡,lp
𢒢,np
𢒣,bp
𢒤,pu
𢒥,xj
𢒦,vp
𢒧,op
𢒨,up
𢒩,pz
𢒪,bp
𢒫,pc
𢒬,px
𢒭,bp
𢒮,up
𢒯,kp
𢒰,ua
𢒱,vp
𢒲,wz
𢒳,oy
𢒵,jp
𢒶,wu
𢒷,pk
𢒸,bp
𢒹,gp
𢒺,gp
𢒻,ap
𢒼,rv
𢒽,rv
𢒾,rj
𢒿,rv
𢓀,rg
𢓁,rg
𢓂,rt
𢓃,rw
𢓄,rk
𢓅,rr
𢓆,ry
𢓇,rn
𢓈,ry
𢓉,ry
𢓊,rv
𢓋,re
𢓌,rl
𢓍,rt
𢓎,ry
𢓏,ro
𢓐,rn
𢓑,rq
𢓒,rr
𢓓,rv
𢓔,rl
𢓕,rv
𢓖,rp
𢓗,rb
𢓘,rd
𢓙,rr
𢓚,rb
𢓛,rw
𢓜,rk
𢓝,rv
𢓞,ri
𢓟,rv
𢓠,re
𢓡,ry
𢓢,rk
𢓣,ru
𢓤,rf
𢓥,rg
𢓦,re
𢓧,ry
𢓨,ry
𢓩,rv
𢓪,ru
𢓫,rx
𢓬,rj
𢓭,rw
𢓮,ro
𢓯,rw
𢓰,rn
𢓱,rf
𢓲,rk
𢓳,rk
𢓴,rw
𢓵,rn
𢓶,ry
𢓷,rd
𢓸,rt
𢓹,rw
𢓺,rz
𢓻,ru
𢓼,rb
𢓽,rd
𢓾,rg
𢓿,rx
𢔀,ry
𢔁,rw
𢔂,rd
𢔃,rw
𢔄,ru
𢔅,rd
𢔆,rl
𢔇,rf
𢔈,ru
𢔉,rw
𢔊,rk
𢔋,rg
𢔌,ru
𢔍,ro
𢔎,rv
𢔏,ry
𢔐,rk
𢔑,rv
𢔒,ro
𢔓,rf
𢔔,ra
𢔕,ry
𢔖,rf
𢔗,rv
𢔘,re
𢔙,ru
𢔚,rf
𢔛,rg
𢔜,rp
𢔝,rt
𢔞,rj
𢔟,ra
𢔠,rv
𢔡,rb
𢔢,rd
𢔣,rj
𢔤,rb
𢔥,ro
𢔦,ry
𢔧,rk
𢔨,rc
𢔩,rz
𢔪,ro
𢔫,rf
𢔬,re
𢔭,rx
𢔮,ro
𢔯,rd
𢔰,ro
𢔱,re
𢔲,rt
𢔳,ri
𢔴,re
𢔵,rr
𢔶,rc
𢔷,rt
𢔸,rg
𢔹,ru
𢔺,rw
𢔻,ru
𢔼,rw
𢔽,rc
𢔾,ru
𢔿,ru
𢕀,rq
𢕁,rc
𢕂,rt
𢕃,re
𢕄,rw
𢕅,rf
𢕆,rx
𢕇,rz
𢕈,re
𢕉,ri
𢕊,rk
𢕋,ry
𢕌,rx
𢕍,rt
𢕎,ru
𢕏,rf
𢕐,rz
𢕑,ru
𢕒,rw
𢕓,rk
𢕔,ru
𢕕,rp
𢕖,rv
𢕗,rk
𢕘,rv
𢕙,rm
𢕚,rc
𢕛,rw
𢕜,rd
𢕝,rf
𢕞,rx
𢕟,rw
𢕠,rt
𢕡,rw
𢕢,rq
𢕣,rw
𢕤,ro
𢕥,ru
𢕦,rl
𢕧,rw
𢕨,rf
𢕩,rz
𢕪,rk
𢕫,rq
𢕬,rv
𢕭,rw
𢕮,rk
𢕯,ru
𢕰,rc
𢕱,ru
𢕲,ry
𢕳,rk
𢕴,rw
𢕵,rs
𢕶,rw
𢕷,rw
𢕸,rf
𢕹,rw
𢕺,ru
𢕻,rk
𢕼,ry
𢕽,rg
𢕾,rx
𢕿,rw
𢖀,ri
𢖁,re
𢖂,rk
𢖃,rf
𢖄,ri
𢖅,rk
𢖆,rn
𢖇,rh
𢖈,rv
𢖉,rw
𢖊,rk
𢖋,rc
𢖌,rx
𢖍,ry
𢖎,rl
𢖏,rb
𢖐,rh
𢖑,rb
𢖒,rw
𢖓,rw
𢖔,ru
𢖕,rn
𢖖,mw
𢖗,uz
𢖘,rx
𢖙,rv
𢖚,rd
𢖛,rh
𢖜,rw
𢖝,rj
𢖞,rt
𢖟,rx
𢖠,rn
𢖡,rc
𢖢,ri
𢖣,rh
𢖤,ry
𢖥,rf
𢖦,ry
𢖧,ry
𢖨,rj
𢖩,dd
𢖪,xv
𢖫,dx
𢖬,xb
𢖭,xv
𢖮,vx
𢖯,xj
𢖰,lx
𢖱,xn
𢖲,xq
𢖳,xy
𢖴,px
𢖵,xn
𢖶,gx
𢖷,xg
𢖸,xg
𢖹,xx
𢖺,xg
𢖻,xw
𢖼,gx
𢖽,tx
𢖾,xj
𢖿,xx
𢗀,kx
𢗁,rx
𢗂,vx
𢗃,xk
𢗄,xx
𢗅,xr
𢗆,xv
𢗇,xx
𢗈,bd
𢗉,xn
𢗊,jx
𢗋,xy
𢗌,xb
𢗍,cx
𢗎,xu
𢗏,ax
𢗐,bx
𢗑,xj
𢗒,xf
𢗓,yx
𢗔,xg
𢗕,xg
𢗖,xw
𢗗,xq
𢗘,xw
𢗙,xg
𢗚,xd
𢗛,xu
𢗜,xi
𢗝,xh
𢗞,xs
𢗟,xj
𢗠,xd
𢗡,xw
𢗢,xc
𢗣,fx
𢗤,fx
𢗥,gx
𢗦,ax
𢗧,qx
𢗨,ux
𢗩,wx
𢗪,ux
𢗫,bx
𢗬,yx
𢗭,ox
𢗮,xx
𢗯,ox
𢗰,xx
𢗱,yx
𢗲,xf
𢗳,xm
𢗴,xk
𢗵,xv
𢗶,xa
𢗷,xu
𢗸,xd
𢗹,ix
𢗺,bw
𢗻,lx
𢗼,xh
𢗽,xb
𢗾,xe
𢗿,xw
𢘀,xy
𢘁,kx
𢘂,rx
𢘃,xm
𢘄,xr
𢘅,mx
𢘆,xo
𢘇,ox
𢘈,rx
𢘉,xj
𢘊,xu
𢘋,rx
𢘌,xs
𢘍,fx
𢘎,xy
𢘏,xn
𢘐,xg
𢘑,ax
𢘒,ux
𢘓,mx
𢘔,rx
𢘕,xm
𢘖,kx
𢘗,px
𢘘,xd
𢘙,xl
𢘚,xd
𢘛,xi
𢘜,xk
𢘝,xx
𢘞,dx
𢘟,xk
𢘠,bx
𢘡,ux
𢘢,rx
𢘣,bx
𢘤,bx
𢘥,xj
𢘦,xy
𢘧,xr
𢘨,xl
𢘩,xz
𢘪,xt
𢘫,vx
𢘬,xy
𢘭,xy
𢘮,xl
𢘯,bx
𢘰,tx
𢘱,gx
𢘲,yx
𢘳,hx
𢘴,px
𢘵,xx
𢘶,xy
𢘷,xi
𢘸,xf
𢘹,xa
𢘺,xm
𢘻,mx
𢘼,kx
𢘽,xy
𢘾,xk
𢘿,cx
𢙀,xu
𢙁,dx
𢙂,ax
𢙃,xb
𢙄,gx
𢙅,rx
𢙆,xz
𢙇,xy
𢙈,xk
𢙉,xu
𢙊,xq
𢙋,xu
𢙌,cx
𢙍,wx
𢙎,lx
𢙏,zx
𢙐,xy
𢙑,xd
𢙒,xw
𢙓,xy
𢙔,xv
𢙕,xb
𢙖,xx
𢙗,xn
𢙘,xe
𢙙,xw
𢙚,xb
𢙛,xk
𢙜,xj
𢙝,xe
𢙞,ix
𢙟,dk
𢙠,rx
𢙡,rx
𢙢,gx
𢙣,xx
𢙤,ux
𢙥,px
𢙦,px
𢙧,xe
𢙨,xz
𢙩,xl
𢙪,xc
𢙫,xy
𢙬,xy
𢙭,xx
𢙮,ux
𢙯,bx
𢙰,gx
𢙱,xc
𢙲,xk
𢙳,xt
𢙴,ww
𢙵,xk
𢙶,ox
𢙷,gx
𢙸,wk
𢙹,xh
𢙺,xx
𢙻,yl
𢙼,xg
𢙽,px
𢙾,xg
𢙿,xv
𢚀,xv
𢚁,xx
𢚂,xr
𢚃,xc
𢚄,xn
𢚅,fx
𢚆,xl
𢚇,xt
𢚈,cd
𢚉,xb
𢚊,wx
𢚋,xe
𢚌,xf
𢚍,xa
𢚎,vx
𢚏,ux
𢚐,rx
𢚑,dx
𢚒,rx
𢚓,sx
𢚔,xw
𢚕,xd
𢚖,bx
𢚗,xa
𢚘,xk
𢚙,xz
𢚚,xx
𢚛,xx
𢚜,xt
𢚝,xu
𢚞,bx
𢚟,wx
𢚠,bx
𢚡,qx
𢚢,jx
𢚣,lx
𢚤,ax
𢚥,yx
𢚦,ux
𢚧,bx
𢚨,rx
𢚩,vx
𢚪,ux
𢚫,dx
𢚬,xt
𢚭,xu
𢚮,xs
𢚯,xw
𢚰,xx
𢚱,bx
𢚲,xw
𢚳,ax
𢚴,xx
𢚵,xv
𢚶,xn
𢚷,xi
𢚸,wx
𢚹,xv
𢚺,xk
𢚻,xj
𢚼,xj
𢚽,xg
𢚾,xr
𢚿,xx
𢛀,ix
𢛁,nx
𢛂,bx
𢛃,wx
𢛄,xt
𢛅,xg
𢛆,gx
𢛇,kx
𢛈,xx
𢛉,xt
𢛊,xn
𢛋,sx
𢛌,xx
𢛍,xk
𢛎,xx
𢛏,xy
𢛐,xa
𢛑,fx
𢛒,xg
𢛓,ax
𢛔,xd
𢛕,xh
𢛖,gx
𢛗,xl
𢛘,xo
𢛙,xg
𢛚,ix
𢛛,xv
𢛜,dx
𢛝,ox
𢛞,xu
𢛟,xy
𢛠,xe
𢛡,xo
𢛢,xv
𢛣,dx
𢛤,wx
𢛥,ux
𢛦,wx
𢛧,rx
𢛨,xd
𢛩,md
𢛪,rx
𢛫,wx
𢛬,bx
𢛭,wx
𢛮,nx
𢛯,xt
𢛰,xy
𢛱,ux
𢛲,qx
𢛳,ux
𢛴,xm
𢛵,xy
𢛶,ix
𢛷,xf
𢛸,xz
𢛹,xe
𢛺,xb
𢛻,xo
𢛼,xy
𢛽,xo
𢛾,xd
𢛿,xc
𢜀,xz
𢜁,xr
𢜂,bx
𢜃,dx
𢜄,hx
𢜅,dx
𢜆,gx
𢜇,bx
𢜈,wx
𢜉,fx
𢜊,gx
𢜋,fx
𢜌,fx
𢜍,wx
𢜎,fx
𢜏,ox
𢜐,xv
𢜑,ox
𢜒,rx
𢜓,nx
𢜔,ux
𢜕,wx
𢜖,wx
𢜗,xf
𢜘,xc
𢜙,xu
𢜚,xy
𢜛,ix
𢜜,xj
𢜝,xu
𢜞,xl
𢜟,xu
𢜠,xo
𢜡,xn
𢜢,xp
𢜣,ax
𢜤,fw
𢜥,xk
𢜦,hx
𢜧,wx
𢜨,ux
𢜩,xk
𢜪,xk
𢜫,xo
𢜬,xy
𢜭,xe
𢜮,xa
𢜯,gx
𢜰,xc
𢜱,xe
𢜲,xu
𢜳,xb
𢜴,xu
𢜵,xu
𢜶,xy
𢜷,px
𢜸,xa
𢜹,wx
𢜺,xk
𢜻,xr
𢜼,xr
𢜽,xt
𢜾,xb
𢜿,xu
𢝀,xq
𢝁,xk
𢝂,xm
𢝃,wx
𢝄,xy
𢝅,ux
𢝆,xv
𢝇,xu
𢝈,xm
𢝉,xe
𢝊,yx
𢝋,xj
𢝌,xo
𢝍,xx
𢝎,xw
𢝏,px
𢝐,rx
𢝑,bx
𢝒,xo
𢝓,xu
𢝔,bx
𢝕,sx
𢝖,cx
𢝗,lx
𢝘,xg
𢝙,xm
𢝚,xe
𢝛,xd
𢝜,xd
𢝝,ox
𢝞,xe
𢝟,xu
𢝠,xy
𢝡,xz
𢝢,xb
𢝣,xo
𢝤,xa
𢝥,xu
𢝦,hx
𢝧,xx
𢝨,cx
𢝩,rx
𢝪,px
𢝫,tx
𢝬,lx
𢝭,gx
𢝮,sx
𢝯,kx
𢝰,nx
𢝱,rx
𢝲,hx
𢝳,dx
𢝴,xx
𢝵,fx
𢝶,xn
𢝷,xb
𢝸,xk
𢝹,xd
𢝺,xo
𢝻,xo
𢝼,xz
𢝽,xw
𢝿,xx
𢞀,dw
𢞁,xf
𢞂,xm
𢞃,xg
𢞄,xk
𢞅,xn
𢞆,xp
𢞇,xk
𢞈,kx
𢞉,dx
𢞊,xy
𢞋,rx
𢞌,xe
𢞍,ix
𢞎,xy
𢞏,xk
𢞐,xk
𢞑,xg
𢞒,xx
𢞓,xt
𢞔,gx
𢞕,xv
𢞖,xy
𢞗,xb
𢞘,bx
𢞙,xu
𢞚,ex
𢞛,xk
𢞜,xo
𢞝,bd
𢞞,xm
𢞟,xk
𢞠,xx
𢞡,xr
𢞢,gx
𢞣,rx
𢞤,px
𢞥,rx
𢞦,xo
𢞧,xo
𢞨,ux
𢞩,bx
𢞪,qx
𢞫,rx
𢞬,xh
𢞭,px
𢞮,xk
𢞯,ix
𢞰,mx
𢞱,bx
𢞲,xv
𢞳,xu
𢞴,xx
𢞵,fb
𢞶,xu
𢞷,xd
𢞸,xu
𢞹,xd
𢞺,xx
𢞻,xz
𢞼,xa
𢞽,mx
𢞾,dx
𢞿,gx
𢟀,mx
𢟁,vx
𢟂,rx
𢟃,gx
𢟄,ei
𢟅,rx
𢟆,qx
𢟇,kn
𢟈,xx
𢟉,xk
𢟊,xr
𢟋,xl
𢟌,xu
𢟍,ix
𢟎,xz
𢟏,xh
𢟐,xw
𢟑,xg
𢟒,xb
𢟓,xx
𢟔,xg
𢟕,xn
𢟖,xy
𢟗,xt
𢟘,xg
𢟙,xu
𢟚,xo
𢟛,ed
𢟜,bx
𢟝,xu
𢟞,xd
𢟟,xg
𢟠,xv
𢟡,xy
𢟢,xn
𢟣,xy
𢟤,wx
𢟥,ux
𢟦,xk
𢟧,xd
𢟨,xc
𢟩,xe
𢟪,gx
𢟫,xl
𢟬,ux
𢟭,xw
𢟮,cx
𢟯,tx
𢟰,xu
𢟱,xu
𢟲,ix
𢟳,xu
𢟴,xv
𢟵,xt
𢟶,xd
𢟷,xt
𢟸,xa
𢟹,xc
𢟺,xx
𢟻,ix
𢟼,xx
𢟽,cx
𢟾,xm
𢟿,xy
𢠀,vx
𢠁,xk
𢠂,xw
𢠃,qx
𢠄,xu
𢠅,xj
𢠆,xy
𢠇,xw
𢠈,xb
𢠉,xd
𢠊,xs
𢠋,xb
𢠌,xi
𢠍,xc
𢠎,xb
𢠏,xm
𢠐,xy
𢠑,xk
𢠒,mx
𢠓,gx
𢠔,dx
𢠕,xx
𢠖,ax
𢠗,lx
𢠘,ax
𢠙,rx
𢠚,rx
𢠛,lx
𢠜,ux
𢠝,wx
𢠞,cx
𢠟,xu
𢠠,xy
𢠡,xh
𢠢,xc
𢠣,xd
𢠤,xu
𢠥,xv
𢠦,xt
𢠧,xw
𢠨,xw
𢠩,xa
𢠪,xt
𢠫,xh
𢠬,ux
𢠭,xy
𢠮,xu
𢠯,xo
𢠰,xz
𢠱,ix
𢠲,xt
𢠳,xw
𢠴,mx
𢠵,xw
𢠶,mx
𢠷,xy
𢠸,kx
𢠹,xt
𢠺,xu
𢠻,xl
𢠼,xb
𢠽,xu
𢠾,zx
𢠿,xw
𢡀,xh
𢡁,xx
𢡂,dx
𢡃,lx
𢡄,xo
𢡅,xa
𢡆,ux
𢡇,xx
𢡈,ix
𢡉,xv
𢡊,xx
𢡋,xu
𢡌,xn
𢡍,xg
𢡎,xd
𢡏,xx
𢡐,xe
𢡑,gx
𢡒,xv
𢡓,xh
𢡔,px
𢡕,op
𢡖,xx
𢡗,cx
𢡘,ux
𢡙,mx
𢡚,xo
𢡛,dx
𢡜,xq
𢡝,xb
𢡞,xw
𢡟,xx
𢡠,xo
𢡡,xx
𢡢,ex
𢡣,ex
𢡤,xg
𢡥,mx
𢡦,xk
𢡧,xr
𢡨,xd
𢡩,xc
𢡪,ex
𢡫,ax
𢡬,vx
𢡭,xx
𢡮,jx
𢡯,xx
𢡰,tx
𢡱,tx
𢡲,ex
𢡳,cx
𢡴,ix
𢡵,ex
𢡶,dx
𢡷,wx
𢡸,ox
𢡹,rx
𢡺,wx
𢡻,mx
𢡼,xe
𢡽,xo
𢡾,xo
𢡿,xa
𢢀,xo
𢢁,xz
𢢂,xk
𢢃,hx
𢢄,xd
𢢅,xo
𢢆,xk
𢢇,xy
𢢈,xd
𢢉,dx
𢢊,xu
𢢋,xp
𢢌,xx
𢢍,wx
𢢎,jx
𢢏,xo
𢢐,qx
𢢑,rx
𢢒,xu
𢢓,xv
𢢔,xw
𢢕,xq
𢢖,xr
𢢗,xi
𢢘,xh
𢢙,xa
𢢚,xq
𢢛,xl
𢢜,xw
𢢝,xu
𢢞,ix
𢢟,xc
𢢠,ex
𢢡,fx
𢢢,tt
𢢣,dx
𢢤,ox
𢢥,xx
𢢦,wy
𢢧,gx
𢢨,lx
𢢩,xw
𢢪,xb
𢢫,xo
𢢬,xn
𢢭,wx
𢢮,xg
𢢯,xg
𢢰,xo
𢢱,rx
𢢲,xa
𢢳,xl
𢢴,xh
𢢵,dx
𢢶,tx
𢢷,nx
𢢸,gx
𢢹,nx
𢢺,xo
𢢻,xb
𢢼,xd
𢢽,xg
𢢾,xb
𢢿,tx
𢣀,xc
𢣁,xx
𢣂,xw
𢣃,xu
𢣄,xk
𢣅,xk
𢣆,xk
𢣇,xq
𢣈,xw
𢣉,kx
𢣊,xo
𢣋,cx
𢣌,xw
𢣍,rx
𢣎,xy
𢣏,xm
𢣐,xb
𢣑,xx
𢣒,xg
𢣓,ex
𢣔,xf
𢣕,bx
𢣖,xx
𢣗,xy
𢣘,sx
𢣙,xw
𢣚,xb
𢣛,xl
𢣜,xi
𢣝,xp
𢣞,tw
𢣟,jd
𢣠,ox
𢣡,lx
𢣢,tl
𢣣,dx
𢣤,xh
𢣥,xx
𢣦,xc
𢣧,xv
𢣨,xx
𢣩,xg
𢣪,lx
𢣫,wx
𢣬,ax
𢣭,ax
𢣮,ox
𢣯,tx
𢣰,jx
𢣱,ux
𢣲,tl
𢣳,xd
𢣴,xh
𢣵,xc
𢣶,xf
𢣷,xv
𢣸,xk
𢣹,xo
𢣺,xm
𢣻,xk
𢣼,xu
𢣽,gx
𢣾,xu
𢣿,xx
𢤀,jx
𢤁,rx
𢤂,hx
𢤃,ox
𢤄,xx
𢤅,dx
𢤆,xd
𢤇,xm
𢤈,xg
𢤉,vx
𢤊,zx
𢤋,xo
𢤌,jx
𢤍,gx
𢤎,fx
𢤐,px
𢤑,bx
𢤒,jx
𢤓,xk
𢤔,dx
𢤕,dx
𢤖,jx
𢤗,xb
𢤘,cx
𢤙,ix
𢤚,xg
𢤛,xb
𢤜,xe
𢤝,xk
𢤞,xb
𢤟,xi
𢤠,xi
𢤡,xu
𢤢,xh
𢤣,xd
𢤤,xx
𢤥,tx
𢤦,xl
𢤧,vx
𢤨,xi
𢤩,xv
𢤪,xu
𢤫,xf
𢤬,xt
𢤭,xh
𢤮,xk
𢤯,xj
𢤰,dx
𢤱,xl
𢤲,lx
𢤳,xb
𢤴,lx
𢤵,cx
𢤶,tx
𢤷,vx
𢤸,xu
𢤹,jx
𢤺,xx
𢤻,xn
𢤼,xh
𢤽,xb
𢤾,xz
𢤿,ux
𢥀,bt
𢥁,cx
𢥂,xm
𢥃,xo
𢥄,xh
𢥅,xj
𢥆,xd
𢥇,xg
𢥈,xm
𢥉,xw
𢥊,xj
𢥋,xe
𢥌,xy
𢥍,ax
𢥎,xb
𢥏,xk
𢥐,xm
𢥑,xk
𢥒,hx
𢥓,xk
𢥔,lx
𢥕,xi
𢥖,xx
𢥗,wx
𢥘,xk
𢥙,bf
𢥚,xc
𢥛,bx
𢥜,bd
𢥝,xw
𢥞,xi
𢥟,xm
𢥠,xy
𢥡,xh
𢥢,xw
𢥣,xo
𢥤,ix
𢥥,xh
𢥦,wx
𢥧,ix
𢥨,wx
𢥩,sx
𢥪,xv
𢥫,lx
𢥬,xb
𢥭,lw
𢥮,lx
𢥯,xi
𢥰,vx
𢥱,xo
𢥲,wx
𢥳,xk
𢥴,xw
𢥵,xy
𢥶,xn
𢥷,zz
𢥸,xm
𢥹,lx
𢥺,lx
𢥻,xo
𢥼,xd
𢥽,lx
𢥾,xi
𢥿,lx
𢦁,tx
𢦂,xj
𢦃,xm
𢦄,xv
𢦅,xb
𢦆,tx
𢦇,xx
𢦈,xi
𢦉,cx
𢦊,cx
𢦋,wx
𢦌,ag
𢦍,gp
𢦎,jg
𢦏,gu
𢦐,ge
𢦑,gp
𢦒,gf
𢦓,gd
𢦔,gc
𢦕,gj
𢦖,qg
𢦗,gw
𢦘,ga
𢦙,gy
𢦚,gf
𢦛,gu
𢦜,rg
𢦝,dg
𢦞,gv
𢦟,gv
𢦠,gw
𢦡,gg
𢦢,xg
𢦣,go
𢦤,pg
𢦥,gl
𢦦,gj
𢦧,mg
𢦨,gy
𢦩,gw
𢦪,kg
𢦫,cg
𢦬,dy
𢦭,gw
𢦮,gg
𢦯,sg
𢦰,gv
𢦱,go
𢦲,gt
𢦳,rg
𢦴,gv
𢦵,gm
𢦶,gb
𢦷,gf
𢦸,kg
𢦹,gu
𢦺,rg
𢦻,gc
𢦼,gv
𢦽,gk
𢦾,gt
𢦿,ig
𢧀,og
𢧁,vg
𢧂,wk
𢧃,yg
𢧄,kg
𢧅,rg
𢧆,gk
𢧇,tg
𢧈,ug
𢧉,cg
𢧊,ha
𢧋,go
𢧌,gw
𢧍,ug
𢧎,ag
𢧏,tg
𢧐,bg
𢧑,gt
𢧒,gk
𢧓,gi
𢧔,go
𢧕,ig
𢧖,dg
𢧗,vg
𢧘,gg
𢧙,sg
𢧚,ni
𢧛,bg
𢧜,gw
𢧝,hg
𢧞,dv
𢧟,gd
𢧠,go
𢧡,ug
𢧢,ug
𢧣,tg
𢧤,gd
𢧥,jg
𢧦,gn
𢧧,uc
𢧨,go
𢧩,gg
𢧪,gg
𢧫,og
𢧬,go
𢧭,go
𢧮,og
𢧯,gx
𢧰,vg
𢧱,yg
𢧲,we
𢧳,gg
𢧴,fg
𢧵,xg
𢧶,hg
𢧷,wg
𢧸,go
𢧹,ga
𢧺,tg
𢧻,dg
𢧼,gu
𢧽,vg
𢧾,uh
𢧿,gn
𢨀,gt
𢨁,gj
𢨂,gv
𢨃,cg
𢨄,jg
𢨅,lg
𢨆,gf
𢨇,gg
𢨈,rg
𢨉,bg
𢨊,wa
𢨌,mg
𢨍,rg
𢨎,gt
𢨏,ug
𢨐,kg
𢨑,ve
𢨒,lg
𢨓,dg
𢨔,rg
𢨕,dg
𢨖,cg
𢨗,dg
𢨘,hg
𢨙,yh
𢨚,gg
𢨛,ig
𢨜,gi
𢨝,cg
𢨞,gg
𢨟,bk
𢨠,vg
𢨡,hi
𢨢,go
𢨣,gk
𢨤,hv
𢨥,ah
𢨦,hu
𢨧,he
𢨨,hr
𢨩,hb
𢨪,hs
𢨫,ht
𢨬,hc
𢨭,hn
𢨮,hq
𢨯,hh
𢨰,hf
𢨱,hg
𢨲,hf
𢨳,hh
𢨴,hb
𢨵,hw
𢨶,hl
𢨷,hq
𢨸,hv
𢨹,hy
𢨺,he
𢨻,hu
𢨼,hy
𢨽,hh
𢨾,hq
𢨿,hn
𢩀,hd
𢩁,hj
𢩂,hh
𢩃,hl
𢩄,hu
𢩅,hk
𢩆,hg
𢩇,he
𢩈,ht
𢩉,hg
𢩊,hg
𢩋,hk
𢩌,hr
𢩍,hg
𢩎,ho
𢩏,hv
𢩐,hu
𢩑,hw
𢩒,hb
𢩓,hg
𢩔,hy
𢩕,hh
𢩖,hj
𢩗,uh
𢩘,hm
𢩙,hk
𢩚,hk
𢩛,hb
𢩜,hu
𢩝,hh
𢩞,hv
𢩟,dc
𢩠,hy
𢩡,hb
𢩢,ht
𢩣,hf
𢩤,hy
𢩥,uv
𢩦,vu
𢩧,fv
𢩨,fk
𢩩,fx
𢩪,fl
𢩫,fj
𢩬,ud
𢩭,fc
𢩮,fg
𢩯,fa
𢩰,fl
𢩱,fc
𢩲,fu
𢩳,fu
𢩴,fn
𢩵,fj
𢩶,fp
𢩷,uq
𢩸,wu
𢩹,fx
𢩻,fm
𢩼,fy
𢩽,fv
𢩾,fw
𢩿,ft
𢪀,fv
𢪁,fj
𢪂,fd
𢪃,fd
𢪄,fu
𢪅,fd
𢪆,fk
𢪇,pu
𢪈,fo
𢪉,fl
𢪊,fy
𢪋,ff
𢪌,fg
𢪍,fn
𢪎,fb
𢪏,fo
𢪑,fw
𢪒,uu
𢪓,yu
𢪔,fh
𢪕,fa
𢪖,uw
𢪗,fb
𢪘,fu
𢪙,pf
𢪚,fe
𢪛,fw
𢪜,fv
𢪝,fj
𢪞,fv
𢪟,fu
𢪠,fv
𢪡,fu
𢪢,fv
𢪣,fx
𢪤,fx
𢪥,uw
𢪦,fb
𢪧,fn
𢪨,fj
𢪩,fy
𢪪,fg
𢪫,fp
𢪬,fv
𢪭,fw
𢪮,fa
𢪯,ft
𢪰,fd
𢪱,fw
𢪲,fb
𢪳,uj
𢪴,fc
𢪵,fz
𢪶,fk
𢪷,fo
𢪸,xu
𢪹,fl
𢪺,fq
𢪻,lu
𢪼,fy
𢪽,ru
𢪾,fs
𢪿,gu
𢫀,qu
𢫁,fu
𢫂,fn
𢫃,fj
𢫄,fv
𢫅,fq
𢫆,fb
𢫇,fy
𢫈,fg
𢫉,fl
𢫊,fc
𢫋,fa
𢫌,fy
𢫍,fd
𢫎,fs
𢫏,fu
𢫐,fr
𢫑,fb
𢫒,fu
𢫓,fy
𢫔,fx
𢫕,fy
𢫖,fu
𢫗,ub
𢫘,fu
𢫙,fg
𢫚,fk
𢫛,fy
𢫜,fu
𢫝,fd
𢫞,ut
𢫟,ft
𢫠,fs
𢫡,fz
𢫢,fu
𢫣,fb
𢫤,fx
𢫥,fx
𢫦,fb
𢫧,fv
𢫨,fu
𢫩,fa
𢫪,ou
𢫫,fy
𢫬,fa
𢫭,fr
𢫮,fh
𢫯,fq
𢫰,xu
𢫱,fd
𢫲,fv
𢫳,fw
𢫴,du
𢫵,fu
𢫶,ul
𢫷,fb
𢫸,ft
𢫹,fy
𢫺,fv
𢫻,fq
𢫼,fi
𢫽,fy
𢫾,fo
𢫿,fs
𢬀,fg
𢬁,fe
𢬂,ft
𢬃,fe
𢬄,fu
𢬅,fd
𢬆,fi
𢬇,fc
𢬈,ft
𢬉,fb
𢬊,fm
𢬋,ft
𢬌,fy
𢬍,fq
𢬎,fd
𢬏,fy
𢬐,fo
𢬑,fq
𢬒,fb
𢬓,ff
𢬔,fm
𢬕,fe
𢬖,fv
𢬗,fl
𢬘,fb
𢬙,xu
𢬚,uj
𢬛,uu
𢬜,fy
𢬝,fd
𢬞,fe
𢬟,fi
𢬠,fu
𢬡,fx
𢬢,fj
𢬣,ux
𢬤,fw
𢬥,fg
𢬦,fv
𢬧,fn
𢬨,fn
𢬩,fg
𢬪,fp
𢬫,id
𢬬,iv
𢬭,fc
𢬮,fa
𢬯,fb
𢬰,fn
𢬱,fl
𢬲,fk
𢬳,fe
𢬴,fv
𢬵,fc
𢬶,fy
𢬷,fk
𢬸,fk
𢬹,ft
𢬺,fa
𢬻,fi
𢬼,ft
𢬽,fu
𢬾,fj
𢬿,fc
𢭀,fz
𢭁,fx
𢭂,fn
𢭃,fb
𢭄,fx
𢭅,fh
𢭆,fn
𢭇,fd
𢭈,fu
𢭉,fv
𢭊,fg
𢭋,qu
𢭌,fv
𢭍,fj
𢭎,ff
𢭏,fc
𢭐,fl
𢭑,fi
𢭒,fm
𢭓,fo
𢭔,fq
𢭕,fj
𢭖,fv
𢭗,fl
𢭘,fv
𢭙,fe
𢭚,fm
𢭛,fd
𢭜,fj
𢭝,fx
𢭞,fv
𢭟,fl
𢭠,fu
𢭡,fj
𢭢,fv
𢭣,fb
𢭤,gu
𢭥,uu
𢭦,fz
𢭧,fi
𢭨,fw
𢭩,fa
𢭪,fx
𢭫,fy
𢭬,fb
𢭭,ft
𢭮,fw
𢭯,fg
𢭰,ft
𢭱,fd
𢭲,fb
𢭳,fy
𢭴,fg
𢭵,fl
𢭶,um
𢭷,fw
𢭸,fy
𢭹,fk
𢭺,fv
𢭻,fq
𢭼,fu
𢭽,fe
𢭾,ff
𢭿,fj
𢮀,fd
𢮁,fd
𢮂,fx
𢮃,hu
𢮄,fa
𢮅,fc
𢮆,fu
𢮇,fm
𢮈,fx
𢮉,fv
𢮊,fv
𢮋,fi
𢮌,fl
𢮍,fg
𢮎,fj
𢮏,uk
𢮐,fk
𢮑,fu
𢮒,fu
𢮓,fd
𢮔,ff
𢮕,fa
𢮖,fh
𢮗,ou
𢮘,bu
𢮙,fl
𢮚,ft
𢮛,fd
𢮜,cu
𢮝,eu
𢮞,fv
𢮟,wu
𢮠,yu
𢮡,fy
𢮢,fi
𢮣,vu
𢮤,fb
𢮥,fx
𢮦,fr
𢮧,fw
𢮨,fs
𢮩,fg
𢮪,fg
𢮫,fg
𢮬,fx
𢮭,fb
𢮮,fe
𢮯,fy
𢮰,fd
𢮱,fu
𢮲,fj
𢮳,fy
𢮴,fj
𢮵,fo
𢮶,fu
𢮷,ff
𢮸,fd
𢮹,fg
𢮺,fw
𢮻,fv
𢮼,fe
𢮽,fv
𢮾,fb
𢮿,fb
𢯀,fb
𢯁,fh
𢯂,ft
𢯃,fe
𢯄,hu
𢯅,ft
𢯆,fg
𢯇,fo
𢯈,fm
𢯉,ft
𢯊,fu
𢯋,ft
𢯌,fu
𢯍,fd
𢯎,fo
𢯏,fp
𢯐,fg
𢯑,ft
𢯒,fb
𢯓,fb
𢯔,fd
𢯕,fd
𢯖,fq
𢯗,fz
𢯙,fk
𢯚,fv
𢯛,fl
𢯜,fb
𢯝,fb
𢯞,fv
𢯟,fd
𢯠,fp
𢯡,fo
𢯢,ft
𢯣,uu
𢯤,fe
𢯥,fy
𢯦,fl
𢯧,fw
𢯨,fj
𢯩,fd
𢯪,fn
𢯫,fu
𢯬,fy
𢯭,fj
𢯮,fo
𢯯,fj
𢯰,fy
𢯱,fy
𢯲,ou
𢯳,fy
𢯴,ff
𢯵,fg
𢯶,ft
𢯷,ff
𢯸,fu
𢯹,fu
𢯺,fy
𢯻,fx
𢯼,fd
𢯽,fq
𢯾,fo
𢯿,fb
𢰀,fx
𢰁,fs
𢰂,fu
𢰃,fy
𢰄,fi
𢰅,fb
𢰆,fc
𢰇,fu
𢰈,fk
𢰉,fy
𢰊,fc
𢰋,fe
𢰌,fx
𢰍,fh
𢰎,fj
𢰏,fz
𢰐,fc
𢰑,fz
𢰒,fo
𢰓,fe
𢰔,fr
𢰕,fd
𢰖,fj
𢰗,fe
𢰘,fc
𢰙,fc
𢰚,fe
𢰛,fy
𢰜,fy
𢰝,fg
𢰞,mu
𢰟,fc
𢰠,fy
𢰡,fu
𢰢,fz
𢰣,hu
𢰤,fk
𢰥,fk
𢰦,fo
𢰧,fz
𢰨,xu
𢰩,fy
𢰪,fk
𢰫,fv
𢰬,fl
𢰭,fl
𢰮,fo
𢰯,fd
𢰰,ff
𢰱,fu
𢰲,fo
𢰳,fn
𢰴,fw
𢰵,fy
𢰶,fy
𢰷,fh
𢰸,fk
𢰹,fu
𢰺,fb
𢰻,fk
𢰼,fq
𢰽,fx
𢰾,fx
𢰿,uo
𢱀,hu
𢱁,fo
𢱂,ff
𢱃,fd
𢱄,fy
𢱅,fv
𢱆,fk
𢱇,fx
𢱈,fy
𢱉,fv
𢱊,fx
𢱋,fy
𢱌,fa
𢱍,fl
𢱎,ff
𢱏,fd
𢱐,fv
𢱑,fv
𢱒,fd
𢱓,fe
𢱔,fm
𢱕,fe
𢱖,fa
𢱗,fg
𢱘,fp
𢱙,fr
𢱚,ff
𢱛,fx
𢱜,fc
𢱝,fi
𢱞,ui
𢱟,fi
𢱠,fr
𢱡,fb
𢱢,fx
𢱣,fo
𢱤,ft
𢱥,fy
𢱦,fd
𢱧,fb
𢱨,fx
𢱩,fw
𢱪,fk
𢱫,fv
𢱬,tu
𢱭,fu
𢱮,fm
𢱯,iu
𢱰,fc
𢱱,fa
𢱲,fc
𢱳,fh
𢱴,fa
𢱵,du
𢱶,fx
𢱷,fy
𢱸,fg
𢱹,fc
𢱺,fp
𢱻,fy
𢱼,fc
𢱽,fx
𢱾,fh
𢱿,fj
𢲀,fx
𢲁,fw
𢲂,ft
𢲃,fk
𢲄,fj
𢲅,fd
𢲆,fw
𢲇,fh
𢲈,fv
𢲉,fu
𢲊,fl
𢲋,fn
𢲌,fc
𢲍,fo
𢲎,fq
𢲏,fo
𢲐,fj
𢲑,fy
𢲒,ux
𢲓,ju
𢲔,fl
𢲕,fu
𢲖,ft
𢲗,fu
𢲘,fb
𢲙,fy
𢲚,fk
𢲛,fz
𢲜,fu
𢲝,su
𢲞,fu
𢲟,bf
𢲠,fe
𢲡,fu
𢲢,fm
𢲣,fd
𢲤,uk
𢲥,fu
𢲦,fg
𢲧,fr
𢲨,fm
𢲩,fj
𢲪,fl
𢲫,fm
𢲬,fw
𢲭,fj
𢲮,fv
𢲯,fr
𢲰,fo
𢲱,ur
𢲲,fe
𢲳,fw
𢲴,uu
𢲵,fo
𢲶,fq
𢲷,ff
𢲸,fd
𢲹,fk
𢲺,fx
𢲻,fy
𢲼,ft
𢲽,fj
𢲾,fc
𢲿,vu
𢳀,fa
𢳁,gu
𢳂,ff
𢳃,fh
𢳄,fz
𢳅,gu
𢳆,fw
𢳇,fu
𢳈,fu
𢳉,su
𢳊,fw
𢳋,fu
𢳌,fv
𢳍,fv
𢳎,fu
𢳏,fy
𢳐,fd
𢳑,fl
𢳒,fn
𢳓,fy
𢳔,bu
𢳕,fo
𢳖,fv
𢳗,fa
𢳘,fk
𢳙,fv
𢳚,fa
𢳛,fd
𢳜,fz
𢳝,fl
𢳞,fr
𢳟,fy
𢳠,fc
𢳡,fl
𢳢,fj
𢳣,fk
𢳤,fy
𢳥,fk
𢳦,fy
𢳧,fl
𢳨,fi
𢳩,fy
𢳪,fu
𢳫,fi
𢳬,fe
𢳭,fu
𢳮,ft
𢳯,fw
𢳰,fi
𢳱,fi
𢳲,fp
𢳳,fc
𢳴,fg
𢳵,fz
𢳶,fy
𢳷,fm
𢳸,fv
𢳹,ff
𢳺,fw
𢳻,fd
𢳼,ff
𢳽,fy
𢳾,fl
𢳿,fz
𢴀,fx
𢴁,ft
𢴂,fc
𢴃,fd
𢴄,fx
𢴅,fm
𢴆,fo
𢴇,fw
𢴈,fd
𢴉,fm
𢴊,fu
𢴋,fd
𢴌,fk
𢴍,fb
𢴎,fx
𢴏,fw
𢴐,fx
𢴑,fx
𢴒,fh
𢴓,fj
𢴔,fy
𢴕,fd
𢴖,fk
𢴗,fh
𢴘,fo
𢴙,fl
𢴚,fk
𢴛,fv
𢴜,fj
𢴝,uy
𢴞,ur
𢴟,fd
𢴠,fo
𢴡,fu
𢴢,fb
𢴣,fo
𢴤,fa
𢴥,fx
𢴦,fy
𢴧,fb
𢴨,fk
𢴩,fy
𢴪,fq
𢴫,ff
𢴬,fw
𢴭,su
𢴮,fy
𢴯,fk
𢴰,fr
𢴱,fx
𢴲,fx
𢴳,du
𢴴,fy
𢴵,fh
𢴶,fm
𢴷,du
𢴸,tu
𢴹,fr
𢴺,iu
𢴻,fy
𢴼,fw
𢴽,uw
𢴾,fx
𢴿,fo
𢵀,fo
𢵁,fm
𢵂,fb
𢵃,fx
𢵄,fo
𢵅,fj
𢵆,fy
𢵇,fy
𢵈,fk
𢵉,ff
𢵊,fb
𢵋,fe
𢵌,fu
𢵍,fa
𢵎,fy
𢵏,fd
𢵐,fq
𢵑,ft
𢵒,fk
𢵓,fp
𢵔,fz
𢵕,fn
𢵖,fb
𢵗,fm
𢵘,ff
𢵙,fa
𢵚,fv
𢵛,fa
𢵜,fn
𢵝,ft
𢵞,ff
𢵟,fb
𢵠,du
𢵡,ju
𢵢,fw
𢵣,fx
𢵤,ou
𢵥,hu
𢵦,fb
𢵧,fo
𢵨,tu
𢵩,uu
𢵪,fw
𢵫,fd
𢵬,ug
𢵭,fl
𢵮,fk
𢵯,fb
𢵰,fk
𢵱,fk
𢵲,fp
𢵳,fa
𢵴,fj
𢵵,fg
𢵶,ft
𢵷,fd
𢵸,fa
𢵹,fm
𢵺,fb
𢵻,fo
𢵼,fl
𢵽,fu
𢵾,fk
𢵿,fu
𢶀,ff
𢶁,fp
𢶂,fi
𢶃,fy
𢶄,fy
𢶅,fr
𢶆,fq
𢶇,fu
𢶈,fk
𢶉,fb
𢶊,fv
𢶋,fw
𢶌,fu
𢶍,fj
𢶎,fg
𢶏,fd
𢶐,fb
𢶑,fy
𢶒,fo
𢶓,fx
𢶔,fw
𢶕,fh
𢶖,fq
𢶗,fu
𢶘,fv
𢶙,fu
𢶚,fc
𢶛,fc
𢶜,wu
𢶝,fz
𢶞,fh
𢶟,ug
𢶠,fo
𢶡,bu
𢶢,fd
𢶣,fq
𢶤,fb
𢶥,fu
𢶦,fb
𢶧,fb
𢶨,fh
𢶩,fg
𢶪,fi
𢶫,fw
𢶬,ff
𢶭,fb
𢶮,fm
𢶯,fd
𢶰,ux
𢶱,fa
𢶲,fx
𢶳,fa
𢶴,fx
𢶵,fi
𢶶,fx
𢶷,fn
𢶸,fh
𢶹,fo
𢶺,fj
𢶻,ff
𢶼,fg
𢶽,fj
𢶾,fv
𢶿,fo
𢷀,fx
𢷁,fg
𢷂,fm
𢷃,fj
𢷄,fh
𢷅,fk
𢷆,ud
𢷇,fb
𢷈,fi
𢷉,fm
𢷊,fu
𢷋,fc
𢷌,fa
𢷍,fx
𢷎,fb
𢷏,ff
𢷐,fz
𢷑,fh
𢷒,fr
𢷓,fi
𢷔,fk
𢷕,fe
𢷖,fy
𢷗,fu
𢷘,fu
𢷙,fg
𢷚,fd
𢷛,fw
𢷜,fu
𢷝,fx
𢷞,fm
𢷟,fz
𢷠,fh
𢷡,fa
𢷢,fe
𢷣,fb
𢷤,fb
𢷥,ff
𢷦,fi
𢷧,fy
𢷨,fu
𢷩,fv
𢷪,fd
𢷫,ff
𢷬,fc
𢷭,fy
𢷮,fc
𢷯,fd
𢷰,fg
𢷱,fn
𢷲,fo
𢷳,fw
𢷴,fb
𢷵,ff
𢷶,fd
𢷷,fo
𢷸,fw
𢷹,ft
𢷺,fb
𢷻,fu
𢷼,fg
𢷽,fa
𢷾,fx
𢷿,fg
𢸀,fl
𢸁,ju
𢸂,fh
𢸃,fy
𢸄,fx
𢸅,fd
𢸆,fu
𢸇,su
𢸈,fq
𢸉,fa
𢸊,fy
𢸋,fk
𢸌,fj
𢸍,fi
𢸎,fd
𢸏,fi
𢸐,fn
𢸑,fw
𢸒,fb
𢸓,fo
𢸔,fm
𢸕,ff
𢸖,fg
𢸗,fj
𢸘,fx
𢸙,ft
𢸚,ff
𢸛,fk
𢸜,fe
𢸝,fo
𢸞,fe
𢸟,fr
𢸠,fg
𢸡,fr
𢸢,fu
𢸣,fm
𢸤,fk
𢸥,fs
𢸦,fb
𢸧,tu
𢸨,fa
𢸩,fh
𢸪,fi
𢸫,fh
𢸬,fx
𢸭,lu
𢸮,fa
𢸯,fx
𢸰,fo
𢸱,fh
𢸲,fo
𢸳,fa
𢸴,fj
𢸵,ft
𢸶,fy
𢸷,fg
𢸸,fy
𢸹,fa
𢸺,fh
𢸻,fy
𢸼,fj
𢸽,ff
𢸾,fb
𢸿,ff
𢹀,fq
𢹁,ju
𢹂,fk
𢹃,fy
𢹄,fg
𢹅,fi
𢹆,fb
𢹇,fh
𢹈,fd
𢹉,fy
𢹊,fo
𢹋,fm
𢹌,fn
𢹍,fg
𢹎,fw
𢹏,ju
𢹐,fa
𢹑,fb
𢹒,fy
𢹓,fx
𢹔,fg
𢹕,fu
𢹖,fa
𢹗,fw
𢹘,fu
𢹙,fm
𢹚,fy
𢹛,fy
𢹜,fb
𢹝,fk
𢹞,fy
𢹟,fu
𢹠,fy
𢹡,fj
𢹢,fg
𢹣,fk
𢹤,fc
𢹥,ft
𢹦,fq
𢹧,fg
𢹨,fp
𢹩,fo
𢹪,fp
𢹫,fu
𢹬,fv
𢹭,vu
𢹮,ft
𢹯,fm
𢹰,fh
𢹱,fa
𢹲,fk
𢹳,fm
𢹴,fy
𢹵,fu
𢹶,fh
𢹷,fy
𢹸,fy
𢹹,fm
𢹺,fu
𢹻,fy
𢹼,fv
𢹽,fo
𢹾,fj
𢹿,fb
𢺀,fd
𢺁,fw
𢺂,fy
𢺃,fi
𢺄,fj
𢺅,fr
𢺆,fl
𢺇,fa
𢺈,fx
𢺉,fi
𢺊,fb
𢺋,cu
𢺌,fa
𢺍,fv
𢺎,fv
𢺏,fu
𢺐,fy
𢺑,fy
𢺒,ff
𢺓,fw
𢺔,fb
𢺕,fw
𢺖,fy
𢺗,fb
𢺘,fw
𢺙,fm
𢺚,fl
𢺛,fu
𢺜,fv
𢺝,fm
𢺞,fo
𢺟,fy
𢺠,fv
𢺡,fi
𢺢,fx
𢺣,fb
𢺤,fj
𢺥,fy
𢺦,fr
𢺧,fy
𢺨,fi
𢺩,fi
𢺪,fi
𢺫,fz
𢺬,fl
𢺭,fx
𢺮,fj
𢺯,fg
𢺰,fr
𢺱,fh
𢺲,fu
𢺳,fi
𢺴,fp
𢺵,bv
𢺶,vj
𢺷,uv
𢺸,vv
𢺹,fv
𢺺,vf
𢺻,fv
𢺼,iv
𢺽,xv
𢺾,uv
𢺿,uv
𢻀,uv
𢻁,dv
𢻂,fv
𢻃,uv
𢻄,hv
𢻅,qv
𢻆,rv
𢻇,xv
𢻈,vx
𢻉,wv
𢻊,wv
𢻋,vk
𢻌,kv
𢻍,yv
𢻎,cv
𢻏,tv
𢻐,yv
𢻑,hv
𢻒,xv
𢻓,wv
𢻔,gv
𢻕,lv
𢻖,ov
𢻗,qv
𢻘,gv
𢻙,sv
𢻚,yv
𢻛,bv
𢻜,bv
𢻝,tv
𢻞,bv
𢻟,bv
𢻠,hv
𢻡,sv
𢻢,dv
𢻣,ov
𢻤,yv
𢻥,kv
𢻦,av
𢻧,sv
𢻨,tv
𢻩,bv
𢻪,kv
𢻫,yy
𢻬,ww
𢻭,uy
𢻮,ew
𢻯,wz
𢻰,sy
𢻱,yw
𢻲,vy
𢻳,fy
𢻴,ty
𢻵,uy
𢻶,ry
𢻷,by
𢻸,yy
𢻹,bw
𢻺,rw
𢻻,hy
𢻼,by
𢻽,ay
𢻾,mw
𢻿,bo
𢼀,by
𢼁,uw
𢼂,xw
𢼃,gw
𢼄,hw
𢼅,yw
𢼆,ww
𢼇,yw
𢼈,bw
𢼉,sw
𢼊,bw
𢼋,uw
𢼌,by
𢼍,iy
𢼎,vy
𢼏,pw
𢼐,by
𢼑,jw
𢼒,jy
𢼓,jw
𢼔,kw
𢼕,uw
𢼖,uy
𢼗,uy
𢼘,cw
𢼙,xw
𢼚,hw
𢼛,wy
𢼜,ww
𢼝,yy
𢼞,uy
𢼟,cy
𢼠,bw
𢼡,pw
𢼢,xy
𢼣,ty
𢼤,uy
𢼥,qw
𢼦,gy
𢼧,iy
𢼨,dy
𢼩,by
𢼪,pw
𢼫,xw
𢼬,xy
𢼭,gw
𢼮,dw
𢼯,gy
𢼰,qy
𢼱,ky
𢼲,py
𢼳,kw
𢼴,gw
𢼵,ww
𢼶,bw
𢼷,jw
𢼸,uj
𢼹,fy
𢼺,fy
𢼻,vy
𢼼,xy
𢼽,gy
𢼾,by
𢼿,eo
𢽀,dy
𢽁,cy
𢽂,bl
𢽃,uy
𢽄,zy
𢽅,iy
𢽆,kw
𢽇,kw
𢽈,hw
𢽉,bw
𢽊,fw
𢽋,bw
𢽌,xw
𢽍,nw
𢽎,ow
𢽏,yw
𢽐,xw
𢽑,bw
𢽒,ww
𢽓,tw
𢽔,cw
𢽕,jy
𢽖,ey
𢽗,uw
𢽘,iw
𢽙,uw
𢽚,uy
𢽛,tw
𢽜,uy
𢽝,ry
𢽞,ty
𢽟,lw
𢽠,uw
𢽡,uw
𢽢,oy
𢽣,dy
𢽤,eg
𢽥,py
𢽦,by
𢽧,ky
𢽨,wy
𢽩,oy
𢽪,ey
𢽫,wy
𢽬,dw
𢽭,by
𢽮,ww
𢽯,ww
𢽰,ew
𢽱,dw
𢽲,hw
𢽳,mw
𢽴,uw
𢽵,ow
𢽶,dw
𢽷,uw
𢽸,uw
𢽹,uw
𢽺,ww
𢽻,hw
𢽼,bw
𢽽,dw
𢽾,xy
𢽿,vg
𢾀,ly
𢾁,wy
𢾂,uy
𢾃,by
𢾄,rw
𢾅,gw
𢾆,by
𢾇,ay
𢾈,iy
𢾉,lw
𢾊,wy
𢾋,uy
𢾌,jy
𢾍,fi
𢾎,iy
𢾏,by
𢾐,by
𢾑,ly
𢾒,by
𢾓,by
𢾔,og
𢾕,fi
𢾖,gy
𢾗,mw
𢾘,vv
𢾙,oy
𢾚,lw
𢾛,ww
𢾜,iw
𢾝,ww
𢾞,mw
𢾟,bw
𢾠,cy
𢾡,uw
𢾢,vw
𢾣,ww
𢾤,cw
𢾥,hy
𢾦,qy
𢾧,ly
𢾨,hy
𢾩,qy
𢾪,yy
𢾫,cy
𢾬,wy
𢾭,fw
𢾮,by
𢾯,iy
𢾰,uw
𢾱,py
𢾲,gy
𢾳,cw
𢾴,dy
𢾵,ay
𢾶,uw
𢾷,uw
𢾸,ey
𢾹,hw
𢾺,kw
𢾻,ky
𢾼,gw
𢾽,qy
𢾾,iw
𢾿,gy
𢿀,gy
𢿁,uy
𢿂,wg
𢿃,kw
𢿄,wv
𢿅,rv
𢿆,iy
𢿇,gy
𢿈,sy
𢿉,by
𢿊,hy
𢿋,uv
𢿌,dy
𢿍,wy
𢿎,by
𢿏,xy
𢿐,ty
𢿑,by
𢿒,my
𢿓,bw
𢿔,pw
𢿕,ow
𢿖,xw
𢿗,uw
𢿘,uy
𢿙,vw
𢿚,yy
𢿛,kw
𢿜,ow
𢿝,by
𢿞,dy
𢿟,gy
𢿠,uy
𢿡,bb
𢿢,vy
𢿣,ty
𢿤,by
𢿥,my
𢿦,xy
𢿧,xy
𢿨,ao
𢿩,cy
𢿪,wy
𢿫,uv
𢿬,bw
𢿭,hu
𢿮,vy
𢿯,cw
𢿰,tm
𢿱,mo
𢿲,tw
𢿳,vw
𢿴,rw
𢿵,xw
𢿶,bw
𢿷,uy
𢿸,vy
𢿹,py
𢿺,yo
𢿻,mw
𢿼,ew
𢿽,xw
𢿾,ky
𢿿,gy
𣀀,yy
𣀁,dy
𣀂,qy
𣀃,gy
𣀄,yy
𣀅,yw
𣀆,yw
𣀇,sy
𣀈,sw
𣀉,kw
𣀊,gw
𣀋,vw
𣀌,kw
𣀍,uy
𣀎,vy
𣀏,xy
𣀐,zw
𣀑,ay
𣀒,ey
𣀓,ty
𣀔,vy
𣀕,by
𣀖,vy
𣀗,yl
𣀘,tw
𣀙,ar
𣀚,bw
𣀛,oy
𣀜,ty
𣀝,yy
𣀞,hy
𣀟,bw
𣀠,ow
𣀡,tw
𣀢,hw
𣀣,gy
𣀤,yy
𣀥,iy
𣀦,wy
𣀧,av
𣀨,gy
𣀩,yw
𣀪,gy
𣀫,gy
𣀬,kw
𣀭,jw
𣀮,yy
𣀯,gy
𣀰,my
𣀱,mw
𣀲,my
𣀳,ew
𣀵,xy
𣀶,ny
𣀷,ly
𣀸,cy
𣀹,nw
𣀺,cy
𣀻,uy
𣀼,uw
𣀽,xt
𣀾,gy
𣀿,xw
𣁀,gy
𣁁,rw
𣁂,xw
𣁃,wb
𣁄,wn
𣁅,fw
𣁆,wb
𣁇,wv
𣁈,wb
𣁉,bw
𣁊,bw
𣁋,uw
𣁌,wu
𣁍,vw
𣁎,wk
𣁏,rw
𣁐,wj
𣁑,wv
𣁒,cw
𣁓,nw
𣁔,wj
𣁕,ww
𣁖,uw
𣁗,uw
𣁘,wk
𣁙,cw
𣁚,we
𣁛,ww
𣁜,ow
𣁝,mp
𣁞,tw
𣁟,ww
𣁠,wo
𣁡,wu
𣁢,xw
𣁣,mw
𣁤,iw
𣁥,wm
𣁦,ww
𣁧,hw
𣁨,bw
𣁩,as
𣁪,wq
𣁫,wm
𣁬,uk
𣁭,pd
𣁮,fd
𣁯,dy
𣁰,dt
𣁱,ud
𣁲,dd
𣁳,ud
𣁴,rd
𣁵,yd
𣁶,dv
𣁷,vd
𣁸,ed
𣁹,dy
𣁺,fd
𣁻,dc
𣁼,ed
𣁽,pd
𣁾,dd
𣁿,dv
𣂀,id
𣂁,gd
𣂂,wd
𣂃,ld
𣂄,gd
𣂅,ld
𣂆,wd
𣂇,df
𣂈,hd
𣂉,wd
𣂊,ud
𣂋,hk
𣂌,di
𣂍,td
𣂎,dd
𣂏,dd
𣂐,ud
𣂑,iu
𣂒,lt
𣂓,it
𣂔,pt
𣂕,at
𣂖,kt
𣂗,jt
𣂙,ii
𣂚,ut
𣂛,pt
𣂜,it
𣂝,ik
𣂞,lt
𣂟,ut
𣂠,pt
𣂡,ut
𣂢,bt
𣂣,bt
𣂤,ot
𣂥,it
𣂦,dt
𣂧,gt
𣂨,ot
𣂩,qt
𣂪,yt
𣂫,ut
𣂬,pj
𣂭,vi
𣂮,rt
𣂯,vt
𣂰,ot
𣂱,at
𣂲,ut
𣂳,wt
𣂴,id
𣂵,ht
𣂶,vt
𣂷,ct
𣂸,bt
𣂹,ut
𣂺,xt
𣂻,kt
𣂼,ct
𣂽,wt
𣂾,yt
𣂿,st
𣃀,rt
𣃁,ut
𣃂,yt
𣃃,pt
𣃄,ct
𣃅,it
𣃆,bt
𣃇,vt
𣃈,ct
𣃉,it
𣃊,ot
𣃋,pt
𣃌,ht
𣃍,vt
𣃎,xt
𣃏,yt
𣃐,il
𣃑,vt
𣃒,ot
𣃓,kt
𣃔,vt
𣃕,ct
𣃖,ot
𣃗,fd
𣃘,fl
𣃚,fj
𣃛,fh
𣃜,df
𣃝,fy
𣃞,if
𣃟,xf
𣃠,fs
𣃡,fx
𣃢,fw
𣃣,fp
𣃤,pf
𣃥,fx
𣃦,fw
𣃧,fo
𣃨,fr
𣃩,fd
𣃪,af
𣃫,fj
𣃬,fc
𣃭,fj
𣃮,fu
𣃯,fd
𣃰,fn
𣃱,fw
𣃲,fd
𣃳,fy
𣃴,fr
𣃵,fu
𣃶,fe
𣃷,fr
𣃸,of
𣃹,fm
𣃺,fg
𣃻,fj
𣃼,fv
𣃽,fx
𣃾,fd
𣃿,fb
𣄀,fw
𣄁,fy
𣄂,fz
𣄃,fb
𣄄,ft
𣄅,fk
𣄆,fy
𣄇,fc
𣄈,fi
𣄉,fy
𣄊,fh
𣄋,wf
𣄌,fb
𣄍,fz
𣄎,fc
𣄏,ft
𣄐,fj
𣄑,fd
𣄒,ft
𣄓,fm
𣄔,fu
𣄕,fo
𣄖,ff
𣄗,fg
𣄘,fo
𣄙,fg
𣄚,fu
𣄛,fl
𣄜,fb
𣄝,fr
𣄞,fo
𣄟,fy
𣄠,fq
𣄡,fh
𣄢,fl
𣄣,fb
𣄤,fo
𣄥,wy
𣄦,fh
𣄧,fb
𣄨,ft
𣄩,fy
𣄪,fh
𣄫,fy
𣄬,wv
𣄭,wp
𣄮,wk
𣄯,lw
𣄰,wk
𣄱,wt
𣄲,wv
𣄳,wf
𣄴,wx
𣄵,ww
𣄶,ww
𣄷,wx
𣄸,wk
𣄹,xw
𣄺,ww
𣄻,ov
𣄼,ao
𣄽,vo
𣄾,oe
𣄿,od
𣅀,wo
𣅁,or
𣅂,ow
𣅃,ob
𣅄,zo
𣅅,on
𣅆,ao
𣅇,ow
𣅈,wo
𣅉,od
𣅊,ok
𣅋,ob
𣅌,qo
𣅍,wo
𣅎,xo
𣅏,ve
𣅐,ox
𣅑,bo
𣅒,oq
𣅓,on
𣅔,od
𣅕,oi
𣅖,ow
𣅗,ov
𣅘,ok
𣅙,ok
𣅚,on
𣅛,io
𣅜,bo
𣅝,oy
𣅟,oe
𣅠,oq
𣅡,og
𣅢,ou
𣅣,oa
𣅤,oq
𣅥,oh
𣅦,io
𣅧,oa
𣅨,wo
𣅩,oo
𣅪,ob
𣅫,on
𣅬,ob
𣅭,od
𣅮,oc
𣅰,go
𣅱,xo
𣅳,ot
𣅴,oi
𣅵,ox
𣅶,ol
𣅷,ox
𣅸,ob
𣅹,oc
𣅺,ol
𣅻,ok
𣅼,oj
𣅽,oi
𣅾,ro
𣅿,ok
𣆀,or
𣆁,zo
𣆂,ox
𣆃,oy
𣆄,ow
𣆅,of
𣆆,ob
𣆇,uo
𣆈,og
𣆉,ou
𣆊,vo
𣆋,ox
𣆌,xo
𣆍,ov
𣆎,of
𣆏,op
𣆐,ou
𣆑,co
𣆒,od
𣆓,og
𣆔,ov
𣆕,lo
𣆖,oi
𣆗,ok
𣆘,ol
𣆙,og
𣆚,ox
𣆛,xo
𣆝,oe
𣆞,ov
𣆟,vd
𣆠,oy
𣆡,ov
𣆢,oo
𣆣,oi
𣆤,go
𣆥,go
𣆦,ow
𣆧,ow
𣆨,lf
𣆩,ko
𣆪,ol
𣆫,jo
𣆬,ov
𣆭,od
𣆮,ot
𣆯,od
𣆰,oy
𣆱,oz
𣆲,oy
𣆳,og
𣆴,ov
𣆵,oj
𣆶,do
𣆷,ot
𣆸,ey
𣆹,oq
𣆺,oo
𣆻,oh
𣆽,od
𣆾,po
𣆿,oe
𣇀,jo
𣇁,og
𣇂,ov
𣇃,jo
𣇄,ot
𣇆,oa
𣇇,zd
𣇈,ow
𣇉,ok
𣇊,ok
𣇋,ox
𣇌,ox
𣇍,or
𣇎,og
𣇏,ok
𣇐,oi
𣇑,lf
𣇒,ow
𣇔,of
𣇕,ow
𣇖,og
𣇗,oy
𣇘,ho
𣇙,bo
𣇚,oy
𣇛,ox
𣇜,ob
𣇝,os
𣇞,om
𣇟,on
𣇠,ov
𣇡,ox
𣇢,ox
𣇣,oq
𣇤,ox
𣇥,os
𣇦,ot
𣇧,oh
𣇨,ol
𣇩,yo
𣇪,oh
𣇫,og
𣇬,og
𣇭,ou
𣇮,ao
𣇯,oh
𣇰,oa
𣇱,ko
𣇲,oo
𣇳,ob
𣇴,ol
𣇵,oo
𣇶,eo
𣇷,of
𣇸,uo
𣇹,do
𣇺,qo
𣇻,mo
𣇼,ou
𣇽,oy
𣇾,ow
𣇿,oo
𣈀,ob
𣈁,oa
𣈂,ow
𣈃,ov
𣈄,oa
𣈅,ao
𣈆,eo
𣈇,bo
𣈈,ot
𣈉,uo
𣈊,no
𣈋,ow
𣈌,do
𣈍,oq
𣈎,oa
𣈏,oo
𣈐,ot
𣈑,og
𣈒,ob
𣈓,op
𣈔,ov
𣈕,ow
𣈖,of
𣈗,oo
𣈘,ov
𣈙,od
𣈚,oq
𣈛,od
𣈜,oc
𣈝,of
𣈞,og
𣈟,ou
𣈠,oc
𣈡,ov
𣈣,od
𣈤,co
𣈥,od
𣈦,od
𣈧,ot
𣈨,og
𣈩,or
𣈪,po
𣈫,ob
𣈬,ou
𣈭,oy
𣈮,og
𣈯,od
𣈰,oj
𣈱,uw
𣈲,oo
𣈳,ol
𣈴,ot
𣈵,or
𣈶,oh
𣈷,ow
𣈸,od
𣈹,ot
𣈺,oa
𣈻,ok
𣈼,of
𣈽,oa
𣈾,on
𣈿,on
𣉀,oy
𣉁,or
𣉂,oc
𣉃,ok
𣉄,fz
𣉅,ot
𣉆,oz
𣉇,od
𣉈,uk
𣉉,ot
𣉊,ow
𣉋,on
𣉌,oo
𣉍,oy
𣉎,od
𣉏,os
𣉐,ou
𣉑,jo
𣉒,ov
𣉓,ot
𣉔,oi
𣉕,oa
𣉖,od
𣉗,om
𣉘,so
𣉙,uo
𣉚,oy
𣉛,ot
𣉜,ou
𣉝,ou
𣉞,ok
𣉟,oo
𣉠,qw
𣉡,ow
𣉢,om
𣉣,yo
𣉤,oi
𣉥,ou
𣉦,oa
𣉧,oy
𣉨,og
𣉩,yo
𣉪,oi
𣉫,oy
𣉬,oz
𣉭,po
𣉮,ob
𣉯,do
𣉰,og
𣉱,ou
𣉲,oy
𣉳,oq
𣉴,ot
𣉵,oc
𣉶,om
𣉷,ov
𣉸,oj
𣉹,om
𣉺,of
𣉻,uo
𣉼,om
𣉽,on
𣉾,ok
𣉿,oo
𣊀,oi
𣊁,fo
𣊂,or
𣊃,mo
𣊄,fo
𣊅,zo
𣊆,zo
𣊇,ob
𣊈,ob
𣊉,or
𣊊,ob
𣊋,ok
𣊌,ov
𣊍,oa
𣊎,ow
𣊏,od
𣊐,oi
𣊑,ho
𣊒,oc
𣊓,to
𣊔,co
𣊕,og
𣊖,od
𣊗,oe
𣊘,oy
𣊙,ot
𣊚,ou
𣊛,co
𣊜,or
𣊝,oa
𣊞,oq
𣊟,ow
𣊠,oh
𣊡,ox
𣊢,ou
𣊣,co
𣊤,oi
𣊥,oh
𣊦,ro
𣊧,oo
𣊨,co
𣊩,ot
𣊪,of
𣊫,oo
𣊬,of
𣊭,oo
𣊮,to
𣊯,oy
𣊰,oy
𣊱,of
𣊲,oh
𣊳,oh
𣊴,ou
𣊵,oe
𣊶,ow
𣊷,ow
𣊸,wj
𣊹,ol
𣊺,oo
𣊻,oa
𣊼,jl
𣊽,mu
𣊾,ox
𣊿,oo
𣋀,bu
𣋁,oy
𣋂,oo
𣋃,od
𣋄,cz
𣋅,co
𣋆,ow
𣋇,oc
𣋈,xo
𣋉,od
𣋊,od
𣋋,od
𣋌,ok
𣋍,ob
𣋎,uo
𣋏,oi
𣋐,oo
𣋑,oa
𣋒,ot
𣋓,ok
𣋔,od
𣋕,if
𣋖,of
𣋗,oo
𣋘,oo
𣋙,ou
𣋚,oq
𣋛,ok
𣋜,ou
𣋝,oa
𣋞,om
𣋟,om
𣋠,oo
𣋡,ou
𣋢,ox
𣋣,om
𣋤,co
𣋥,od
𣋦,ou
𣋧,ko
𣋨,iy
𣋩,ou
𣋪,ob
𣋫,do
𣋬,oc
𣋭,on
𣋮,ok
𣋯,ui
𣋰,of
𣋱,oo
𣋲,ov
𣋳,oh
𣋴,go
𣋵,oa
𣋶,og
𣋷,ob
𣋸,oq
𣋹,oc
𣋺,ob
𣋻,od
𣋼,oo
𣋽,od
𣋾,og
𣋿,wo
𣌀,on
𣌁,oo
𣌂,oo
𣌃,wm
𣌄,ol
𣌅,ov
𣌆,oo
𣌇,xo
𣌈,ok
𣌉,ok
𣌊,oy
𣌋,oq
𣌌,oy
𣌍,oe
𣌎,oj
𣌏,oy
𣌐,ok
𣌑,om
𣌒,oc
𣌓,ov
𣌔,oy
𣌕,oh
𣌖,ov
𣌗,oy
𣌘,oy
𣌙,ow
𣌚,ox
𣌛,oy
𣌜,ov
𣌝,of
𣌞,bg
𣌟,or
𣌠,io
𣌡,ls
𣌢,ox
𣌣,br
𣌤,ou
𣌥,of
𣌦,oy
𣌧,co
𣌨,uy
𣌩,kr
𣌪,oy
𣌫,ob
𣌬,oa
𣌭,ro
𣌮,ov
𣌯,oj
𣌰,ol
𣌱,qu
𣌲,ol
𣌳,yo
𣌴,qo
𣌵,qj
𣌶,gq
𣌷,ot
𣌸,oe
𣌹,qp
𣌺,qj
𣌻,ol
𣌼,io
𣌽,iy
𣌾,ud
𣌿,ob
𣍀,qa
𣍁,uq
𣍂,gq
𣍃,ju
𣍅,fq
𣍆,to
𣍇,gy
𣍈,fb
𣍉,oe
𣍊,od
𣍋,rx
𣍌,do
𣍍,bq
𣍎,by
𣍏,gg
𣍐,wo
𣍑,og
𣍒,ut
𣍓,ob
𣍔,po
𣍕,qw
𣍖,cd
𣍗,rq
𣍘,do
𣍙,gj
𣍚,yw
𣍛,gi
𣍜,yb
𣍝,po
𣍞,or
𣍟,bo
𣍠,ow
𣍡,ao
𣍢,vo
𣍣,wo
𣍤,uo
𣍥,oj
𣍦,ox
𣍧,io
𣍨,ox
𣍩,oh
𣍪,on
𣍫,od
𣍬,ok
𣍭,oh
𣍮,on
𣍯,oi
𣍰,oj
𣍱,os
𣍲,on
𣍳,uk
𣍴,os
𣍵,ok
𣍶,ow
𣍷,or
𣍸,ko
𣍹,ou
𣍺,ou
𣍻,oa
𣍼,ko
𣍽,ow
𣍾,oy
𣍿,ol
𣎀,ov
𣎁,ko
𣎂,oy
𣎃,ok
𣎄,oh
𣎅,or
𣎆,wf
𣎇,oo
𣎈,ob
𣎉,ui
𣎊,oo
𣎋,bo
𣎌,oc
𣎍,uo
𣎎,or
𣎏,wo
𣎐,or
𣎑,oj
𣎒,ot
𣎓,oz
𣎔,oj
𣎕,du
𣎖,ow
𣎗,ox
𣎘,wo
𣎙,of
𣎚,oh
𣎛,ok
𣎜,od
𣎝,ox
𣎞,bw
𣎟,oc
𣎠,uo
𣎡,oz
𣎢,oo
𣎣,ow
𣎤,ou
𣎥,uk
𣎦,oy
𣎧,oh
𣎨,ox
𣎩,io
𣎪,oo
𣎫,oc
𣎬,ut
𣎭,oq
𣎮,ok
𣎯,oo
𣎰,oh
𣎱,ou
𣎲,oh
𣎳,mm
𣎴,al
𣎵,ul
𣎶,aa
𣎷,av
𣎸,al
𣎹,av
𣎻,ka
𣎼,sa
𣎽,qa
𣎾,ba
𣎿,va
𣏀,ad
𣏁,ka
𣏂,xu
𣏄,tl
𣏅,ta
𣏆,aj
𣏇,ag
𣏈,am
𣏉,da
𣏊,aa
𣏋,wa
𣏌,as
𣏍,za
𣏎,ay
𣏏,ga
𣏐,ax
𣏑,aj
𣏒,aw
𣏓,av
𣏔,va
𣏕,am
𣏖,al
𣏗,ya
𣏘,ay
𣏙,aq
𣏚,au
𣏛,ay
𣏜,ag
𣏝,aj
𣏞,ay
𣏟,mm
𣏠,ax
𣏡,az
𣏢,av
𣏣,ab
𣏤,af
𣏥,al
𣏦,ha
𣏧,ai
𣏨,aj
𣏩,ga
𣏪,ay
𣏫,al
𣏬,ao
𣏭,am
𣏮,pu
𣏯,ax
𣏰,fa
𣏱,aq
𣏳,ay
𣏴,ae
𣏵,aa
𣏶,au
𣏷,ka
𣏸,au
𣏹,ah
𣏺,av
𣏻,na
𣏼,ca
𣏽,ay
𣏾,ag
𣏿,at
𣐀,aw
𣐁,ua
𣐂,ya
𣐃,ia
𣐄,av
𣐅,aw
𣐆,ad
𣐇,fa
𣐈,ap
𣐉,ua
𣐊,aj
𣐋,al
𣐌,az
𣐍,at
𣐎,aw
𣐏,ay
𣐐,ax
𣐑,ab
𣐒,ak
𣐓,ae
𣐔,ay
𣐕,aj
𣐖,av
𣐗,ra
𣐘,ad
𣐙,ax
𣐚,ad
𣐛,ad
𣐜,as
𣐝,aj
𣐞,ak
𣐟,ta
𣐠,ad
𣐡,am
𣐢,ag
𣐣,au
𣐤,ao
𣐥,oa
𣐦,xa
𣐧,an
𣐨,an
𣐩,ba
𣐪,ay
𣐫,aa
𣐬,at
𣐭,at
𣐮,wa
𣐯,ia
𣐰,ak
𣐱,sa
𣐲,aj
𣐳,au
𣐴,at
𣐵,ai
𣐶,ak
𣐷,ka
𣐸,ax
𣐹,ax
𣐺,ga
𣐻,ga
𣐼,ag
𣐽,xa
𣐾,aa
𣐿,ay
𣑀,at
𣑁,ay
𣑂,ak
𣑃,da
𣑄,ba
𣑅,bk
𣑆,as
𣑇,ax
𣑈,af
𣑉,az
𣑊,at
𣑋,ac
𣑌,ak
𣑍,ga
𣑎,la
𣑏,au
𣑐,aj
𣑑,az
𣑒,av
𣑓,ac
𣑔,aa
𣑕,ai
𣑖,at
𣑗,ac
𣑘,da
𣑙,aj
𣑚,ay
𣑛,ao
𣑜,wr
𣑝,ac
𣑞,la
𣑟,aq
𣑠,ra
𣑡,ra
𣑢,ao
𣑣,ac
𣑤,ax
𣑥,ad
𣑦,ga
𣑧,dt
𣑨,aa
𣑩,ak
𣑫,aa
𣑬,au
𣑭,aj
𣑮,av
𣑯,av
𣑰,ax
𣑱,da
𣑲,aj
𣑳,al
𣑴,ag
𣑵,ay
𣑶,av
𣑷,ad
𣑸,ka
𣑹,aj
𣑺,ai
𣑻,an
𣑼,cb
𣑽,aj
𣑾,uk
𣑿,as
𣒀,az
𣒁,ac
𣒂,ae
𣒃,au
𣒄,ae
𣒅,ak
𣒆,aj
𣒇,ae
𣒈,av
𣒉,ay
𣒊,ua
𣒋,ag
𣒌,an
𣒍,ak
𣒎,au
𣒐,ba
𣒑,aa
𣒒,ae
𣒓,ha
𣒔,aj
𣒕,da
𣒖,ax
𣒗,ae
𣒙,ak
𣒛,ua
𣒜,ai
𣒝,aa
𣒞,ai
𣒟,au
𣒠,wq
𣒡,aa
𣒢,an
𣒣,aw
𣒤,aj
𣒥,ao
𣒦,ao
𣒧,qa
𣒨,ab
𣒩,ak
𣒪,aa
𣒫,pa
𣒬,ab
𣒭,ga
𣒯,as
𣒰,ar
𣒱,aq
𣒲,an
𣒳,gw
𣒴,an
𣒵,aw
𣒶,az
𣒷,ga
𣒸,aw
𣒹,an
𣒺,aa
𣒻,at
𣒼,ra
𣒽,ab
𣒾,af
𣒿,da
𣓀,xa
𣓁,ta
𣓂,at
𣓃,an
𣓄,ab
𣓅,aa
𣓆,aw
𣓇,ta
𣓈,ar
𣓉,az
𣓊,au
𣓋,ab
𣓌,ak
𣓍,ao
𣓎,ay
𣓏,aa
𣓐,ay
𣓑,ug
𣓒,au
𣓓,ak
𣓔,ga
𣓕,as
𣓖,ao
𣓗,ao
𣓘,aj
𣓚,lk
𣓛,ab
𣓝,ca
𣓞,ua
𣓟,ua
𣓠,ah
𣓡,ak
𣓢,wa
𣓣,an
𣓤,aw
𣓥,da
𣓦,af
𣓧,ia
𣓨,ba
𣓩,at
𣓪,aa
𣓫,da
𣓬,da
𣓭,ao
𣓮,da
𣓯,ha
𣓰,wa
𣓱,ae
𣓲,al
𣓳,ha
𣓴,aj
𣓵,fa
𣓶,am
𣓷,tk
𣓸,av
𣓹,ae
𣓺,bu
𣓻,ay
𣓼,ua
𣓽,ab
𣓾,aw
𣓿,al
𣔀,ax
𣔁,av
𣔂,ao
𣔃,an
𣔄,af
𣔅,at
𣔆,ae
𣔇,ua
𣔈,au
𣔉,af
𣔊,ak
𣔋,aj
𣔌,aa
𣔍,pw
𣔎,ac
𣔏,ag
𣔐,ax
𣔑,aq
𣔒,ao
𣔓,ap
𣔔,aw
𣔕,ra
𣔖,ai
𣔗,sf
𣔘,ta
𣔙,aq
𣔚,oa
𣔛,aw
𣔜,ad
𣔝,at
𣔞,ag
𣔟,ab
𣔠,at
𣔡,ap
𣔢,ax
𣔣,oy
𣔤,al
𣔥,av
𣔦,at
𣔧,au
𣔨,ao
𣔩,uj
𣔪,ab
𣔫,at
𣔬,ac
𣔭,at
𣔮,ak
𣔯,ay
𣔰,av
𣔱,ay
𣔲,ak
𣔳,an
𣔴,ay
𣔵,da
𣔶,av
𣔷,al
𣔸,ar
𣔹,au
𣔺,ao
𣔻,aq
𣔼,ag
𣔽,ba
𣔾,au
𣔿,ia
𣕀,af
𣕁,na
𣕂,aj
𣕃,ad
𣕄,ak
𣕅,ab
𣕆,am
𣕇,xa
𣕈,aq
𣕉,aj
𣕊,au
𣕋,ao
𣕌,aw
𣕍,ad
𣕎,at
𣕏,wa
𣕐,ca
𣕑,at
𣕒,ay
𣕓,ya
𣕔,fa
𣕕,ag
𣕖,ay
𣕗,ab
𣕘,aa
𣕙,bg
𣕚,ag
𣕛,ar
𣕜,ay
𣕝,at
𣕞,an
𣕟,la
𣕠,ek
𣕡,ef
𣕢,ab
𣕣,ua
𣕤,gu
𣕥,ua
𣕦,ao
𣕧,aa
𣕨,at
𣕩,an
𣕪,at
𣕫,ta
𣕬,am
𣕭,at
𣕮,ia
𣕯,as
𣕰,wa
𣕱,aa
𣕲,ad
𣕳,am
𣕴,ah
𣕵,as
𣕶,af
𣕷,ba
𣕸,aj
𣕹,az
𣕺,aa
𣕻,ao
𣕼,ua
𣕽,aj
𣕾,ab
𣕿,ui
𣖀,ay
𣖁,am
𣖂,ay
𣖃,ua
𣖄,qa
𣖅,ax
𣖆,az
𣖇,wa
𣖈,wa
𣖉,aa
𣖊,ad
𣖋,ak
𣖌,av
𣖍,av
𣖎,ak
𣖏,ab
𣖐,ab
𣖑,av
𣖒,ay
𣖓,aw
𣖔,az
𣖕,ak
𣖖,ac
𣖗,ab
𣖘,ag
𣖙,ad
𣖚,ak
𣖛,ww
𣖜,ao
𣖝,at
𣖞,ak
𣖟,au
𣖠,ai
𣖡,ad
𣖢,wu
𣖣,ac
𣖤,lk
𣖥,au
𣖦,ya
𣖧,aa
𣖨,ab
𣖩,au
𣖪,aa
𣖫,ta
𣖬,aq
𣖭,at
𣖮,am
𣖯,ax
𣖰,ab
𣖱,aw
𣖲,ab
𣖳,aw
𣖴,va
𣖵,ar
𣖶,ma
𣖷,ao
𣖸,ax
𣖹,au
𣖺,ay
𣖻,am
𣖼,ak
𣖽,ay
𣖾,ay
𣖿,ab
𣗀,ay
𣗁,uu
𣗂,aa
𣗃,at
𣗄,ai
𣗅,cl
𣗆,va
𣗇,ah
𣗈,aa
𣗉,ak
𣗊,al
𣗋,ax
𣗌,am
𣗍,ab
𣗎,aw
𣗏,af
𣗐,ae
𣗑,ai
𣗒,au
𣗓,wo
𣗔,ag
𣗕,aw
𣗖,aa
𣗗,aj
𣗘,au
𣗙,av
𣗚,aq
𣗛,ak
𣗜,wa
𣗝,al
𣗞,gu
𣗟,au
𣗠,ad
𣗡,ab
𣗢,aa
𣗣,aw
𣗤,an
𣗥,uu
𣗦,af
𣗧,uy
𣗨,ac
𣗩,al
𣗪,am
𣗫,aa
𣗬,aq
𣗭,al
𣗮,ah
𣗯,au
𣗰,fa
𣗱,hx
𣗲,qa
𣗳,ac
𣗴,va
𣗵,av
𣗶,ax
𣗷,mm
𣗸,da
𣗹,ax
𣗺,sg
𣗻,sf
𣗼,ab
𣗽,ab
𣗾,rw
𣗿,aq
𣘀,ap
𣘁,ak
𣘂,ta
𣘃,ar
𣘄,aq
𣘅,aw
𣘆,an
𣘇,ad
𣘈,pc
𣘉,ak
𣘊,az
𣘋,ay
𣘌,ax
𣘍,ai
𣘎,as
𣘏,bb
𣘐,ll
𣘑,ja
𣘒,ua
𣘓,aq
𣘔,ad
𣘕,aj
𣘖,aa
𣘗,ak
𣘘,ax
𣘙,ae
𣘚,au
𣘛,ae
𣘜,ak
𣘝,av
𣘞,ay
𣘟,ra
𣘠,ak
𣘡,au
𣘢,fa
𣘣,ao
𣘤,au
𣘥,ac
𣘦,ka
𣘧,ac
𣘨,ak
𣘩,az
𣘪,ae
𣘫,kj
𣘬,wa
𣘭,aj
𣘮,aw
𣘯,gs
𣘰,av
𣘱,ac
𣘲,ax
𣘳,da
𣘴,ag
𣘵,ax
𣘶,au
𣘷,aj
𣘸,ah
𣘹,ab
𣘺,ak
𣘻,am
𣘼,ha
𣘽,ae
𣘾,lo
𣘿,ba
𣙀,aw
𣙁,ad
𣙂,ja
𣙃,ah
𣙄,av
𣙅,ha
𣙆,aa
𣙇,ta
𣙈,uu
𣙉,au
𣙊,aa
𣙋,au
𣙌,aj
𣙍,ab
𣙎,ak
𣙏,aa
𣙐,aj
𣙑,ad
𣙓,ap
𣙔,aa
𣙕,aw
𣙖,aj
𣙗,ta
𣙘,au
𣙙,aw
𣙚,al
𣙛,ao
𣙜,av
𣙝,au
𣙞,ad
𣙟,aj
𣙠,ah
𣙡,ax
𣙢,av
𣙣,al
𣙤,da
𣙥,am
𣙦,ac
𣙧,ag
𣙨,ap
𣙩,au
𣙪,aa
𣙫,al
𣙬,xj
𣙭,ak
𣙮,au
𣙯,av
𣙰,ua
𣙱,aj
𣙲,tf
𣙳,aa
𣙴,ag
𣙵,ac
𣙶,aa
𣙷,ac
𣙸,pi
𣙹,ub
𣙺,aw
𣙻,ay
𣙼,sa
𣙽,ah
𣙾,ak
𣙿,ab
𣚀,ay
𣚁,ab
𣚂,ak
𣚃,ax
𣚄,ca
𣚅,ax
𣚆,at
𣚇,gb
𣚈,ax
𣚉,ax
𣚊,ae
𣚋,ae
𣚌,ak
𣚍,av
𣚎,ax
𣚏,wa
𣚐,ah
𣚑,ak
𣚒,ab
𣚓,ao
𣚔,ah
𣚕,aq
𣚖,ad
𣚗,va
𣚘,da
𣚙,ag
𣚚,ay
𣚛,ay
𣚜,ax
𣚝,ay
𣚞,ak
𣚟,av
𣚠,ax
𣚡,aa
𣚢,as
𣚣,ag
𣚤,oy
𣚥,ao
𣚦,ai
𣚧,ka
𣚨,ca
𣚩,ha
𣚪,av
𣚫,ao
𣚬,ak
𣚭,am
𣚮,ao
𣚯,tu
𣚰,ao
𣚱,ba
𣚲,ar
𣚳,av
𣚴,ao
𣚵,ah
𣚶,av
𣚷,au
𣚸,ay
𣚹,ak
𣚺,wm
𣚻,ge
𣚼,an
𣚽,ao
𣚾,aw
𣚿,aw
𣛀,al
𣛁,ua
𣛂,au
𣛃,ah
𣛄,af
𣛅,ao
𣛆,ac
𣛇,ak
𣛈,aj
𣛉,al
𣛊,fa
𣛋,ak
𣛌,lc
𣛍,ap
𣛎,av
𣛏,aw
𣛐,ax
𣛑,ah
𣛒,ao
𣛓,ai
𣛔,ag
𣛕,gg
𣛖,ak
𣛗,ak
𣛘,au
𣛙,ba
𣛚,ax
𣛛,aa
𣛜,aa
𣛝,ao
𣛞,au
𣛟,au
𣛠,ab
𣛡,ad
𣛢,aq
𣛣,ak
𣛤,gl
𣛥,ax
𣛦,az
𣛧,aa
𣛨,ao
𣛩,aw
𣛪,ay
𣛫,ah
𣛬,ag
𣛭,ae
𣛮,am
𣛯,am
𣛰,ao
𣛱,aj
𣛲,ah
𣛳,ca
𣛴,ax
𣛵,ap
𣛶,ah
𣛷,am
𣛸,au
𣛹,ae
𣛺,ae
𣛻,aa
𣛼,ab
𣛽,ay
𣛾,as
𣛿,ay
𣜀,al
𣜁,av
𣜂,aj
𣜃,ah
𣜄,wa
𣜅,za
𣜆,ak
𣜇,ab
𣜈,ra
𣜉,at
𣜊,aj
𣜋,um
𣜌,av
𣜍,ka
𣜎,ad
𣜏,ar
𣜐,ay
𣜑,ah
𣜒,ay
𣜓,av
𣜔,ad
𣜕,ak
𣜖,aq
𣜗,an
𣜘,ay
𣜙,av
𣜚,ax
𣜛,ad
𣜜,ad
𣜝,ay
𣜞,ak
𣜟,ra
𣜠,ah
𣜡,ai
𣜢,gd
𣜣,ke
𣜤,au
𣜥,ba
𣜦,za
𣜧,ar
𣜨,sv
𣜩,am
𣜪,ax
𣜫,ua
𣜬,aw
𣜭,ah
𣜮,au
𣜯,ad
𣜰,aj
𣜱,pc
𣜲,ao
𣜳,af
𣜴,ax
𣜵,aj
𣜶,ar
𣜷,ax
𣜸,ai
𣜹,yd
𣜺,ab
𣜻,lc
𣜼,ag
𣜽,yi
𣜾,wo
𣜿,aa
𣝀,al
𣝁,au
𣝂,ag
𣝃,ag
𣝄,ay
𣝅,az
𣝆,ba
𣝇,aa
𣝈,aj
𣝉,ac
𣝊,ae
𣝋,ax
𣝌,ax
𣝍,ac
𣝎,ah
𣝏,ak
𣝐,ga
𣝑,ja
𣝒,aa
𣝓,aq
𣝔,aa
𣝕,ag
𣝖,pw
𣝗,ao
𣝘,af
𣝙,ah
𣝚,ea
𣝛,ab
𣝜,sc
𣝝,tu
𣝞,ug
𣝟,ha
𣝠,ax
𣝡,ag
𣝢,ad
𣝣,ac
𣝤,av
𣝥,as
𣝦,au
𣝧,ab
𣝨,da
𣝩,aa
𣝪,ac
𣝫,av
𣝬,au
𣝭,xo
𣝮,ur
𣝯,uu
𣝰,ay
𣝱,ag
𣝲,an
𣝳,ab
𣝴,af
𣝵,au
𣝶,ac
𣝷,ta
𣝸,aj
𣝹,ag
𣝺,ak
𣝻,aw
𣝼,ak
𣝽,aw
𣝾,ah
𣝿,as
𣞀,aq
𣞁,aa
𣞂,aj
𣞃,kk
𣞄,wo
𣞅,gt
𣞆,ca
𣞇,ya
𣞈,gf
𣞉,ga
𣞊,pc
𣞋,ak
𣞌,af
𣞍,ao
𣞎,am
𣞏,ua
𣞐,ah
𣞑,aw
𣞒,aw
𣞓,ab
𣞔,aq
𣞕,aw
𣞖,ah
𣞗,ad
𣞘,ar
𣞙,ta
𣞚,ag
𣞛,aw
𣞜,au
𣞝,ax
𣞞,ay
𣞟,sb
𣞠,ae
𣞡,aw
𣞢,ah
𣞣,pw
𣞤,da
𣞥,ab
𣞦,at
𣞧,au
𣞨,ac
𣞩,ao
𣞪,at
𣞫,aa
𣞬,an
𣞭,aw
𣞮,aj
𣞯,aj
𣞰,ja
𣞱,ak
𣞲,ay
𣞳,af
𣞴,hg
𣞵,yb
𣞶,ai
𣞷,ax
𣞸,ak
𣞹,ai
𣞺,au
𣞻,ab
𣞼,ag
𣞽,ae
𣞾,an
𣞿,ax
𣟀,af
𣟁,at
𣟂,ad
𣟃,ad
𣟄,aa
𣟅,an
𣟆,ax
𣟇,am
𣟈,ad
𣟉,ra
𣟊,am
𣟋,ay
𣟌,al
𣟍,am
𣟎,ao
𣟏,gk
𣟐,av
𣟑,ac
𣟒,aa
𣟓,ay
𣟔,ac
𣟕,aa
𣟖,au
𣟗,ac
𣟘,uf
𣟙,ag
𣟚,aj
𣟛,ah
𣟜,ac
𣟝,aw
𣟞,ao
𣟟,ao
𣟠,ax
𣟡,aj
𣟢,af
𣟣,av
𣟤,ay
𣟥,ax
𣟦,ca
𣟧,ab
𣟨,ab
𣟩,ay
𣟪,ac
𣟫,ao
𣟬,ad
𣟭,am
𣟮,mw
𣟯,az
𣟰,ja
𣟱,af
𣟲,ay
𣟳,ay
𣟴,ay
𣟵,ag
𣟶,ca
𣟷,aw
𣟸,am
𣟹,ap
𣟺,aw
𣟻,ax
𣟼,sh
𣟽,sl
𣟾,va
𣟿,aa
𣠀,ga
𣠁,xu
𣠂,ag
𣠃,ah
𣠄,ak
𣠅,am
𣠆,uu
𣠇,ar
𣠈,ac
𣠉,ad
𣠊,an
𣠋,sb
𣠌,al
𣠍,ah
𣠎,sw
𣠏,sy
𣠐,al
𣠑,af
𣠒,bw
𣠓,au
𣠕,wo
𣠖,wo
𣠗,aj
𣠘,au
𣠙,ah
𣠚,at
𣠛,wa
𣠜,ah
𣠝,ab
𣠞,ea
𣠟,ag
𣠠,at
𣠡,ax
𣠢,ay
𣠣,ax
𣠤,aj
𣠥,av
𣠦,ab
𣠧,au
𣠨,aw
𣠩,am
𣠪,ah
𣠫,ae
𣠬,au
𣠭,ay
𣠮,dw
𣠯,ay
𣠰,ao
𣠱,ao
𣠲,ab
𣠳,mk
𣠴,aw
𣠵,ac
𣠶,pj
𣠷,ai
𣠸,aj
𣠹,ax
𣠺,ar
𣠻,aa
𣠼,ap
𣠽,ao
𣠾,ay
𣠿,ia
𣡀,ay
𣡁,aw
𣡂,af
𣡃,ay
𣡄,au
𣡅,ay
𣡆,ta
𣡇,ac
𣡈,jg
𣡉,yd
𣡊,ay
𣡋,ab
𣡌,aq
𣡍,uu
𣡎,ah
𣡏,gx
𣡐,ak
𣡑,ae
𣡒,al
𣡓,am
𣡔,ab
𣡕,aa
𣡖,gf
𣡗,gg
𣡘,ao
𣡙,gb
𣡚,gb
𣡛,aj
𣡜,aj
𣡝,ba
𣡞,ak
𣡟,aa
𣡠,ay
𣡡,aj
𣡢,ai
𣡣,al
𣡤,af
𣡥,wa
𣡦,gx
𣡧,af
𣡨,ae
𣡩,ag
𣡪,gx
𣡫,ac
𣡬,ay
𣡭,aq
𣡮,fc
𣡯,sr
𣡰,rg
𣡱,ac
𣡲,ay
𣡳,yk
𣡴,ai
𣡵,aa
𣡶,am
𣡷,xa
𣡸,af
𣡹,ax
𣡺,tk
𣡻,av
𣡼,ba
𣡽,aa
𣡾,gg
𣡿,ah
𣢀,eq
𣢁,uq
𣢂,uq
𣢃,vq
𣢄,yq
𣢅,wq
𣢆,pq
𣢇,jq
𣢈,gq
𣢉,rq
𣢊,wq
𣢋,bq
𣢌,bq
𣢍,bq
𣢎,uq
𣢏,fq
𣢐,qq
𣢑,cq
𣢒,uq
𣢓,cq
𣢔,pq
𣢕,wq
𣢖,hq
𣢗,jq
𣢘,uq
𣢙,vq
𣢚,gq
𣢛,hq
𣢜,yq
𣢝,rq
𣢞,uq
𣢟,gq
𣢠,bq
𣢡,uq
𣢢,yq
𣢣,gq
𣢤,vq
𣢥,qq
𣢦,lq
𣢧,yq
𣢨,iq
𣢩,lq
𣢪,dq
𣢫,cq
𣢬,iq
𣢭,iq
𣢮,iq
𣢯,uq
𣢰,uq
𣢱,kq
𣢲,bq
𣢳,nq
𣢴,pq
𣢵,hq
𣢶,gq
𣢷,wq
𣢸,bq
𣢹,lq
𣢺,rq
𣢻,uq
𣢼,bq
𣢽,uq
𣢾,bq
𣢿,wq
𣣀,dr
𣣁,jq
𣣂,aq
𣣃,iq
𣣄,wq
𣣅,bq
𣣆,kq
𣣇,uq
𣣈,rq
𣣉,jq
𣣊,vq
𣣋,tq
𣣌,dq
𣣍,hq
𣣎,wq
𣣏,uq
𣣐,cq
𣣑,bq
𣣒,iq
𣣓,qq
𣣔,bq
𣣕,hq
𣣖,kq
𣣗,uq
𣣘,oq
𣣙,uq
𣣚,dq
𣣛,qh
𣣜,xq
𣣝,bq
𣣞,bq
𣣟,bq
𣣠,rq
𣣡,dq
𣣢,rq
𣣣,uq
𣣤,mq
𣣥,tq
𣣦,kq
𣣧,bq
𣣨,kq
𣣩,dq
𣣪,iq
𣣫,bq
𣣬,eq
𣣭,iq
𣣮,qq
𣣯,bq
𣣰,dj
𣣱,wq
𣣲,lq
𣣳,vq
𣣴,sq
𣣵,yq
𣣶,bq
𣣷,cq
𣣸,vq
𣣹,qq
𣣺,bq
𣣻,sq
𣣼,bq
𣣽,rq
𣣾,iq
𣣿,tq
𣤀,eq
𣤁,gq
𣤂,uq
𣤃,bn
𣤄,bq
𣤅,uq
𣤆,kq
𣤇,bq
𣤈,fq
𣤉,rq
𣤊,xq
𣤋,uq
𣤌,yk
𣤍,xq
𣤎,zq
𣤏,rq
𣤐,gq
𣤑,jq
𣤒,jq
𣤓,vq
𣤔,iq
𣤕,yy
𣤖,iq
𣤗,rq
𣤘,cq
𣤙,yq
𣤚,rq
𣤛,qq
𣤜,ya
𣤝,hq
𣤞,oq
𣤟,tq
𣤠,vq
𣤡,pq
𣤢,iq
𣤣,xq
𣤤,gq
𣤥,lq
𣤦,vq
𣤧,bq
𣤨,cq
𣤩,xq
𣤪,xq
𣤫,tq
𣤬,cq
𣤭,gq
𣤮,gq
𣤯,tq
𣤰,yq
𣤱,dq
𣤲,eq
𣤳,uq
𣤴,hq
𣤵,bq
𣤶,tq
𣤷,tq
𣤸,yq
𣤹,mq
𣤺,tq
𣤻,kq
𣤼,tq
𣤽,wq
𣤾,cq
𣤿,yq
𣥀,uq
𣥁,cq
𣥂,pp
𣥃,vv
𣥅,vb
𣥆,pv
𣥇,vu
𣥈,vj
𣥉,iv
𣥊,wv
𣥋,pa
𣥌,vu
𣥍,vt
𣥎,vk
𣥏,vy
𣥐,vr
𣥑,vl
𣥒,vv
𣥓,lv
𣥔,az
𣥕,vv
𣥖,vv
𣥘,vb
𣥙,kv
𣥚,yv
𣥛,vx
𣥜,vo
𣥝,fv
𣥞,vj
𣥟,vj
𣥡,vm
𣥢,lv
𣥣,vp
𣥤,vt
𣥥,vq
𣥦,vg
𣥧,vk
𣥨,vj
𣥩,vu
𣥪,vt
𣥬,vs
𣥭,vg
𣥮,vt
𣥯,vo
𣥰,vy
𣥱,vl
𣥲,pv
𣥳,rv
𣥴,vd
𣥵,vw
𣥶,vu
𣥷,vv
𣥸,vo
𣥹,vy
𣥺,xv
𣥻,vw
𣥼,vk
𣥽,vm
𣥾,vo
𣦀,cv
𣦁,vr
𣦂,av
𣦃,vd
𣦄,vy
𣦅,vu
𣦆,il
𣦇,vw
𣦈,vo
𣦉,vo
𣦊,vr
𣦋,va
𣦌,vt
𣦍,bv
𣦎,vk
𣦏,gc
𣦐,vv
𣦑,wv
𣦒,vo
𣦓,vb
𣦔,iv
𣦕,vv
𣦖,bu
𣦗,vr
𣦘,nv
𣦙,vv
𣦚,bu
𣦛,rv
𣦜,vk
𣦝,vc
𣦞,by
𣦟,vl
𣦠,vo
𣦡,vo
𣦢,uv
𣦣,uv
𣦤,wv
𣦥,vw
𣦦,vo
𣦧,vi
𣦨,pl
𣦩,vp
𣦪,yv
𣦫,ve
𣦬,vi
𣦭,vu
𣦮,wu
𣦯,iv
𣦰,il
𣦱,xv
𣦲,vl
𣦳,vl
𣦴,yv
𣦵,ba
𣦶,ap
𣦷,dv
𣦸,dr
𣦹,dr
𣦺,dl
𣦻,by
𣦼,dy
𣦽,dj
𣦾,dv
𣦿,dy
𣧀,du
𣧁,dk
𣧂,dd
𣧃,dq
𣧄,vd
𣧅,dt
𣧆,dg
𣧇,dd
𣧈,du
𣧉,dj
𣧊,di
𣧋,dq
𣧌,dg
𣧍,dn
𣧎,dg
𣧏,dy
𣧐,dv
𣧑,dx
𣧒,dg
𣧓,dl
𣧔,dg
𣧕,dy
𣧖,dn
𣧗,dy
𣧘,dn
𣧙,du
𣧚,od
𣧛,dh
𣧜,db
𣧝,dr
𣧞,df
𣧟,dm
𣧠,dx
𣧡,dl
𣧢,dx
𣧣,dw
𣧤,dk
𣧥,dl
𣧦,dj
𣧧,dy
𣧨,dp
𣧩,dd
𣧪,di
𣧫,dv
𣧬,dj
𣧭,dq
𣧮,dg
𣧯,dh
𣧰,dn
𣧱,dc
𣧲,dm
𣧳,dk
𣧴,dr
𣧵,da
𣧶,dy
𣧷,da
𣧸,dq
𣧹,de
𣧺,dc
𣧻,dr
𣧼,dv
𣧽,du
𣧾,dg
𣧿,dd
𣨀,bb
𣨁,du
𣨂,dt
𣨃,dd
𣨄,dk
𣨅,dc
𣨆,de
𣨇,dl
𣨈,df
𣨉,dl
𣨊,dp
𣨋,dt
𣨌,dk
𣨍,dy
𣨎,dr
𣨏,dy
𣨐,dv
𣨑,tb
𣨒,dx
𣨓,dk
𣨔,db
𣨕,dk
𣨖,dq
𣨗,ad
𣨘,dy
𣨙,dn
𣨚,da
𣨛,du
𣨜,dw
𣨝,dd
𣨞,df
𣨟,dw
𣨠,dx
𣨡,du
𣨢,di
𣨣,dx
𣨤,da
𣨥,do
𣨦,bg
𣨧,do
𣨨,dy
𣨩,dq
𣨪,dg
𣨫,dv
𣨬,dh
𣨭,dl
𣨮,dw
𣨯,do
𣨰,fb
𣨱,dk
𣨲,dy
𣨳,dg
𣨴,da
𣨵,dr
𣨶,du
𣨷,dk
𣨸,dd
𣨹,dp
𣨺,do
𣨻,wb
𣨼,dj
𣨽,dy
𣨾,du
𣨿,di
𣩀,dc
𣩁,dt
𣩂,fb
𣩃,de
𣩄,dm
𣩅,dk
𣩆,dl
𣩇,gb
𣩈,dg
𣩉,tb
𣩊,da
𣩋,dv
𣩌,du
𣩍,dp
𣩎,dd
𣩏,db
𣩐,db
𣩑,dv
𣩒,do
𣩓,dg
𣩔,db
𣩕,dy
𣩖,vb
𣩗,dc
𣩘,dc
𣩙,dh
𣩚,dv
𣩛,dk
𣩜,de
𣩝,da
𣩞,do
𣩟,db
𣩠,dt
𣩡,dy
𣩢,dx
𣩣,da
𣩤,dx
𣩥,db
𣩦,dw
𣩧,dk
𣩨,da
𣩩,ud
𣩪,du
𣩫,dw
𣩬,db
𣩭,gb
𣩮,do
𣩯,dh
𣩰,dv
𣩱,dm
𣩲,dt
𣩳,do
𣩴,gb
𣩵,db
𣩶,dj
𣩷,dy
𣩸,ub
𣩹,dx
𣩺,jb
𣩻,dx
𣩼,dj
𣩽,df
𣩾,cb
𣩿,dv
𣪀,dy
𣪁,db
𣪂,du
𣪄,qu
𣪅,vu
𣪆,ku
𣪇,gu
𣪈,xu
𣪉,ku
𣪊,tu
𣪋,qu
𣪌,du
𣪍,uu
𣪎,tu
𣪏,eo
𣪐,vu
𣪑,bu
𣪒,tk
𣪓,ku
𣪔,hu
𣪕,bu
𣪖,mu
𣪗,tu
𣪘,bu
𣪙,bu
𣪚,cu
𣪛,tu
𣪜,qu
𣪝,tt
𣪞,bu
𣪟,wu
𣪠,iu
𣪡,wu
𣪢,wu
𣪣,hu
𣪤,tl
𣪥,tk
𣪦,uu
𣪧,bu
𣪨,tt
𣪩,xu
𣪪,bu
𣪫,uu
𣪬,tn
𣪭,fu
𣪮,bu
𣪯,bu
𣪰,xu
𣪱,uu
𣪲,yu
𣪳,tq
𣪵,uu
𣪶,su
𣪷,jw
𣪸,tk
𣪹,ti
𣪺,ux
𣪻,yu
𣪼,xu
𣪽,yu
𣪾,gu
𣪿,xu
𣫀,tk
𣫁,tu
𣫂,ui
𣫃,tz
𣫄,au
𣫅,ty
𣫆,tv
𣫇,tu
𣫈,ty
𣫉,tn
𣫊,tg
𣫋,bu
𣫌,tz
𣫍,ru
𣫎,tu
𣫏,jk
𣫐,tu
𣫑,vu
𣫒,tg
𣫓,ta
𣫔,tu
𣫕,tu
𣫖,xu
𣫗,tm
𣫘,tl
𣫙,ta
𣫚,lu
𣫛,wu
𣫜,tu
𣫝,tg
𣫞,yu
𣫟,gu
𣫠,un
𣫡,lu
𣫢,vu
𣫣,ti
𣫤,tb
𣫥,kl
𣫦,ij
𣫧,cu
𣫨,tm
𣫩,ja
𣫪,to
𣫫,kj
𣫬,ml
𣫭,wm
𣫮,zm
𣫯,mm
𣫰,mb
𣫱,ym
𣫲,md
𣫳,mc
𣫴,tm
𣫵,dm
𣫶,xm
𣫷,pb
𣫸,pu
𣫹,jm
𣫺,po
𣫻,mn
𣫼,pv
𣫽,hm
𣫾,pg
𣫿,mm
𣬀,lm
𣬁,pm
𣬂,bg
𣬃,bv
𣬄,bf
𣬅,bb
𣬆,by
𣬇,bd
𣬈,pb
𣬉,pb
𣬊,bg
𣬋,db
𣬌,pb
𣬍,cb
𣬎,dg
𣬏,bb
𣬐,du
𣬑,kb
𣬒,dl
𣬓,bu
𣬔,dl
𣬕,dk
𣬖,yb
𣬗,bc
𣬘,bc
𣬙,lx
𣬚,dt
𣬛,pv
𣬜,me
𣬝,ml
𣬞,md
𣬟,md
𣬠,mj
𣬡,vm
𣬢,mj
𣬣,mk
𣬤,me
𣬥,mz
𣬦,km
𣬧,mk
𣬨,mj
𣬩,fm
𣬪,um
𣬫,mj
𣬬,mj
𣬭,om
𣬮,pm
𣬯,md
𣬰,mo
𣬱,mr
𣬲,mw
𣬳,mn
𣬴,mq
𣬵,fm
𣬶,mb
𣬷,bm
𣬸,dm
𣬹,rm
𣬺,um
𣬻,lm
𣬼,mp
𣬽,mg
𣬾,bm
𣬿,mv
𣭀,bm
𣭁,vm
𣭂,um
𣭃,wm
𣭄,nm
𣭅,mm
𣭆,mk
𣭇,mm
𣭈,mb
𣭉,ml
𣭊,mk
𣭋,mk
𣭍,mu
𣭎,mg
𣭏,mu
𣭐,mw
𣭑,mi
𣭒,mo
𣭓,mv
𣭔,ms
𣭕,mp
𣭖,km
𣭗,my
𣭘,fm
𣭙,mb
𣭚,mb
𣭛,mf
𣭜,mx
𣭝,mk
𣭞,me
𣭟,nm
𣭠,nm
𣭡,nm
𣭢,lm
𣭣,pm
𣭤,mu
𣭥,md
𣭦,mi
𣭧,mx
𣭨,mk
𣭩,mq
𣭪,mu
𣭫,wm
𣭬,mx
𣭭,fm
𣭮,jm
𣭯,my
𣭰,sm
𣭱,mo
𣭲,sm
𣭳,qm
𣭴,mu
𣭵,um
𣭶,dm
𣭷,um
𣭸,om
𣭹,ym
𣭺,hm
𣭻,km
𣭼,um
𣭽,im
𣭾,mf
𣭿,mc
𣮀,hm
𣮁,mn
𣮂,md
𣮃,ma
𣮄,mn
𣮅,mu
𣮆,bm
𣮇,km
𣮈,um
𣮉,lm
𣮊,om
𣮋,hm
𣮌,um
𣮍,mn
𣮎,mb
𣮏,mg
𣮐,mu
𣮑,mo
𣮒,gm
𣮓,ma
𣮔,gm
𣮕,bm
𣮖,ym
𣮗,mk
𣮘,mx
𣮙,mw
𣮚,mf
𣮛,mo
𣮜,mk
𣮝,fm
𣮞,mg
𣮟,sm
𣮠,cm
𣮡,dm
𣮢,wm
𣮣,mr
𣮤,mu
𣮥,bm
𣮦,dm
𣮧,bm
𣮨,md
𣮩,my
𣮪,mm
𣮫,um
𣮬,my
𣮭,lm
𣮮,um
𣮯,bm
𣮰,om
𣮱,um
𣮲,mo
𣮳,jm
𣮴,mk
𣮵,jm
𣮶,mu
𣮷,mr
𣮸,bm
𣮹,mz
𣮺,md
𣮻,mm
𣮼,me
𣮽,mx
𣮾,tm
𣮿,mm
𣯀,mo
𣯁,mr
𣯂,ma
𣯃,dm
𣯄,mn
𣯅,im
𣯆,lm
𣯇,ym
𣯈,cm
𣯉,sm
𣯊,mf
𣯋,mc
𣯌,dm
𣯍,mu
𣯎,wm
𣯏,me
𣯐,mb
𣯑,mh
𣯒,mb
𣯓,lm
𣯔,mg
𣯕,um
𣯖,mk
𣯗,mo
𣯘,mm
𣯙,mk
𣯚,mk
𣯛,ym
𣯜,my
𣯝,zm
𣯞,lm
𣯟,wm
𣯠,bm
𣯡,lm
𣯢,mn
𣯣,ml
𣯤,mn
𣯥,mb
𣯦,gm
𣯧,mv
𣯨,rm
𣯩,mr
𣯪,mz
𣯫,mn
𣯬,cm
𣯭,mw
𣯮,xm
𣯯,um
𣯰,xm
𣯱,em
𣯲,mn
𣯳,cm
𣯴,mf
𣯵,wm
𣯶,mp
𣯷,wm
𣯸,dm
𣯹,ym
𣯺,sm
𣯻,um
𣯼,xm
𣯽,bm
𣯾,mx
𣯿,mo
𣰀,mu
𣰁,mu
𣰂,mh
𣰃,me
𣰄,em
𣰅,rm
𣰆,mb
𣰇,mk
𣰈,mr
𣰉,xm
𣰊,qm
𣰋,dm
𣰌,cm
𣰍,om
𣰎,mj
𣰏,mg
𣰐,qm
𣰑,mt
𣰒,mj
𣰓,mw
𣰔,mm
𣰕,ma
𣰖,vm
𣰗,bm
𣰘,um
𣰙,mu
𣰚,vm
𣰛,cm
𣰜,mj
𣰝,um
𣰞,mv
𣰟,vm
𣰠,fm
𣰡,wm
𣰢,um
𣰣,wm
𣰤,mu
𣰥,mu
𣰦,mm
𣰧,om
𣰨,bm
𣰩,ma
𣰪,mw
𣰫,vm
𣰬,mb
𣰭,tm
𣰮,bm
𣰯,ym
𣰰,dm
𣰲,mm
𣰳,md
𣰴,vm
𣰵,ml
𣰶,ym
𣰷,mj
𣰸,tm
𣰹,md
𣰺,tm
𣰻,cm
𣰼,me
𣰽,mv
𣰾,mi
𣰿,lm
𣱀,mv
𣱁,mq
𣱂,xm
𣱃,mq
𣱄,im
𣱅,wm
𣱆,au
𣱇,vu
𣱈,mb
𣱉,ym
𣱋,uy
𣱌,yu
𣱍,su
𣱎,ue
𣱏,mu
𣱐,ut
𣱑,ut
𣱒,ut
𣱓,ju
𣱔,xu
𣱕,qd
𣱖,qd
𣱗,ql
𣱘,qn
𣱙,qo
𣱚,qd
𣱛,qh
𣱜,qx
𣱝,qd
𣱞,qd
𣱟,qt
𣱠,ql
𣱡,bq
𣱢,qw
𣱣,qa
𣱤,qj
𣱥,qm
𣱦,qm
𣱧,qv
𣱨,qj
𣱩,qo
𣱪,qu
𣱫,qt
𣱬,xm
𣱭,qh
𣱮,qg
𣱯,qu
𣱰,qj
𣱱,pn
𣱲,ua
𣱳,au
𣱴,dv
𣱵,wu
𣱶,db
𣱷,iu
𣱸,ur
𣱹,du
𣱺,ub
𣱻,uj
𣱼,dd
𣱽,dn
𣱾,dl
𣱿,dr
𣲀,dp
𣲁,dv
𣲂,vu
𣲃,db
𣲄,dj
𣲆,dj
𣲇,dd
𣲈,yd
𣲉,ux
𣲊,bu
𣲋,dw
𣲌,du
𣲍,uw
𣲎,ru
𣲏,dy
𣲐,dy
𣲑,dy
𣲒,dl
𣲓,dz
𣲔,da
𣲕,do
𣲖,dv
𣲗,dw
𣲘,dw
𣲙,du
𣲚,de
𣲛,pu
𣲜,ju
𣲝,ru
𣲞,dv
𣲟,dc
𣲠,dd
𣲡,dn
𣲢,dx
𣲣,dv
𣲤,dj
𣲥,dd
𣲦,uu
𣲧,dh
𣲨,dy
𣲩,db
𣲪,dw
𣲫,dy
𣲬,du
𣲭,dm
𣲮,bu
𣲯,ub
𣲰,uv
𣲱,hu
𣲲,dh
𣲳,dk
𣲴,fu
𣲵,dv
𣲶,dj
𣲷,dy
𣲸,dn
𣲹,dr
𣲺,dy
𣲻,dj
𣲼,dj
𣲽,dj
𣲾,dt
𣲿,dy
𣳀,du
𣳁,dw
𣳂,gu
𣳃,dt
𣳄,da
𣳅,dx
𣳆,du
𣳇,dg
𣳈,du
𣳉,us
𣳊,dt
𣳋,dj
𣳍,dv
𣳎,dp
𣳏,dy
𣳐,dn
𣳑,du
𣳒,dy
𣳓,db
𣳔,dy
𣳕,wu
𣳖,ug
𣳗,um
𣳘,dc
𣳙,dg
𣳚,dy
𣳛,du
𣳜,dv
𣳝,du
𣳟,dz
𣳠,dm
𣳡,dg
𣳢,db
𣳣,uj
𣳤,dt
𣳥,dq
𣳦,dx
𣳧,dv
𣳨,dl
𣳩,dq
𣳪,dl
𣳫,dt
𣳬,df
𣳭,dy
𣳮,dk
𣳯,dy
𣳰,du
𣳱,dd
𣳲,dz
𣳳,xu
𣳴,dv
𣳵,ds
𣳶,du
𣳷,dj
𣳸,de
𣳹,dy
𣳺,du
𣳻,zu
𣳼,da
𣳽,dj
𣳾,ju
𣳿,dy
𣴀,ud
𣴂,du
𣴃,dr
𣴄,dj
𣴅,df
𣴆,dx
𣴇,dq
𣴈,dd
𣴉,dy
𣴊,db
𣴌,dd
𣴍,dx
𣴎,yu
𣴏,yy
𣴐,lu
𣴑,di
𣴒,dd
𣴓,dn
𣴔,dg
𣴕,de
𣴖,dx
𣴗,dj
𣴘,dd
𣴙,dx
𣴚,dl
𣴛,du
𣴜,dq
𣴝,uv
𣴞,dt
𣴟,de
𣴠,dk
𣴡,db
𣴢,du
𣴣,dt
𣴤,dy
𣴥,dw
𣴦,ds
𣴧,dt
𣴨,db
𣴩,dg
𣴪,du
𣴫,dy
𣴬,dy
𣴭,dr
𣴮,df
𣴯,dj
𣴰,df
𣴱,df
𣴲,gu
𣴳,ur
𣴴,pu
𣴵,da
𣴶,dr
𣴷,du
𣴸,db
𣴹,de
𣴺,du
𣴻,dv
𣴼,db
𣴽,dh
𣴾,dy
𣴿,dn
𣵀,dg
𣵁,db
𣵂,du
𣵃,dd
𣵄,da
𣵅,dd
𣵆,dj
𣵇,dj
𣵈,dg
𣵉,dd
𣵊,da
𣵋,dy
𣵌,du
𣵎,dz
𣵏,db
𣵐,di
𣵑,dw
𣵒,dx
𣵓,dw
𣵔,dt
𣵕,dz
𣵖,dd
𣵗,dt
𣵘,dy
𣵙,dp
𣵚,dx
𣵛,dn
𣵜,du
𣵝,db
𣵞,dk
𣵟,du
𣵠,du
𣵡,dg
𣵢,do
𣵣,dk
𣵤,dd
𣵥,do
𣵦,dt
𣵧,dk
𣵩,dh
𣵪,dl
𣵫,dd
𣵬,dk
𣵭,dt
𣵮,de
𣵯,ku
𣵰,dk
𣵱,dw
𣵲,db
𣵳,su
𣵴,dv
𣵵,dj
𣵶,dq
𣵷,de
𣵸,dj
𣵹,dt
𣵺,dy
𣵻,db
𣵼,dg
𣵽,dy
𣵾,dy
𣵿,di
𣶀,do
𣶁,dp
𣶂,dv
𣶃,do
𣶄,dd
𣶅,dl
𣶆,dg
𣶇,dd
𣶈,dw
𣶉,dd
𣶊,db
𣶋,dh
𣶌,dw
𣶍,dq
𣶎,db
𣶏,dz
𣶐,de
𣶑,de
𣶒,pa
𣶓,dw
𣶔,dl
𣶕,dt
𣶖,dw
𣶗,du
𣶘,dx
𣶙,uq
𣶚,ru
𣶛,dq
𣶜,dv
𣶝,dq
𣶞,dr
𣶟,dw
𣶠,dx
𣶡,dd
𣶢,df
𣶣,ds
𣶤,dk
𣶥,du
𣶦,du
𣶧,dw
𣶨,di
𣶩,dt
𣶪,dw
𣶫,do
𣶬,da
𣶭,dl
𣶮,dn
𣶯,dm
𣶰,dk
𣶱,dk
𣶲,du
𣶳,dy
𣶴,dv
𣶵,dz
𣶶,da
𣶷,uh
𣶸,dr
𣶹,dd
𣶺,dq
𣶻,dy
𣶼,df
𣶽,dy
𣶾,dx
𣶿,df
𣷀,uv
𣷁,dv
𣷂,dy
𣷃,dl
𣷄,dr
𣷅,dk
𣷆,dt
𣷇,dh
𣷈,do
𣷉,da
𣷊,dd
𣷋,di
𣷌,dy
𣷍,do
𣷎,do
𣷏,dv
𣷐,dz
𣷑,dn
𣷒,dw
𣷓,dk
𣷔,df
𣷕,dy
𣷖,wu
𣷗,eu
𣷘,uu
𣷙,hu
𣷚,du
𣷛,yu
𣷜,uw
𣷝,dw
𣷞,da
𣷟,dg
𣷠,do
𣷡,dx
𣷢,do
𣷣,du
𣷤,do
𣷥,do
𣷦,dm
𣷧,dk
𣷨,dd
𣷩,do
𣷪,dv
𣷫,dw
𣷬,dd
𣷭,dp
𣷮,dc
𣷯,dt
𣷰,du
𣷱,dl
𣷲,dt
𣷳,du
𣷴,dy
𣷵,dr
𣷶,dy
𣷷,dy
𣷸,dv
𣷹,du
𣷺,dy
𣷼,ds
𣷽,dy
𣷾,dj
𣷿,do
𣸀,di
𣸁,dp
𣸂,db
𣸃,du
𣸄,do
𣸅,du
𣸆,db
𣸇,dg
𣸈,dy
𣸉,dy
𣸊,dy
𣸋,dq
𣸌,dk
𣸍,du
𣸎,dy
𣸏,du
𣸐,uu
𣸑,da
𣸒,dx
𣸓,db
𣸔,du
𣸕,ju
𣸖,dg
𣸗,wu
𣸘,db
𣸙,dj
𣸚,dy
𣸛,dd
𣸜,df
𣸝,dx
𣸞,pu
𣸟,dd
𣸠,dd
𣸡,dm
𣸢,db
𣸣,db
𣸤,df
𣸥,dp
𣸦,dn
𣸧,db
𣸨,dh
𣸩,do
𣸪,dw
𣸫,dt
𣸬,dk
𣸭,dl
𣸮,dy
𣸯,dz
𣸱,dv
𣸲,dd
𣸳,dy
𣸴,dj
𣸵,dn
𣸶,dj
𣸷,du
𣸸,du
𣸹,dk
𣸺,da
𣸻,dg
𣸽,du
𣸾,dh
𣸿,dx
𣹀,do
𣹁,df
𣹂,du
𣹃,dm
𣹄,dy
𣹅,bu
𣹆,dm
𣹇,dk
𣹈,db
𣹉,dm
𣹊,dp
𣹋,dj
𣹌,dh
𣹍,dd
𣹎,db
𣹏,dz
𣹐,dn
𣹑,di
𣹒,dt
𣹓,dk
𣹔,dk
𣹕,dy
𣹖,dq
𣹗,dp
𣹘,dc
𣹙,de
𣹚,dc
𣹛,uw
𣹜,de
𣹝,do
𣹞,du
𣹟,db
𣹠,dt
𣹡,do
𣹢,dg
𣹣,dv
𣹤,du
𣹥,do
𣹦,dy
𣹧,dv
𣹨,dd
𣹩,do
𣹪,dm
𣹫,di
𣹬,tu
𣹭,du
𣹮,db
𣹯,dk
𣹰,dy
𣹱,dq
𣹲,dx
𣹳,ui
𣹴,do
𣹵,dv
𣹶,dw
𣹷,dj
𣹸,dj
𣹺,du
𣹻,bu
𣹼,do
𣹽,dw
𣹾,du
𣹿,df
𣺀,dx
𣺁,do
𣺂,dn
𣺃,do
𣺄,dl
𣺅,dw
𣺆,dc
𣺇,dg
𣺈,dk
𣺉,da
𣺊,du
𣺋,dx
𣺌,du
𣺍,du
𣺎,dy
𣺏,dk
𣺐,df
𣺑,du
𣺒,dy
𣺓,dv
𣺔,db
𣺕,dg
𣺖,dx
𣺗,dh
𣺘,df
𣺚,di
𣺛,df
𣺜,di
𣺝,dy
𣺞,du
𣺟,dx
𣺠,dc
𣺡,dt
𣺢,da
𣺣,db
𣺤,dd
𣺥,dc
𣺦,dy
𣺧,du
𣺨,db
𣺩,nu
𣺪,ub
𣺫,dp
𣺬,di
𣺭,dn
𣺮,dg
𣺯,dy
𣺰,do
𣺱,dy
𣺲,du
𣺳,dd
𣺴,do
𣺵,du
𣺶,yu
𣺷,do
𣺸,dh
𣺹,dy
𣺺,dz
𣺻,dm
𣺼,dx
𣺽,dq
𣺾,dk
𣺿,df
𣻀,dn
𣻁,du
𣻂,dk
𣻃,dk
𣻄,dm
𣻅,tu
𣻆,dx
𣻇,dg
𣻈,df
𣻉,dj
𣻊,yu
𣻋,dy
𣻌,du
𣻍,dh
𣻎,dw
𣻏,da
𣻐,dq
𣻑,du
𣻒,ds
𣻓,du
𣻔,dh
𣻕,da
𣻖,de
𣻗,dx
𣻘,do
𣻙,dk
𣻚,du
𣻛,dj
𣻜,dc
𣻝,dv
𣻞,dc
𣻟,di
𣻠,dd
𣻡,dl
𣻢,dy
𣻣,uu
𣻤,ui
𣻥,do
𣻦,dy
𣻧,dx
𣻨,du
𣻩,de
𣻪,dw
𣻫,dx
𣻬,dm
𣻭,dm
𣻮,bu
𣻯,bu
𣻰,dv
𣻱,dd
𣻲,dk
𣻳,dy
𣻴,dy
𣻵,dk
𣻶,dt
𣻷,dc
𣻸,dj
𣻹,dt
𣻺,dt
𣻻,dy
𣻼,dm
𣻽,dg
𣻾,du
𣻿,dx
𣼀,dp
𣼁,dy
𣼂,do
𣼃,da
𣼄,ds
𣼅,da
𣼆,da
𣼇,du
𣼈,di
𣼉,dd
𣼊,dw
𣼋,dq
𣼌,do
𣼍,dc
𣼎,dv
𣼏,du
𣼐,ds
𣼑,da
𣼒,dx
𣼓,db
𣼔,dz
𣼕,dc
𣼖,da
𣼗,dl
𣼘,tu
𣼙,bu
𣼚,dr
𣼜,dv
𣼝,da
𣼞,dk
𣼟,du
𣼠,dj
𣼡,dj
𣼢,ds
𣼣,dr
𣼤,du
𣼥,dt
𣼦,df
𣼧,du
𣼨,dc
𣼩,dy
𣼪,bk
𣼫,dy
𣼬,dt
𣼭,dv
𣼮,db
𣼯,dk
𣼰,dx
𣼱,dd
𣼲,dv
𣼳,dw
𣼴,dq
𣼵,dd
𣼶,dk
𣼷,dl
𣼸,dg
𣼹,dg
𣼺,dw
𣼻,dy
𣼼,dd
𣼽,do
𣼾,de
𣼿,am
𣽀,dj
𣽁,du
𣽂,da
𣽃,dk
𣽄,dd
𣽅,du
𣽆,df
𣽇,dy
𣽈,de
𣽉,dh
𣽊,dg
𣽋,dk
𣽌,dq
𣽍,du
𣽎,du
𣽏,dx
𣽐,dg
𣽑,dc
𣽒,db
𣽓,dx
𣽔,dt
𣽕,ds
𣽖,dg
𣽗,du
𣽘,da
𣽙,dh
𣽚,do
𣽛,dk
𣽜,du
𣽝,df
𣽞,dk
𣽟,dq
𣽠,dy
𣽡,dc
𣽢,dv
𣽣,dg
𣽤,du
𣽥,dy
𣽦,dn
𣽧,dy
𣽨,vu
𣽩,di
𣽪,do
𣽫,dx
𣽬,dd
𣽭,dm
𣽮,df
𣽯,dr
𣽰,du
𣽱,do
𣽲,dn
𣽳,dj
𣽴,do
𣽵,db
𣽶,di
𣽷,dw
𣽸,dk
𣽹,dr
𣽺,dk
𣽻,dy
𣽼,dq
𣽽,do
𣽾,dj
𣽿,dw
𣾀,dv
𣾁,db
𣾂,db
𣾃,dw
𣾄,dr
𣾅,dd
𣾆,dk
𣾇,dd
𣾈,dm
𣾉,do
𣾊,dy
𣾋,di
𣾌,dy
𣾍,dt
𣾎,dh
𣾏,dk
𣾐,dk
𣾑,dw
𣾒,dt
𣾓,dy
𣾔,dv
𣾕,du
𣾖,dx
𣾗,dl
𣾘,dc
𣾙,dy
𣾚,dj
𣾛,da
𣾜,du
𣾝,do
𣾞,du
𣾟,dg
𣾠,dq
𣾡,dy
𣾢,vy
𣾣,dg
𣾤,dh
𣾥,dd
𣾦,du
𣾧,dz
𣾨,do
𣾩,dm
𣾪,dk
𣾫,dx
𣾬,dy
𣾭,dk
𣾮,du
𣾯,dt
𣾰,du
𣾱,dt
𣾲,ds
𣾳,db
𣾴,df
𣾵,db
𣾶,du
𣾷,dk
𣾸,dz
𣾹,dt
𣾺,dk
𣾻,do
𣾼,dl
𣾽,dm
𣾾,dk
𣾿,dy
𣿀,du
𣿁,dq
𣿂,do
𣿃,dd
𣿄,du
𣿅,dv
𣿆,dj
𣿇,dx
𣿈,du
𣿉,do
𣿊,dw
𣿋,dh
𣿌,dr
𣿍,dm
𣿎,dk
𣿏,dk
𣿐,du
𣿑,db
𣿒,dx
𣿓,df
𣿔,dy
𣿕,dh
𣿖,dd
𣿗,di
𣿘,dw
𣿙,db
𣿚,da
𣿛,dk
𣿜,dx
𣿝,dc
𣿞,dl
𣿟,du
𣿠,dk
𣿡,dy
𣿢,di
𣿣,dm
𣿤,dj
𣿥,do
𣿦,db
𣿧,do
𣿨,dy
𣿩,dt
𣿪,dz
𣿫,dq
𣿬,dv
𣿭,dw
𣿮,dt
𣿯,dy
𣿰,do
𣿱,dh
𣿲,di
𣿳,dh
𣿴,dw
𣿵,dy
𣿶,dh
𣿷,dt
𣿸,dj
𣿹,db
𣿺,dn
𣿻,dx
𣿼,do
𣿽,dj
𣿾,dk
𣿿,dg
𤀀,dk
𤀁,bu
𤀂,dw
𤀃,dk
𤀄,dm
𤀅,dk
𤀆,dl
𤀇,dx
𤀈,dd
𤀉,dg
𤀊,dg
𤀋,dj
𤀌,dj
𤀍,dp
𤀎,dg
𤀏,dg
𤀐,dj
𤀑,dr
𤀒,dx
𤀓,du
𤀔,dq
𤀕,dt
𤀖,dg
𤀗,dk
𤀘,df
𤀙,dh
𤀚,da
𤀛,dl
𤀜,do
𤀝,de
𤀞,do
𤀟,dt
𤀠,dh
𤀡,dy
𤀢,dg
𤀣,dy
𤀤,dc
𤀥,dw
𤀦,du
𤀧,de
𤀨,dd
𤀩,iu
𤀪,dy
𤀫,dx
𤀬,dd
𤀭,db
𤀮,da
𤀯,dc
𤀰,dk
𤀱,dg
𤀲,xu
𤀳,de
𤀴,du
𤀵,dd
𤀶,dv
𤀷,do
𤀸,dy
𤀹,do
𤀺,dk
𤀻,da
𤀼,du
𤀽,dk
𤀾,dc
𤀿,dx
𤁀,dp
𤁁,dn
𤁂,db
𤁃,du
𤁄,dt
𤁅,dt
𤁆,dk
𤁇,dg
𤁈,dj
𤁉,dt
𤁊,dy
𤁋,dv
𤁌,du
𤁍,dv
𤁎,du
𤁏,do
𤁐,dk
𤁑,di
𤁒,dz
𤁓,df
𤁔,dd
𤁕,du
𤁖,dg
𤁗,dj
𤁘,dv
𤁙,fk
𤁚,dw
𤁛,dz
𤁜,dn
𤁝,di
𤁞,du
𤁟,dk
𤁠,df
𤁡,du
𤁢,dg
𤁣,db
𤁤,dq
𤁥,di
𤁦,dw
𤁧,dr
𤁨,dy
𤁩,db
𤁪,dy
𤁫,dy
𤁬,dx
𤁭,dy
𤁮,dk
𤁯,dv
𤁰,do
𤁱,du
𤁲,do
𤁳,dk
𤁴,dd
𤁵,dk
𤁶,db
𤁷,dg
𤁸,dp
𤁹,di
𤁺,dg
𤁻,df
𤁼,dm
𤁽,do
𤁾,dy
𤁿,do
𤂀,dt
𤂁,dn
𤂂,dk
𤂃,dr
𤂄,dd
𤂅,dc
𤂆,dj
𤂇,dz
𤂈,da
𤂉,dr
𤂊,dt
𤂋,dg
𤂌,dy
𤂍,di
𤂎,dl
𤂏,dh
𤂐,db
𤂑,di
𤂒,dx
𤂓,db
𤂔,dy
𤂕,dy
𤂖,dp
𤂗,dj
𤂘,di
𤂙,dr
𤂚,de
𤂛,df
𤂜,dg
𤂝,du
𤂞,uu
𤂟,iu
𤂠,dq
𤂡,ds
𤂢,db
𤂣,dm
𤂤,dn
𤂥,dk
𤂦,dv
𤂧,df
𤂨,dd
𤂩,do
𤂪,di
𤂫,db
𤂬,du
𤂭,du
𤂮,dn
𤂯,db
𤂰,dl
𤂱,du
𤂲,db
𤂳,ds
𤂴,dg
𤂵,dx
𤂶,dv
𤂷,dd
𤂸,dg
𤂹,du
𤂺,dj
𤂻,du
𤂼,zu
𤂽,dx
𤂾,du
𤂿,dg
𤃀,dl
𤃁,dt
𤃂,dc
𤃃,dt
𤃄,du
𤃅,dy
𤃆,dy
𤃇,dh
𤃈,dy
𤃉,dx
𤃊,du
𤃋,db
𤃌,dy
𤃍,df
𤃎,dt
𤃏,du
𤃐,dt
𤃑,dy
𤃒,do
𤃓,dv
𤃔,do
𤃕,dy
𤃖,dy
𤃗,dm
𤃘,db
𤃙,dc
𤃚,dr
𤃛,dg
𤃜,dx
𤃝,do
𤃞,dr
𤃟,dt
𤃠,dn
𤃡,dy
𤃢,dh
𤃣,dy
𤃤,dw
𤃥,db
𤃦,do
𤃧,dy
𤃨,dm
𤃩,dk
𤃪,dg
𤃫,db
𤃬,di
𤃭,dh
𤃮,dt
𤃯,dv
𤃰,dx
𤃱,dm
𤃲,dx
𤃳,dt
𤃴,du
𤃵,dk
𤃶,db
𤃷,do
𤃸,du
𤃹,du
𤃺,dt
𤃻,du
𤃼,dr
𤃽,do
𤃾,dm
𤃿,dg
𤄀,dy
𤄁,di
𤄂,df
𤄃,du
𤄄,dn
𤄅,dj
𤄆,dl
𤄇,dj
𤄈,iu
𤄉,dd
𤄊,dt
𤄋,dx
𤄌,fh
𤄍,dt
𤄎,de
𤄏,dx
𤄐,dt
𤄑,dy
𤄒,do
𤄓,du
𤄔,du
𤄕,db
𤄖,dv
𤄗,dm
𤄘,dw
𤄙,da
𤄚,dh
𤄛,dv
𤄜,dt
𤄝,dq
𤄞,df
𤄟,dg
𤄠,db
𤄡,dd
𤄢,dy
𤄣,dw
𤄤,dg
𤄥,uh
𤄦,dx
𤄧,dk
𤄨,dd
𤄩,dh
𤄪,dy
𤄫,dt
𤄬,dv
𤄭,dy
𤄮,dx
𤄯,lo
𤄰,dy
𤄱,db
𤄲,dw
𤄳,nu
𤄴,db
𤄵,dg
𤄶,da
𤄷,dv
𤄸,dh
𤄹,dy
𤄺,df
𤄻,dv
𤄼,dh
𤄽,dy
𤄾,dd
𤄿,da
𤅀,dy
𤅁,di
𤅂,db
𤅃,db
𤅄,dj
𤅅,da
𤅆,dy
𤅇,dx
𤅈,dj
𤅉,do
𤅊,dq
𤅋,db
𤅌,dv
𤅍,do
𤅎,dy
𤅏,dl
𤅐,db
𤅑,df
𤅒,dx
𤅓,dy
𤅔,do
𤅕,dc
𤅖,dy
𤅗,dk
𤅘,dy
𤅙,dw
𤅚,dq
𤅛,di
𤅜,df
𤅝,de
𤅞,dy
𤅟,dk
𤅠,dm
𤅡,dy
𤅢,dc
𤅣,dq
𤅤,db
𤅥,dy
𤅦,dl
𤅧,di
𤅨,dy
𤅩,dn
𤅪,dc
𤅫,ds
𤅬,dg
𤅭,dx
𤅮,dx
𤅯,dy
𤅰,dc
𤅱,dm
𤅲,dm
𤅳,dy
𤅴,dm
𤅵,do
𤅶,dw
𤅷,dr
𤅸,dm
𤅹,dd
𤅺,dj
𤅻,db
𤅼,dn
𤅽,dn
𤅾,dw
𤅿,dm
𤆀,dm
𤆁,bu
𤆂,ha
𤆃,sh
𤆄,nh
𤆅,rh
𤆆,yh
𤆇,hb
𤆈,hn
𤆉,dh
𤆊,hb
𤆋,rh
𤆌,hy
𤆍,dh
𤆎,fh
𤆏,hk
𤆐,jh
𤆑,hi
𤆒,ph
𤆓,hg
𤆔,jh
𤆕,dh
𤆖,fh
𤆗,kh
𤆘,hf
𤆙,kh
𤆚,hb
𤆛,bh
𤆜,hs
𤆝,hy
𤆞,hw
𤆟,hy
𤆠,hs
𤆡,hw
𤆢,hb
𤆣,hj
𤆤,hj
𤆥,hy
𤆦,hw
𤆧,hd
𤆨,vh
𤆩,hu
𤆪,vh
𤆫,bh
𤆬,mh
𤆭,hc
𤆮,hf
𤆯,lh
𤆰,ah
𤆱,bh
𤆲,uh
𤆳,hy
𤆴,wh
𤆵,hb
𤆶,hf
𤆷,hb
𤆸,hx
𤆹,hy
𤆺,hv
𤆻,hd
𤆼,hd
𤆽,hj
𤆾,he
𤆿,hy
𤇀,wh
𤇁,hd
𤇂,ht
𤇃,hw
𤇄,hr
𤇅,hq
𤇆,hk
𤇇,bh
𤇈,uh
𤇉,hl
𤇊,hp
𤇋,hu
𤇌,hg
𤇍,uh
𤇎,hr
𤇏,lh
𤇐,lh
𤇑,xh
𤇒,hc
𤇓,uh
𤇔,hx
𤇕,hh
𤇖,ha
𤇗,dh
𤇘,xh
𤇙,hq
𤇚,hi
𤇜,hm
𤇝,fh
𤇞,lh
𤇠,hh
𤇡,uh
𤇢,hb
𤇣,hu
𤇤,hk
𤇥,hl
𤇦,hg
𤇧,ht
𤇨,hp
𤇩,hb
𤇪,hp
𤇫,hh
𤇬,vh
𤇭,hl
𤇮,hf
𤇯,yh
𤇰,rh
𤇱,hu
𤇲,rh
𤇳,ha
𤇴,ih
𤇵,bh
𤇶,hi
𤇸,ih
𤇹,hu
𤇺,hf
𤇻,he
𤇼,hn
𤇽,hu
𤇾,hb
𤇿,hm
𤈀,dh
𤈁,hc
𤈂,gh
𤈃,hn
𤈄,hk
𤈅,wh
𤈆,hu
𤈇,hx
𤈈,gh
𤈉,gh
𤈊,hz
𤈋,hj
𤈌,oh
𤈍,hk
𤈎,ho
𤈏,hu
𤈐,hw
𤈑,hb
𤈒,hf
𤈓,hi
𤈔,th
𤈕,xh
𤈖,dh
𤈗,eh
𤈘,hd
𤈙,hy
𤈚,vh
𤈛,hg
𤈜,ht
𤈝,hx
𤈞,hl
𤈟,nh
𤈠,hy
𤈡,hw
𤈢,rh
𤈣,fh
𤈤,hx
𤈥,hb
𤈦,hm
𤈧,hu
𤈨,eh
𤈩,yh
𤈪,hc
𤈫,uy
𤈬,hy
𤈭,bh
𤈮,gh
𤈯,ha
𤈰,hk
𤈱,bh
𤈲,ih
𤈳,oh
𤈴,bh
𤈵,ho
𤈶,hb
𤈷,hq
𤈸,hl
𤈹,uh
𤈺,hf
𤈻,hs
𤈼,hx
𤈽,hl
𤈾,dh
𤈿,qh
𤉀,ah
𤉁,hy
𤉂,uh
𤉃,hx
𤉄,uh
𤉅,yh
𤉆,hu
𤉇,ht
𤉈,hv
𤉉,hh
𤉊,hg
𤉋,ih
𤉌,hh
𤉍,hn
𤉎,dh
𤉏,oh
𤉐,ih
𤉑,hs
𤉒,hv
𤉓,uy
𤉔,hv
𤉕,yh
𤉖,hi
𤉗,hz
𤉘,hk
𤉙,hk
𤉚,hq
𤉛,hr
𤉜,ha
𤉝,hk
𤉞,ch
𤉟,fh
𤉠,dh
𤉡,ah
𤉢,dh
𤉣,ht
𤉤,hx
𤉥,xd
𤉦,hn
𤉧,xw
𤉨,gh
𤉩,vh
𤉪,hd
𤉫,ht
𤉬,ha
𤉭,vh
𤉮,hk
𤉯,dh
𤉰,hh
𤉱,ph
𤉲,ah
𤉳,hu
𤉴,ho
𤉵,kh
𤉶,ho
𤉷,xh
𤉸,hg
𤉹,gh
𤉺,yw
𤉻,hu
𤉼,hv
𤉽,gh
𤉾,ha
𤉿,lh
𤊀,hz
𤊁,dh
𤊂,hy
𤊃,hq
𤊄,hb
𤊅,lh
𤊆,xh
𤊇,wh
𤊈,hf
𤊉,ho
𤊊,hf
𤊋,hl
𤊌,ih
𤊍,hj
𤊎,hg
𤊏,oh
𤊐,hy
𤊑,ih
𤊒,hu
𤊓,he
𤊔,hr
𤊕,ha
𤊖,hi
𤊗,yh
𤊘,nh
𤊙,rh
𤊚,he
𤊛,hi
𤊜,sh
𤊝,bh
𤊞,hi
𤊟,hz
𤊠,hc
𤊡,hf
𤊢,hc
𤊣,ph
𤊤,hu
𤊥,hw
𤊦,hw
𤊧,hq
𤊨,ha
𤊩,ha
𤊪,hb
𤊫,hp
𤊬,hf
𤊭,hu
𤊮,yw
𤊯,oh
𤊰,hy
𤊱,dh
𤊲,hx
𤊳,hu
𤊴,hu
𤊵,he
𤊶,hd
𤊷,ho
𤊸,gh
𤊹,hl
𤊺,hu
𤊻,ho
𤊼,hg
𤊽,dh
𤊾,ch
𤊿,hj
𤋀,hq
𤋁,oh
𤋂,ch
𤋃,bh
𤋄,mh
𤋅,ph
𤋆,gh
𤋇,oh
𤋈,uh
𤋉,hx
𤋊,hk
𤋋,hd
𤋌,bh
𤋍,hy
𤋎,bh
𤋏,hn
𤋐,ah
𤋑,ht
𤋒,fh
𤋓,hy
𤋔,th
𤋕,eh
𤋖,hw
𤋗,oh
𤋘,hx
𤋙,ht
𤋚,kh
𤋛,hu
𤋜,oh
𤋝,oh
𤋞,bh
𤋟,hw
𤋠,hs
𤋡,ht
𤋢,hu
𤋣,dq
𤋤,jh
𤋥,jh
𤋦,hh
𤋧,oh
𤋨,hi
𤋩,hw
𤋪,hi
𤋫,hu
𤋬,hw
𤋭,ho
𤋮,ih
𤋯,dh
𤋰,lh
𤋱,vh
𤋲,hn
𤋳,dh
𤋴,vh
𤋵,hc
𤋶,hs
𤋷,ht
𤋸,hd
𤋹,hg
𤋺,hb
𤋻,hy
𤋼,hg
𤋽,hj
𤋾,ho
𤋿,hi
𤌀,hx
𤌁,hr
𤌂,hd
𤌃,ho
𤌄,ho
𤌅,hf
𤌆,ht
𤌇,ih
𤌈,rh
𤌉,bh
𤌊,bh
𤌋,hg
𤌌,hj
𤌍,hv
𤌎,eh
𤌏,hx
𤌐,hg
𤌑,jh
𤌒,ht
𤌓,ha
𤌔,rh
𤌕,hk
𤌖,hm
𤌗,hv
𤌘,hx
𤌙,hx
𤌚,hk
𤌛,hd
𤌜,hx
𤌝,bh
𤌞,dh
𤌟,hm
𤌠,hf
𤌡,hy
𤌢,hh
𤌣,ha
𤌤,hw
𤌥,hd
𤌦,hg
𤌧,ha
𤌨,uh
𤌩,eh
𤌪,hh
𤌫,hu
𤌬,hm
𤌭,hb
𤌮,lh
𤌯,ht
𤌱,hg
𤌲,yh
𤌳,hd
𤌴,ha
𤌵,hr
𤌶,hb
𤌷,hx
𤌸,hu
𤌹,uh
𤌺,vh
𤌻,hk
𤌼,hw
𤌽,bh
𤌾,wh
𤌿,hu
𤍀,hk
𤍁,xh
𤍂,lh
𤍃,hm
𤍄,hq
𤍅,hh
𤍆,hw
𤍇,hc
𤍈,hb
𤍉,hk
𤍊,hx
𤍋,yh
𤍌,th
𤍍,wh
𤍎,he
𤍏,hy
𤍐,fh
𤍑,hd
𤍒,hg
𤍓,lh
𤍔,hk
𤍕,ah
𤍖,ht
𤍗,hw
𤍘,bh
𤍙,xh
𤍚,hc
𤍛,hy
𤍜,hp
𤍝,hm
𤍞,ha
𤍟,xh
𤍠,th
𤍡,hr
𤍢,ht
𤍣,ht
𤍤,hu
𤍥,ih
𤍦,ho
𤍧,hd
𤍨,wh
𤍩,hl
𤍪,he
𤍫,th
𤍬,hy
𤍭,hu
𤍮,fh
𤍯,hv
𤍰,xh
𤍱,yh
𤍲,hx
𤍳,xh
𤍴,hi
𤍵,ph
𤍶,hx
𤍷,ho
𤍸,hk
𤍹,dh
𤍺,hk
𤍻,bn
𤍼,hc
𤍽,th
𤍾,ah
𤍿,hc
𤎀,yh
𤎁,vh
𤎂,mh
𤎃,hu
𤎄,hh
𤎅,fh
𤎆,ht
𤎇,rh
𤎈,hy
𤎉,wh
𤎊,hu
𤎋,hu
𤎌,ht
𤎍,ha
𤎎,ha
𤎏,hr
𤎐,hk
𤎑,hw
𤎒,hw
𤎓,fh
𤎔,hy
𤎕,hx
𤎖,hl
𤎗,ch
𤎘,dh
𤎙,hj
𤎚,uh
𤎛,hw
𤎜,he
𤎝,ih
𤎞,hf
𤎟,bh
𤎠,hv
𤎡,xj
𤎢,xh
𤎣,hd
𤎤,hu
𤎥,bh
𤎦,xh
𤎧,gh
𤎨,xh
𤎩,eh
𤎪,th
𤎫,hh
𤎬,hn
𤎭,hk
𤎮,th
𤎯,bh
𤎰,bh
𤎱,hk
𤎲,hl
𤎳,ho
𤎴,vh
𤎵,vh
𤎶,hw
𤎷,gh
𤎸,kh
𤎹,lh
𤎺,hb
𤎻,hb
𤎼,wh
𤎽,hb
𤎾,vh
𤎿,th
𤏀,rh
𤏁,dh
𤏂,hh
𤏃,hk
𤏄,dh
𤏅,wh
𤏆,ha
𤏇,ah
𤏈,hb
𤏉,hk
𤏊,ch
𤏋,hu
𤏌,hh
𤏍,th
𤏎,ht
𤏏,hi
𤏐,ho
𤏑,hy
𤏒,oh
𤏓,hk
𤏔,hk
𤏕,vh
𤏖,ho
𤏗,ha
𤏘,hx
𤏙,he
𤏚,hv
𤏛,rh
𤏜,wh
𤏝,xt
𤏞,hv
𤏟,hx
𤏠,fh
𤏡,uh
𤏢,hu
𤏣,hi
𤏤,hh
𤏥,hv
𤏦,hx
𤏧,hk
𤏨,hj
𤏩,kh
𤏪,hl
𤏫,hy
𤏬,hd
𤏭,hj
𤏮,hw
𤏯,ht
𤏰,hw
𤏱,hy
𤏲,ho
𤏳,hb
𤏴,th
𤏵,hg
𤏶,hb
𤏷,bh
𤏸,ho
𤏹,rh
𤏺,fh
𤏻,hy
𤏼,uh
𤏽,hx
𤏾,hy
𤏿,ih
𤐀,hj
𤐁,fh
𤐂,ch
𤐃,hn
𤐄,hh
𤐅,bh
𤐆,hy
𤐇,hd
𤐈,pt
𤐉,hx
𤐊,hb
𤐋,hm
𤐌,ha
𤐍,sh
𤐎,ho
𤐏,hh
𤐐,hk
𤐑,hh
𤐒,hm
𤐓,hd
𤐔,hz
𤐕,hi
𤐖,hu
𤐗,hh
𤐘,hu
𤐙,hx
𤐚,hq
𤐛,hj
𤐜,hg
𤐝,ht
𤐞,hg
𤐟,hk
𤐠,hu
𤐡,hg
𤐢,hu
𤐣,ho
𤐤,hh
𤐥,hh
𤐦,ah
𤐧,hh
𤐨,hb
𤐩,hm
𤐪,hf
𤐫,jh
𤐬,xr
𤐭,hc
𤐮,sh
𤐯,hc
𤐰,hy
𤐱,eh
𤐲,hu
𤐳,xh
𤐴,hh
𤐵,hk
𤐶,hu
𤐷,ht
𤐸,hh
𤐹,hm
𤐺,hh
𤐻,ha
𤐼,hu
𤐽,ht
𤐾,hx
𤐿,yh
𤑀,vh
𤑁,hn
𤑂,ig
𤑃,xj
𤑄,bh
𤑅,rh
𤑆,ht
𤑇,kh
𤑈,hw
𤑉,hb
𤑊,ph
𤑋,hh
𤑌,dh
𤑍,ho
𤑎,wb
𤑏,ph
𤑐,ph
𤑑,he
𤑒,ch
𤑓,hv
𤑔,ch
𤑕,hl
𤑖,bh
𤑗,xg
𤑘,oh
𤑙,hh
𤑚,hy
𤑛,hh
𤑜,gh
𤑝,ht
𤑞,hi
𤑟,ho
𤑠,jh
𤑡,hx
𤑢,hx
𤑣,hn
𤑤,ih
𤑥,hf
𤑦,hg
𤑧,hy
𤑨,gh
𤑩,xh
𤑪,xh
𤑫,hf
𤑬,hu
𤑭,hu
𤑮,hu
𤑯,hd
𤑰,yh
𤑱,hi
𤑲,he
𤑳,ha
𤑴,hg
𤑵,gh
𤑶,xh
𤑷,hd
𤑸,hj
𤑹,vg
𤑺,ho
𤑻,ha
𤑼,hk
𤑽,kh
𤑾,eh
𤑿,hh
𤒀,hj
𤒁,hx
𤒂,vv
𤒃,hf
𤒄,hb
𤒆,wh
𤒇,ha
𤒈,hh
𤒉,gh
𤒊,hf
𤒋,hh
𤒌,hm
𤒍,qh
𤒎,hz
𤒏,rh
𤒐,ph
𤒑,hf
𤒒,gh
𤒓,gh
𤒔,hc
𤒕,dh
𤒖,dh
𤒗,xu
𤒘,hh
𤒙,rh
𤒚,hi
𤒛,hc
𤒜,gh
𤒝,zh
𤒞,sh
𤒟,hy
𤒠,hj
𤒡,rh
𤒢,hh
𤒣,xb
𤒤,hj
𤒥,rh
𤒦,hw
𤒧,xh
𤒨,hk
𤒩,hg
𤒪,hs
𤒫,hk
𤒬,hj
𤒭,lh
𤒮,ph
𤒯,hj
𤒰,ht
𤒱,hx
𤒲,ht
𤒳,ht
𤒴,hh
𤒵,dh
𤒶,ha
𤒷,hr
𤒸,jh
𤒹,he
𤒺,hm
𤒻,hx
𤒼,gh
𤒽,hv
𤒾,hh
𤒿,ch
𤓀,hc
𤓁,hj
𤓂,hh
𤓃,ho
𤓄,hy
𤓆,hm
𤓇,hw
𤓈,ha
𤓉,ch
𤓊,hk
𤓋,hf
𤓌,hv
𤓍,hj
𤓎,hb
𤓏,xh
𤓐,oh
𤓑,gh
𤓒,hf
𤓓,hv
𤓔,hd
𤓕,jh
𤓖,xh
𤓗,ho
𤓘,ch
𤓙,hu
𤓚,hh
𤓛,hv
𤓜,hh
𤓝,hc
𤓞,hh
𤓟,jh
𤓠,hl
𤓡,hy
𤓢,hf
𤓣,hc
𤓤,hh
𤓥,wh
𤓦,hh
𤓧,hb
𤓨,ce
𤓩,hw
𤓪,rh
𤓫,ph
𤓬,rh
𤓭,hc
𤓮,ah
𤓯,ax
𤓰,vv
𤓱,vv
𤓲,vd
𤓳,vv
𤓴,vv
𤓵,vx
𤓶,vy
𤓷,vg
𤓸,vs
𤓹,vb
𤓺,vd
𤓻,vt
𤓼,vf
𤓽,vb
𤓾,vv
𤓿,vy
𤔀,vy
𤔁,vv
𤔂,vj
𤔃,vm
𤔄,vk
𤔅,vf
𤔆,vf
𤔇,vy
𤔈,vq
𤔉,vt
𤔊,vt
𤔋,vj
𤔌,vg
𤔍,vx
𤔎,tv
𤔏,vw
𤔐,vy
𤔑,vk
𤔒,vf
𤔓,vx
𤔔,vy
𤔕,xv
𤔖,gv
𤔗,wv
𤔘,ve
𤔙,vv
𤔚,hv
𤔛,ev
𤔜,vt
𤔝,tv
𤔞,vs
𤔟,wv
𤔠,vw
𤔡,vw
𤔢,vi
𤔣,vy
𤔤,vw
𤔥,va
𤔦,vk
𤔧,vk
𤔨,gv
𤔩,va
𤔪,vy
𤔫,vy
𤔬,vy
𤔭,vu
𤔮,vy
𤔯,vy
𤔰,vw
𤔱,vq
𤔲,vk
𤔳,vx
𤔴,ve
𤔵,vh
𤔶,vt
𤔷,ny
𤔸,vc
𤔹,vl
𤔺,vk
𤔻,cv
𤔽,vu
𤔾,cv
𤔿,vw
𤕀,vn
𤕁,vl
𤕂,vc
𤕃,vq
𤕄,vo
𤕅,vf
𤕆,vb
𤕇,vn
𤕈,vl
𤕉,vh
𤕊,vq
𤕌,vt
𤕍,vu
𤕎,fy
𤕏,fu
𤕐,uf
𤕑,fk
𤕒,fk
𤕓,fe
𤕔,kf
𤕕,fb
𤕖,fy
𤕗,fy
𤕘,fw
𤕙,fb
𤕚,wf
𤕛,fu
𤕜,xa
𤕝,xy
𤕞,xd
𤕟,xz
𤕠,xc
𤕡,dx
𤕢,xn
𤕤,tx
𤕥,xj
𤕦,kx
𤕧,kx
𤕨,rb
𤕩,av
𤕫,pa
𤕬,pa
𤕭,py
𤕮,py
𤕯,pu
𤕰,pp
𤕱,py
𤕲,pq
𤕳,py
𤕴,py
𤕵,ps
𤕶,pb
𤕷,pv
𤕸,pt
𤕹,pu
𤕺,pu
𤕻,pk
𤕼,pu
𤕽,pm
𤕾,pq
𤕿,pt
𤖀,pf
𤖁,py
𤖂,pu
𤖃,pl
𤖄,pw
𤖅,pu
𤖆,pg
𤖇,pg
𤖈,pb
𤖉,pr
𤖊,py
𤖋,pi
𤖌,py
𤖍,pw
𤖎,pp
𤖏,pu
𤖐,py
𤖑,pf
𤖒,pa
𤖓,pb
𤖔,pi
𤖕,py
𤖖,pb
𤖗,pv
𤖘,pb
𤖙,pm
𤖚,ps
𤖛,pd
𤖜,ps
𤖝,pk
𤖞,pe
𤖟,pg
𤖠,pk
𤖡,px
𤖢,pv
𤖣,pk
𤖤,pd
𤖥,py
𤖦,pr
𤖧,pk
𤖨,pv
𤖩,pn
𤖪,py
𤖫,pf
𤖬,pu
𤖭,pf
𤖮,pg
𤖯,pb
𤖰,py
𤖱,ph
𤖲,pg
𤖳,pp
𤖴,pi
𤖵,pj
𤖶,pn
𤖷,pp
𤖸,pv
𤖹,pl
𤖺,pd
𤖻,px
𤖼,py
𤖽,pk
𤖾,pk
𤖿,pu
𤗀,pl
𤗁,pz
𤗂,pq
𤗃,pf
𤗄,pd
𤗅,pv
𤗆,pm
𤗇,pg
𤗈,pn
𤗉,px
𤗊,pa
𤗋,pf
𤗌,pt
𤗍,pv
𤗎,pd
𤗏,pk
𤗐,pf
𤗑,pj
𤗒,pf
𤗓,pi
𤗔,lp
𤗕,pj
𤗖,pm
𤗗,pd
𤗘,pz
𤗙,pn
𤗚,pt
𤗛,pj
𤗜,py
𤗝,pr
𤗞,pd
𤗟,lp
𤗠,pk
𤗡,lp
𤗢,pj
𤗣,pa
𤗤,pb
𤗥,pa
𤗦,pg
𤗧,pg
𤗨,pb
𤗩,py
𤗪,pu
𤗫,pn
𤗬,pn
𤗭,ph
𤗮,pb
𤗯,pv
𤗰,po
𤗱,pf
𤗲,pp
𤗳,pu
𤗴,pb
𤗵,pf
𤗶,pb
𤗷,pf
𤗸,pb
𤗹,pt
𤗺,px
𤗻,pk
𤗼,pk
𤗽,pa
𤗾,pt
𤗿,pt
𤘀,pc
𤘁,pu
𤘂,px
𤘃,pv
𤘄,pb
𤘅,yz
𤘆,yy
𤘇,yv
𤘈,yj
𤘉,ya
𤘊,ye
𤘋,yw
𤘌,yk
𤘎,yl
𤘏,yo
𤘐,yy
𤘑,yb
𤘒,fy
𤘓,yl
𤘔,an
𤘕,nv
𤘖,nd
𤘗,nv
𤘘,nk
𤘙,nn
𤘚,ng
𤘛,nb
𤘜,ny
𤘝,fn
𤘞,nd
𤘟,no
𤘠,nt
𤘡,nv
𤘢,nb
𤘣,ne
𤘤,bn
𤘥,nb
𤘦,nj
𤘧,nn
𤘨,rn
𤘩,yn
𤘪,nd
𤘫,nt
𤘬,na
𤘭,nh
𤘮,bn
𤘯,nq
𤘰,bn
𤘱,nm
𤘲,nq
𤘳,ny
𤘴,ny
𤘵,on
𤘶,nu
𤘷,nj
𤘸,ny
𤘹,np
𤘺,nj
𤘻,nr
𤘼,nr
𤘽,nj
𤘾,np
𤘿,bn
𤙀,nb
𤙁,np
𤙂,np
𤙃,nb
𤙄,ln
𤙅,nj
𤙆,nh
𤙇,nj
𤙈,nf
𤙉,nf
𤙊,na
𤙋,mn
𤙌,nb
𤙍,nl
𤙎,np
𤙏,qn
𤙐,nb
𤙑,nk
𤙒,nl
𤙓,nk
𤙔,nv
𤙕,ni
𤙖,rn
𤙗,ng
𤙘,jn
𤙙,nv
𤙚,nm
𤙛,nm
𤙜,no
𤙝,nb
𤙞,nt
𤙟,pn
𤙠,nq
𤙡,nx
𤙢,ng
𤙣,rn
𤙤,nz
𤙥,nx
𤙦,nu
𤙧,nj
𤙨,nu
𤙩,nm
𤙪,nv
𤙫,nd
𤙬,nt
𤙭,nf
𤙮,ni
𤙯,nl
𤙰,nc
𤙱,ng
𤙲,nn
𤙳,nt
𤙴,nu
𤙵,nv
𤙶,nz
𤙷,nu
𤙸,nk
𤙹,nx
𤙺,wn
𤙻,jn
𤙼,un
𤙽,nk
𤙾,ng
𤙿,nu
𤚀,na
𤚁,xn
𤚂,nx
𤚃,nu
𤚄,ni
𤚅,sn
𤚆,np
𤚇,ny
𤚈,ny
𤚉,en
𤚊,na
𤚋,nx
𤚌,un
𤚍,ni
𤚎,nd
𤚏,nv
𤚐,nt
𤚑,nc
𤚒,nx
𤚓,nw
𤚔,ny
𤚕,nt
𤚖,nn
𤚗,nd
𤚘,nn
𤚙,nd
𤚚,nm
𤚛,nm
𤚜,vn
𤚝,nw
𤚞,nu
𤚟,nc
𤚠,nw
𤚡,ny
𤚢,nj
𤚣,nt
𤚤,no
𤚥,sk
𤚦,na
𤚧,kn
𤚨,ny
𤚩,nh
𤚪,nb
𤚫,nk
𤚬,nk
𤚭,nf
𤚮,nu
𤚯,nq
𤚰,nf
𤚱,no
𤚲,tn
𤚳,nw
𤚴,nm
𤚵,nk
𤚶,xn
𤚷,su
𤚸,wn
𤚹,fn
𤚺,nx
𤚻,nk
𤚼,tn
𤚽,nc
𤚾,nc
𤚿,ny
𤛀,nc
𤛁,nm
𤛂,ng
𤛃,nx
𤛄,ne
𤛅,nt
𤛆,yn
𤛇,nb
𤛈,rn
𤛉,ws
𤛊,nb
𤛋,nt
𤛌,nc
𤛍,nv
𤛎,pn
𤛏,nq
𤛐,nk
𤛑,no
𤛒,nk
𤛓,tn
𤛔,ny
𤛕,ni
𤛖,in
𤛗,tn
𤛘,nc
𤛙,ln
𤛚,nu
𤛛,no
𤛜,nd
𤛝,bn
𤛞,nc
𤛟,ny
𤛠,nn
𤛡,nx
𤛢,no
𤛣,nx
𤛤,nx
𤛥,nb
𤛦,nq
𤛧,nc
𤛨,nw
𤛩,no
𤛪,nl
𤛫,nn
𤛬,nb
𤛭,nn
𤛮,nl
𤛯,ni
𤛰,ny
𤛱,jn
𤛲,ng
𤛳,nn
𤛴,nk
𤛵,nw
𤛶,nd
𤛷,nk
𤛸,nx
𤛹,nv
𤛺,nu
𤛻,ni
𤛼,nu
𤛽,nv
𤛾,nw
𤛿,hn
𤜀,ny
𤜁,sx
𤜂,rn
𤜃,ng
𤜄,nx
𤜅,nv
𤜆,nl
𤜇,nt
𤜈,nk
𤜉,nn
𤜊,nk
𤜋,nk
𤜌,nm
𤜍,nv
𤜎,nl
𤜏,nn
𤜐,ni
𤜑,nh
𤜒,ni
𤜓,no
𤜔,on
𤜕,to
𤜖,nx
𤜗,ni
𤜘,gn
𤜙,nr
𤜚,qa
𤜛,qv
𤜜,ql
𤜝,qj
𤜞,qb
𤜟,qj
𤜠,qn
𤜡,qe
𤜢,qu
𤜣,qy
𤜤,qq
𤜥,qy
𤜦,qf
𤜧,jq
𤜨,qb
𤜩,qp
𤜪,qw
𤜫,qi
𤜬,qu
𤜭,qz
𤜮,qc
𤜯,qj
𤜰,qv
𤜱,qb
𤜲,uq
𤜳,qj
𤜴,qe
𤜵,qk
𤜶,qv
𤜷,qh
𤜸,qv
𤜹,qq
𤜺,qv
𤜻,qb
𤜼,qy
𤜽,qn
𤜾,qf
𤜿,qc
𤝀,qq
𤝁,qt
𤝂,qm
𤝃,qy
𤝄,qm
𤝅,qg
𤝆,qq
𤝇,qw
𤝈,qu
𤝉,qy
𤝊,qu
𤝋,qw
𤝌,qy
𤝍,qo
𤝎,qu
𤝏,qc
𤝐,qk
𤝑,qf
𤝒,qi
𤝓,qv
𤝔,qc
𤝕,qm
𤝖,qv
𤝗,qt
𤝘,qh
𤝙,qj
𤝚,qu
𤝛,qb
𤝜,qy
𤝝,qx
𤝞,qu
𤝟,fq
𤝠,qd
𤝡,bq
𤝢,qf
𤝣,qd
𤝤,qv
𤝥,qb
𤝦,qc
𤝧,qu
𤝨,qj
𤝩,qm
𤝪,qg
𤝫,qr
𤝬,qu
𤝭,qb
𤝮,dq
𤝯,qq
𤝰,qk
𤝱,qy
𤝲,qt
𤝳,qy
𤝴,qk
𤝵,qt
𤝶,cq
𤝷,qf
𤝸,qm
𤝹,qw
𤝺,qg
𤝻,qx
𤝼,qz
𤝽,qy
𤝾,qu
𤝿,qw
𤞀,qy
𤞁,qc
𤞂,qt
𤞃,qx
𤞄,qw
𤞅,qy
𤞆,qt
𤞇,qt
𤞈,qq
𤞉,qd
𤞊,qd
𤞋,qu
𤞌,qq
𤞍,qy
𤞎,qa
𤞏,qx
𤞐,qz
𤞑,qk
𤞒,qg
𤞓,qe
𤞔,qg
𤞕,qr
𤞖,ql
𤞗,qn
𤞘,qw
𤞙,qc
𤞚,qo
𤞛,pq
𤞜,qk
𤞝,qv
𤞞,qg
𤞟,qb
𤞠,qu
𤞡,qe
𤞢,qg
𤞣,kq
𤞤,qy
𤞥,qa
𤞦,qm
𤞧,qa
𤞨,qf
𤞩,ql
𤞪,qk
𤞫,qc
𤞬,qc
𤞭,qj
𤞮,bq
𤞯,qt
𤞰,qq
𤞱,qu
𤞲,qz
𤞳,qk
𤞴,qy
𤞵,qy
𤞶,qg
𤞷,aq
𤞸,qs
𤞹,ql
𤞺,qk
𤞻,qk
𤞼,qk
𤞽,qw
𤞾,qg
𤞿,qq
𤟀,bq
𤟁,qk
𤟂,qo
𤟃,qz
𤟄,qg
𤟅,qj
𤟆,qd
𤟇,qh
𤟈,qd
𤟉,qg
𤟊,qv
𤟋,ql
𤟌,pq
𤟍,qw
𤟎,qi
𤟏,uq
𤟐,id
𤟑,qq
𤟒,pq
𤟓,cq
𤟔,qi
𤟕,qo
𤟖,qa
𤟗,qy
𤟘,qu
𤟙,xq
𤟚,qy
𤟛,qt
𤟜,hq
𤟝,qj
𤟞,wq
𤟟,qo
𤟠,qo
𤟡,qw
𤟢,iq
𤟣,qm
𤟤,qi
𤟥,qz
𤟦,qd
𤟧,qx
𤟨,qc
𤟩,kq
𤟪,qq
𤟫,qy
𤟬,qa
𤟭,dq
𤟮,uq
𤟯,qm
𤟰,qd
𤟱,qw
𤟲,qn
𤟳,qf
𤟴,qi
𤟵,hq
𤟶,lq
𤟷,qv
𤟸,qw
𤟹,qd
𤟺,qw
𤟻,qc
𤟼,qk
𤟽,qy
𤟾,qj
𤟿,qd
𤠀,qy
𤠁,qz
𤠂,qk
𤠃,ql
𤠄,qk
𤠅,qm
𤠆,qk
𤠇,qu
𤠈,qc
𤠉,qy
𤠊,bq
𤠋,qn
𤠌,qa
𤠍,qu
𤠎,qw
𤠏,qv
𤠐,qx
𤠑,qt
𤠒,qq
𤠓,qd
𤠔,qb
𤠕,qt
𤠖,qk
𤠗,qb
𤠘,qi
𤠙,qk
𤠚,qx
𤠛,qi
𤠜,qw
𤠝,qg
𤠞,qb
𤠟,qk
𤠠,qv
𤠡,qm
𤠢,vq
𤠣,qu
𤠤,qi
𤠥,qt
𤠦,qw
𤠧,qd
𤠨,cq
𤠩,zq
𤠪,vq
𤠫,qa
𤠬,qk
𤠭,qc
𤠮,qc
𤠯,qk
𤠰,qr
𤠱,qu
𤠲,qb
𤠳,qj
𤠴,qy
𤠵,qu
𤠶,qb
𤠷,cq
𤠸,qe
𤠹,qj
𤠺,qf
𤠻,qg
𤠼,tq
𤠽,qx
𤠾,qk
𤠿,qt
𤡀,qy
𤡁,qr
𤡂,qx
𤡃,qq
𤡄,qw
𤡅,qx
𤡆,qz
𤡇,qm
𤡈,qw
𤡊,qb
𤡋,qq
𤡌,qw
𤡍,qh
𤡎,wq
𤡏,qw
𤡐,qo
𤡑,qu
𤡒,qy
𤡓,qa
𤡔,qa
𤡕,qn
𤡖,qk
𤡗,qh
𤡘,qu
𤡙,qs
𤡚,qw
𤡛,qd
𤡜,gq
𤡝,qt
𤡞,qz
𤡟,qx
𤡠,qi
𤡡,qr
𤡢,qn
𤡣,qy
𤡤,qe
𤡥,qo
𤡦,qa
𤡧,qx
𤡨,qx
𤡩,mq
𤡪,qo
𤡫,qh
𤡬,qb
𤡭,qp
𤡮,qh
𤡯,qh
𤡰,qw
𤡱,qb
𤡲,qk
𤡳,qw
𤡴,kq
𤡵,hq
𤡶,qu
𤡷,qa
𤡸,qu
𤡹,qu
𤡺,qr
𤡻,qq
𤡽,bq
𤡾,yq
𤡿,vq
𤢀,qk
𤢁,qi
𤢂,qm
𤢃,qu
𤢄,qw
𤢅,qh
𤢆,qy
𤢇,qy
𤢈,qb
𤢉,qw
𤢊,qk
𤢋,qc
𤢌,qn
𤢍,qo
𤢎,qt
𤢏,qd
𤢐,qv
𤢑,qt
𤢒,qh
𤢓,qu
𤢔,qq
𤢕,sq
𤢖,qa
𤢗,qt
𤢘,qx
𤢙,qh
𤢚,sq
𤢛,qx
𤢜,sq
𤢝,fq
𤢞,qw
𤢟,qg
𤢠,qv
𤢡,qv
𤢢,qy
𤢣,qx
𤢤,qh
𤢥,qd
𤢦,qx
𤢧,qh
𤢨,qk
𤢩,qo
𤢪,qv
𤢫,qc
𤢬,qt
𤢭,qu
𤢮,qq
𤢯,qf
𤢰,ql
𤢱,qv
𤢲,qg
𤢳,qc
𤢴,qa
𤢵,qd
𤢶,qg
𤢷,qj
𤢸,qx
𤢹,qt
𤢺,qy
𤢻,qx
𤢼,qg
𤢽,qb
𤢾,qd
𤢿,qu
𤣀,qe
𤣁,qb
𤣂,tq
𤣃,qo
𤣄,qh
𤣅,yq
𤣆,qh
𤣇,qx
𤣈,qr
𤣉,aq
𤣊,qq
𤣋,qy
𤣌,qz
𤣍,qk
𤣎,qn
𤣏,hq
𤣐,qt
𤣑,qk
𤣒,qe
𤣓,qv
𤣔,qw
𤣕,qv
𤣗,qy
𤣘,bo
𤣙,qw
𤣚,qb
𤣛,qg
𤣜,qi
𤣝,qi
𤣞,qh
𤣟,qj
𤣠,qy
𤣡,qq
𤣢,qj
𤣣,qb
𤣤,qr
𤣥,ws
𤣦,ws
𤣧,xb
𤣨,xr
𤣩,ww
𤣪,aa
𤣫,wv
𤣬,jy
𤣭,wu
𤣮,wv
𤣯,wq
𤣰,wt
𤣱,wv
𤣲,wu
𤣳,wq
𤣴,wy
𤣵,wm
𤣶,yu
𤣷,wn
𤣸,wv
𤣹,wy
𤣺,wv
𤣻,wy
𤣼,ny
𤣽,we
𤣾,ws
𤣿,wk
𤤀,wt
𤤁,wf
𤤂,wy
𤤃,ws
𤤄,wu
𤤅,ww
𤤆,wt
𤤇,wt
𤤈,wy
𤤉,wu
𤤊,wd
𤤋,yy
𤤌,wj
𤤍,ww
𤤎,fy
𤤏,wy
𤤐,wi
𤤑,we
𤤒,wy
𤤓,wf
𤤔,wl
𤤕,wc
𤤖,wf
𤤗,wb
𤤘,bw
𤤙,yu
𤤚,wj
𤤛,wv
𤤜,wv
𤤝,wn
𤤞,wy
𤤟,wu
𤤠,wy
𤤡,wb
𤤢,wn
𤤣,wy
𤤤,wh
𤤥,wf
𤤦,wt
𤤧,wy
𤤨,wk
𤤩,wy
𤤪,wy
𤤫,wb
𤤬,wl
𤤭,wu
𤤮,wd
𤤯,wy
𤤰,wj
𤤱,wy
𤤲,wj
𤤳,wr
𤤴,yy
𤤵,wf
𤤶,gy
𤤷,wl
𤤸,wa
𤤹,wu
𤤺,wy
𤤻,ww
𤤼,wu
𤤽,wx
𤤾,wd
𤤿,wb
𤥀,wx
𤥁,wk
𤥂,wb
𤥃,wn
𤥄,wm
𤥅,wv
𤥆,wr
𤥇,wt
𤥈,wj
𤥉,wl
𤥊,wd
𤥋,we
𤥌,we
𤥍,wp
𤥎,wy
𤥏,ny
𤥐,wk
𤥑,wn
𤥒,wx
𤥓,ry
𤥔,jy
𤥕,wv
𤥖,wv
𤥗,wl
𤥘,wy
𤥙,wy
𤥚,wg
𤥛,wb
𤥜,wy
𤥝,wz
𤥞,wu
𤥟,wy
𤥠,ws
𤥡,wc
𤥢,wk
𤥣,wx
𤥤,wa
𤥥,wy
𤥦,wd
𤥧,wg
𤥨,wu
𤥩,wz
𤥪,wj
𤥫,wg
𤥬,wp
𤥭,wi
𤥮,wk
𤥯,wa
𤥰,we
𤥱,wy
𤥲,qy
𤥳,wa
𤥴,wx
𤥵,wr
𤥶,we
𤥷,wt
𤥸,we
𤥹,hy
𤥺,wr
𤥻,wv
𤥼,wx
𤥽,wd
𤥾,wa
𤥿,ww
𤦀,gy
𤦁,iy
𤦂,gy
𤦃,ly
𤦄,wd
𤦅,fw
𤦆,wj
𤦇,wu
𤦈,wf
𤦉,ow
𤦊,wo
𤦋,wr
𤦌,wq
𤦍,wj
𤦎,wc
𤦏,wx
𤦐,wt
𤦑,wy
𤦒,gw
𤦓,wu
𤦔,wv
𤦕,wm
𤦖,wm
𤦗,wu
𤦘,wo
𤦙,wb
𤦚,wb
𤦛,wo
𤦜,wg
𤦝,wj
𤦞,wu
𤦟,ey
𤦠,rl
𤦢,cw
𤦣,wr
𤦤,we
𤦥,wp
𤦦,ww
𤦧,wv
𤦨,py
𤦩,wy
𤦪,wd
𤦫,ww
𤦬,wx
𤦭,wo
𤦮,wk
𤦯,wp
𤦰,wx
𤦱,wg
𤦲,wa
𤦳,wi
𤦴,wo
𤦵,wn
𤦶,wu
𤦷,wd
𤦸,wa
𤦹,wb
𤦺,wk
𤦻,wj
𤦼,oy
𤦽,wz
𤦾,wn
𤦿,wk
𤧀,wa
𤧁,wm
𤧂,ws
𤧃,wd
𤧄,wn
𤧅,wk
𤧆,wb
𤧇,wo
𤧈,ws
𤧉,wx
𤧊,wt
𤧋,wn
𤧌,wv
𤧍,ws
𤧎,wp
𤧏,wv
𤧐,wh
𤧑,wf
𤧒,wm
𤧓,wl
𤧔,wl
𤧕,wt
𤧖,wy
𤧗,wk
𤧘,wo
𤧙,wr
𤧚,wx
𤧛,wj
𤧜,wb
𤧝,wu
𤧞,wd
𤧟,wd
𤧠,yi
𤧡,we
𤧢,we
𤧣,wy
𤧤,uy
𤧥,wy
𤧦,yh
𤧧,qy
𤧨,we
𤧩,oy
𤧪,wb
𤧫,wl
𤧬,ey
𤧭,wf
𤧮,wa
𤧯,ww
𤧰,rb
𤧱,wk
𤧲,rb
𤧳,wl
𤧴,wx
𤧵,wc
𤧶,ww
𤧷,wy
𤧸,wb
𤧹,wy
𤧺,wa
𤧻,ww
𤧼,wk
𤧽,wu
𤧾,wb
𤧿,we
𤨀,wd
𤨁,wo
𤨂,wo
𤨃,wk
𤨄,wx
𤨅,wc
𤨆,wg
𤨇,wu
𤨈,wl
𤨉,ww
𤨊,wd
𤨋,wv
𤨌,wx
𤨍,wl
𤨎,wu
𤨏,wb
𤨐,vy
𤨑,wk
𤨒,wx
𤨓,wm
𤨔,wy
𤨕,wl
𤨖,wb
𤨗,by
𤨘,wx
𤨙,cy
𤨚,wi
𤨛,wu
𤨜,wb
𤨝,rb
𤨞,wb
𤨟,wx
𤨠,wt
𤨡,wo
𤨢,wt
𤨣,qw
𤨤,wp
𤨥,wk
𤨦,wk
𤨧,wu
𤨨,ww
𤨩,wi
𤨪,wa
𤨫,wx
𤨬,wg
𤨭,wo
𤨮,wj
𤨯,wk
𤨰,wv
𤨱,wt
𤨲,wu
𤨳,wf
𤨴,wx
𤨵,wp
𤨶,wu
𤨷,wa
𤨹,wy
𤨺,wm
𤨻,tw
𤨼,yu
𤨽,vy
𤨾,wb
𤨿,wc
𤩀,ww
𤩁,wd
𤩂,wl
𤩃,wd
𤩄,wg
𤩅,wg
𤩆,wy
𤩇,wk
𤩈,wk
𤩉,wj
𤩊,ww
𤩋,wg
𤩌,wb
𤩍,wf
𤩎,wo
𤩏,ww
𤩐,wt
𤩑,wj
𤩒,wa
𤩓,wo
𤩔,wl
𤩕,wk
𤩖,wy
𤩗,wm
𤩘,wd
𤩙,wx
𤩚,wu
𤩜,wo
𤩝,wk
𤩞,ww
𤩟,wm
𤩠,wk
𤩡,wg
𤩢,wu
𤩣,wo
𤩤,vy
𤩥,wf
𤩦,wx
𤩧,wu
𤩨,wx
𤩩,wa
𤩪,wu
𤩫,wg
𤩬,wg
𤩭,wj
𤩮,wu
𤩯,iy
𤩰,wa
𤩱,uy
𤩲,wr
𤩳,wb
𤩴,wu
𤩵,wo
𤩶,ww
𤩷,wo
𤩸,wt
𤩹,uw
𤩺,yw
𤩻,wn
𤩼,wo
𤩽,wq
𤩾,wt
𤩿,wx
𤪀,ww
𤪁,wx
𤪂,wx
𤪃,wh
𤪄,wd
𤪅,wo
𤪆,wn
𤪇,by
𤪈,ew
𤪉,yw
𤪊,ws
𤪋,iy
𤪌,wx
𤪍,wf
𤪎,vy
𤪏,wf
𤪐,jy
𤪑,wu
𤪒,wa
𤪓,wo
𤪔,wl
𤪕,wf
𤪖,ww
𤪗,wu
𤪘,wk
𤪙,wb
𤪚,wv
𤪛,wu
𤪜,wg
𤪝,wi
𤪞,ww
𤪟,wf
𤪠,wh
𤪡,yy
𤪢,wu
𤪣,wt
𤪤,wa
𤪥,wl
𤪦,wz
𤪧,wn
𤪨,ww
𤪩,wg
𤪪,wu
𤪫,wo
𤪬,wo
𤪭,jy
𤪮,wt
𤪯,wt
𤪰,vy
𤪱,wp
𤪲,wd
𤪳,wx
𤪴,wr
𤪵,wq
𤪶,wx
𤪷,wr
𤪸,wb
𤪹,wy
𤪺,wt
𤪻,wo
𤪼,wi
𤪽,wo
𤪾,wy
𤪿,wg
𤫀,by
𤫁,wi
𤫂,wb
𤫃,wx
𤫄,wd
𤫅,wg
𤫆,ry
𤫇,wh
𤫈,wx
𤫉,wy
𤫊,yw
𤫋,wb
𤫌,wb
𤫍,da
𤫎,wk
𤫏,qy
𤫐,wy
𤫑,wy
𤫒,dv
𤫓,wd
𤫔,vy
𤫕,ww
𤫖,wb
𤫗,wf
𤫘,ww
𤫙,wh
𤫚,wv
𤫛,wy
𤫜,xy
𤫝,wv
𤫞,wb
𤫟,wb
𤫠,ww
𤫡,wf
𤫢,yk
𤫣,ww
𤫤,wx
𤫥,wf
𤫦,wo
𤫧,wj
𤫨,wg
𤫩,wr
𤫪,pg
𤫫,fg
𤫬,gf
𤫭,gt
𤫮,go
𤫯,bg
𤫰,gf
𤫱,jg
𤫲,rg
𤫳,gk
𤫴,pg
𤫵,gu
𤫶,tg
𤫷,ug
𤫸,gk
𤫹,lg
𤫺,gx
𤫻,vg
𤫼,gd
𤫽,gj
𤫾,go
𤫿,rg
𤬀,gm
𤬁,gg
𤬂,ug
𤬃,lg
𤬄,dg
𤬅,gi
𤬆,og
𤬇,vg
𤬈,rg
𤬉,bg
𤬊,gc
𤬋,gk
𤬌,hg
𤬍,vg
𤬎,gj
𤬏,ug
𤬐,hg
𤬑,gg
𤬒,gm
𤬓,jg
𤬔,gf
𤬕,gi
𤬖,xg
𤬗,tg
𤬘,hg
𤬙,gk
𤬚,gj
𤬛,hg
𤬜,gm
𤬝,hg
𤬞,gf
𤬟,jg
𤬠,gv
𤬡,jg
𤬢,jg
𤬣,jg
𤬤,hi
𤬥,wy
𤬦,bw
𤬧,wu
𤬨,wf
𤬩,gw
𤬪,tw
𤬫,wu
𤬬,hw
𤬭,bw
𤬮,aw
𤬯,wv
𤬰,rw
𤬱,ww
𤬲,wn
𤬳,gw
𤬴,lw
𤬵,uw
𤬶,yw
𤬷,iw
𤬸,wu
𤬹,gw
𤬺,yw
𤬻,ws
𤬼,iw
𤬽,bw
𤬾,jw
𤬿,tw
𤭀,dw
𤭁,kw
𤭂,vw
𤭃,ew
𤭄,kw
𤭅,wk
𤭆,wk
𤭇,uw
𤭈,vw
𤭉,ww
𤭊,dw
𤭋,ww
𤭌,bw
𤭍,wb
𤭎,gw
𤭏,gw
𤭐,pw
𤭑,ww
𤭒,lw
𤭓,jw
𤭔,iw
𤭕,ww
𤭖,wg
𤭗,ew
𤭘,pw
𤭙,wk
𤭚,wk
𤭛,kw
𤭜,hw
𤭝,tw
𤭞,ww
𤭟,pw
𤭠,iw
𤭡,ew
𤭢,ww
𤭣,cw
𤭤,vw
𤭥,fw
𤭦,cw
𤭧,bw
𤭨,uw
𤭩,tw
𤭪,aw
𤭫,cw
𤭬,fw
𤭭,rw
𤭮,vw
𤭯,wu
𤭰,hw
𤭱,gw
𤭲,ow
𤭳,ww
𤭴,uw
𤭵,wo
𤭶,bw
𤭷,wd
𤭸,uw
𤭹,yw
𤭺,sw
𤭻,kw
𤭼,ow
𤭽,iw
𤭾,xw
𤭿,ew
𤮀,cw
𤮁,ew
𤮂,wk
𤮃,wm
𤮄,wg
𤮅,tw
𤮆,hw
𤮇,gw
𤮈,iw
𤮉,tw
𤮊,gw
𤮋,ww
𤮌,wn
𤮍,wc
𤮎,sw
𤮏,cw
𤮐,bw
𤮑,wx
𤮒,wn
𤮓,cw
𤮔,gw
𤮕,xw
𤮖,kw
𤮗,wk
𤮘,xw
𤮙,hw
𤮚,yw
𤮛,iw
𤮜,ww
𤮝,hw
𤮞,uw
𤮟,wg
𤮠,wu
𤮡,cy
𤮢,gw
𤮣,hw
𤮤,by
𤮥,wq
𤮦,ow
𤮧,hw
𤮨,lw
𤮩,ww
𤮪,bc
𤮫,fw
𤮬,vw
𤮭,dw
𤮮,yw
𤮯,uw
𤮰,uw
𤮱,ew
𤮲,vw
𤮳,wv
𤮴,cw
𤮵,eb
𤮶,hw
𤮷,yw
𤮸,yw
𤮹,yw
𤮻,gg
𤮼,gg
𤮽,gg
𤮾,wg
𤮿,gw
𤯀,gu
𤯁,ug
𤯂,gq
𤯃,ag
𤯄,gu
𤯅,gv
𤯆,gk
𤯇,gh
𤯈,go
𤯉,cp
𤯊,cg
𤯋,gh
𤯌,gg
𤯍,ig
𤯎,gg
𤯏,ga
𤯐,gj
𤯑,ch
𤯒,tg
𤯔,au
𤯕,un
𤯖,ju
𤯗,du
𤯘,ud
𤯙,uv
𤯚,bu
𤯛,uw
𤯜,ul
𤯝,uo
𤯞,ud
𤯟,um
𤯠,yu
𤯡,uu
𤯢,su
𤯣,uz
𤯤,ru
𤯥,nu
𤯦,pu
𤯨,uc
𤯩,wu
𤯪,un
𤯫,uw
𤯬,uk
𤯭,bu
𤯮,uj
𤯯,nu
𤯰,uu
𤯱,du
𤯲,eu
𤯳,bu
𤯴,pu
𤯵,hu
𤯶,lu
𤯷,vu
𤯸,ul
𤯹,yu
𤯺,ul
𤯻,uu
𤯼,yu
𤯽,fu
𤯾,cu
𤯿,gu
𤰁,ju
𤰂,uf
𤰄,dy
𤰅,wy
𤰆,lf
𤰇,cy
𤰈,cy
𤰉,zy
𤰊,xy
𤰋,yo
𤰌,yy
𤰍,cf
𤰎,wo
𤰏,sb
𤰐,yf
𤰑,wy
𤰒,rc
𤰓,at
𤰔,ii
𤰕,tv
𤰖,ty
𤰗,pt
𤰘,tb
𤰙,jt
𤰚,jt
𤰛,lt
𤰜,ts
𤰝,tv
𤰞,tu
𤰟,tg
𤰠,tg
𤰡,wt
𤰢,tv
𤰣,ye
𤰤,ty
𤰥,tc
𤰦,tq
𤰧,xt
𤰨,tu
𤰩,ty
𤰪,tf
𤰫,ct
𤰬,tu
𤰭,gt
𤰮,tg
𤰯,ty
𤰰,yv
𤰲,yv
𤰳,tt
𤰴,ya
𤰵,tr
𤰷,ub
𤰸,wt
𤰹,th
𤰺,bt
𤰻,ct
𤰼,tn
𤰽,tp
𤰾,to
𤰿,tw
𤱀,tf
𤱁,yf
𤱂,ty
𤱃,ta
𤱄,tu
𤱅,tn
𤱆,ty
𤱇,ft
𤱈,wb
𤱉,yg
𤱊,st
𤱋,jo
𤱌,tq
𤱍,tp
𤱎,tl
𤱏,tx
𤱐,tz
𤱒,tt
𤱓,uu
𤱔,wm
𤱕,tm
𤱖,yv
𤱗,tl
𤱘,tv
𤱙,tb
𤱚,pt
𤱛,th
𤱜,ht
𤱝,tg
𤱞,td
𤱟,ti
𤱠,tk
𤱡,sy
𤱢,jg
𤱣,rj
𤱤,yd
𤱥,ti
𤱦,te
𤱧,ta
𤱨,tg
𤱩,tv
𤱪,yt
𤱫,yr
𤱬,to
𤱭,rt
𤱯,tv
𤱰,ty
𤱱,gt
𤱲,ty
𤱳,tg
𤱴,ta
𤱵,jt
𤱶,wq
𤱷,tl
𤱸,st
𤱹,vd
𤱺,gt
𤱻,ti
𤱼,ti
𤱽,vf
𤱾,vg
𤱿,uw
𤲀,yk
𤲁,tu
𤲂,tx
𤲄,yu
𤲅,gd
𤲆,ti
𤲇,at
𤲈,te
𤲉,to
𤲊,tz
𤲋,tw
𤲌,wt
𤲍,jr
𤲎,tx
𤲏,tj
𤲐,ty
𤲑,vd
𤲒,tg
𤲓,tl
𤲔,tc
𤲕,tc
𤲖,tx
𤲗,it
𤲘,ti
𤲙,st
𤲚,td
𤲛,st
𤲜,tg
𤲝,lt
𤲞,rt
𤲟,to
𤲠,tu
𤲡,ty
𤲢,yt
𤲣,yz
𤲤,tu
𤲦,tw
𤲧,tw
𤲨,tv
𤲩,th
𤲪,tw
𤲫,ty
𤲬,td
𤲭,tt
𤲮,tg
𤲯,ya
𤲰,jo
𤲱,ct
𤲲,tt
𤲳,td
𤲴,tt
𤲵,tc
𤲶,tl
𤲷,ut
𤲸,bt
𤲹,tg
𤲺,td
𤲻,tx
𤲼,ty
𤲽,uj
𤲾,yt
𤳀,gt
𤳁,tr
𤳂,th
𤳃,yd
𤳄,tx
𤳅,jj
𤳆,tl
𤳇,ll
𤳈,tw
𤳉,tt
𤳊,vg
𤳋,rt
𤳌,th
𤳍,td
𤳎,tb
𤳏,ta
𤳐,yh
𤳑,tx
𤳒,tx
𤳓,dg
𤳔,vt
𤳕,gt
𤳖,mq
𤳗,qt
𤳘,ub
𤳙,tv
𤳚,tc
𤳛,qt
𤳜,te
𤳝,td
𤳞,vt
𤳟,ty
𤳠,to
𤳡,wt
𤳢,tb
𤳣,te
𤳤,vd
𤳥,ta
𤳦,td
𤳧,kg
𤳨,yu
𤳩,tf
𤳪,it
𤳫,vg
𤳬,tk
𤳭,tv
𤳮,vt
𤳯,vh
𤳰,ut
𤳱,tb
𤳲,vz
𤳳,tt
𤳴,tk
𤳵,jj
𤳶,tg
𤳷,sy
𤳸,yb
𤳹,ta
𤳺,mw
𤳻,tx
𤳼,sh
𤳽,tl
𤳾,dj
𤳿,vt
𤴀,tw
𤴁,th
𤴂,ti
𤴃,th
𤴄,td
𤴅,vm
𤴆,tc
𤴇,tk
𤴈,tx
𤴉,td
𤴊,tf
𤴋,vt
𤴌,ti
𤴍,td
𤴎,vt
𤴏,tv
𤴐,tk
𤴑,tt
𤴒,tn
𤴓,az
𤴕,az
𤴖,gz
𤴗,cz
𤴘,rz
𤴙,pz
𤴚,uz
𤴛,iz
𤴜,az
𤴝,iz
𤴞,tz
𤴟,cz
𤴠,pz
𤴡,uz
𤴢,tz
𤴣,uz
𤴤,yz
𤴥,bv
𤴦,bj
𤴧,bx
𤴨,by
𤴩,bb
𤴪,bj
𤴫,bl
𤴬,bd
𤴭,bb
𤴮,bl
𤴯,bw
𤴰,bw
𤴱,bq
𤴲,bg
𤴳,bz
𤴴,bv
𤴵,bg
𤴶,bt
𤴷,ba
𤴸,bq
𤴹,bj
𤴺,bj
𤴻,bq
𤴼,bq
𤴽,bv
𤴾,bt
𤴿,bo
𤵀,bw
𤵁,bv
𤵂,bx
𤵃,bn
𤵄,bs
𤵅,bx
𤵆,bg
𤵇,bf
𤵈,by
𤵉,bt
𤵊,bt
𤵋,by
𤵌,bu
𤵍,bw
𤵎,bj
𤵏,bd
𤵐,bw
𤵑,by
𤵒,bw
𤵓,by
𤵔,by
𤵕,bk
𤵖,bo
𤵗,bj
𤵘,bb
𤵙,bu
𤵚,by
𤵛,bp
𤵜,bx
𤵝,bm
𤵞,bt
𤵟,by
𤵠,be
𤵡,bh
𤵢,bq
𤵣,bp
𤵤,bm
𤵥,bh
𤵦,bv
𤵨,br
𤵩,by
𤵪,bk
𤵫,bu
𤵬,by
𤵭,bj
𤵮,bh
𤵯,bi
𤵰,be
𤵱,bl
𤵲,bx
𤵳,bb
𤵴,bt
𤵵,bn
𤵶,bg
𤵷,by
𤵸,bf
𤵹,bk
𤵺,by
𤵻,be
𤵼,bk
𤵽,bx
𤵾,bq
𤵿,bn
𤶀,bf
𤶁,bl
𤶂,bk
𤶃,bv
𤶄,bw
𤶅,bu
𤶆,bu
𤶇,bo
𤶈,bx
𤶉,bd
𤶊,by
𤶋,bb
𤶌,by
𤶍,be
𤶎,bw
𤶏,bg
𤶐,bz
𤶑,by
𤶒,bl
𤶓,bo
𤶔,bx
𤶕,bk
𤶖,bz
𤶗,bu
𤶘,bk
𤶙,bv
𤶚,bt
𤶛,bb
𤶜,bt
𤶝,bx
𤶞,bf
𤶟,by
𤶠,bm
𤶡,bc
𤶢,bq
𤶣,bu
𤶤,by
𤶥,bu
𤶦,bc
𤶧,bb
𤶨,bb
𤶩,bq
𤶪,bf
𤶫,ba
𤶬,bu
𤶭,ba
𤶮,bq
𤶯,by
𤶰,bm
𤶱,bi
𤶲,bw
𤶳,bk
𤶴,bu
𤶵,bu
𤶶,bw
𤶷,bk
𤶸,be
𤶹,bk
𤶺,bq
𤶻,bj
𤶼,bw
𤶽,bz
𤶾,bk
𤶿,bz
𤷀,bw
𤷁,bt
𤷂,bb
𤷃,bg
𤷄,bv
𤷅,be
𤷆,bd
𤷇,ba
𤷈,bu
𤷉,ba
𤷊,by
𤷋,bm
𤷌,by
𤷍,bb
𤷎,bu
𤷏,bw
𤷐,bo
𤷑,bk
𤷒,bu
𤷓,bq
𤷔,bc
𤷕,ba
𤷖,bw
𤷗,bx
𤷘,bu
𤷙,bc
𤷚,bu
𤷛,bk
𤷜,by
𤷝,bu
𤷞,bx
𤷟,bl
𤷠,bw
𤷡,bj
𤷢,bb
𤷣,bt
𤷤,bo
𤷥,bo
𤷦,bx
𤷧,bv
𤷨,bi
𤷩,bk
𤷪,bm
𤷫,bd
𤷬,bu
𤷭,bu
𤷮,bv
𤷯,bd
𤷰,bf
𤷱,bm
𤷲,ba
𤷳,bu
𤷴,by
𤷵,bp
𤷶,by
𤷷,bm
𤷸,be
𤷹,bj
𤷺,by
𤷻,bx
𤷼,bo
𤷽,be
𤷾,br
𤷿,bq
𤸀,bo
𤸁,bu
𤸂,bd
𤸃,by
𤸅,bo
𤸆,bf
𤸇,bu
𤸈,by
𤸉,bu
𤸊,bx
𤸋,bj
𤸌,bg
𤸍,bx
𤸎,br
𤸏,bu
𤸐,bs
𤸑,bw
𤸒,bd
𤸓,bw
𤸔,bk
𤸕,bv
𤸖,bk
𤸗,bq
𤸘,bb
𤸙,bm
𤸚,bm
𤸛,bx
𤸜,bl
𤸝,bl
𤸞,bc
𤸟,bc
𤸠,bt
𤸡,by
𤸢,bu
𤸣,bk
𤸤,bg
𤸥,bd
𤸦,bz
𤸧,bd
𤸨,bx
𤸩,bl
𤸪,bu
𤸫,bb
𤸬,bv
𤸭,bz
𤸮,bo
𤸯,ba
𤸰,bv
𤸱,bm
𤸲,bh
𤸳,bb
𤸴,bx
𤸵,bc
𤸶,by
𤸷,bj
𤸸,bm
𤸹,bd
𤸺,bq
𤸻,bu
𤸼,bh
𤸽,bx
𤸾,bo
𤸿,bv
𤹀,bx
𤹁,bu
𤹂,bh
𤹃,bd
𤹄,ba
𤹅,ba
𤹆,by
𤹇,bk
𤹈,bj
𤹉,bw
𤹊,bi
𤹋,bm
𤹌,bj
𤹍,bb
𤹎,bh
𤹏,bx
𤹐,bh
𤹑,bx
𤹒,bq
𤹓,be
𤹔,bf
𤹕,bx
𤹖,bg
𤹗,bx
𤹘,bc
𤹙,bx
𤹚,bg
𤹛,bx
𤹜,bk
𤹝,bf
𤹞,bg
𤹟,bk
𤹠,bb
𤹡,bq
𤹢,be
𤹣,bh
𤹤,bu
𤹥,bu
𤹦,bk
𤹧,bd
𤹨,bi
𤹩,bv
𤹪,bk
𤹫,bw
𤹬,bc
𤹭,bx
𤹮,bx
𤹯,bx
𤹰,bj
𤹱,by
𤹲,bt
𤹳,bu
𤹴,bn
𤹵,bc
𤹶,bd
𤹷,bn
𤹸,bx
𤹹,bv
𤹺,bm
𤹻,bv
𤹼,bp
𤹽,bn
𤹾,bm
𤹿,by
𤺀,by
𤺁,bi
𤺂,bb
𤺃,bu
𤺄,bl
𤺅,by
𤺆,bg
𤺇,bc
𤺈,bo
𤺉,bw
𤺊,bt
𤺋,bp
𤺌,bb
𤺍,bw
𤺎,bh
𤺏,bt
𤺐,br
𤺑,bx
𤺒,bk
𤺓,bw
𤺔,bb
𤺕,bb
𤺖,bw
𤺗,bd
𤺘,bq
𤺙,bv
𤺚,bx
𤺛,ba
𤺜,bk
𤺝,bj
𤺞,by
𤺟,bx
𤺠,bu
𤺡,bu
𤺢,ba
𤺣,bh
𤺤,bq
𤺥,bk
𤺦,bk
𤺧,bo
𤺨,bd
𤺩,bl
𤺪,bk
𤺫,bx
𤺬,bp
𤺭,by
𤺮,bv
𤺯,bx
𤺰,bq
𤺱,bh
𤺲,bw
𤺳,bn
𤺴,by
𤺵,bo
𤺶,by
𤺷,ba
𤺸,by
𤺹,bw
𤺺,bd
𤺻,bk
𤺼,bl
𤺽,by
𤺾,bd
𤺿,bl
𤻀,bu
𤻁,bx
𤻂,bg
𤻃,bo
𤻄,bu
𤻅,bw
𤻆,by
𤻇,bz
𤻈,bw
𤻉,bn
𤻊,by
𤻋,bc
𤻌,bk
𤻍,bq
𤻎,bu
𤻏,bu
𤻐,bq
𤻑,bj
𤻒,bu
𤻓,cn
𤻔,bo
𤻕,bv
𤻖,bw
𤻗,bh
𤻘,bx
𤻙,by
𤻚,br
𤻛,bv
𤻜,bm
𤻝,bd
𤻞,bb
𤻟,bx
𤻠,bi
𤻡,bt
𤻢,by
𤻣,bo
𤻤,bv
𤻥,bl
𤻦,bg
𤻧,ba
𤻨,be
𤻩,bh
𤻪,be
𤻫,bc
𤻬,bu
𤻭,bk
𤻮,bx
𤻯,bi
𤻰,bs
𤻱,bx
𤻲,ba
𤻳,bu
𤻴,bu
𤻵,bg
𤻶,bc
𤻷,bm
𤻸,bg
𤻹,bi
𤻺,bw
𤻻,bd
𤻼,bo
𤻽,br
𤻾,bu
𤻿,ba
𤼀,bh
𤼁,bo
𤼂,bx
𤼃,bl
𤼄,bw
𤼅,bk
𤼆,bx
𤼇,bq
𤼈,bb
𤼉,bx
𤼊,bb
𤼋,bj
𤼌,bg
𤼍,bo
𤼎,bm
𤼏,bq
𤼐,bv
𤼑,bo
𤼒,bk
𤼓,bm
𤼔,bx
𤼕,bo
𤼖,bi
𤼗,bz
𤼘,by
𤼙,bx
𤼚,bi
𤼛,bg
𤼜,bi
𤼝,bi
𤼞,br
𤼟,bb
𤼠,bi
𤼡,bn
𤼢,bq
𤼣,bx
𤼤,bd
𤼥,bv
𤼦,by
𤼧,by
𤼨,bm
𤼩,bu
𤼪,bc
𤼫,bw
𤼬,by
𤼭,bi
𤼮,bk
𤼯,bz
𤼰,bg
𤼱,cw
𤼲,bg
𤼳,bf
𤼴,bc
𤼵,bg
𤼶,bl
𤼷,bc
𤼸,bu
𤼹,bw
𤼺,bu
𤼻,br
𤼼,jb
𤼽,bl
𤼾,bv
𤼿,ba
𤽀,bl
𤽁,bu
𤽂,bg
𤽃,bi
𤽄,bx
𤽅,bw
𤽆,bv
𤽇,bi
𤽈,bh
𤽉,bf
𤽊,bb
𤽋,ba
𤽌,bj
𤽍,bq
𤽎,by
𤽏,bb
𤽐,by
𤽑,bv
𤽒,bc
𤽓,bu
𤽔,ba
𤽕,bw
𤽖,bp
𤽗,bl
𤽘,bl
𤽙,by
𤽚,bk
𤽛,be
𤽜,bw
𤽝,bg
𤽞,vb
𤽟,bl
𤽠,xb
𤽡,bg
𤽢,bv
𤽣,bb
𤽤,vb
𤽥,bk
𤽦,bf
𤽧,ba
𤽨,bb
𤽩,wb
𤽪,be
𤽫,bs
𤽬,br
𤽭,bw
𤽮,bx
𤽯,bc
𤽰,bu
𤽱,bz
𤽲,bl
𤽳,bo
𤽴,bz
𤽵,bl
𤽶,bm
𤽷,bi
𤽸,bt
𤽹,bu
𤽺,bu
𤽻,by
𤽼,bv
𤽽,bb
𤽾,bj
𤽿,bx
𤾀,bb
𤾂,bv
𤾃,bh
𤾄,tb
𤾅,bf
𤾆,be
𤾇,be
𤾈,bi
𤾉,bw
𤾊,gb
𤾋,bq
𤾌,bk
𤾍,bd
𤾎,bn
𤾏,bm
𤾐,bf
𤾑,bg
𤾒,bj
𤾓,ba
𤾔,ba
𤾕,lb
𤾖,bc
𤾗,gw
𤾘,bk
𤾙,bk
𤾚,ba
𤾛,bu
𤾜,bf
𤾝,ba
𤾞,fb
𤾟,bw
𤾠,bu
𤾡,bw
𤾢,bb
𤾣,bf
𤾤,bj
𤾥,bo
𤾦,bk
𤾧,bw
𤾨,bs
𤾩,bb
𤾪,bd
𤾫,bv
𤾬,bu
𤾭,bo
𤾮,by
𤾯,br
𤾰,bz
𤾱,bl
𤾲,bb
𤾳,yw
𤾴,br
𤾵,bc
𤾶,bb
𤾷,bf
𤾸,bw
𤾺,bu
𤾻,bk
𤾼,bk
𤾽,be
𤾾,ba
𤾿,xv
𤿀,bb
𤿁,bx
𤿂,by
𤿃,bc
𤿄,bv
𤿅,br
𤿆,pd
𤿇,pd
𤿈,up
𤿉,pu
𤿊,gp
𤿋,pc
𤿌,kp
𤿍,py
𤿎,bp
𤿏,np
𤿐,kp
𤿑,bp
𤿒,pn
𤿓,xp
𤿔,dp
𤿕,mp
𤿖,wp
𤿗,pw
𤿘,bp
𤿙,vp
𤿚,qp
𤿛,pg
𤿜,qp
𤿝,vp
𤿞,gp
𤿟,bp
𤿠,tp
𤿡,dp
𤿢,xp
𤿣,up
𤿤,vp
𤿥,dp
𤿦,px
𤿧,op
𤿨,xp
𤿩,np
𤿪,qp
𤿫,bp
𤿬,pc
𤿭,pf
𤿮,kp
𤿯,dp
𤿰,wp
𤿱,kp
𤿲,fp
𤿳,ip
𤿴,hp
𤿵,yp
𤿶,qp
𤿷,dp
𤿸,po
𤿹,tp
𤿺,cp
𤿻,fp
𤿼,xp
𤿽,up
𤿾,pp
𤿿,ip
𥀀,tp
𥀁,lp
𥀂,tp
𥀃,rp
𥀄,dp
𥀅,bp
𥀆,wp
𥀇,up
𥀈,qp
𥀉,kp
𥀊,pf
𥀋,pt
𥀌,pk
𥀍,sp
𥀎,tp
𥀏,wp
𥀐,up
𥀑,pk
𥀒,pt
𥀓,pp
𥀔,gp
𥀕,tp
𥀖,pk
𥀗,op
𥀘,xp
𥀙,rp
𥀚,kp
𥀛,po
𥀜,pk
𥀝,pb
𥀞,yp
𥀟,rp
𥀠,pb
𥀡,sp
𥀢,up
𥀣,jp
𥀤,pw
𥀥,cp
𥀦,op
𥀧,sp
𥀨,pd
𥀩,kp
𥀪,pv
𥀫,yp
𥀬,ip
𥀭,pe
𥀮,op
𥀯,pd
𥀰,vp
𥀱,gp
𥀲,pb
𥀳,pd
𥀴,kp
𥀵,hp
𥀶,yp
𥀸,po
𥀹,cp
𥀺,xp
𥀻,tx
𥀼,tu
𥀽,tx
𥀾,tk
𥀿,mk
𥁀,dm
𥁁,gm
𥁂,zm
𥁃,wm
𥁄,am
𥁅,nm
𥁆,ym
𥁇,dm
𥁈,vm
𥁉,mm
𥁊,um
𥁋,dm
𥁌,rm
𥁍,mg
𥁎,ym
𥁏,dm
𥁐,sm
𥁑,bm
𥁒,ym
𥁓,um
𥁔,mf
𥁕,wm
𥁙,rm
𥁚,pm
𥁛,mm
𥁜,dm
𥁝,zm
𥁞,ym
𥁟,dm
𥁠,jm
𥁡,dm
𥁢,ym
𥁣,dm
𥁤,dm
𥁥,jm
𥁦,gm
𥁧,rm
𥁨,nm
𥁩,dm
𥁪,sm
𥁫,gm
𥁬,bm
𥁭,dm
𥁮,rm
𥁯,zm
𥁰,wm
𥁱,sm
𥁲,dm
𥁳,dm
𥁴,wm
𥁵,dm
𥁶,am
𥁷,dm
𥁸,jm
𥁹,am
𥁺,om
𥁻,om
𥁼,dm
𥁽,um
𥁾,om
𥁿,dm
𥂀,om
𥂁,pt
𥂂,mm
𥂃,rm
𥂄,om
𥂅,gm
𥂆,dm
𥂇,qj
𥂈,dm
𥂉,tm
𥂊,qm
𥂋,dm
𥂌,am
𥂍,km
𥂎,tm
𥂏,vm
𥂐,vm
𥂑,vm
𥂒,sm
𥂓,gm
𥂔,xm
𥂕,tm
𥂖,dm
𥂗,wm
𥂘,ym
𥂙,dm
𥂚,xm
𥂛,ym
𥂜,rm
𥂝,rm
𥂞,jm
𥂟,vm
𥂠,im
𥂡,wm
𥂢,fm
𥂣,wm
𥂤,jm
𥂥,dm
𥂦,wm
𥂧,ym
𥂨,xm
𥂩,gm
𥂪,cm
𥂫,dm
𥂬,wm
𥂭,im
𥂮,lm
𥂯,cm
𥂰,ym
𥂱,dm
𥂲,jm
𥂳,dm
𥂴,bm
𥂵,dm
𥂶,wm
𥂷,nm
𥂸,am
𥂹,uy
𥂺,om
𥂻,gm
𥂼,vm
𥂽,vm
𥂾,fm
𥂿,cm
𥃀,wm
𥃁,tm
𥃂,wm
𥃃,qm
𥃄,ym
𥃅,jm
𥃆,im
𥃇,tm
𥃈,hm
𥃉,im
𥃊,ym
𥃋,ry
𥃌,xm
𥃍,xm
𥃎,ym
𥃏,wm
𥃐,wm
𥃑,vw
𥃒,jm
𥃓,hm
𥃔,jm
𥃕,tm
𥃖,jm
𥃗,um
𥃘,jm
𥃙,yo
𥃚,lm
𥃛,vo
𥃜,jm
𥃝,jm
𥃞,yr
𥃟,tm
𥃠,ym
𥃡,im
𥃢,dm
𥃣,ym
𥃤,ov
𥃦,ro
𥃧,oj
𥃨,ob
𥃩,ob
𥃪,ou
𥃫,oy
𥃬,ko
𥃭,uo
𥃮,ro
𥃯,oj
𥃰,wo
𥃱,or
𥃲,oc
𥃳,ok
𥃴,ou
𥃵,of
𥃶,oj
𥃷,oc
𥃸,oy
𥃹,oi
𥃺,ow
𥃻,xo
𥃼,om
𥃽,og
𥃾,ot
𥃿,og
𥄀,ov
𥄁,vx
𥄂,ua
𥄃,vo
𥄄,ov
𥄅,oh
𥄆,oy
𥄇,uo
𥄈,lo
𥄉,vv
𥄊,oi
𥄋,on
𥄌,ou
𥄍,oj
𥄎,oy
𥄏,ov
𥄐,ow
𥄑,of
𥄒,ob
𥄓,bo
𥄔,oj
𥄕,co
𥄖,ou
𥄗,oi
𥄘,bo
𥄙,oi
𥄚,ox
𥄛,oy
𥄜,ou
𥄝,ou
𥄞,oy
𥄟,fo
𥄠,ov
𥄡,ov
𥄢,oa
𥄣,oh
𥄤,po
𥄥,mo
𥄦,oj
𥄧,oh
𥄨,oi
𥄩,ov
𥄪,wo
𥄫,oj
𥄬,ow
𥄭,ow
𥄮,ow
𥄯,ov
𥄰,oe
𥄱,fo
𥄲,so
𥄳,su
𥄴,ob
𥄵,ou
𥄶,ok
𥄷,oj
𥄸,oe
𥄹,ob
𥄺,og
𥄻,ob
𥄼,og
𥄽,go
𥄾,co
𥄿,oe
𥅀,ov
𥅁,ov
𥅂,oy
𥅃,od
𥅄,no
𥅅,oj
𥅆,or
𥅇,ol
𥅈,ol
𥅉,po
𥅊,op
𥅋,ou
𥅌,vo
𥅍,ro
𥅎,ok
𥅏,oo
𥅐,wo
𥅑,ol
𥅒,oj
𥅓,oy
𥅔,oq
𥅕,po
𥅖,ov
𥅗,op
𥅘,ox
𥅙,on
𥅚,ok
𥅛,oa
𥅜,oa
𥅝,go
𥅞,og
𥅟,of
𥅠,ok
𥅡,oe
𥅢,oy
𥅣,og
𥅤,gk
𥅥,on
𥅦,ol
𥅧,om
𥅨,od
𥅩,og
𥅪,ow
𥅫,sd
𥅬,oy
𥅭,oo
𥅮,do
𥅯,ou
𥅰,go
𥅲,ow
𥅳,og
𥅴,oj
𥅵,vo
𥅶,bj
𥅷,uo
𥅸,ov
𥅹,oj
𥅺,ob
𥅻,oy
𥅼,om
𥅽,ro
𥅾,ot
𥅿,ow
𥆀,og
𥆁,od
𥆂,ow
𥆃,ok
𥆄,og
𥆅,to
𥆆,oi
𥆇,go
𥆈,ob
𥆉,oy
𥆊,ov
𥆋,ou
𥆌,oy
𥆍,ov
𥆎,ov
𥆏,oi
𥆐,ok
𥆑,ow
𥆒,oe
𥆓,ou
𥆔,oz
𥆕,wo
𥆖,ob
𥆗,dy
𥆘,ob
𥆙,op
𥆚,ow
𥆛,ro
𥆜,ov
𥆝,do
𥆞,fs
𥆟,ox
𥆠,ok
𥆡,ok
𥆢,ob
𥆣,oy
𥆤,lo
𥆥,oz
𥆦,ow
𥆧,ow
𥆨,oi
𥆩,oe
𥆪,ok
𥆫,oa
𥆬,oz
𥆭,of
𥆮,ou
𥆯,ot
𥆰,oi
𥆱,ov
𥆲,ou
𥆴,do
𥆵,oc
𥆶,ou
𥆷,oy
𥆸,og
𥆹,oj
𥆺,oy
𥆻,ok
𥆼,ol
𥆽,ov
𥆾,ox
𥆿,oq
𥇀,ow
𥇁,ov
𥇂,od
𥇃,oh
𥇄,oo
𥇅,do
𥇆,om
𥇇,ou
𥇈,ot
𥇉,ov
𥇊,ob
𥇋,oo
𥇌,oj
𥇍,ou
𥇎,ox
𥇏,oh
𥇐,ot
𥇑,or
𥇒,on
𥇓,oz
𥇔,oi
𥇕,od
𥇖,fo
𥇗,oy
𥇘,oh
𥇙,go
𥇚,ok
𥇛,do
𥇜,oz
𥇝,og
𥇞,ot
𥇟,ol
𥇠,wo
𥇡,sg
𥇢,ot
𥇣,oi
𥇤,of
𥇥,or
𥇦,ot
𥇧,ou
𥇨,ho
𥇩,ok
𥇪,of
𥇫,ou
𥇬,og
𥇭,ok
𥇮,ro
𥇯,ow
𥇰,ox
𥇱,oa
𥇲,do
𥇳,oj
𥇴,ot
𥇵,ot
𥇶,oj
𥇷,ou
𥇸,ou
𥇹,oc
𥇺,oq
𥇻,oy
𥇼,oc
𥇽,vo
𥇾,om
𥇿,oa
𥈀,od
𥈁,oe
𥈂,oa
𥈃,oy
𥈄,go
𥈅,om
𥈆,oo
𥈇,od
𥈈,oh
𥈉,od
𥈊,oj
𥈋,oy
𥈌,op
𥈍,oy
𥈎,or
𥈏,oy
𥈐,oa
𥈑,ou
𥈒,oc
𥈓,ok
𥈔,on
𥈕,om
𥈖,oy
𥈗,oy
𥈘,ox
𥈙,od
𥈚,or
𥈛,oo
𥈜,fo
𥈝,ox
𥈞,ol
𥈟,oy
𥈠,ho
𥈡,ou
𥈢,od
𥈣,oo
𥈤,oz
𥈥,og
𥈦,or
𥈧,oo
𥈨,ou
𥈩,os
𥈪,ok
𥈫,oy
𥈬,od
𥈭,ok
𥈮,of
𥈯,ol
𥈰,og
𥈱,om
𥈲,ox
𥈳,od
𥈴,oe
𥈵,oj
𥈶,og
𥈷,uo
𥈸,ur
𥈹,oy
𥈺,oo
𥈻,ot
𥈼,vo
𥈽,bo
𥈾,oo
𥈿,ob
𥉀,ox
𥉁,ol
𥉂,oi
𥉃,so
𥉄,oo
𥉅,og
𥉆,uo
𥉇,or
𥉈,oo
𥉉,om
𥉊,om
𥉋,ou
𥉌,ok
𥉍,oi
𥉎,oj
𥉏,uo
𥉐,od
𥉑,ov
𥉒,oa
𥉓,om
𥉔,eo
𥉕,ou
𥉖,ox
𥉗,om
𥉘,oj
𥉙,oo
𥉚,or
𥉛,on
𥉜,oh
𥉝,oy
𥉞,oo
𥉟,ou
𥉠,mo
𥉡,ox
𥉣,of
𥉤,og
𥉥,on
𥉦,oo
𥉧,og
𥉨,oj
𥉩,lo
𥉪,om
𥉫,od
𥉬,oh
𥉭,ok
𥉮,oo
𥉯,ot
𥉰,oj
𥉱,ov
𥉲,oy
𥉳,ot
𥉴,ou
𥉵,go
𥉶,ob
𥉷,ox
𥉸,ot
𥉹,ox
𥉺,ot
𥉻,ou
𥉼,oa
𥉽,ol
𥉾,op
𥉿,oj
𥊀,op
𥊁,oy
𥊂,oz
𥊃,ro
𥊄,co
𥊅,ot
𥊆,oz
𥊇,io
𥊈,oa
𥊉,ok
𥊊,ou
𥊋,oj
𥊌,od
𥊍,to
𥊎,oj
𥊏,oo
𥊐,oz
𥊑,oy
𥊒,of
𥊓,ou
𥊔,ok
𥊕,oo
𥊖,ov
𥊗,oh
𥊘,ok
𥊙,ow
𥊚,oa
𥊛,ow
𥊜,og
𥊝,ow
𥊞,oa
𥊟,ux
𥊠,ou
𥊡,oq
𥊢,uk
𥊣,xq
𥊤,oc
𥊥,oj
𥊦,ol
𥊧,to
𥊨,ao
𥊩,oi
𥊪,ow
𥊫,ob
𥊬,oe
𥊭,oc
𥊮,oa
𥊯,ox
𥊰,oz
𥊱,om
𥊲,oa
𥊳,ok
𥊴,oy
𥊵,ol
𥊶,oh
𥊷,lo
𥊸,ox
𥊹,go
𥊺,oa
𥊻,ox
𥊼,oy
𥊽,sd
𥊾,gy
𥊿,oy
𥋀,oy
𥋁,od
𥋂,ow
𥋃,oe
𥋄,oh
𥋅,io
𥋆,ow
𥋇,ou
𥋈,to
𥋉,oe
𥋊,ok
𥋋,oo
𥋌,ow
𥋍,or
𥋎,oo
𥋏,oo
𥋐,oo
𥋑,ox
𥋒,oo
𥋓,ox
𥋔,ow
𥋕,om
𥋖,oy
𥋗,ow
𥋘,oo
𥋙,ow
𥋚,co
𥋛,oi
𥋜,uy
𥋝,od
𥋞,os
𥋟,ow
𥋠,od
𥋡,og
𥋢,oo
𥋣,ob
𥋤,xo
𥋥,ot
𥋦,ob
𥋧,oh
𥋨,ob
𥋩,bo
𥋪,ro
𥋫,oz
𥋬,ok
𥋭,og
𥋮,ok
𥋯,ok
𥋰,oj
𥋱,om
𥋲,oj
𥋳,og
𥋴,ou
𥋵,oq
𥋶,oh
𥋷,ok
𥋸,ot
𥋹,om
𥋺,oj
𥋻,ob
𥋼,on
𥋽,ou
𥋾,ov
𥋿,oi
𥌀,ou
𥌁,oh
𥌂,of
𥌃,ob
𥌄,bo
𥌅,io
𥌆,oc
𥌇,of
𥌈,om
𥌉,oc
𥌊,xo
𥌋,ox
𥌌,of
𥌍,oy
𥌎,oe
𥌏,ul
𥌐,ox
𥌑,oo
𥌒,to
𥌓,oo
𥌔,ob
𥌕,co
𥌖,ow
𥌗,ok
𥌘,ou
𥌙,ui
𥌚,ob
𥌛,ou
𥌜,oh
𥌝,oh
𥌞,od
𥌟,uo
𥌠,ox
𥌡,oy
𥌢,ox
𥌣,ox
𥌤,ol
𥌥,og
𥌦,oi
𥌧,oo
𥌨,oy
𥌩,ox
𥌪,oo
𥌫,ou
𥌬,ot
𥌭,ox
𥌮,ov
𥌯,ow
𥌰,ob
𥌱,cm
𥌲,og
𥌳,oo
𥌴,oi
𥌵,cb
𥌶,ob
𥌷,bo
𥌸,oj
𥌹,oj
𥌺,oc
𥌻,oj
𥌼,ok
𥌽,on
𥌾,ox
𥌿,ol
𥍀,oj
𥍁,po
𥍂,oh
𥍃,ov
𥍄,oo
𥍅,rg
𥍆,oy
𥍇,ob
𥍈,od
𥍉,oe
𥍊,co
𥍋,ok
𥍌,oh
𥍍,om
𥍎,oy
𥍏,oh
𥍐,oa
𥍑,ok
𥍒,ox
𥍓,ow
𥍔,ox
𥍕,oo
𥍖,oj
𥍗,ol
𥍘,ow
𥍙,ox
𥍚,ow
𥍛,ow
𥍜,oy
𥍝,ma
𥍞,md
𥍟,mu
𥍠,mk
𥍡,mb
𥍢,my
𥍣,mk
𥍤,mm
𥍥,mg
𥍦,mj
𥍧,mx
𥍨,mv
𥍩,mk
𥍪,mv
𥍫,ml
𥍬,mw
𥍭,mt
𥍮,mf
𥍯,my
𥍰,mu
𥍱,mk
𥍲,mn
𥍳,mi
𥍴,mw
𥍵,mx
𥍶,mu
𥍷,mx
𥍸,my
𥍹,my
𥍺,mw
𥍻,mn
𥍼,my
𥍽,mv
𥍾,mb
𥍿,mo
𥎀,my
𥎁,mv
𥎂,me
𥎃,mm
𥎄,mk
𥎅,mx
𥎆,mk
𥎇,mr
𥎈,my
𥎉,mb
𥎊,mw
𥎋,mx
𥎌,mf
𥎍,mb
𥎎,mn
𥎏,mo
𥎐,mi
𥎑,mo
𥎒,mx
𥎓,mb
𥎔,mi
𥎕,md
𥎖,mb
𥎗,mb
𥎘,me
𥎙,mo
𥎚,mt
𥎛,mb
𥎜,mt
𥎝,mb
𥎞,mb
𥎟,mu
𥎠,mi
𥎡,mv
𥎢,mh
𥎣,mv
𥎤,mh
𥎥,mh
𥎦,iu
𥎧,uu
𥎨,au
𥎩,vu
𥎪,uw
𥎫,du
𥎬,ub
𥎭,uo
𥎮,uy
𥎯,uq
𥎰,uq
𥎱,uy
𥎲,vv
𥎳,um
𥎴,ut
𥎵,uk
𥎶,uo
𥎷,ub
𥎸,ux
𥎹,ut
𥎺,uv
𥎻,vu
𥎼,vu
𥎽,ud
𥎾,uv
𥎿,uy
𥏀,ru
𥏂,ru
𥏃,uv
𥏄,ub
𥏅,uu
𥏆,uz
𥏇,ju
𥏈,ju
𥏉,wu
𥏊,ux
𥏋,nu
𥏌,ue
𥏍,uk
𥏎,uw
𥏏,ky
𥏐,uj
𥏑,bj
𥏒,uk
𥏓,uc
𥏔,ux
𥏕,us
𥏖,uu
𥏗,un
𥏘,ui
𥏙,uv
𥏚,bj
𥏛,gu
𥏜,uk
𥏝,uy
𥏞,uy
𥏟,ux
𥏠,uu
𥏡,un
𥏢,ug
𥏣,ug
𥏤,uk
𥏥,uu
𥏦,uk
𥏧,ur
𥏨,uk
𥏩,ug
𥏪,ub
𥏫,uw
𥏬,ou
𥏭,ua
𥏮,uo
𥏯,uu
𥏰,yb
𥏱,uv
𥏲,uk
𥏳,lu
𥏴,uk
𥏵,ut
𥏶,bn
𥏷,tu
𥏸,ub
𥏹,uk
𥏺,ug
𥏻,uw
𥏼,uk
𥏽,uh
𥏾,uk
𥏿,uk
𥐀,ut
𥐁,uf
𥐂,ud
𥐃,uk
𥐄,bu
𥐅,uo
𥐆,ub
𥐇,ug
𥐈,uw
𥐉,ub
𥐊,uw
𥐋,ux
𥐌,uo
𥐍,ub
𥐎,ue
𥐏,uk
𥐐,uk
𥐑,un
𥐒,uo
𥐓,uv
𥐔,uk
𥐕,uv
𥐖,ak
𥐗,uv
𥐘,ik
𥐙,ub
𥐚,ub
𥐛,ud
𥐜,uj
𥐝,uu
𥐞,uw
𥐟,uy
𥐠,uw
𥐡,ud
𥐢,uu
𥐣,ui
𥐤,uv
𥐥,uj
𥐦,uj
𥐧,uc
𥐨,uy
𥐩,uy
𥐪,us
𥐫,uc
𥐬,uq
𥐭,uw
𥐮,ui
𥐯,uy
𥐰,ux
𥐱,uj
𥐲,ud
𥐳,uw
𥐴,ub
𥐵,up
𥐶,uy
𥐷,ux
𥐸,uy
𥐹,uj
𥐺,uy
𥐻,ux
𥐼,uy
𥐽,um
𥐾,ug
𥐿,ud
𥑀,ue
𥑁,ub
𥑂,uv
𥑃,ub
𥑄,uv
𥑅,uj
𥑆,uk
𥑇,uf
𥑈,ud
𥑉,us
𥑊,uy
𥑋,ut
𥑌,uy
𥑍,ub
𥑎,uk
𥑏,uu
𥑐,uj
𥑑,ul
𥑒,ux
𥑓,ul
𥑔,ug
𥑕,uy
𥑖,ub
𥑗,ud
𥑘,uw
𥑙,gu
𥑚,ur
𥑛,uk
𥑜,up
𥑝,uu
𥑞,uy
𥑟,tu
𥑠,ug
𥑡,uu
𥑢,uj
𥑣,ud
𥑤,uy
𥑥,uu
𥑦,uu
𥑧,ru
𥑨,ux
𥑩,uy
𥑪,ux
𥑫,ub
𥑬,uc
𥑭,uj
𥑮,ug
𥑯,ut
𥑰,ug
𥑱,gu
𥑲,ud
𥑳,uu
𥑴,uy
𥑵,ul
𥑶,ul
𥑷,ur
𥑸,uv
𥑹,uk
𥑺,un
𥑻,ue
𥑼,ru
𥑽,ub
𥑾,uc
𥑿,uo
𥒀,uy
𥒁,uv
𥒂,ud
𥒃,uy
𥒄,um
𥒅,ul
𥒆,ut
𥒇,un
𥒈,uq
𥒉,ux
𥒊,uk
𥒋,uf
𥒌,um
𥒍,ub
𥒎,ua
𥒏,un
𥒐,tu
𥒑,uu
𥒒,ut
𥒓,ut
𥒔,uv
𥒕,uz
𥒖,uk
𥒗,us
𥒘,uo
𥒙,uu
𥒚,ux
𥒛,ug
𥒜,uu
𥒝,uy
𥒞,uy
𥒟,du
𥒠,yu
𥒡,ui
𥒢,ud
𥒣,us
𥒤,uu
𥒥,ux
𥒦,uy
𥒧,uz
𥒨,ux
𥒩,uv
𥒪,un
𥒫,uz
𥒬,ua
𥒭,uz
𥒮,um
𥒯,at
𥒰,uf
𥒱,up
𥒲,uu
𥒳,bj
𥒴,ur
𥒵,ub
𥒶,ux
𥒷,ue
𥒸,uq
𥒹,ud
𥒺,ux
𥒻,ud
𥒼,uu
𥒽,gu
𥒾,uk
𥒿,uw
𥓀,ub
𥓁,ud
𥓂,uk
𥓃,ua
𥓄,ul
𥓅,uk
𥓆,uu
𥓇,xu
𥓈,uu
𥓉,ui
𥓊,au
𥓋,ue
𥓌,uv
𥓍,uu
𥓎,uq
𥓏,ul
𥓐,uz
𥓑,ud
𥓒,uj
𥓓,uu
𥓔,un
𥓕,uw
𥓖,ua
𥓗,ue
𥓘,uw
𥓙,au
𥓚,uj
𥓛,uy
𥓜,ul
𥓝,ud
𥓞,uu
𥓟,uj
𥓠,ur
𥓡,uk
𥓢,uz
𥓣,uj
𥓤,ub
𥓥,uo
𥓦,uv
𥓧,nu
𥓨,uu
𥓩,uu
𥓪,ut
𥓫,ud
𥓬,gu
𥓭,uu
𥓮,uf
𥓯,uf
𥓰,ug
𥓱,uv
𥓲,ut
𥓳,up
𥓴,uw
𥓵,uu
𥓶,ut
𥓷,ur
𥓸,up
𥓹,uf
𥓺,mu
𥓻,uw
𥓼,ua
𥓽,ua
𥓾,uj
𥓿,uo
𥔀,uk
𥔁,ut
𥔂,uh
𥔃,un
𥔄,ut
𥔅,uj
𥔆,ur
𥔇,uk
𥔈,ux
𥔉,uy
𥔊,ut
𥔋,um
𥔌,un
𥔍,uh
𥔎,uk
𥔏,fu
𥔐,um
𥔑,uy
𥔒,uc
𥔓,ux
𥔔,um
𥔕,uh
𥔖,un
𥔗,ue
𥔘,ud
𥔙,uv
𥔚,ui
𥔛,uy
𥔜,uo
𥔝,ud
𥔞,um
𥔟,um
𥔠,uk
𥔡,uo
𥔢,ur
𥔣,un
𥔤,ug
𥔥,uw
𥔦,um
𥔧,uv
𥔨,uu
𥔩,uu
𥔪,ui
𥔫,ua
𥔬,uf
𥔭,ub
𥔮,uw
𥔯,uk
𥔰,uu
𥔱,ux
𥔲,uk
𥔳,tu
𥔴,uu
𥔵,uy
𥔶,us
𥔷,uj
𥔸,ux
𥔹,uw
𥔺,uv
𥔻,pu
𥔼,tu
𥔽,uk
𥔾,ui
𥔿,uj
𥕀,ux
𥕁,ue
𥕂,uo
𥕃,uh
𥕄,ul
𥕅,uq
𥕆,uh
𥕇,ux
𥕈,ud
𥕉,uo
𥕊,uc
𥕋,uy
𥕌,ut
𥕍,un
𥕎,ul
𥕏,ua
𥕐,ug
𥕑,uq
𥕒,uo
𥕓,ud
𥕔,uk
𥕕,uh
𥕖,ue
𥕗,cu
𥕘,ug
𥕙,uu
𥕚,uu
𥕛,ut
𥕜,uy
𥕝,uu
𥕞,uu
𥕟,uy
𥕠,ud
𥕡,ue
𥕢,uo
𥕣,uc
𥕤,um
𥕥,uk
𥕦,uk
𥕧,uj
𥕨,ui
𥕩,uz
𥕪,uz
𥕫,ub
𥕬,uv
𥕭,ju
𥕮,un
𥕯,ub
𥕰,uy
𥕱,up
𥕲,uq
𥕳,iu
𥕴,ux
𥕵,uw
𥕶,ut
𥕷,ue
𥕸,uy
𥕹,um
𥕺,ux
𥕻,uh
𥕼,uy
𥕽,tu
𥕾,ux
𥕿,mu
𥖀,ub
𥖁,uc
𥖂,ua
𥖃,un
𥖄,uq
𥖅,uy
𥖆,uk
𥖇,uc
𥖈,uj
𥖉,ux
𥖊,um
𥖋,uv
𥖌,ur
𥖍,du
𥖎,au
𥖏,ub
𥖐,uu
𥖑,up
𥖒,uz
𥖓,uk
𥖔,ug
𥖕,kp
𥖖,ub
𥖗,tu
𥖘,ug
𥖙,ue
𥖚,ui
𥖛,uo
𥖜,uu
𥖝,uj
𥖞,vu
𥖟,us
𥖠,ui
𥖡,xu
𥖢,ua
𥖣,ud
𥖤,uk
𥖥,au
𥖦,uw
𥖧,un
𥖨,ua
𥖩,uo
𥖪,uy
𥖫,tu
𥖬,uj
𥖭,uo
𥖮,uu
𥖯,au
𥖰,uk
𥖱,uk
𥖲,uc
𥖳,iu
𥖴,uf
𥖵,ux
𥖶,ub
𥖷,uk
𥖸,au
𥖹,ju
𥖺,ud
𥖻,uw
𥖼,ux
𥖽,uh
𥖾,ug
𥖿,ub
𥗀,up
𥗁,uo
𥗂,uu
𥗃,ul
𥗄,uq
𥗅,ub
𥗆,uo
𥗇,ui
𥗈,uz
𥗉,uu
𥗊,ur
𥗋,uu
𥗌,ud
𥗍,uu
𥗎,uo
𥗏,uy
𥗐,uu
𥗑,ju
𥗒,uj
𥗓,ub
𥗔,uw
𥗕,uh
𥗖,um
𥗗,uy
𥗘,uu
𥗙,uz
𥗚,tu
𥗛,ju
𥗜,ug
𥗝,uf
𥗞,uk
𥗟,uk
𥗠,ul
𥗡,ux
𥗢,uq
𥗣,tu
𥗤,gu
𥗥,ud
𥗦,uv
𥗧,wu
𥗨,uy
𥗩,uu
𥗪,uj
𥗫,uv
𥗬,ut
𥗭,uv
𥗮,uq
𥗯,uw
𥗰,uy
𥗱,wu
𥗲,uu
𥗳,uy
𥗴,uv
𥗵,uu
𥗶,hu
𥗷,uy
𥗸,ux
𥗹,uh
𥗺,uj
𥗻,uk
𥗼,ux
𥗽,uj
𥗾,uy
𥗿,uv
𥘀,uy
𥘁,uv
𥘂,uw
𥘃,ur
𥘄,up
𥘆,uv
𥘇,ub
𥘈,bu
𥘉,ud
𥘊,uj
𥘋,ul
𥘌,uj
𥘍,uv
𥘎,up
𥘏,ug
𥘐,ku
𥘑,uc
𥘒,ug
𥘓,ui
𥘔,uc
𥘕,uw
𥘖,uy
𥘗,uo
𥘘,ud
𥘙,uh
𥘚,ux
𥘛,uw
𥘜,uj
𥘝,ux
𥘞,uv
𥘟,uy
𥘠,ua
𥘡,uh
𥘢,uy
𥘣,vu
𥘤,uu
𥘥,uc
𥘦,uw
𥘧,uu
𥘨,uw
𥘩,uy
𥘪,uw
𥘫,uk
𥘬,uf
𥘭,uv
𥘮,uj
𥘯,uw
𥘰,ul
𥘳,uw
𥘴,up
𥘵,ud
𥘶,pf
𥘷,pu
𥘸,ul
𥘹,uj
𥘺,uv
𥘻,up
𥘼,up
𥘽,ub
𥘾,du
𥘿,iu
𥙀,ug
𥙁,uy
𥙂,uq
𥙃,ub
𥙄,ux
𥙅,uj
𥙆,ux
𥙇,ub
𥙈,uy
𥙉,uk
𥙊,bu
𥙋,ui
𥙌,ud
𥙎,uy
𥙐,uk
𥙑,ug
𥙒,pq
𥙓,py
𥙔,un
𥙕,ul
𥙖,ug
𥙗,uk
𥙘,ux
𥙙,uj
𥙚,ut
𥙛,uw
𥙜,uy
𥙝,ue
𥙞,ut
𥙟,ue
𥙠,uq
𥙡,ud
𥙢,ul
𥙣,uo
𥙤,uq
𥙦,nu
𥙧,px
𥙨,ua
𥙩,pr
𥙪,pb
𥙫,uy
𥙬,uo
𥙭,ut
𥙮,uu
𥙯,ug
𥙰,ut
𥙱,uk
𥙲,ut
𥙴,ug
𥙵,ue
𥙶,uy
𥙷,uf
𥙸,uk
𥙹,uq
𥙺,uu
𥙻,uk
𥙼,ui
𥙽,ua
𥙾,un
𥙿,ug
𥚀,uz
𥚁,ug
𥚂,uw
𥚃,ul
𥚄,pl
𥚅,pe
𥚆,ux
𥚇,pu
𥚈,uw
𥚉,ut
𥚊,ut
𥚋,iw
𥚍,uj
𥚎,uu
𥚏,ur
𥚐,ut
𥚑,ug
𥚒,ul
𥚓,uk
𥚔,uy
𥚕,uo
𥚖,ua
𥚗,uc
𥚘,nu
𥚙,uc
𥚚,uj
𥚛,ub
𥚜,ug
𥚝,uo
𥚞,uj
𥚟,ug
𥚠,uz
𥚡,hu
𥚢,iu
𥚣,uk
𥚤,pm
𥚥,pd
𥚦,uu
𥚧,ub
𥚨,uo
𥚩,uo
𥚪,su
𥚫,uc
𥚬,uv
𥚭,uk
𥚮,ub
𥚯,pw
𥚰,uk
𥚱,uo
𥚲,ud
𥚳,ur
𥚴,uy
𥚵,uo
𥚶,ue
𥚷,uo
𥚸,uy
𥚹,uc
𥚺,ub
𥚻,ue
𥚼,uy
𥚽,ug
𥚾,uw
𥚿,un
𥛀,uy
𥛁,ib
𥛂,uo
𥛃,ue
𥛄,up
𥛅,ut
𥛆,uy
𥛇,ug
𥛈,ug
𥛉,pf
𥛊,ux
𥛋,ua
𥛌,ub
𥛍,ub
𥛎,ud
𥛏,ub
𥛐,um
𥛑,uc
𥛒,uk
𥛓,uu
𥛔,uo
𥛕,ur
𥛖,uc
𥛗,uo
𥛘,uf
𥛙,uw
𥛚,ug
𥛛,bu
𥛜,uq
𥛝,uf
𥛞,ub
𥛟,uj
𥛡,ut
𥛢,uu
𥛣,uj
𥛤,bb
𥛥,uc
𥛦,uu
𥛧,ux
𥛨,uz
𥛩,ur
𥛪,us
𥛫,ua
𥛬,um
𥛭,py
𥛮,ut
𥛯,uk
𥛰,ux
𥛱,tu
𥛲,uh
𥛳,uy
𥛵,uf
𥛶,uk
𥛷,uf
𥛸,ux
𥛹,un
𥛺,ub
𥛻,up
𥛼,uo
𥛽,ut
𥛾,uo
𥛿,ut
𥜀,uq
𥜁,ut
𥜂,bw
𥜃,ug
𥜄,xu
𥜅,uu
𥜆,xi
𥜇,ux
𥜈,ua
𥜉,uy
𥜊,uk
𥜋,ur
𥜌,ud
𥜍,ud
𥜎,uk
𥜏,uh
𥜐,ud
𥜑,ut
𥜒,uq
𥜓,um
𥜔,uv
𥜕,uu
𥜖,uu
𥜗,ue
𥜘,wu
𥜙,du
𥜚,uw
𥜛,my
𥜜,ux
𥜝,uy
𥜞,xk
𥜟,ub
𥜠,um
𥜡,ul
𥜢,uk
𥜣,uk
𥜤,pg
𥜥,ug
𥜦,ut
𥜧,uk
𥜨,ub
𥜩,uq
𥜪,ub
𥜫,un
𥜬,uw
𥜭,ul
𥜮,uk
𥜯,uz
𥜰,ub
𥜱,iw
𥜲,ui
𥜳,uu
𥜴,um
𥜵,uy
𥜶,uw
𥜷,sw
𥜸,ul
𥜹,jw
𥜺,iv
𥜻,pn
𥜼,rn
𥜽,bn
𥜾,un
𥜿,vd
𥝀,yy
𥝁,vn
𥝂,tv
𥝃,fd
𥝄,pn
𥝅,jn
𥝇,jd
𥝈,jn
𥝉,td
𥝊,jy
𥝋,jn
𥝌,hh
𥝍,ha
𥝎,hv
𥝏,hv
𥝐,hy
𥝑,hk
𥝒,hb
𥝓,hb
𥝔,hz
𥝕,hw
𥝖,hv
𥝗,hj
𥝘,hx
𥝙,hg
𥝚,hd
𥝛,hd
𥝜,hk
𥝝,hg
𥝞,hp
𥝟,ht
𥝠,hm
𥝡,hu
𥝢,hp
𥝣,hb
𥝤,hw
𥝥,hj
𥝦,hi
𥝧,hb
𥝨,hd
𥝩,vh
𥝪,hw
𥝫,hn
𥝬,hq
𥝭,hg
𥝮,hy
𥝯,hk
𥝰,ha
𥝱,hy
𥝲,hy
𥝳,hd
𥝴,he
𥝵,hj
𥝶,hg
𥝷,hj
𥝸,hu
𥝹,ht
𥝺,hu
𥝻,hu
𥝼,hd
𥝽,hg
𥝾,hq
𥝿,hk
𥞀,hy
𥞁,hu
𥞂,hc
𥞃,hi
𥞄,hp
𥞅,hb
𥞆,hu
𥞇,hu
𥞈,hg
𥞉,hd
𥞊,hw
𥞋,hq
𥞌,hg
𥞍,hk
𥞎,hj
𥞏,hx
𥞐,hl
𥞑,hj
𥞒,hb
𥞓,he
𥞔,hm
𥞕,hl
𥞖,hy
𥞗,hk
𥞘,hz
𥞙,hi
𥞚,hk
𥞛,ha
𥞜,hf
𥞝,he
𥞞,ho
𥞟,hd
𥞠,hl
𥞡,hj
𥞢,hf
𥞣,gh
𥞤,th
𥞥,dh
𥞦,hj
𥞧,hd
𥞨,hr
𥞩,hk
𥞪,hm
𥞫,hm
𥞬,hn
𥞭,hg
𥞮,hd
𥞯,hp
𥞰,hy
𥞱,gh
𥞲,hd
𥞳,hz
𥞴,hk
𥞵,hr
𥞶,hk
𥞷,he
𥞸,hk
𥞹,dh
𥞺,hz
𥞻,hx
𥞼,ho
𥞽,hx
𥞾,hu
𥞿,hj
𥟀,hw
𥟁,hy
𥟂,hl
𥟃,hh
𥟄,hn
𥟅,qr
𥟆,hz
𥟇,hq
𥟈,hu
𥟉,hj
𥟊,hk
𥟋,hc
𥟌,hf
𥟍,hf
𥟎,hl
𥟏,hk
𥟐,hz
𥟑,hu
𥟒,hy
𥟓,hl
𥟔,ht
𥟕,hq
𥟖,hx
𥟗,hw
𥟘,hw
𥟙,oh
𥟚,ht
𥟛,hy
𥟜,vh
𥟝,hw
𥟞,hw
𥟟,dh
𥟠,hb
𥟡,hu
𥟢,hh
𥟣,hn
𥟤,hl
𥟥,hg
𥟦,hx
𥟧,hy
𥟨,hj
𥟩,ha
𥟪,hm
𥟫,bh
𥟬,hy
𥟭,hb
𥟮,ho
𥟯,ht
𥟰,hr
𥟱,hr
𥟲,rh
𥟳,hc
𥟴,ho
𥟵,ho
𥟶,hv
𥟷,hi
𥟸,vh
𥟹,hl
𥟺,he
𥟻,hd
𥟼,hb
𥟽,ht
𥟾,hg
𥟿,xn
𥠀,hu
𥠁,hk
𥠂,hu
𥠃,hy
𥠄,he
𥠅,hd
𥠆,hk
𥠇,hp
𥠈,he
𥠉,hd
𥠊,ha
𥠋,he
𥠌,rh
𥠍,hu
𥠎,hs
𥠏,hg
𥠐,hu
𥠑,hk
𥠒,hj
𥠓,ha
𥠔,ho
𥠕,hd
𥠖,hx
𥠗,hd
𥠘,hu
𥠙,hq
𥠚,hy
𥠛,hw
𥠜,hw
𥠝,hu
𥠞,hk
𥠟,bh
𥠠,bh
𥠡,hx
𥠢,hw
𥠣,hd
𥠤,wh
𥠥,hy
𥠦,hd
𥠧,hy
𥠨,hx
𥠩,hx
𥠪,mh
𥠫,hk
𥠬,ht
𥠭,vh
𥠮,hg
𥠯,hv
𥠰,hj
𥠱,hj
𥠲,ha
𥠳,ho
𥠴,hb
𥠵,hc
𥠶,hf
𥠷,ht
𥠸,hi
𥠹,ha
𥠺,hm
𥠻,ho
𥠼,ih
𥠽,hw
𥠾,hr
𥠿,ho
𥡀,fh
𥡁,hx
𥡂,hg
𥡃,hi
𥡄,hd
𥡅,hu
𥡆,hp
𥡇,hx
𥡈,hl
𥡉,hx
𥡊,hs
𥡋,hs
𥡌,ho
𥡍,hv
𥡎,hu
𥡏,ho
𥡐,hf
𥡑,ha
𥡒,he
𥡓,hw
𥡔,hb
𥡕,hr
𥡖,hu
𥡗,hm
𥡘,hy
𥡙,vh
𥡚,hg
𥡛,th
𥡜,hx
𥡝,qr
𥡞,ho
𥡟,hj
𥡠,hx
𥡡,ch
𥡢,hu
𥡣,hw
𥡤,hh
𥡥,hx
𥡦,hg
𥡧,hq
𥡨,hf
𥡩,hw
𥡪,hl
𥡫,ht
𥡬,hz
𥡭,qn
𥡮,tk
𥡯,fh
𥡰,sh
𥡱,hh
𥡲,ho
𥡳,ho
𥡴,ho
𥡵,hc
𥡶,hu
𥡷,hx
𥡸,hd
𥡹,hr
𥡺,hk
𥡻,bh
𥡼,he
𥡽,hw
𥡾,hf
𥡿,hd
𥢀,hj
𥢁,hu
𥢂,ha
𥢃,hd
𥢄,hw
𥢅,hb
𥢆,hb
𥢇,hu
𥢈,hg
𥢉,tu
𥢊,hb
𥢋,ht
𥢌,ht
𥢍,hx
𥢎,hc
𥢏,hu
𥢐,hu
𥢑,hk
𥢒,hl
𥢓,hf
𥢔,hu
𥢕,hm
𥢖,hh
𥢗,hk
𥢘,hy
𥢙,ty
𥢚,hy
𥢛,hc
𥢜,hc
𥢝,xy
𥢞,ch
𥢟,hq
𥢠,he
𥢡,hr
𥢢,hb
𥢣,hp
𥢤,hr
𥢥,ho
𥢦,hh
𥢧,ho
𥢨,hz
𥢩,hx
𥢪,hx
𥢫,hd
𥢬,hw
𥢭,hw
𥢮,th
𥢯,hh
𥢱,hm
𥢲,hi
𥢳,ho
𥢴,hs
𥢵,wh
𥢶,ho
𥢷,ht
𥢸,hr
𥢹,hw
𥢺,hk
𥢻,hu
𥢼,hb
𥢽,hm
𥢾,hh
𥢿,hd
𥣀,hp
𥣁,hw
𥣂,rh
𥣃,rh
𥣄,hk
𥣅,hv
𥣆,hh
𥣇,hh
𥣈,hw
𥣉,hn
𥣊,hx
𥣋,hi
𥣌,hy
𥣍,hf
𥣎,hb
𥣏,hh
𥣐,hi
𥣑,hv
𥣒,hx
𥣓,hx
𥣔,hy
𥣕,hg
𥣖,hz
𥣗,hd
𥣘,hq
𥣙,hu
𥣚,vh
𥣛,hu
𥣜,hf
𥣝,hh
𥣞,hv
𥣟,hh
𥣠,rh
𥣡,hf
𥣢,hg
𥣣,hy
𥣤,hu
𥣥,hu
𥣦,hx
𥣧,hb
𥣨,hy
𥣩,hg
𥣪,hb
𥣫,hd
𥣬,ht
𥣭,hd
𥣮,he
𥣯,hw
𥣰,hf
𥣱,hk
𥣲,hh
𥣳,ht
𥣴,hx
𥣵,hu
𥣶,hb
𥣷,oh
𥣸,hb
𥣹,hh
𥣺,ht
𥣻,hh
𥣼,hg
𥣽,hi
𥣾,hy
𥣿,hf
𥤀,hv
𥤁,hg
𥤂,hm
𥤃,he
𥤄,hi
𥤅,hy
𥤆,hh
𥤇,hp
𥤈,hy
𥤉,hc
𥤊,hv
𥤋,eh
𥤌,hg
𥤍,hk
𥤎,hh
𥤏,hc
𥤐,ht
𥤑,hc
𥤒,hb
𥤓,hf
𥤔,xu
𥤕,hu
𥤖,vh
𥤗,hh
𥤘,hy
𥤙,hy
𥤚,hh
𥤛,hh
𥤜,hk
𥤝,hj
𥤞,hr
𥤟,hm
𥤠,hd
𥤡,mh
𥤢,pb
𥤣,bl
𥤤,bj
𥤥,bq
𥤦,by
𥤧,bt
𥤨,bn
𥤩,bw
𥤪,bz
𥤫,ba
𥤬,dc
𥤭,bb
𥤮,bd
𥤯,bj
𥤰,bc
𥤱,bg
𥤲,bx
𥤳,bj
𥤴,bk
𥤵,bg
𥤶,bq
𥤷,be
𥤸,by
𥤹,bx
𥤺,bu
𥤻,bb
𥤼,bu
𥤽,bw
𥤾,zb
𥤿,bu
𥥀,bl
𥥁,bx
𥥂,bf
𥥃,bo
𥥄,bf
𥥅,bv
𥥆,bv
𥥇,bu
𥥈,bs
𥥉,by
𥥊,bm
𥥋,bs
𥥌,bf
𥥍,bb
𥥎,bd
𥥏,bj
𥥐,bq
𥥑,bb
𥥒,bu
𥥓,bu
𥥔,bu
𥥖,bg
𥥗,bd
𥥘,bw
𥥙,bl
𥥚,bc
𥥛,by
𥥜,by
𥥝,by
𥥞,by
𥥟,bw
𥥠,bv
𥥡,bg
𥥢,bd
𥥣,bd
𥥤,bf
𥥥,bl
𥥦,bh
𥥧,bl
𥥨,be
𥥩,bk
𥥪,bm
𥥫,bu
𥥬,bx
𥥭,bk
𥥮,bx
𥥯,be
𥥰,bd
𥥱,bb
𥥲,bv
𥥳,bv
𥥴,by
𥥵,by
𥥶,bw
𥥷,bb
𥥸,bm
𥥹,bl
𥥺,bh
𥥻,bg
𥥼,bj
𥥽,bq
𥥾,bo
𥥿,bh
𥦀,bj
𥦁,by
𥦂,bd
𥦃,ba
𥦄,bw
𥦅,be
𥦆,bu
𥦇,bo
𥦈,bu
𥦉,bd
𥦊,br
𥦋,bf
𥦌,bc
𥦍,bc
𥦎,bb
𥦏,bd
𥦐,bk
𥦑,ba
𥦒,bb
𥦓,bm
𥦔,bq
𥦕,bb
𥦖,bd
𥦗,bx
𥦘,bz
𥦙,be
𥦚,bj
𥦛,bb
𥦜,bo
𥦝,ba
𥦞,by
𥦟,bb
𥦠,bv
𥦡,by
𥦢,be
𥦣,bv
𥦤,bw
𥦥,br
𥦦,by
𥦧,bd
𥦨,bj
𥦩,bd
𥦪,bv
𥦫,bg
𥦬,bx
𥦭,bg
𥦮,bk
𥦯,bf
𥦰,bv
𥦱,bt
𥦲,bw
𥦳,by
𥦴,bo
𥦵,bw
𥦶,db
𥦷,bs
𥦸,bw
𥦹,bd
𥦺,bd
𥦻,bj
𥦼,ba
𥦽,bz
𥦾,bx
𥦿,bk
𥧀,bf
𥧁,bx
𥧂,bd
𥧃,bn
𥧄,bd
𥧅,bb
𥧆,bd
𥧇,bd
𥧈,bd
𥧉,bx
𥧊,bt
𥧋,bk
𥧌,bw
𥧍,bd
𥧎,bo
𥧏,bo
𥧐,bx
𥧑,bb
𥧒,br
𥧓,bm
𥧔,bm
𥧕,bi
𥧖,by
𥧗,bg
𥧘,ba
𥧙,bw
𥧚,br
𥧛,bx
𥧜,bw
𥧝,bk
𥧞,by
𥧟,bx
𥧠,by
𥧡,bb
𥧢,bm
𥧣,bm
𥧤,bd
𥧥,bt
𥧦,bk
𥧧,bm
𥧨,bb
𥧩,bn
𥧪,wb
𥧫,be
𥧬,bt
𥧭,by
𥧮,bg
𥧯,bp
𥧰,bg
𥧱,bo
𥧲,bj
𥧳,bh
𥧴,bu
𥧵,bg
𥧶,bo
𥧷,ba
𥧸,bk
𥧹,bj
𥧺,bk
𥧻,bd
𥧼,bd
𥧽,ba
𥧾,bq
𥧿,by
𥨀,bi
𥨁,bt
𥨂,bw
𥨃,bu
𥨄,bw
𥨅,bw
𥨆,bw
𥨇,bw
𥨈,bj
𥨉,bk
𥨊,bj
𥨋,bc
𥨌,bt
𥨍,bw
𥨎,bu
𥨏,bw
𥨐,bd
𥨑,ba
𥨒,by
𥨓,bv
𥨔,bl
𥨕,bu
𥨖,bj
𥨗,bj
𥨘,bg
𥨙,bk
𥨚,be
𥨛,bw
𥨜,qq
𥨝,by
𥨞,bx
𥨟,bb
𥨠,bm
𥨡,bp
𥨢,by
𥨣,bk
𥨤,bh
𥨥,bd
𥨦,by
𥨧,bw
𥨨,bb
𥨩,bd
𥨪,bb
𥨫,bd
𥨬,be
𥨭,bx
𥨮,bu
𥨯,bz
𥨰,bb
𥨱,bd
𥨲,bn
𥨳,bu
𥨴,bh
𥨵,bk
𥨶,bw
𥨷,bk
𥨸,bk
𥨹,bu
𥨺,bw
𥨻,bv
𥨼,bj
𥨽,bh
𥨾,bj
𥨿,bw
𥩀,ba
𥩁,br
𥩂,bw
𥩃,ba
𥩄,bc
𥩅,bg
𥩆,bb
𥩇,bx
𥩈,bk
𥩉,bt
𥩊,bl
𥩋,bd
𥩌,bg
𥩍,bo
𥩎,bp
𥩏,bn
𥩐,bb
𥩑,bu
𥩒,bh
𥩓,bk
𥩔,br
𥩕,lj
𥩖,lb
𥩗,lw
𥩘,lu
𥩙,lb
𥩚,ls
𥩛,lw
𥩜,lp
𥩝,lu
𥩞,lg
𥩟,la
𥩠,vl
𥩡,ll
𥩢,lq
𥩣,lv
𥩤,lk
𥩥,lb
𥩦,lg
𥩧,wy
𥩨,ly
𥩩,lg
𥩪,lg
𥩫,lj
𥩬,ll
𥩭,lk
𥩮,lj
𥩯,lz
𥩰,lj
𥩱,lg
𥩲,lr
𥩳,lc
𥩴,ul
𥩵,lk
𥩶,lk
𥩷,ly
𥩸,lc
𥩹,lm
𥩺,lj
𥩻,lk
𥩼,lv
𥩽,lc
𥩾,lz
𥩿,wl
𥪀,lf
𥪁,lk
𥪂,lr
𥪃,li
𥪄,lj
𥪅,lq
𥪆,lq
𥪇,ly
𥪈,wu
𥪉,lg
𥪊,li
𥪋,lu
𥪌,lx
𥪍,ln
𥪎,lu
𥪏,ly
𥪐,lr
𥪑,ln
𥪒,lc
𥪓,lb
𥪔,lw
𥪕,lr
𥪖,lv
𥪗,lu
𥪘,lb
𥪙,ly
𥪚,lw
𥪛,vl
𥪜,ld
𥪝,lv
𥪞,ln
𥪟,lj
𥪠,li
𥪡,il
𥪢,lb
𥪣,lw
𥪤,lo
𥪥,lc
𥪦,ld
𥪧,lb
𥪨,il
𥪩,lb
𥪪,lb
𥪫,lx
𥪬,lu
𥪭,il
𥪮,lu
𥪯,lw
𥪰,le
𥪱,fl
𥪲,lx
𥪳,ly
𥪴,lf
𥪵,qn
𥪶,lo
𥪷,gl
𥪸,lc
𥪹,lo
𥪺,lw
𥪻,el
𥪼,wk
𥪽,ll
𥪾,lb
𥪿,lv
𥫀,ll
𥫁,lo
𥫂,bl
𥫃,lw
𥫄,ly
𥫅,sl
𥫆,lg
𥫇,ll
𥫈,lg
𥫉,lg
𥫊,lm
𥫋,il
𥫌,lu
𥫍,lt
𥫎,lb
𥫏,lw
𥫐,wk
𥫑,lx
𥫒,lx
𥫓,ly
𥫔,lb
𥫕,ly
𥫖,lx
𥫗,vv
𥫘,vl
𥫙,vd
𥫚,vk
𥫛,vs
𥫜,vx
𥫝,vg
𥫞,vz
𥫟,vj
𥫠,vc
𥫡,vk
𥫢,vi
𥫣,vy
𥫤,vg
𥫥,vq
𥫦,vt
𥫧,gg
𥫨,vi
𥫩,vu
𥫪,vv
𥫫,vx
𥫬,vb
𥫭,vn
𥫮,gg
𥫯,vv
𥫰,vl
𥫱,vt
𥫲,vu
𥫳,vf
𥫴,vj
𥫵,vt
𥫶,vw
𥫷,vj
𥫸,vu
𥫹,ve
𥫺,vj
𥫻,vy
𥫼,vd
𥫽,vu
𥫾,vw
𥫿,vh
𥬀,vy
𥬁,vy
𥬂,vi
𥬄,vu
𥬅,vo
𥬆,vj
𥬇,vq
𥬈,vr
𥬉,vg
𥬊,vt
𥬋,vk
𥬌,vb
𥬍,vu
𥬎,vw
𥬏,vh
𥬐,vu
𥬑,vj
𥬒,vy
𥬓,vl
𥬔,vq
𥬕,vr
𥬖,vy
𥬗,vw
𥬘,vf
𥬙,vj
𥬚,vu
𥬛,vv
𥬜,vb
𥬝,vb
𥬞,vx
𥬟,vi
𥬠,ve
𥬡,vk
𥬢,vg
𥬣,vd
𥬤,vk
𥬥,vo
𥬦,vm
𥬧,vu
𥬨,vq
𥬩,vb
𥬪,vu
𥬫,vf
𥬬,vj
𥬭,vd
𥬮,vg
𥬯,vk
𥬰,vj
𥬱,vy
𥬲,va
𥬳,vb
𥬴,vy
𥬵,ve
𥬶,vj
𥬷,vx
𥬸,va
𥬹,vg
𥬺,vb
𥬻,vt
𥬼,vd
𥬽,vn
𥬾,vj
𥬿,vu
𥭀,vu
𥭁,vm
𥭂,vf
𥭃,vi
𥭄,vt
𥭅,vk
𥭆,vu
𥭇,vp
𥭈,vk
𥭉,vy
𥭊,vr
𥭋,vx
𥭌,vq
𥭍,vd
𥭎,vw
𥭏,vn
𥭐,vc
𥭑,vq
𥭒,vt
𥭓,vu
𥭔,vd
𥭕,ve
𥭖,vu
𥭗,vf
𥭘,vj
𥭙,vv
𥭚,vk
𥭛,vy
𥭜,vx
𥭝,vu
𥭞,vo
𥭟,vw
𥭠,vk
𥭡,vx
𥭢,vk
𥭣,vo
𥭤,ve
𥭥,vi
𥭦,vt
𥭧,vt
𥭨,ve
𥭩,vk
𥭪,vp
𥭫,vx
𥭬,vq
𥭭,vr
𥭮,vk
𥭯,vb
𥭰,va
𥭱,vl
𥭲,vn
𥭳,vh
𥭴,vx
𥭵,ve
𥭶,vw
𥭷,vr
𥭸,vv
𥭹,vx
𥭺,vu
𥭻,vk
𥭼,vu
𥭽,vz
𥭾,vi
𥭿,vg
𥮀,vu
𥮁,vj
𥮂,vk
𥮃,vj
𥮄,vs
𥮅,vd
𥮆,vk
𥮇,ve
𥮈,vc
𥮉,vf
𥮊,vt
𥮋,vb
𥮌,cg
𥮍,vw
𥮎,vq
𥮏,vb
𥮐,vk
𥮑,vk
𥮒,vv
𥮓,vc
𥮔,vs
𥮕,vj
𥮖,vq
𥮗,vm
𥮘,vx
𥮙,vd
𥮚,vd
𥮛,vj
𥮜,vx
𥮝,vi
𥮞,vc
𥮠,vv
𥮡,ve
𥮢,vi
𥮣,va
𥮤,vl
𥮥,vt
𥮦,vb
𥮧,va
𥮨,vx
𥮩,vr
𥮪,vo
𥮫,vm
𥮬,vw
𥮭,vr
𥮮,va
𥮯,vd
𥮰,vg
𥮱,vq
𥮲,vi
𥮳,vy
𥮴,vd
𥮵,vu
𥮶,vt
𥮷,vk
𥮸,vi
𥮹,vr
𥮺,ve
𥮻,vd
𥮼,vb
𥮽,vf
𥮾,vp
𥮿,vh
𥯀,vj
𥯁,vu
𥯂,vv
𥯃,vd
𥯄,vv
𥯅,vt
𥯆,vg
𥯇,vv
𥯈,vy
𥯉,vu
𥯊,vw
𥯋,vo
𥯌,vk
𥯍,vw
𥯎,vv
𥯏,vg
𥯐,vu
𥯑,vt
𥯒,vk
𥯓,vb
𥯔,vy
𥯕,vw
𥯖,vy
𥯗,vb
𥯘,ve
𥯙,vl
𥯚,vk
𥯛,vk
𥯜,vy
𥯝,vq
𥯞,vz
𥯟,vf
𥯠,vy
𥯡,vb
𥯢,vd
𥯣,vd
𥯤,vf
𥯥,vj
𥯦,vy
𥯧,vv
𥯨,vx
𥯩,vt
𥯪,vt
𥯫,vt
𥯬,vd
𥯭,vv
𥯮,vr
𥯯,vn
𥯰,vm
𥯱,vx
𥯲,va
𥯳,vk
𥯴,vy
𥯵,hv
𥯶,vg
𥯷,vj
𥯸,vv
𥯹,vc
𥯺,vr
𥯻,vp
𥯼,vj
𥯽,vk
𥯾,vu
𥯿,vr
𥰀,vo
𥰁,vu
𥰂,vh
𥰃,vi
𥰄,vj
𥰅,vk
𥰆,vj
𥰇,vu
𥰈,vw
𥰉,vt
𥰊,vx
𥰋,vk
𥰌,vx
𥰍,vd
𥰎,vm
𥰏,vf
𥰐,vj
𥰑,vb
𥰒,vg
𥰓,vg
𥰔,vk
𥰕,vb
𥰖,vj
𥰗,vb
𥰘,vb
𥰙,vw
𥰚,vu
𥰛,vz
𥰜,vv
𥰝,vx
𥰞,vy
𥰟,vy
𥰠,vy
𥰡,vw
𥰢,vx
𥰣,vt
𥰤,vi
𥰥,vd
𥰦,vv
𥰧,vk
𥰨,vd
𥰩,vc
𥰪,vu
𥰫,vk
𥰬,vg
𥰭,vg
𥰮,vk
𥰯,vk
𥰰,vc
𥰱,vi
𥰲,vg
𥰳,vd
𥰴,vk
𥰵,vd
𥰶,vk
𥰷,vt
𥰸,vo
𥰹,vf
𥰺,vu
𥰻,vk
𥰼,vx
𥰽,vr
𥰾,vv
𥰿,va
𥱀,vk
𥱁,vd
𥱂,vu
𥱃,ve
𥱄,vi
𥱅,vc
𥱆,vt
𥱇,vh
𥱈,vc
𥱉,vl
𥱊,vj
𥱋,va
𥱌,vu
𥱍,vf
𥱎,vr
𥱏,vr
𥱐,vl
𥱑,vs
𥱒,vr
𥱓,vx
𥱔,vm
𥱕,vs
𥱖,vx
𥱗,vg
𥱘,vm
𥱙,vw
𥱚,vm
𥱛,vx
𥱜,vw
𥱝,vt
𥱞,vd
𥱟,vk
𥱠,vk
𥱡,vg
𥱢,vg
𥱣,vr
𥱤,vp
𥱥,va
𥱦,vd
𥱧,vh
𥱨,vx
𥱩,vr
𥱪,vo
𥱫,vg
𥱬,vj
𥱭,vi
𥱮,vn
𥱯,vc
𥱰,vz
𥱱,vv
𥱲,vw
𥱳,ve
𥱴,vf
𥱵,vb
𥱶,vx
𥱷,vb
𥱸,vk
𥱹,vd
𥱺,vv
𥱻,vm
𥱼,vu
𥱽,vv
𥱾,vd
𥱿,vj
𥲀,vg
𥲁,vw
𥲂,vg
𥲃,vy
𥲄,vh
𥲅,vx
𥲆,vy
𥲇,ve
𥲈,vr
𥲉,vh
𥲊,ve
𥲋,vx
𥲌,vu
𥲍,vo
𥲎,vt
𥲏,vu
𥲐,vk
𥲑,vy
𥲒,va
𥲓,vw
𥲔,vl
𥲕,vx
𥲖,vw
𥲗,vz
𥲘,vy
𥲙,vj
𥲚,vu
𥲛,vc
𥲜,vm
𥲝,vp
𥲞,vk
𥲟,vu
𥲠,vw
𥲡,vx
𥲢,va
𥲣,vt
𥲤,vy
𥲥,vm
𥲦,vb
𥲧,va
𥲨,vm
𥲩,vr
𥲪,vi
𥲫,vd
𥲬,vd
𥲭,vj
𥲮,vd
𥲯,vw
𥲰,vu
𥲱,vv
𥲲,vp
𥲳,vj
𥲴,vb
𥲵,vy
𥲶,vf
𥲷,vf
𥲸,vx
𥲹,vo
𥲺,vu
𥲻,vs
𥲼,vy
𥲽,zr
𥲾,vf
𥲿,vp
𥳀,vc
𥳁,vy
𥳂,vk
𥳃,vw
𥳄,vb
𥳅,vk
𥳆,vw
𥳇,vw
𥳈,vm
𥳉,ve
𥳊,vu
𥳋,vx
𥳌,vu
𥳍,vc
𥳎,vi
𥳏,vr
𥳐,vk
𥳑,vo
𥳒,vk
𥳓,vo
𥳔,vo
𥳕,vy
𥳖,vk
𥳗,vy
𥳘,vl
𥳙,ve
𥳚,vh
𥳛,vy
𥳜,vw
𥳝,vx
𥳞,vf
𥳟,vv
𥳠,vj
𥳡,vb
𥳢,vd
𥳣,vy
𥳤,vu
𥳥,vy
𥳦,vu
𥳧,vz
𥳨,vu
𥳩,vd
𥳪,zc
𥳫,vo
𥳬,vh
𥳭,vd
𥳮,vx
𥳯,vo
𥳰,vc
𥳱,ve
𥳲,vl
𥳳,vz
𥳴,vu
𥳵,vb
𥳶,vu
𥳷,vd
𥳸,vj
𥳹,vb
𥳺,vx
𥳻,vm
𥳼,vg
𥳽,vq
𥳾,vy
𥳿,vt
𥴀,vt
𥴁,vl
𥴃,vu
𥴄,vu
𥴅,vx
𥴆,vy
𥴇,vf
𥴈,vg
𥴉,vo
𥴊,vw
𥴋,vq
𥴌,vm
𥴍,vf
𥴎,vu
𥴏,vh
𥴐,vg
𥴑,vu
𥴒,vv
𥴓,vr
𥴔,vo
𥴕,vy
𥴖,vu
𥴗,vy
𥴘,va
𥴙,vu
𥴚,vu
𥴛,vv
𥴜,vk
𥴝,ve
𥴞,vf
𥴟,vn
𥴠,vu
𥴡,vb
𥴢,vv
𥴣,vf
𥴤,vy
𥴥,vc
𥴦,vu
𥴧,vu
𥴨,vw
𥴩,vg
𥴪,vd
𥴫,vu
𥴬,vx
𥴭,vr
𥴮,vc
𥴯,vg
𥴰,vo
𥴱,vh
𥴲,vx
𥴳,vx
𥴴,vj
𥴵,vi
𥴶,vb
𥴷,vm
𥴸,vd
𥴹,vb
𥴺,vx
𥴻,vk
𥴼,vw
𥴽,vm
𥴾,vc
𥴿,vk
𥵀,vf
𥵁,vm
𥵂,vt
𥵃,vm
𥵄,vt
𥵅,vx
𥵆,vx
𥵇,ve
𥵈,vm
𥵉,vt
𥵊,vo
𥵋,vc
𥵌,vn
𥵍,vj
𥵎,vb
𥵏,vw
𥵐,vh
𥵑,vk
𥵒,vj
𥵓,vu
𥵔,vu
𥵕,vh
𥵖,vx
𥵗,vq
𥵘,vd
𥵙,vu
𥵚,vl
𥵛,vi
𥵜,vf
𥵝,vy
𥵞,vv
𥵟,vo
𥵠,vu
𥵡,vr
𥵢,vc
𥵣,ve
𥵤,vu
𥵥,vr
𥵦,vo
𥵧,vm
𥵨,vf
𥵩,vw
𥵪,vk
𥵫,vu
𥵬,vp
𥵭,vw
𥵮,vx
𥵯,vz
𥵰,vg
𥵱,vu
𥵲,vd
𥵳,vn
𥵴,vx
𥵵,vj
𥵶,vu
𥵷,vl
𥵸,vk
𥵹,vu
𥵺,vx
𥵻,vv
𥵼,vu
𥵽,vk
𥵾,vv
𥵿,vu
𥶀,vd
𥶁,vu
𥶂,vx
𥶃,vx
𥶄,vw
𥶅,vt
𥶆,vk
𥶇,vo
𥶈,vp
𥶉,vl
𥶊,vm
𥶋,vt
𥶌,vx
𥶍,vy
𥶎,vm
𥶏,vk
𥶐,vb
𥶑,vg
𥶒,vf
𥶓,vb
𥶔,vh
𥶕,vu
𥶖,vd
𥶗,vm
𥶘,vh
𥶙,vx
𥶚,vk
𥶛,vz
𥶜,vx
𥶝,vc
𥶞,vm
𥶟,vx
𥶠,vp
𥶡,vc
𥶢,vu
𥶣,vx
𥶤,vk
𥶥,vy
𥶦,vb
𥶧,vk
𥶨,ve
𥶩,vp
𥶪,vo
𥶫,vo
𥶬,vh
𥶭,vm
𥶮,vv
𥶯,gy
𥶰,vo
𥶱,vg
𥶲,vu
𥶳,vk
𥶴,vt
𥶵,vu
𥶶,vm
𥶷,vg
𥶸,vw
𥶹,vy
𥶺,va
𥶻,vo
𥶼,vu
𥶽,vj
𥶾,vl
𥶿,vj
𥷀,vh
𥷁,vl
𥷂,vc
𥷃,va
𥷄,vb
𥷅,vh
𥷆,vu
𥷇,vk
𥷈,vl
𥷉,ve
𥷊,vx
𥷋,vt
𥷌,vx
𥷍,vj
𥷎,vy
𥷏,vj
𥷐,vg
𥷑,vy
𥷒,vv
𥷓,vn
𥷔,vb
𥷕,va
𥷖,vw
𥷗,vl
𥷘,vv
𥷙,vd
𥷚,vk
𥷛,vd
𥷜,vf
𥷝,vo
𥷞,vb
𥷟,vm
𥷠,vd
𥷡,vr
𥷢,vd
𥷣,vy
𥷤,vk
𥷥,vm
𥷦,vu
𥷧,vv
𥷨,ve
𥷩,vv
𥷪,vj
𥷫,vk
𥷬,vv
𥷭,vr
𥷮,vc
𥷯,vy
𥷰,vj
𥷱,vw
𥷲,vw
𥷳,vv
𥷴,vk
𥷵,vb
𥷶,vf
𥷷,vk
𥷸,vo
𥷹,vv
𥷺,vd
𥷻,vm
𥷼,vz
𥷽,vr
𥷾,vh
𥷿,vh
𥸀,vy
𥸁,vv
𥸂,vo
𥸃,vu
𥸄,vo
𥸅,vk
𥸆,vv
𥸇,vu
𥸈,vh
𥸉,va
𥸊,vy
𥸋,vm
𥸌,vy
𥸍,vu
𥸎,vm
𥸏,vf
𥸐,vk
𥸑,vk
𥸒,vf
𥸓,ve
𥸔,vv
𥸕,vx
𥸖,vl
𥸗,vb
𥸘,vy
𥸙,vl
𥸚,vj
𥸛,vz
𥸜,vb
𥸝,vb
𥸞,vb
𥸟,vz
𥸠,vb
𥸡,vb
𥸢,vi
𥸣,vk
𥸤,vy
𥸥,vm
𥸦,vm
𥸧,md
𥸨,km
𥸩,my
𥸪,mr
𥸫,lm
𥸬,me
𥸭,mc
𥸮,tm
𥸯,mw
𥸰,md
𥸱,mj
𥸲,mg
𥸳,mv
𥸴,mg
𥸵,mt
𥸶,mk
𥸷,mq
𥸸,tm
𥸹,mw
𥸺,mp
𥸻,md
𥸼,mx
𥸽,mq
𥸾,me
𥸿,bm
𥹀,mx
𥹁,mv
𥹂,mp
𥹃,mc
𥹄,bm
𥹅,mb
𥹆,mb
𥹇,mc
𥹈,mb
𥹉,my
𥹊,ms
𥹋,mk
𥹌,lm
𥹍,md
𥹎,mg
𥹏,dm
𥹐,hm
𥹑,mu
𥹒,mp
𥹓,mq
𥹔,my
𥹕,ms
𥹖,mp
𥹗,my
𥹘,mn
𥹙,mk
𥹚,md
𥹛,jm
𥹜,mf
𥹝,mk
𥹞,my
𥹟,bm
𥹠,mx
𥹡,nm
𥹢,me
𥹣,mc
𥹤,mj
𥹥,me
𥹦,dm
𥹧,my
𥹨,mg
𥹩,mc
𥹪,mf
𥹫,mm
𥹬,mk
𥹭,dm
𥹮,mf
𥹯,ml
𥹰,mj
𥹱,ml
𥹲,mx
𥹳,my
𥹴,mu
𥹵,mu
𥹶,mo
𥹷,mi
𥹸,mz
𥹹,um
𥹺,gm
𥹻,mc
𥹼,mz
𥹽,mc
𥹾,mf
𥹿,mt
𥺀,md
𥺁,md
𥺂,mk
𥺃,mx
𥺄,mz
𥺅,mc
𥺆,mw
𥺇,mm
𥺈,mt
𥺉,mb
𥺊,mk
𥺋,im
𥺌,mm
𥺍,mg
𥺎,mb
𥺏,mq
𥺐,mt
𥺑,my
𥺒,mk
𥺓,mk
𥺔,km
𥺕,mb
𥺖,mk
𥺗,mk
𥺘,mf
𥺙,mw
𥺚,mt
𥺛,mu
𥺜,dm
𥺝,mk
𥺞,mo
𥺟,fm
𥺠,cm
𥺡,my
𥺢,mt
𥺣,mi
𥺤,um
𥺥,mq
𥺦,mv
𥺧,mr
𥺨,mg
𥺩,mb
𥺪,mo
𥺫,mm
𥺬,mm
𥺭,mk
𥺮,mo
𥺯,mf
𥺰,ma
𥺱,my
𥺲,my
𥺳,mo
𥺴,mx
𥺵,mo
𥺶,mu
𥺷,mi
𥺸,mo
𥺹,mv
𥺺,ml
𥺻,mj
𥺼,my
𥺽,mc
𥺾,mo
𥺿,mk
𥻀,mk
𥻁,me
𥻂,mj
𥻃,md
𥻄,mb
𥻅,mt
𥻆,bm
𥻇,mk
𥻈,ma
𥻉,mr
𥻊,bm
𥻋,mb
𥻌,um
𥻍,mo
𥻎,mt
𥻏,mx
𥻐,mm
𥻑,md
𥻒,mx
𥻓,mk
𥻔,mc
𥻕,mw
𥻖,mu
𥻗,md
𥻘,mv
𥻙,md
𥻚,mo
𥻛,mt
𥻜,mq
𥻝,mv
𥻞,mk
𥻟,md
𥻠,mu
𥻡,mo
𥻢,mz
𥻣,mc
𥻤,mc
𥻥,mg
𥻦,xm
𥻧,mj
𥻨,mx
𥻩,ml
𥻪,mb
𥻫,km
𥻬,my
𥻭,mf
𥻮,mx
𥻯,me
𥻰,mr
𥻱,mb
𥻲,mk
𥻳,tm
𥻴,bm
𥻵,mc
𥻶,mb
𥻷,mu
𥻸,mb
𥻹,mm
𥻺,md
𥻻,mn
𥻼,mh
𥻽,mk
𥻾,mj
𥻿,mn
𥼀,mx
𥼁,mu
𥼂,mv
𥼃,mb
𥼄,mm
𥼅,ym
𥼆,tm
𥼇,mj
𥼈,mc
𥼉,mr
𥼋,wm
𥼌,mh
𥼍,mb
𥼎,mb
𥼏,mn
𥼐,mu
𥼑,mm
𥼒,um
𥼓,my
𥼔,mt
𥼕,ml
𥼖,mw
𥼗,mb
𥼘,mr
𥼙,mh
𥼚,mh
𥼛,mm
𥼜,mf
𥼝,mn
𥼞,mh
𥼟,mu
𥼠,ma
𥼡,mb
𥼣,mh
𥼤,mt
𥼥,mh
𥼦,mt
𥼧,mg
𥼨,mm
𥼩,mb
𥼪,mo
𥼫,mx
𥼬,mm
𥼭,mf
𥼮,mm
𥼯,mh
𥼰,mb
𥼱,mk
𥼲,mw
𥼳,mx
𥼴,mo
𥼵,mm
𥼶,mg
𥼷,md
𥼸,ms
𥼹,mu
𥼺,mx
𥼻,mb
𥼼,mw
𥼽,mt
𥼾,ma
𥼿,im
𥽀,iv
𥽁,mq
𥽂,jm
𥽃,mb
𥽄,me
𥽅,mu
𥽆,mm
𥽇,mx
𥽈,mb
𥽉,mg
𥽊,mv
𥽋,mr
𥽌,mz
𥽍,mu
𥽎,mj
𥽏,im
𥽐,im
𥽑,mm
𥽒,ma
𥽓,mm
𥽔,mj
𥽕,mu
𥽖,my
𥽗,ma
𥽘,md
𥽙,mq
𥽚,cm
𥽛,mr
𥽜,mx
𥽝,mw
𥽞,mt
𥽟,mw
𥽠,vm
𥽡,fg
𥽢,md
𥽣,mh
𥽤,bg
𥽥,mv
𥽦,ym
𥽧,vm
𥽨,mu
𥽩,mn
𥽪,mm
𥽫,mh
𥽬,mf
𥽭,mj
𥽮,mg
𥽯,mm
𥽰,mm
𥽱,ju
𥽲,ym
𥽳,je
𥽴,mk
𥽵,mw
𥽶,mw
𥽷,mb
𥽸,mx
𥽹,xa
𥽺,mv
𥽻,mh
𥽼,mv
𥽽,bu
𥽾,mo
𥽿,ym
𥾀,mn
𥾁,ml
𥾂,mr
𥾃,mi
𥾄,bm
𥾅,su
𥾆,sv
𥾇,sl
𥾈,bx
𥾉,sb
𥾊,sj
𥾋,sn
𥾌,sz
𥾍,sg
𥾎,sw
𥾏,sg
𥾐,sg
𥾑,sb
𥾒,se
𥾓,sl
𥾔,sp
𥾕,sw
𥾖,si
𥾗,sx
𥾘,st
𥾙,sy
𥾚,sj
𥾛,sd
𥾜,xx
𥾝,sg
𥾞,sd
𥾟,ax
𥾠,sd
𥾡,sy
𥾢,so
𥾣,sv
𥾤,sy
𥾥,xx
𥾦,sw
𥾧,sj
𥾨,sq
𥾩,ix
𥾪,sd
𥾫,sf
𥾬,ss
𥾭,sv
𥾮,sg
𥾯,sd
𥾰,sc
𥾱,sv
𥾲,sy
𥾳,se
𥾴,sv
𥾵,sy
𥾶,so
𥾷,sc
𥾸,sw
𥾹,su
𥾺,sr
𥾻,lx
𥾼,sl
𥾽,sb
𥾾,sb
𥾿,sw
𥿀,so
𥿁,sw
𥿂,sx
𥿃,lx
𥿄,su
𥿅,ux
𥿆,sk
𥿇,sz
𥿈,sy
𥿉,sw
𥿊,si
𥿋,sc
𥿌,sl
𥿍,sg
𥿎,sv
𥿏,fx
𥿐,sk
𥿑,sc
𥿒,sf
𥿓,sl
𥿔,sx
𥿕,sv
𥿖,ss
𥿗,sv
𥿘,sh
𥿙,sf
𥿚,tx
𥿛,sr
𥿜,sx
𥿝,rx
𥿞,sy
𥿟,ux
𥿠,sj
𥿡,sb
𥿢,ss
𥿣,sk
𥿤,sq
𥿥,st
𥿦,sv
𥿧,sk
𥿨,sk
𥿩,dx
𥿪,si
𥿫,sx
𥿬,sn
𥿭,ss
𥿮,sg
𥿯,sy
𥿰,sa
𥿱,sz
𥿲,si
𥿳,sx
𥿴,sa
𥿵,sw
𥿶,se
𥿷,sd
𥿸,sj
𥿹,sb
𥿺,sn
𥿻,so
𥿼,si
𥿽,sn
𥿾,sc
𥿿,wx
𦀀,bx
𦀁,sy
𦀂,gx
𦀃,sj
𦀄,sw
𦀅,sn
𦀆,so
𦀇,st
𦀈,se
𦀉,sa
𦀊,sy
𦀋,su
𦀌,sk
𦀍,sv
𦀎,sd
𦀏,sw
𦀐,st
𦀑,sd
𦀒,oy
𦀓,sx
𦀔,sk
𦀕,sb
𦀖,sl
𦀗,si
𦀘,st
𦀙,sw
𦀚,sw
𦀛,su
𦀜,st
𦀝,sk
𦀞,ss
𦀟,dx
𦀠,si
𦀡,sk
𦀢,sz
𦀣,px
𦀤,ox
𦀥,jx
𦀦,sj
𦀧,dx
𦀨,se
𦀩,sy
𦀪,sb
𦀫,sq
𦀬,sl
𦀭,sk
𦀮,sf
𦀯,sk
𦀰,st
𦀱,yx
𦀲,sk
𦀳,sc
𦀴,sw
𦀵,si
𦀶,sf
𦀷,sw
𦀸,se
𦀹,sc
𦀺,si
𦀻,sw
𦀼,sn
𦀽,sk
𦀾,sa
𦀿,sm
𦁀,sb
𦁁,si
𦁂,sb
𦁃,st
𦁄,si
𦁅,sd
𦁆,ss
𦁇,sx
𦁈,sg
𦁉,sn
𦁊,sb
𦁋,gx
𦁌,sy
𦁍,sw
𦁎,so
𦁏,sd
𦁐,si
𦁑,sg
𦁒,kx
𦁓,gx
𦁔,sx
𦁕,sx
𦁖,sy
𦁗,su
𦁘,dx
𦁙,sy
𦁚,sl
𦁛,sa
𦁜,sa
𦁝,ax
𦁞,xx
𦁟,sy
𦁠,so
𦁡,sz
𦁢,si
𦁣,sg
𦁤,sx
𦁥,sx
𦁦,sv
𦁧,sm
𦁨,sd
𦁩,st
𦁪,st
𦁫,ex
𦁬,cx
𦁭,sy
𦁮,sy
𦁯,sx
𦁰,sc
𦁱,sk
𦁲,sj
𦁳,sz
𦁴,sj
𦁵,sj
𦁶,sr
𦁷,ss
𦁸,se
𦁹,sw
𦁺,sm
𦁻,sg
𦁼,sw
𦁽,sw
𦁾,sy
𦁿,sg
𦂀,sy
𦂁,su
𦂂,sd
𦂃,sd
𦂄,sb
𦂅,sa
𦂆,sk
𦂇,sw
𦂈,so
𦂉,sj
𦂊,sw
𦂋,sa
𦂌,tx
𦂍,sk
𦂎,hx
𦂏,sh
𦂐,su
𦂑,sk
𦂒,sd
𦂓,sf
𦂔,sl
𦂕,sd
𦂖,sc
𦂗,xx
𦂘,sa
𦂙,st
𦂚,so
𦂛,sy
𦂜,sg
𦂝,so
𦂞,xx
𦂟,hx
𦂠,sx
𦂡,sy
𦂢,sw
𦂣,sy
𦂤,sk
𦂥,su
𦂦,sk
𦂧,se
𦂨,sb
𦂩,sy
𦂪,sl
𦂫,se
𦂬,sv
𦂭,sk
𦂮,sd
𦂯,sd
𦂰,sy
𦂱,sf
𦂲,sx
𦂳,ix
𦂴,su
𦂵,sv
𦂶,sk
𦂷,sd
𦂸,sb
𦂹,sf
𦂺,so
𦂻,sy
𦂼,sb
𦂽,sq
𦂾,sf
𦂿,sl
𦃀,sc
𦃁,se
𦃂,ix
𦃃,rx
𦃄,sf
𦃅,fk
𦃆,uk
𦃇,sj
𦃈,sy
𦃉,sn
𦃊,sa
𦃋,sb
𦃌,sy
𦃍,sc
𦃎,sg
𦃏,su
𦃐,si
𦃑,si
𦃒,su
𦃓,st
𦃔,sg
𦃕,sx
𦃖,sd
𦃗,nx
𦃘,sx
𦃙,ox
𦃚,rx
𦃛,se
𦃜,so
𦃝,sx
𦃞,sx
𦃟,vx
𦃠,st
𦃡,sx
𦃢,ix
𦃣,sk
𦃤,mx
𦃥,si
𦃦,ux
𦃧,su
𦃨,sa
𦃩,sw
𦃪,sr
𦃫,si
𦃬,so
𦃭,su
𦃮,sr
𦃯,sp
𦃰,sd
𦃱,sy
𦃲,su
𦃳,sx
𦃴,st
𦃵,sx
𦃶,sv
𦃷,sc
𦃸,sh
𦃹,sk
𦃺,su
𦃻,sv
𦃼,sl
𦃽,sb
𦃾,sh
𦃿,sq
𦄀,sm
𦄁,sg
𦄂,sj
𦄃,sk
𦄄,se
𦄅,sh
𦄆,sl
𦄇,st
𦄈,sd
𦄉,gx
𦄊,hx
𦄋,sn
𦄌,sw
𦄍,sx
𦄎,sy
𦄏,so
𦄐,gx
𦄑,se
𦄒,sc
𦄓,sj
𦄔,st
𦄕,st
𦄖,sd
𦄗,sb
𦄘,su
𦄙,sv
𦄚,sr
𦄛,st
𦄜,su
𦄝,sh
𦄞,sk
𦄟,sc
𦄠,yx
𦄡,sd
𦄢,so
𦄣,sy
𦄤,si
𦄥,sx
𦄦,si
𦄧,so
𦄨,sx
𦄩,sg
𦄪,se
𦄫,sn
𦄬,sb
𦄭,sn
𦄮,sl
𦄯,ix
𦄰,sa
𦄱,sy
𦄲,sx
𦄳,ex
𦄴,sx
𦄵,sx
𦄶,sj
𦄷,sy
𦄸,sg
𦄹,su
𦄺,so
𦄻,sb
𦄼,sy
𦄽,sa
𦄾,sf
𦄿,sh
𦅀,sc
𦅁,so
𦅂,sw
𦅃,sh
𦅄,sw
𦅅,sl
𦅆,sd
𦅇,sy
𦅈,sp
𦅉,sy
𦅊,so
𦅋,sx
𦅌,sx
𦅍,sx
𦅎,sh
𦅏,se
𦅐,uy
𦅑,so
𦅒,sx
𦅓,px
𦅔,lx
𦅕,uu
𦅖,sx
𦅗,sq
𦅘,so
𦅙,sw
𦅚,xx
𦅛,sf
𦅜,sd
𦅝,so
𦅞,sy
𦅟,sm
𦅠,sf
𦅡,sx
𦅢,sx
𦅣,sw
𦅤,sw
𦅥,sd
𦅦,so
𦅧,sx
𦅨,px
𦅩,so
𦅪,rx
𦅫,fe
𦅬,dx
𦅭,su
𦅮,su
𦅯,sc
𦅰,su
𦅱,sw
𦅲,sl
𦅳,sc
𦅴,uu
𦅵,su
𦅶,sr
𦅷,so
𦅸,vx
𦅹,xx
𦅺,sm
𦅻,fy
𦅼,sk
𦅽,rx
𦅾,bx
𦅿,si
𦆀,sq
𦆁,wx
𦆂,si
𦆃,sq
𦆄,sb
𦆅,sw
𦆆,sj
𦆇,sk
𦆈,sk
𦆉,sh
𦆊,sl
𦆋,sb
𦆌,sd
𦆍,sz
𦆎,sg
𦆏,so
𦆐,sy
𦆑,st
𦆒,sk
𦆓,sj
𦆔,sw
𦆕,si
𦆖,sh
𦆗,ru
𦆘,se
𦆙,st
𦆚,sy
𦆛,sw
𦆜,su
𦆝,sc
𦆞,sf
𦆟,su
𦆠,sb
𦆡,sm
𦆢,sd
𦆣,sx
𦆤,sb
𦆥,si
𦆦,sz
𦆧,sg
𦆨,sd
𦆩,vx
𦆪,sg
𦆫,fx
𦆬,sz
𦆭,sl
𦆮,sw
𦆯,sb
𦆰,kx
𦆱,sa
𦆲,sp
𦆳,sx
𦆴,sh
𦆵,se
𦆶,sk
𦆷,sr
𦆸,sf
𦆹,sc
𦆺,sy
𦆻,sv
𦆼,sd
𦆽,uu
𦆾,fu
𦆿,su
𦇀,sx
𦇁,sw
𦇂,ci
𦇃,so
𦇄,st
𦇅,sb
𦇆,ux
𦇇,st
𦇈,sg
𦇉,sy
𦇊,si
𦇋,sm
𦇌,sy
𦇍,sx
𦇎,sx
𦇏,sy
𦇐,sh
𦇑,su
𦇒,su
𦇓,sy
𦇔,sv
𦇕,so
𦇖,sy
𦇗,sg
𦇘,sh
𦇙,sf
𦇚,ex
𦇛,sb
𦇜,sy
𦇝,sx
𦇞,sb
𦇟,sh
𦇠,sx
𦇡,sy
𦇢,so
𦇣,sb
𦇤,sj
𦇥,xj
𦇦,sy
𦇧,sd
𦇨,wx
𦇩,sh
𦇪,sd
𦇫,sy
𦇬,sc
𦇭,sk
𦇮,sv
𦇯,sb
𦇰,sz
𦇱,sy
𦇲,st
𦇳,sh
𦇴,si
𦇵,ux
𦇶,sl
𦇷,xd
𦇸,sw
𦇹,sk
𦇺,sf
𦇻,ry
𦇼,si
𦇽,sy
𦇾,sk
𦇿,se
𦈀,rd
𦈁,ru
𦈂,sw
𦈃,sy
𦈄,xx
𦈅,sq
𦈆,xb
𦈇,jk
𦈈,si
𦈉,si
𦈊,sr
𦈋,sy
𦈌,su
𦈍,sv
𦈎,su
𦈏,so
𦈐,si
𦈑,st
𦈒,sa
𦈓,sy
𦈔,so
𦈕,sd
𦈖,sx
𦈗,sf
𦈘,sk
𦈙,sy
𦈚,sx
𦈛,sy
𦈜,sa
𦈝,sg
𦈞,sx
𦈟,su
𦈠,sx
𦈡,se
𦈢,vv
𦈣,fk
𦈤,fv
𦈥,fd
𦈦,fh
𦈧,fb
𦈨,fk
𦈩,gf
𦈪,fd
𦈫,fy
𦈬,vf
𦈭,fu
𦈮,fj
𦈯,kf
𦈰,ft
𦈱,df
𦈲,fr
𦈳,df
𦈴,fz
𦈵,fg
𦈶,fk
𦈷,fi
𦈸,fa
𦈹,xf
𦈺,fk
𦈻,fg
𦈼,qf
𦈽,fy
𦈾,fu
𦈿,fj
𦉀,fk
𦉁,fz
𦉂,fv
𦉃,fa
𦉄,fy
𦉅,fv
𦉆,fd
𦉇,fk
𦉈,rf
𦉉,ft
𦉊,fc
𦉋,vu
𦉌,fu
𦉍,of
𦉎,fv
𦉏,fk
𦉐,fw
𦉑,vh
𦉒,fk
𦉓,fn
𦉔,vb
𦉕,fu
𦉖,fr
𦉗,fw
𦉘,fy
𦉙,fh
𦉚,ak
𦉛,fd
𦉜,fk
𦉝,jf
𦉞,if
𦉟,fr
𦉠,ak
𦉡,vy
𦉢,fk
𦉣,yf
𦉤,ac
𦉥,vf
𦉦,wf
𦉧,hf
𦉨,gf
𦉩,tt
𦉪,ke
𦉫,kl
𦉬,sd
𦉮,kb
𦉯,ka
𦉰,kb
𦉱,sq
𦉲,bu
𦉳,ky
𦉴,su
𦉵,sb
𦉶,sb
𦉷,st
𦉸,kw
𦉹,su
𦉺,kw
𦉻,kg
𦉼,sd
𦉽,kw
𦉾,sw
𦉿,kv
𦊀,kw
𦊁,sb
𦊂,sh
𦊃,sv
𦊄,sw
𦊅,bq
𦊆,sv
𦊈,so
𦊉,kt
𦊊,st
𦊋,ka
𦊌,ko
𦊍,kh
𦊎,su
𦊏,sm
𦊐,sj
𦊑,se
𦊒,sj
𦊓,ss
𦊔,sy
𦊕,kq
𦊖,kg
𦊗,kv
𦊘,kh
𦊚,sb
𦊛,sk
𦊜,sh
𦊝,kv
𦊞,km
𦊟,kg
𦊠,kb
𦊡,kg
𦊢,sl
𦊣,kd
𦊤,su
𦊥,sd
𦊦,ks
𦊧,wa
𦊨,kq
𦊩,kq
𦊪,kk
𦊫,sg
𦊬,ky
𦊭,kk
𦊮,km
𦊯,sy
𦊰,ko
𦊱,kt
𦊲,sk
𦊳,ss
𦊴,sk
𦊵,sj
𦊶,ky
𦊷,sy
𦊸,so
𦊹,kk
𦊺,sw
𦊻,wa
𦊼,sk
𦊽,su
𦊾,sk
𦊿,sl
𦋀,ko
𦋁,sg
𦋂,sc
𦋃,kg
𦋄,kz
𦋅,st
𦋆,sg
𦋇,ku
𦋈,sg
𦋉,sy
𦋊,sb
𦋋,sm
𦋌,ke
𦋍,sv
𦋎,sh
𦋏,su
𦋑,kk
𦋒,st
𦋓,sv
𦋔,ku
𦋕,kp
𦋖,ky
𦋗,ka
𦋘,kq
𦋙,kd
𦋚,ku
𦋛,kf
𦋜,kv
𦋝,sc
𦋞,sd
𦋟,kx
𦋠,sd
𦋡,sa
𦋢,kd
𦋣,sy
𦋤,sy
𦋥,su
𦋦,si
𦋧,ko
𦋨,sz
𦋩,ku
𦋪,sv
𦋫,ko
𦋬,kd
𦋭,kb
𦋮,kx
𦋯,sg
𦋰,sj
𦋱,kv
𦋲,su
𦋳,sv
𦋴,sh
𦋵,kz
𦋶,sa
𦋷,sw
𦋸,sd
𦋹,ss
𦋺,sd
𦋻,km
𦋼,kb
𦋽,sq
𦋾,sq
𦋿,so
𦌀,sp
𦌁,sn
𦌂,sf
𦌃,su
𦌄,ko
𦌅,su
𦌆,wa
𦌇,sz
𦌈,sn
𦌉,sw
𦌊,sq
𦌋,st
𦌌,kd
𦌍,kc
𦌎,kf
𦌏,kb
𦌐,kv
𦌑,kn
𦌒,sx
𦌓,km
𦌔,sg
𦌕,sk
𦌖,sv
𦌗,sq
𦌘,ko
𦌙,sw
𦌚,sd
𦌜,kl
𦌝,ko
𦌞,kd
𦌟,su
𦌠,sx
𦌡,sd
𦌢,sd
𦌣,ss
𦌤,ky
𦌥,sd
𦌦,sg
𦌧,sd
𦌨,kh
𦌩,sy
𦌪,sh
𦌫,sj
𦌬,sf
𦌭,sv
𦌮,sa
𦌯,km
𦌰,sk
𦌱,kv
𦌲,kh
𦌳,kf
𦌴,kv
𦌵,st
𦌶,su
𦌷,sb
𦌸,sq
𦌺,yy
𦌻,zg
𦌼,kl
𦌽,sk
𦌾,sy
𦌿,sb
𦍀,sv
𦍁,sx
𦍂,sg
𦍃,ky
𦍄,ss
𦍅,kg
𦍆,sy
𦍇,sf
𦍈,sv
𦍉,sk
𦍊,kv
𦍋,cf
𦍌,bt
𦍍,bu
𦍎,bw
𦍏,yr
𦍐,ry
𦍑,yd
𦍒,ty
𦍓,yb
𦍔,yy
𦍕,qy
𦍖,bn
𦍗,yy
𦍘,yy
𦍙,dy
𦍚,ch
𦍛,yv
𦍜,yd
𦍝,yy
𦍞,yh
𦍟,ci
𦍠,yl
𦍡,yw
𦍢,wy
𦍣,yt
𦍤,yo
𦍥,yy
𦍦,yi
𦍧,vy
𦍨,yr
𦍩,yg
𦍪,yp
𦍫,yx
𦍬,gy
𦍭,yw
𦍮,ci
𦍯,ys
𦍰,yc
𦍱,yy
𦍲,dy
𦍳,yg
𦍴,yx
𦍵,yj
𦍶,yj
𦍷,yp
𦍸,yc
𦍹,xy
𦍺,yz
𦍻,yk
𦍼,yd
𦍽,ey
𦍾,yz
𦍿,yy
𦎀,yd
𦎁,yk
𦎂,ye
𦎃,dw
𦎄,yb
𦎅,ys
𦎆,yc
𦎇,yu
𦎈,yy
𦎉,yt
𦎊,yb
𦎋,yv
𦎌,yk
𦎍,yk
𦎎,yf
𦎏,yu
𦎐,yl
𦎑,yk
𦎒,uy
𦎓,yi
𦎔,ye
𦎕,yn
𦎖,bu
𦎗,yg
𦎘,ya
𦎙,yr
𦎚,ru
𦎛,yk
𦎜,yu
𦎝,oy
𦎞,yv
𦎟,yh
𦎠,yg
𦎡,yu
𦎢,ya
𦎣,yt
𦎤,ya
𦎥,yb
𦎦,my
𦎧,wg
𦎨,uy
𦎩,yk
𦎪,yw
𦎫,wy
𦎬,yu
𦎭,yw
𦎮,yu
𦎯,ty
𦎰,yo
𦎱,yk
𦎲,yx
𦎳,yb
𦎴,yh
𦎵,yb
𦎶,yb
𦎷,ty
𦎸,yb
𦎹,yn
𦎺,yg
𦎻,yy
𦎼,ty
𦎽,yj
𦎾,yf
𦎿,yo
𦏀,yj
𦏁,yn
𦏂,yk
𦏃,my
𦏄,yd
𦏅,yq
𦏆,yl
𦏇,yj
𦏈,yh
𦏉,yh
𦏊,yd
𦏋,yo
𦏌,ye
𦏍,yt
𦏎,wk
𦏏,yo
𦏐,ry
𦏑,yr
𦏒,yt
𦏓,yb
𦏔,yk
𦏕,yi
𦏖,yy
𦏗,jh
𦏘,yn
𦏙,cb
𦏚,ct
𦏛,ya
𦏜,jy
𦏝,wo
𦏞,wy
𦏟,yc
𦏠,yh
𦏡,ck
𦏢,yb
𦏣,yk
𦏤,yk
𦏥,yd
𦏦,yw
𦏧,wc
𦏨,yx
𦏩,yo
𦏪,yk
𦏫,ym
𦏬,yh
𦏭,yy
𦏮,yv
𦏯,yk
𦏰,yr
𦏱,ys
𦏳,xv
𦏴,xy
𦏵,xg
𦏶,xr
𦏷,dx
𦏸,xy
𦏹,xg
𦏺,gx
𦏻,xk
𦏼,gx
𦏽,xc
𦏾,rx
𦏿,ux
𦐀,xw
𦐁,yx
𦐂,xg
𦐃,vx
𦐄,wx
𦐅,xj
𦐆,xb
𦐇,ox
𦐈,fx
𦐉,cx
𦐊,xu
𦐋,gx
𦐌,xs
𦐍,xg
𦐎,ox
𦐏,xj
𦐐,xw
𦐑,wx
𦐒,xc
𦐓,xy
𦐔,xa
𦐕,xu
𦐖,xv
𦐗,xy
𦐘,xr
𦐙,xs
𦐚,xb
𦐛,jx
𦐜,xp
𦐝,px
𦐞,ux
𦐟,xw
𦐠,xu
𦐡,fx
𦐢,px
𦐣,xw
𦐤,wx
𦐥,xo
𦐦,xk
𦐧,xg
𦐨,px
𦐩,xv
𦐪,xy
𦐫,ux
𦐬,xk
𦐭,xf
𦐮,xo
𦐯,xe
𦐰,tx
𦐱,ex
𦐲,xo
𦐳,bx
𦐴,gx
𦐵,bx
𦐶,xx
𦐷,xc
𦐸,bx
𦐹,xx
𦐺,xx
𦐻,rx
𦐼,tx
𦐽,kx
𦐾,ux
𦐿,xw
𦑀,xe
𦑁,xw
𦑂,sx
𦑃,gx
𦑄,xu
𦑅,lx
𦑆,ix
𦑇,ux
𦑈,xz
𦑉,ox
𦑊,xo
𦑋,wx
𦑌,xa
𦑍,gx
𦑎,xd
𦑏,xv
𦑐,xs
𦑑,xx
𦑒,bx
𦑓,fx
𦑔,rx
𦑕,xj
𦑖,xo
𦑗,hg
𦑘,gx
𦑙,hx
𦑚,xu
𦑛,xy
𦑜,cx
𦑝,vx
𦑞,xt
𦑟,xk
𦑠,xw
𦑡,ox
𦑢,fx
𦑣,xj
𦑤,rx
𦑥,xo
𦑦,bx
𦑧,xz
𦑨,xx
𦑩,xi
𦑪,qx
𦑫,ux
𦑬,vp
𦑭,ax
𦑮,xc
𦑯,xz
𦑰,xb
𦑱,bx
𦑲,sx
𦑳,vx
𦑴,sx
𦑵,fx
𦑶,xx
𦑷,xw
𦑸,rx
𦑹,jx
𦑺,yx
𦑻,wx
𦑼,xx
𦑽,ux
𦑾,xo
𦑿,xd
𦒀,ux
𦒁,xg
𦒂,nx
𦒃,cx
𦒄,xe
𦒅,xt
𦒆,xx
𦒇,vx
𦒈,rx
𦒉,gb
𦒊,xf
𦒋,ux
𦒌,bx
𦒍,lx
𦒎,xx
𦒏,xw
𦒐,xw
𦒑,mx
𦒒,xw
𦒓,xk
𦒔,xk
𦒕,vx
𦒖,xg
𦒗,xo
𦒘,xx
𦒙,cx
𦒚,xw
𦒛,xk
𦒜,wx
𦒝,gx
𦒞,xk
𦒟,nx
𦒠,xy
𦒡,sx
𦒢,px
𦒣,pb
𦒤,xb
𦒥,gq
𦒦,xv
𦒧,yx
𦒨,xd
𦒩,vx
𦒪,hx
𦒫,gx
𦒬,sx
𦒭,wx
𦒮,lx
𦒯,gx
𦒰,iv
𦒱,ld
𦒲,lj
𦒳,lg
𦒴,lu
𦒵,lk
𦒶,lw
𦒷,lm
𦒸,lw
𦒹,ll
𦒺,ly
𦒻,lv
𦒼,lv
𦒽,lk
𦒾,lv
𦒿,lo
𦓀,lo
𦓁,la
𦓂,lj
𦓃,lk
𦓄,wl
𦓅,lm
𦓆,lk
𦓇,lk
𦓈,ll
𦓉,lk
𦓊,lo
𦓋,ll
𦓌,hl
𦓍,le
𦓎,ed
𦓏,je
𦓐,pl
𦓑,ej
𦓒,he
𦓓,we
𦓔,ee
𦓕,ey
𦓖,ex
𦓗,uy
𦓘,ep
𦓙,ie
𦓚,ie
𦓛,de
𦓜,ld
𦓝,ie
𦓞,uf
𦓟,xe
𦓠,ae
𦓡,ge
𦓢,eq
𦓣,ub
𦓤,pw
𦓥,le
𦓦,lb
𦓧,lb
𦓨,ls
𦓩,gl
𦓪,lv
𦓫,wl
𦓬,lp
𦓭,ld
𦓮,ld
𦓯,lt
𦓰,lw
𦓱,lk
𦓲,lk
𦓳,lg
𦓴,lo
𦓵,ll
𦓶,li
𦓷,ly
𦓸,lu
𦓹,ll
𦓺,ly
𦓻,lw
𦓼,lb
𦓽,ln
𦓾,lh
𦓿,lb
𦔀,ly
𦔁,lg
𦔂,lz
𦔃,ly
𦔄,lo
𦔅,lq
𦔆,lt
𦔇,la
𦔈,lu
𦔉,lv
𦔊,ly
𦔋,le
𦔌,lo
𦔍,lc
𦔎,lw
𦔏,lm
𦔐,lb
𦔑,lk
𦔒,ly
𦔓,ln
𦔔,ly
𦔕,lw
𦔖,li
𦔗,ls
𦔘,lf
𦔙,lw
𦔚,lr
𦔛,ll
𦔜,lg
𦔝,lk
𦔞,lw
𦔟,ln
𦔠,lu
𦔡,lo
𦔢,lo
𦔣,lm
𦔤,lm
𦔥,lg
𦔦,lo
𦔧,lx
𦔨,lw
𦔩,lh
𦔪,ln
𦔫,lg
𦔬,lv
𦔭,lf
𦔮,ev
𦔯,be
𦔰,de
𦔱,je
𦔲,ek
𦔳,el
𦔴,re
𦔵,re
𦔶,ev
𦔷,ey
𦔸,eg
𦔹,ei
𦔺,eu
𦔻,ek
𦔼,ey
𦔽,ew
𦔾,ef
𦔿,et
𦕀,ed
𦕁,se
𦕂,ae
𦕃,ed
𦕄,et
𦕅,ee
𦕆,ey
𦕇,ey
𦕈,eu
𦕉,ue
𦕊,ek
𦕋,ey
𦕌,ue
𦕍,ej
𦕎,ek
𦕏,ev
𦕐,eg
𦕑,eu
𦕒,ev
𦕓,ge
𦕔,eu
𦕕,xe
𦕖,ev
𦕗,ex
𦕘,ey
𦕙,ej
𦕚,ef
𦕛,em
𦕜,ew
𦕝,eu
𦕞,ek
𦕟,ey
𦕠,eg
𦕡,bj
𦕢,bw
𦕣,ev
𦕤,eg
𦕥,fe
𦕦,er
𦕧,eu
𦕨,eg
𦕩,ex
𦕪,by
𦕫,ev
𦕬,ee
𦕭,eg
𦕮,ea
𦕯,ed
𦕰,ea
𦕱,ex
𦕲,ek
𦕳,el
𦕴,fe
𦕵,en
𦕶,et
𦕷,eu
𦕸,el
𦕹,es
𦕺,we
𦕻,ed
𦕼,el
𦕽,eu
𦕾,ek
𦕿,ev
𦖀,ez
𦖁,ej
𦖃,ej
𦖄,ek
𦖅,et
𦖆,ex
𦖇,ed
𦖈,ed
𦖉,ew
𦖊,ek
𦖋,et
𦖌,eb
𦖍,eg
𦖎,ev
𦖏,er
𦖐,ee
𦖑,eq
𦖒,eu
𦖓,ev
𦖔,ek
𦖕,ef
𦖖,ej
𦖗,me
𦖘,eg
𦖙,ek
𦖚,ey
𦖛,ek
𦖜,te
𦖝,ue
𦖞,ue
𦖟,ex
𦖠,eh
𦖡,eu
𦖢,eo
𦖣,ey
𦖤,eu
𦖥,be
𦖦,ey
𦖧,en
𦖨,ue
𦖩,ee
𦖪,ey
𦖫,me
𦖬,em
𦖭,ed
𦖮,ey
𦖯,ew
𦖰,eu
𦖱,ek
𦖲,ey
𦖳,ek
𦖴,re
𦖵,ey
𦖷,te
𦖸,ew
𦖹,eh
𦖺,ey
𦖻,ex
𦖼,eo
𦖽,he
𦖾,ej
𦖿,ek
𦗀,eb
𦗁,ue
𦗂,ex
𦗃,em
𦗄,en
𦗅,es
𦗆,ed
𦗇,ef
𦗈,ew
𦗉,ee
𦗊,ue
𦗋,eg
𦗌,eo
𦗍,ef
𦗎,et
𦗏,ee
𦗐,eu
𦗑,eg
𦗒,ee
𦗓,eb
𦗔,eg
𦗕,ge
𦗖,ep
𦗗,eb
𦗘,ey
𦗙,te
𦗚,ie
𦗛,ek
𦗜,ez
𦗝,et
𦗞,ek
𦗟,ex
𦗠,eh
𦗡,eu
𦗢,ek
𦗣,eh
𦗤,le
𦗥,xe
𦗦,je
𦗧,ek
𦗨,em
𦗩,eh
𦗪,ew
𦗫,ey
𦗬,eo
𦗭,te
𦗮,ev
𦗯,ek
𦗰,el
𦗱,we
𦗲,ef
𦗳,ei
𦗴,et
𦗵,ea
𦗶,je
𦗷,fe
𦗸,ej
𦗹,er
𦗺,te
𦗻,ek
𦗼,re
𦗽,eu
𦗾,je
𦗿,ce
𦘀,ez
𦘁,ee
𦘂,ej
𦘃,ce
𦘄,eu
𦘅,eb
𦘆,eb
𦘇,ew
𦘈,ea
𦘉,je
𦘊,ev
𦘋,eb
𦘌,je
𦘍,et
𦘏,ex
𦘐,eb
𦘑,ew
𦘒,yu
𦘓,yl
𦘔,yp
𦘕,ya
𦘖,dy
𦘗,uy
𦘘,yo
𦘙,yo
𦘚,yr
𦘛,yd
𦘜,yd
𦘝,ye
𦘞,ey
𦘟,hy
𦘠,yo
𦘡,yd
𦘢,yy
𦘣,yf
𦘤,yu
𦘥,hy
𦘦,hy
𦘧,ua
𦘨,yw
𦘩,ob
𦘪,ob
𦘫,br
𦘬,yr
𦘭,od
𦘮,ov
𦘯,os
𦘰,ok
𦘱,ob
𦘲,or
𦘳,ov
𦘴,oq
𦘵,oj
𦘶,oi
𦘷,oy
𦘸,ov
𦘹,ou
𦘺,os
𦘻,wr
𦘼,ko
𦘽,rn
𦘾,rw
𦘿,oy
𦙀,oy
𦙁,oh
𦙂,br
𦙃,vo
𦙄,xo
𦙅,oh
𦙆,ou
𦙇,oo
𦙈,ou
𦙉,oj
𦙊,ho
𦙋,ob
𦙌,yv
𦙍,po
𦙎,bo
𦙏,ov
𦙐,oa
𦙑,wo
𦙒,od
𦙓,oy
𦙔,vo
𦙕,on
𦙖,to
𦙗,ow
𦙘,oy
𦙙,ou
𦙚,uo
𦙛,ok
𦙜,ov
𦙝,od
𦙞,ox
𦙟,wo
𦙠,oa
𦙡,vr
𦙢,rl
𦙣,oa
𦙤,om
𦙥,ov
𦙦,ox
𦙧,ru
𦙨,od
𦙩,lr
𦙪,io
𦙫,ov
𦙬,oz
𦙭,od
𦙮,ob
𦙯,ro
𦙰,ot
𦙱,oc
𦙲,lr
𦙳,ox
𦙴,ov
𦙵,xo
𦙶,og
𦙷,oj
𦙸,oy
𦙹,ox
𦙺,lo
𦙻,oh
𦙼,vo
𦙽,oc
𦙾,ot
𦙿,ox
𦚀,oy
𦚁,os
𦚂,oy
𦚃,ov
𦚄,ou
𦚅,wo
𦚆,rp
𦚇,mr
𦚈,ou
𦚉,do
𦚊,ok
𦚋,so
𦚌,io
𦚍,wo
𦚎,lo
𦚏,lo
𦚐,ob
𦚑,ho
𦚒,rq
𦚓,rb
𦚔,ok
𦚕,og
𦚖,of
𦚗,oj
𦚘,rr
𦚙,rr
𦚚,ob
𦚛,dr
𦚜,ow
𦚝,od
𦚞,ow
𦚟,oi
𦚠,oi
𦚡,om
𦚢,ob
𦚣,og
𦚤,or
𦚥,of
𦚦,oi
𦚧,oo
𦚨,fr
𦚩,oa
𦚪,oc
𦚫,od
𦚬,ou
𦚭,oi
𦚮,rr
𦚯,eo
𦚰,od
𦚱,ol
𦚲,oi
𦚳,oe
𦚴,go
𦚵,ox
𦚶,ro
𦚷,rr
𦚸,od
𦚹,oh
𦚺,ov
𦚻,oj
𦚼,oq
𦚽,os
𦚾,wo
𦚿,oj
𦛀,oy
𦛁,ou
𦛂,kr
𦛃,rk
𦛄,wr
𦛅,rn
𦛆,lr
𦛇,dr
𦛈,oy
𦛉,oj
𦛊,oz
𦛋,ok
𦛌,oy
𦛍,or
𦛎,oj
𦛏,ot
𦛐,ob
𦛑,oi
𦛒,oo
𦛓,oj
𦛔,oz
𦛕,ol
𦛖,ov
𦛗,ok
𦛘,oi
𦛙,oi
𦛚,ok
𦛛,ox
𦛜,ok
𦛝,rr
𦛞,ob
𦛟,og
𦛠,ot
𦛡,oh
𦛢,ow
𦛣,oz
𦛤,ob
𦛥,of
𦛦,ow
𦛧,oh
𦛨,ol
𦛩,ok
𦛪,oe
𦛫,jo
𦛬,jo
𦛭,oj
𦛮,oe
𦛯,uo
𦛰,ov
𦛱,og
𦛲,oy
𦛳,oi
𦛴,oc
𦛵,ok
𦛶,re
𦛷,rc
𦛸,oy
𦛹,gr
𦛺,od
𦛻,oc
𦛼,ob
𦛽,ov
𦛾,oi
𦛿,ow
𦜀,oq
𦜁,rf
𦜂,oo
𦜃,od
𦜄,ow
𦜅,oe
𦜆,ou
𦜇,oi
𦜈,oa
𦜉,op
𦜊,oa
𦜋,od
𦜌,oy
𦜍,ow
𦜎,oi
𦜏,oq
𦜐,ol
𦜑,hr
𦜒,ow
𦜓,oq
𦜔,om
𦜕,ov
𦜖,oy
𦜗,no
𦜘,ov
𦜙,ox
𦜚,vo
𦜛,oj
𦜜,ir
𦜝,oo
𦜞,og
𦜟,ok
𦜠,ow
𦜡,oh
𦜢,oo
𦜣,ot
𦜤,oo
𦜥,os
𦜦,ox
𦜧,ob
𦜨,oo
𦜩,ox
𦜪,oa
𦜫,oa
𦜬,on
𦜭,oc
𦜮,ok
𦜯,oh
𦜰,ou
𦜱,oi
𦜲,oy
𦜳,oo
𦜴,oo
𦜵,ok
𦜶,of
𦜷,oo
𦜸,ou
𦜹,ho
𦜺,oy
𦜻,oi
𦜼,oj
𦜽,rd
𦜾,nr
𦜿,rj
𦝀,ou
𦝁,ob
𦝂,ou
𦝃,oa
𦝄,ow
𦝅,ox
𦝆,oa
𦝇,od
𦝈,or
𦝉,ou
𦝊,ot
𦝋,om
𦝌,oq
𦝍,pr
𦝎,dr
𦝏,od
𦝐,oe
𦝑,oo
𦝒,oy
𦝓,om
𦝔,ok
𦝕,sk
𦝖,oo
𦝗,oc
𦝘,rv
𦝙,cr
𦝚,om
𦝛,of
𦝜,od
𦝝,od
𦝞,od
𦝟,ol
𦝠,wu
𦝡,oc
𦝢,ot
𦝣,ok
𦝤,oy
𦝥,oj
𦝦,oo
𦝧,ob
𦝨,ob
𦝩,oo
𦝪,ot
𦝫,xo
𦝬,oq
𦝭,po
𦝮,oo
𦝯,oy
𦝰,ox
𦝱,oy
𦝲,or
𦝳,oq
𦝴,og
𦝵,ok
𦝶,ou
𦝷,ok
𦝸,uw
𦝹,oa
𦝺,od
𦝻,od
𦝼,on
𦝽,bo
𦝾,or
𦝿,oh
𦞀,ow
𦞁,ok
𦞂,ok
𦞃,ox
𦞄,uo
𦞅,wo
𦞆,ot
𦞇,oy
𦞈,ou
𦞉,rb
𦞊,rj
𦞋,er
𦞌,od
𦞍,yr
𦞎,op
𦞏,gr
𦞐,oe
𦞑,om
𦞒,oc
𦞓,oy
𦞔,og
𦞕,ou
𦞖,oo
𦞗,os
𦞘,ry
𦞙,og
𦞚,oo
𦞛,ok
𦞜,ox
𦞝,om
𦞞,og
𦞟,om
𦞠,ou
𦞡,ob
𦞢,ou
𦞣,oi
𦞤,ox
𦞥,ot
𦞦,ov
𦞧,ot
𦞨,ok
𦞩,jo
𦞪,oh
𦞫,bo
𦞬,ow
𦞭,og
𦞮,on
𦞯,oo
𦞰,oa
𦞱,rg
𦞲,oi
𦞳,og
𦞴,od
𦞵,ou
𦞶,ow
𦞷,on
𦞸,ok
𦞹,oc
𦞺,ow
𦞻,og
𦞼,of
𦞽,oo
𦞾,on
𦞿,ou
𦟀,wf
𦟁,ww
𦟂,om
𦟃,oy
𦟄,oa
𦟅,oa
𦟆,vo
𦟇,or
𦟈,ok
𦟉,og
𦟊,oj
𦟋,ok
𦟌,oy
𦟍,or
𦟎,yr
𦟏,oi
𦟐,om
𦟑,ok
𦟒,tv
𦟓,oo
𦟔,ow
𦟕,oo
𦟖,rm
𦟗,rv
𦟘,ob
𦟙,oh
𦟚,ob
𦟛,oo
𦟜,ob
𦟝,ro
𦟞,ou
𦟟,oa
𦟠,ox
𦟡,gr
𦟢,oo
𦟣,ow
𦟤,oi
𦟥,ou
𦟦,rd
𦟧,ok
𦟨,ow
𦟩,ov
𦟪,oi
𦟫,ot
𦟬,op
𦟭,oa
𦟮,oc
𦟯,ol
𦟰,oq
𦟱,ob
𦟲,mo
𦟳,og
𦟴,hr
𦟵,oz
𦟶,ov
𦟷,ok
𦟸,ow
𦟹,oc
𦟺,ob
𦟻,ok
𦟼,oc
𦟽,ou
𦟾,ok
𦟿,ov
𦠀,ot
𦠁,xu
𦠂,nr
𦠃,wo
𦠄,or
𦠅,oc
𦠆,og
𦠇,oo
𦠈,ok
𦠉,ob
𦠊,ov
𦠋,so
𦠌,oe
𦠍,on
𦠎,oq
𦠏,oo
𦠐,ow
𦠑,oq
𦠒,io
𦠓,io
𦠔,ot
𦠕,wr
𦠖,ob
𦠗,ro
𦠘,hl
𦠙,oo
𦠚,ok
𦠛,oo
𦠜,of
𦠝,ot
𦠞,xo
𦠟,ot
𦠠,ot
𦠡,ro
𦠢,oy
𦠣,ow
𦠤,ox
𦠥,oo
𦠦,oi
𦠧,ox
𦠨,ox
𦠩,ir
𦠪,rr
𦠫,pr
𦠬,sr
𦠭,ot
𦠮,go
𦠯,oa
𦠰,hu
𦠱,og
𦠲,ox
𦠳,oz
𦠴,ov
𦠵,ou
𦠶,tr
𦠷,po
𦠸,ox
𦠹,xh
𦠺,xb
𦠻,ob
𦠼,of
𦠽,ow
𦠾,oe
𦠿,oj
𦡀,ou
𦡁,ot
𦡂,ov
𦡃,ol
𦡄,oe
𦡅,oy
𦡆,oi
𦡇,rg
𦡈,wr
𦡉,oo
𦡊,ob
𦡋,oy
𦡌,jo
𦡍,ux
𦡎,oj
𦡏,od
𦡐,oy
𦡑,oj
𦡒,ro
𦡓,oy
𦡔,ov
𦡕,ob
𦡖,vo
𦡗,ox
𦡙,ow
𦡚,wo
𦡛,rb
𦡜,ur
𦡝,rw
𦡞,ou
𦡟,bw
𦡠,wo
𦡡,oc
𦡢,on
𦡣,oh
𦡤,ou
𦡥,og
𦡦,ov
𦡧,ow
𦡨,ap
𦡩,oe
𦡪,ob
𦡫,ow
𦡬,on
𦡭,jr
𦡮,oo
𦡯,oy
𦡰,oc
𦡱,ov
𦡲,od
𦡳,od
𦡴,oc
𦡵,ox
𦡶,om
𦡷,oc
𦡸,oz
𦡹,oh
𦡺,bo
𦡻,oj
𦡼,br
𦡽,ob
𦡾,co
𦡿,om
𦢀,ot
𦢁,ok
𦢂,od
𦢃,ok
𦢄,oy
𦢅,oi
𦢆,br
𦢇,bo
𦢈,ob
𦢉,oi
𦢊,ou
𦢋,of
𦢌,ob
𦢍,ot
𦢎,ob
𦢏,ot
𦢐,os
𦢑,ox
𦢒,ob
𦢓,ot
𦢔,ox
𦢕,oo
𦢖,po
𦢗,oy
𦢘,oc
𦢙,oj
𦢚,oo
𦢛,ox
𦢜,oh
𦢝,oy
𦢞,oo
𦢟,of
𦢠,or
𦢡,uo
𦢢,rt
𦢣,ox
𦢤,ob
𦢥,ok
𦢦,oh
𦢧,oo
𦢨,oj
𦢩,oa
𦢪,oo
𦢫,ol
𦢬,ox
𦢭,ob
𦢮,og
𦢯,ob
𦢰,jr
𦢱,yf
𦢲,oh
𦢳,hw
𦢴,oq
𦢵,oh
𦢶,oy
𦢷,om
𦢸,oc
𦢹,od
𦢺,oh
𦢻,rr
𦢼,wb
𦢽,br
𦢾,oz
𦢿,ok
𦣀,oe
𦣁,oh
𦣂,ob
𦣃,om
𦣄,wu
𦣅,oc
𦣆,of
𦣇,ov
𦣈,oc
𦣉,wy
𦣊,co
𦣋,ox
𦣌,oa
𦣍,od
𦣎,ov
𦣏,xo
𦣐,xx
𦣑,oh
𦣒,oy
𦣓,lo
𦣔,wg
𦣕,of
𦣖,wo
𦣗,ow
𦣘,oy
𦣙,oy
𦣚,cr
𦣛,ox
𦣜,ou
𦣝,ii
𦣞,ii
𦣟,ui
𦣠,iw
𦣡,if
𦣢,ij
𦣣,ig
𦣤,il
𦣥,ib
𦣦,ii
𦣧,ij
𦣨,iw
𦣩,ii
𦣪,im
𦣫,ib
𦣬,in
𦣭,wi
𦣮,zi
𦣯,iy
𦣰,ub
𦣱,ib
𦣲,ie
𦣳,ih
𦣴,iy
𦣵,iw
𦣶,ib
𦣷,ig
𦣸,dm
𦣹,ke
𦣺,zl
𦣻,az
𦣼,ke
𦣽,vb
𦣾,zw
𦣿,zl
𦤀,zd
𦤁,zw
𦤂,zu
𦤃,zw
𦤄,cz
𦤅,cz
𦤆,zy
𦤇,zy
𦤈,zr
𦤉,zg
𦤊,zi
𦤋,uz
𦤌,zy
𦤎,zb
𦤏,zt
𦤐,zb
𦤑,zf
𦤒,zp
𦤓,zu
𦤔,zf
𦤕,zg
𦤖,zu
𦤗,zu
𦤘,wz
𦤙,zi
𦤚,zy
𦤛,zf
𦤜,zp
𦤝,zk
𦤞,da
𦤟,pq
𦤠,zh
𦤡,zb
𦤢,dc
𦤣,uq
𦤤,zv
𦤥,zx
𦤦,zr
𦤧,zu
𦤨,zm
𦤩,zj
𦤪,oq
𦤫,zw
𦤬,zk
𦤭,zh
𦤮,zq
𦤯,zl
𦤰,zb
𦤱,zx
𦤲,jz
𦤳,gf
𦤴,kt
𦤵,yt
𦤶,gw
𦤷,gj
𦤸,it
𦤹,gb
𦤺,gy
𦤻,gt
𦤼,tt
𦤽,gb
𦤾,gd
𦤿,ft
𦥀,gy
𦥁,st
𦥂,tt
𦥃,gb
𦥄,ct
𦥅,ga
𦥆,ft
𦥇,gt
𦥈,yt
𦥉,bk
𦥊,zt
𦥋,dt
𦥌,go
𦥍,gw
𦥎,tt
𦥏,gt
𦥐,sw
𦥑,pe
𦥓,px
𦥔,jj
𦥕,jv
𦥖,jl
𦥗,jl
𦥘,jc
𦥙,jp
𦥚,jk
𦥛,qj
𦥜,xj
𦥝,vj
𦥞,jq
𦥟,je
𦥠,jy
𦥡,jj
𦥢,de
𦥣,jy
𦥤,jw
𦥥,jp
𦥦,jw
𦥧,jv
𦥨,jb
𦥩,jo
𦥪,jy
𦥬,jv
𦥭,nj
𦥯,jb
𦥰,jg
𦥱,jj
𦥲,qj
𦥳,jl
𦥴,rj
𦥵,dk
𦥶,jl
𦥷,jo
𦥸,jy
𦥹,ju
𦥻,jt
𦥼,lx
𦥽,wj
𦥾,ne
𦥿,gj
𦦀,jl
𦦁,jv
𦦂,jj
𦦃,be
𦦄,oj
𦦅,jt
𦦆,jx
𦦇,je
𦦈,jj
𦦉,jd
𦦊,el
𦦋,jt
𦦌,vk
𦦍,jt
𦦎,jg
𦦏,wj
𦦐,jc
𦦑,jf
𦦒,jy
𦦓,re
𦦔,jd
𦦕,qr
𦦖,yj
𦦗,ja
𦦘,qz
𦦙,jf
𦦚,jr
𦦛,jq
𦦜,iv
𦦝,jl
𦦞,jl
𦦟,jd
𦦠,ju
𦦡,jl
𦦢,xj
𦦣,jy
𦦤,jq
𦦥,jg
𦦦,jw
𦦧,jl
𦦨,vh
𦦩,jv
𦦪,jj
𦦫,jk
𦦬,jo
𦦭,jw
𦦮,jw
𦦯,jv
𦦰,jc
𦦱,ij
𦦲,jb
𦦳,jx
𦦴,jb
𦦵,jg
𦦶,ji
𦦷,jd
𦦸,jw
𦦹,kj
𦦺,ik
𦦻,jd
𦦼,jx
𦦽,xj
𦦾,ic
𦦿,be
𦧀,jh
𦧁,jf
𦧂,jd
𦧃,uj
𦧄,tc
𦧅,jb
𦧆,ua
𦧇,uy
𦧈,uv
𦧉,uv
𦧊,uy
𦧋,un
𦧌,uc
𦧍,vu
𦧎,ru
𦧏,uj
𦧐,su
𦧑,ub
𦧒,ug
𦧓,uy
𦧔,ug
𦧕,du
𦧖,ux
𦧗,zu
𦧘,ru
𦧙,uw
𦧚,uu
𦧛,uk
𦧜,ul
𦧝,uv
𦧞,uk
𦧟,uo
𦧠,bu
𦧡,hu
𦧢,ua
𦧣,uc
𦧤,ua
𦧥,uu
𦧦,uy
𦧧,uz
𦧨,wu
𦧩,uk
𦧪,ou
𦧫,uu
𦧬,hu
𦧭,ux
𦧮,uk
𦧯,ux
𦧰,zu
𦧱,ub
𦧲,ux
𦧳,uu
𦧴,uu
𦧵,uu
𦧶,yg
𦧷,uj
𦧸,rg
𦧹,ur
𦧺,ub
𦧻,ut
𦧼,uj
𦧽,ui
𦧾,mu
𦧿,hv
𦨀,af
𦨁,vv
𦨂,gf
𦨃,kt
𦨄,kv
𦨅,df
𦨆,bf
𦨇,vv
𦨈,vr
𦨉,vd
𦨊,vv
𦨋,vn
𦨌,vv
𦨍,vd
𦨎,vq
𦨏,vv
𦨐,vd
𦨑,vc
𦨒,vg
𦨓,vu
𦨔,vd
𦨕,vy
𦨖,vu
𦨗,vy
𦨘,vw
𦨙,vo
𦨚,vq
𦨛,vg
𦨜,vg
𦨝,vh
𦨞,vy
𦨟,vv
𦨠,vy
𦨡,vf
𦨢,vu
𦨣,vk
𦨤,yv
𦨥,vi
𦨦,lv
𦨧,vo
𦨨,vv
𦨩,vl
𦨪,vd
𦨫,vp
𦨬,vy
𦨭,vp
𦨮,vg
𦨯,vu
𦨰,ve
𦨱,vy
𦨲,vv
𦨳,vt
𦨴,vk
𦨵,vd
𦨶,vt
𦨷,vg
𦨸,vf
𦨹,vv
𦨺,yv
𦨻,vg
𦨼,vk
𦨽,vv
𦨾,vl
𦨿,vt
𦩀,vr
𦩁,va
𦩂,vz
𦩃,vx
𦩄,vt
𦩅,vg
𦩆,vw
𦩇,vy
𦩈,vu
𦩉,sv
𦩊,ve
𦩋,vf
𦩌,vz
𦩍,vk
𦩎,vc
𦩏,vv
𦩐,vb
𦩑,vl
𦩒,vy
𦩓,vs
𦩔,vp
𦩕,vj
𦩖,vu
𦩗,vh
𦩘,vz
𦩙,vi
𦩚,pw
𦩛,pb
𦩜,vk
𦩝,vo
𦩞,vd
𦩟,vw
𦩠,vu
𦩡,vt
𦩢,vk
𦩣,vd
𦩤,vq
𦩥,vr
𦩦,vp
𦩧,zv
𦩨,vy
𦩩,vn
𦩪,va
𦩫,vj
𦩬,vn
𦩭,vx
𦩮,vy
𦩯,vq
𦩰,vv
𦩱,vt
𦩲,vy
𦩳,po
𦩴,vb
𦩵,vj
𦩶,vd
𦩷,vr
𦩸,vg
𦩹,vj
𦩺,va
𦩻,uv
𦩼,vb
𦩽,vb
𦩾,vf
𦩿,vj
𦪀,vk
𦪁,vx
𦪂,vz
𦪃,vu
𦪄,vw
𦪅,vw
𦪆,vt
𦪇,vb
𦪈,fv
𦪉,vv
𦪊,vx
𦪋,vi
𦪌,vk
𦪍,vb
𦪎,vf
𦪏,vy
𦪑,vu
𦪒,vb
𦪓,va
𦪔,vw
𦪕,vx
𦪖,vt
𦪗,vb
𦪘,vq
𦪙,vx
𦪚,vc
𦪛,vw
𦪜,vx
𦪝,vx
𦪞,vk
𦪟,vp
𦪠,vf
𦪡,vy
𦪢,vu
𦪣,kv
𦪤,vf
𦪥,vb
𦪧,vw
𦪨,vl
𦪩,vs
𦪪,vf
𦪫,vm
𦪬,vq
𦪭,vy
𦪮,vg
𦪯,vm
𦪰,fv
𦪱,iv
𦪳,vu
𦪴,vv
𦪵,vb
𦪶,vi
𦪷,vt
𦪸,vb
𦪹,vm
𦪺,vi
𦪽,vl
𦪾,vv
𦪿,lv
𦫀,vm
𦫁,vk
𦫂,vb
𦫃,vk
𦫄,vy
𦫅,vb
𦫆,vi
𦫇,vy
𦫈,vi
𦫉,vb
𦫊,vr
𦫋,wg
𦫌,hg
𦫍,dk
𦫎,lg
𦫏,dk
𦫐,dl
𦫑,vl
𦫒,cg
𦫓,dx
𦫔,bb
𦫕,wb
𦫖,db
𦫗,pb
𦫘,dy
𦫙,bb
𦫚,db
𦫛,ub
𦫜,db
𦫝,sb
𦫞,db
𦫟,hb
𦫠,ib
𦫡,cb
𦫢,xb
𦫣,eb
𦫤,dy
𦫥,mb
𦫦,vb
𦫧,yb
𦫨,wb
𦫩,kb
𦫪,bb
𦫫,gb
𦫬,vb
𦫭,bb
𦫮,kb
𦫯,qb
𦫰,cb
𦫱,zb
𦫲,xb
𦫳,cl
𦫴,cv
𦫶,cj
𦫷,cv
𦫸,cr
𦫺,cp
𦫻,cr
𦫼,cl
𦫽,ce
𦫾,cv
𦫿,cy
𦬀,ck
𦬁,cc
𦬂,cw
𦬃,cq
𦬄,cd
𦬅,ck
𦬆,cr
𦬇,cc
𦬈,cv
𦬉,cv
𦬊,cs
𦬋,cl
𦬌,cl
𦬍,cy
𦬎,cy
𦬏,cc
𦬐,cy
𦬑,cn
𦬒,cf
𦬓,cy
𦬔,cv
𦬕,cv
𦬖,cj
𦬗,cg
𦬘,cg
𦬙,cb
𦬚,ch
𦬛,cg
𦬜,cy
𦬝,cv
𦬞,ct
𦬟,cw
𦬠,cu
𦬡,cu
𦬢,cc
𦬣,cy
𦬤,cy
𦬥,cj
𦬦,cq
𦬧,cu
𦬨,ci
𦬩,cl
𦬪,cd
𦬫,cq
𦬬,cw
𦬭,cu
𦬮,ce
𦬯,cu
𦬰,cw
𦬱,cc
𦬲,cw
𦬳,cv
𦬴,cv
𦬵,cc
𦬶,cw
𦬷,cd
𦬸,cu
𦬹,cd
𦬺,cx
𦬻,cy
𦬼,cx
𦬽,cb
𦬾,cx
𦬿,ca
𦭀,cj
𦭁,cy
𦭃,cb
𦭄,cp
𦭅,cb
𦭆,cw
𦭇,cy
𦭈,cw
𦭉,cj
𦭊,cd
𦭋,cl
𦭌,cb
𦭍,ci
𦭎,ce
𦭏,cp
𦭐,ci
𦭑,cd
𦭒,cv
𦭓,cu
𦭔,cy
𦭕,cu
𦭖,cj
𦭗,cr
𦭘,ce
𦭙,ce
𦭚,cu
𦭛,cq
𦭜,cv
𦭝,cs
𦭞,cy
𦭟,cy
𦭠,ce
𦭡,ck
𦭢,cj
𦭣,cd
𦭤,cx
𦭥,cy
𦭦,cv
𦭧,cj
𦭨,cy
𦭩,cc
𦭪,cx
𦭫,ce
𦭬,cj
𦭭,ce
𦭮,cx
𦭯,cn
𦭰,cn
𦭱,cg
𦭲,cg
𦭳,cx
𦭴,cv
𦭵,cy
𦭶,ce
𦭷,cn
𦭸,cv
𦭹,ch
𦭺,cj
𦭻,cj
𦭼,cy
𦭽,cy
𦭾,cs
𦭿,cy
𦮀,ce
𦮁,cv
𦮂,co
𦮃,cb
𦮄,ca
𦮅,cj
𦮆,cy
𦮇,ca
𦮈,cy
𦮊,ci
𦮋,cv
𦮌,co
𦮍,cu
𦮎,cg
𦮏,ck
𦮐,cd
𦮑,ck
𦮒,cw
𦮓,cd
𦮔,cf
𦮕,cx
𦮖,cj
𦮗,cn
𦮘,cn
𦮙,ck
𦮚,cs
𦮛,cj
𦮜,cd
𦮝,cw
𦮞,cx
𦮟,cr
𦮠,ca
𦮡,cx
𦮢,cu
𦮣,cy
𦮤,cx
𦮥,cd
𦮦,ce
𦮧,cf
𦮨,cg
𦮩,cv
𦮪,cf
𦮫,cw
𦮬,ct
𦮭,cu
𦮮,cy
𦮯,cd
𦮰,cb
𦮱,cw
𦮲,cv
𦮳,cv
𦮴,cn
𦮵,cr
𦮶,cw
𦮷,cb
𦮸,cu
𦮹,cb
𦮺,cs
𦮻,co
𦮼,cx
𦮽,ck
𦮾,cn
𦮿,cl
𦯀,ct
𦯁,ct
𦯃,ck
𦯄,cl
𦯅,cy
𦯆,ch
𦯇,cx
𦯈,cy
𦯉,cb
𦯊,cg
𦯋,cf
𦯌,cx
𦯍,cv
𦯎,cw
𦯏,cl
𦯐,ck
𦯑,cu
𦯒,ce
𦯓,cq
𦯔,cd
𦯕,ca
𦯖,ct
𦯗,ck
𦯘,cy
𦯙,cy
𦯚,ck
𦯛,cr
𦯜,ce
𦯝,cx
𦯞,cy
𦯟,ck
𦯠,cv
𦯡,cx
𦯢,cg
𦯣,cq
𦯤,ce
𦯥,ch
𦯦,ce
𦯧,ca
𦯨,cu
𦯩,cw
𦯪,cu
𦯫,cy
𦯬,cu
𦯭,cl
𦯮,cm
𦯯,cr
𦯰,cu
𦯱,ci
𦯲,cw
𦯳,cc
𦯴,cr
𦯵,ce
𦯶,ck
𦯷,cu
𦯸,cj
𦯹,cx
𦯺,cn
𦯻,cw
𦯼,cg
𦯽,cn
𦯾,ck
𦯿,cc
𦰀,cx
𦰁,cz
𦰂,ch
𦰃,cc
𦰄,cv
𦰅,ck
𦰆,cm
𦰇,cn
𦰈,cd
𦰉,cv
𦰊,cz
𦰋,ck
𦰌,ce
𦰍,cx
𦰎,cx
𦰏,ca
𦰐,cs
𦰑,cy
𦰒,cu
𦰓,cm
𦰔,ca
𦰕,ca
𦰖,cl
𦰗,cu
𦰘,cu
𦰙,cb
𦰚,cy
𦰛,cf
𦰜,cy
𦰝,ck
𦰞,cy
𦰟,cy
𦰠,cg
𦰡,ce
𦰢,ce
𦰣,cu
𦰤,cn
𦰥,ce
𦰦,cw
𦰧,ca
𦰨,cy
𦰩,ct
𦰪,cr
𦰫,cb
𦰬,cj
𦰭,ct
𦰮,cb
𦰯,ck
𦰰,cj
𦰱,ck
𦰲,cy
𦰳,cy
𦰴,cx
𦰵,cd
𦰶,cj
𦰷,cu
𦰸,cx
𦰹,cy
𦰺,cu
𦰻,cq
𦰼,cv
𦰽,cp
𦰾,cb
𦰿,cx
𦱀,co
𦱁,cx
𦱂,ca
𦱃,cm
𦱄,cg
𦱅,cg
𦱆,cb
𦱇,cg
𦱈,cu
𦱉,cv
𦱊,cy
𦱋,co
𦱌,cu
𦱍,cm
𦱎,cc
𦱏,cx
𦱐,cw
𦱑,cu
𦱒,cw
𦱓,cc
𦱔,cb
𦱕,ck
𦱖,cc
𦱗,co
𦱘,cf
𦱙,ci
𦱚,cy
𦱛,cw
𦱜,cu
𦱝,cd
𦱞,cm
𦱟,cw
𦱠,cj
𦱡,ce
𦱢,cv
𦱣,cm
𦱤,co
𦱥,cv
𦱧,cb
𦱨,cx
𦱩,ca
𦱪,ci
𦱫,cm
𦱬,ct
𦱭,cb
𦱮,cr
𦱯,ca
𦱰,cd
𦱱,cl
𦱲,cr
𦱳,cy
𦱴,cc
𦱵,cu
𦱶,cr
𦱷,ch
𦱸,cj
𦱹,cc
𦱺,cw
𦱻,ch
𦱼,cv
𦱽,cr
𦱾,cp
𦱿,cw
𦲀,ck
𦲁,cb
𦲃,cs
𦲄,cg
𦲅,cj
𦲆,cj
𦲇,cw
𦲈,cj
𦲉,cu
𦲊,ch
𦲋,cf
𦲌,ch
𦲍,cb
𦲎,cx
𦲏,cf
𦲐,cl
𦲑,cu
𦲒,ct
𦲓,ch
𦲔,cv
𦲕,cy
𦲖,cv
𦲗,cu
𦲘,cw
𦲙,cu
𦲚,cq
𦲛,cb
𦲜,ca
𦲝,cm
𦲞,cs
𦲟,cd
𦲠,cs
𦲡,ct
𦲢,cr
𦲣,ct
𦲤,cy
𦲥,cy
𦲦,cj
𦲧,cg
𦲨,cl
𦲩,ce
𦲪,cy
𦲫,cf
𦲬,cm
𦲭,co
𦲮,ce
𦲯,cw
𦲰,ck
𦲱,cc
𦲲,cw
𦲴,cw
𦲵,cv
𦲶,ci
𦲷,cl
𦲸,cy
𦲹,cw
𦲺,cl
𦲻,cw
𦲼,cu
𦲽,cq
𦲾,cq
𦳀,cw
𦳁,cm
𦳂,cy
𦳃,ce
𦳄,cg
𦳅,cn
𦳆,cx
𦳇,cu
𦳈,cb
𦳉,co
𦳊,cd
𦳋,cy
𦳌,cx
𦳍,cg
𦳎,cq
𦳏,cq
𦳐,cu
𦳑,ca
𦳒,ch
𦳓,cj
𦳔,cy
𦳕,cu
𦳖,zk
𦳗,co
𦳘,cd
𦳙,cw
𦳚,cz
𦳛,cj
𦳜,co
𦳝,cw
𦳞,cf
𦳟,cy
𦳠,cu
𦳡,cy
𦳢,co
𦳣,cd
𦳤,ch
𦳥,cu
𦳦,ck
𦳧,cz
𦳨,cp
𦳩,co
𦳪,cb
𦳫,cq
𦳬,ck
𦳭,cn
𦳮,ca
𦳯,zu
𦳰,cq
𦳱,cj
𦳲,cd
𦳳,cp
𦳴,cc
𦳵,ct
𦳶,ci
𦳷,cy
𦳸,cr
𦳹,cu
𦳺,cy
𦳻,ce
𦳼,cn
𦳽,cy
𦳾,cy
𦳿,cu
𦴀,co
𦴁,cx
𦴃,cx
𦴄,co
𦴅,cw
𦴆,cj
𦴇,ca
𦴈,ck
𦴉,cg
𦴊,cy
𦴋,cy
𦴌,cx
𦴍,cy
𦴎,cu
𦴏,ck
𦴐,ct
𦴑,cg
𦴒,co
𦴓,cb
𦴔,co
𦴕,cm
𦴖,ck
𦴗,co
𦴘,cd
𦴙,cw
𦴚,ck
𦴛,cd
𦴜,cx
𦴝,cu
𦴞,cp
𦴟,cd
𦴠,co
𦴡,cy
𦴢,cb
𦴣,cy
𦴤,cy
𦴥,co
𦴦,ck
𦴧,cf
𦴨,ck
𦴩,ck
𦴪,cb
𦴫,cj
𦴬,cc
𦴭,cg
𦴮,cu
𦴯,cy
𦴰,ck
𦴱,cv
𦴲,cw
𦴳,cj
𦴴,cn
𦴵,cq
𦴶,dm
𦴷,cw
𦴸,ci
𦴹,cu
𦴺,ct
𦴻,cy
𦴼,cu
𦴽,cw
𦴾,cv
𦴿,cs
𦵀,cm
𦵁,ce
𦵂,ce
𦵃,cx
𦵄,cb
𦵅,ch
𦵆,ct
𦵇,cx
𦵈,cu
𦵉,cz
𦵊,cb
𦵋,ci
𦵌,cw
𦵍,cw
𦵎,ck
𦵏,cb
𦵐,ct
𦵑,cg
𦵒,ch
𦵓,ce
𦵔,cq
𦵕,ch
𦵖,cx
𦵗,cu
𦵘,cn
𦵙,ck
𦵚,cx
𦵛,ci
𦵜,cx
𦵝,cd
𦵞,cw
𦵟,ce
𦵠,cx
𦵡,ck
𦵢,ci
𦵣,cu
𦵤,cc
𦵥,cy
𦵦,cy
𦵧,cl
𦵨,cw
𦵩,cy
𦵪,cw
𦵫,cx
𦵬,cv
𦵭,cn
𦵮,cx
𦵯,ck
𦵰,ct
𦵱,co
𦵲,cy
𦵳,cg
𦵴,ca
𦵵,cr
𦵶,ca
𦵷,cr
𦵸,ch
𦵹,cd
𦵺,cx
𦵻,co
𦵼,ce
𦵽,cg
𦵾,co
𦵿,cd
𦶀,ch
𦶁,cb
𦶂,cb
𦶃,cb
𦶄,ct
𦶅,cx
𦶆,ci
𦶇,cm
𦶈,co
𦶉,cb
𦶊,ck
𦶋,cx
𦶌,ck
𦶍,cg
𦶎,cu
𦶏,cv
𦶐,cx
𦶑,cx
𦶒,ck
𦶓,cg
𦶔,cj
𦶕,co
𦶖,ca
𦶗,cr
𦶘,ct
𦶙,cd
𦶚,cf
𦶛,co
𦶜,ci
𦶝,cr
𦶞,cy
𦶟,ch
𦶠,cg
𦶡,ck
𦶢,cj
𦶣,ch
𦶤,cy
𦶥,cw
𦶦,ce
𦶧,cy
𦶨,cw
𦶩,cm
𦶪,ce
𦶫,ch
𦶬,cw
𦶭,cl
𦶮,cy
𦶯,cm
𦶰,cb
𦶱,cf
𦶲,cn
𦶳,cn
𦶴,cj
𦶵,cx
𦶶,ci
𦶷,cu
𦶸,cu
𦶹,ck
𦶺,cd
𦶻,cm
𦶼,cu
𦶽,cx
𦶾,cl
𦶿,ca
𦷀,cm
𦷁,cf
𦷂,cj
𦷃,cu
𦷄,cl
𦷅,cw
𦷆,cg
𦷇,cp
𦷈,cr
𦷉,cc
𦷊,cu
𦷋,cx
𦷌,ck
𦷍,cf
𦷎,ca
𦷏,cl
𦷐,cm
𦷑,cf
𦷒,cu
𦷓,ch
𦷔,cq
𦷕,cb
𦷖,cv
𦷗,cl
𦷘,cu
𦷙,cv
𦷚,cx
𦷛,co
𦷜,cw
𦷝,cx
𦷞,ca
𦷟,co
𦷠,cx
𦷡,cu
𦷢,cx
𦷣,cl
𦷤,cu
𦷥,cw
𦷦,cu
𦷧,cx
𦷨,cv
𦷩,cf
𦷪,cn
𦷫,cm
𦷬,cb
𦷭,cy
𦷮,ck
𦷯,cl
𦷰,cz
𦷱,cv
𦷲,cx
𦷳,cb
𦷴,ct
𦷵,cl
𦷶,cc
𦷷,cr
𦷸,cu
𦷹,co
𦷺,cw
𦷻,cy
𦷼,ck
𦷽,ce
𦷾,cj
𦷿,ck
𦸀,ct
𦸁,ch
𦸂,ca
𦸃,ct
𦸄,cd
𦸅,cn
𦸆,cb
𦸇,cu
𦸈,cg
𦸉,cg
𦸊,cv
𦸋,cg
𦸌,cy
𦸍,cx
𦸎,cc
𦸏,cv
𦸐,ct
𦸑,cg
𦸒,ck
𦸓,cu
𦸔,cp
𦸕,cd
𦸖,cy
𦸗,cx
𦸘,cg
𦸙,ce
𦸚,cb
𦸛,cg
𦸜,ck
𦸝,cx
𦸞,ci
𦸟,ck
𦸠,ch
𦸡,cj
𦸢,cy
𦸣,cu
𦸤,cy
𦸥,co
𦸦,cw
𦸧,ct
𦸨,ce
𦸩,cf
𦸪,cf
𦸫,cd
𦸬,cb
𦸭,ck
𦸮,ck
𦸯,ca
𦸰,cu
𦸱,cj
𦸲,cd
𦸳,ci
𦸴,cw
𦸵,cd
𦸶,iu
𦸷,cg
𦸸,ca
𦸹,cd
𦸺,cu
𦸻,ck
𦸼,cx
𦸽,ch
𦸾,ci
𦸿,cb
𦹀,ct
𦹁,ca
𦹂,ca
𦹃,ck
𦹄,ck
𦹅,cv
𦹇,cr
𦹈,cu
𦹉,ch
𦹊,ck
𦹋,cg
𦹌,ci
𦹍,cm
𦹎,cx
𦹏,cv
𦹐,ce
𦹑,cw
𦹒,cw
𦹓,ca
𦹔,cq
𦹕,cd
𦹖,cx
𦹗,cy
𦹘,cb
𦹙,ce
𦹚,cx
𦹛,ck
𦹜,cy
𦹝,cl
𦹞,ce
𦹟,cj
𦹠,cw
𦹡,cz
𦹢,cu
𦹣,ct
𦹤,co
𦹥,ci
𦹦,cj
𦹧,cm
𦹨,ct
𦹩,co
𦹪,ch
𦹫,cu
𦹬,cr
𦹭,cg
𦹮,cp
𦹯,gu
𦹰,cw
𦹱,ct
𦹲,cb
𦹳,cb
𦹴,cf
𦹵,cg
𦹶,cb
𦹷,ck
𦹸,ct
𦹹,ct
𦹺,cb
𦹻,cw
𦹼,cz
𦹽,cu
𦹾,cm
𦹿,cw
𦺀,cf
𦺁,ca
𦺂,ch
𦺃,cn
𦺄,cg
𦺅,cj
𦺆,cu
𦺇,cm
𦺈,cg
𦺉,cc
𦺊,cy
𦺋,cy
𦺌,cw
𦺍,cd
𦺎,ck
𦺏,cf
𦺐,cg
𦺑,cm
𦺒,cn
𦺓,co
𦺔,cu
𦺕,ct
𦺖,ck
𦺗,cy
𦺘,ck
𦺙,cn
𦺚,ck
𦺛,cu
𦺜,cl
𦺝,cm
𦺞,ck
𦺟,cy
𦺠,cg
𦺡,cu
𦺢,ck
𦺣,cy
𦺤,ca
𦺥,ce
𦺦,cd
𦺧,cd
𦺨,cu
𦺩,cg
𦺪,cm
𦺫,cl
𦺬,cr
𦺭,cy
𦺮,cr
𦺯,ca
𦺰,cx
𦺱,cb
𦺲,cb
𦺳,cv
𦺴,ca
𦺵,ca
𦺶,cd
𦺷,ce
𦺸,cf
𦺹,ce
𦺺,cj
𦺻,cw
𦺼,co
𦺽,cd
𦺾,cd
𦺿,co
𦻀,cz
𦻁,cq
𦻂,cg
𦻃,cv
𦻄,cp
𦻅,cf
𦻆,ca
𦻇,cx
𦻈,cy
𦻉,cy
𦻊,cb
𦻋,cj
𦻌,cm
𦻍,ct
𦻎,cj
𦻏,ck
𦻐,cu
𦻑,cy
𦻒,cy
𦻓,cw
𦻔,cw
𦻕,cx
𦻖,co
𦻗,cv
𦻘,co
𦻙,ce
𦻚,ce
𦻛,ch
𦻜,ca
𦻝,cg
𦻞,cd
𦻟,ck
𦻠,cu
𦻡,cy
𦻢,cd
𦻣,cl
𦻤,co
𦻥,cf
𦻦,cf
𦻧,cv
𦻨,cg
𦻩,ci
𦻪,cf
𦻫,cy
𦻬,cb
𦻭,cy
𦻮,cj
𦻯,cj
𦻰,cf
𦻱,cw
𦻲,cm
𦻳,co
𦻴,cz
𦻵,cl
𦻶,cd
𦻸,cx
𦻹,ch
𦻺,cw
𦻻,cj
𦻼,ci
𦻽,co
𦻾,cj
𦻿,ct
𦼀,cj
𦼁,ct
𦼂,cw
𦼃,cd
𦼄,cd
𦼅,ce
𦼆,cy
𦼇,cx
𦼈,ch
𦼉,cv
𦼊,cw
𦼋,cu
𦼌,qd
𦼍,cy
𦼎,cv
𦼏,co
𦼐,ch
𦼑,cb
𦼒,cx
𦼓,ch
𦼔,cx
𦼕,ca
𦼖,ch
𦼗,cn
𦼘,cp
𦼙,cz
𦼚,ca
𦼛,cp
𦼜,cx
𦼝,cx
𦼞,ct
𦼟,cy
𦼠,ck
𦼡,cj
𦼢,ct
𦼣,cd
𦼤,cv
𦼥,co
𦼦,cm
𦼧,cx
𦼨,cb
𦼩,cj
𦼪,ca
𦼫,cu
𦼬,cm
𦼭,cc
𦼮,cg
𦼯,cu
𦼰,cr
𦼱,ck
𦼲,ct
𦼳,cw
𦼴,cw
𦼵,cm
𦼶,ca
𦼷,cu
𦼸,ck
𦼹,ch
𦼺,cw
𦼻,cj
𦼼,cy
𦼽,cv
𦼾,ct
𦼿,cy
𦽀,cy
𦽁,cg
𦽂,ct
𦽃,cc
𦽄,cu
𦽅,ck
𦽆,cz
𦽇,cy
𦽈,cq
𦽉,ch
𦽊,ck
𦽋,cj
𦽌,ct
𦽎,cu
𦽏,cj
𦽐,cu
𦽑,cz
𦽒,cu
𦽓,cu
𦽔,cu
𦽕,cq
𦽖,ch
𦽗,cw
𦽘,cm
𦽙,zb
𦽚,cn
𦽛,cu
𦽜,cj
𦽝,cx
𦽞,cy
𦽟,cc
𦽠,ci
𦽡,cl
𦽢,cz
𦽣,cq
𦽤,cy
𦽥,ch
𦽦,cw
𦽧,cn
𦽨,cf
𦽩,ca
𦽪,ct
𦽫,cx
𦽬,cf
𦽭,cj
𦽮,cn
𦽯,ca
𦽰,cy
𦽱,cc
𦽲,cy
𦽳,cx
𦽴,co
𦽵,cn
𦽶,ce
𦽷,cy
𦽸,cy
𦽹,co
𦽺,cw
𦽻,ca
𦽼,ca
𦽽,cd
𦽾,ct
𦽿,cb
𦾀,cb
𦾁,cx
𦾂,cx
𦾃,cm
𦾄,cn
𦾅,cu
𦾆,cy
𦾇,cw
𦾈,ca
𦾉,cn
𦾊,cf
𦾋,cf
𦾌,cf
𦾍,cx
𦾎,cn
𦾏,cj
𦾐,cm
𦾑,cd
𦾒,cw
𦾓,ck
𦾔,co
𦾕,ct
𦾖,ci
𦾗,cm
𦾘,cx
𦾙,cu
𦾚,ct
𦾛,cf
𦾜,cg
𦾝,cu
𦾞,cm
𦾟,cm
𦾠,cu
𦾡,cj
𦾢,cb
𦾣,cv
𦾤,cx
𦾥,ci
𦾦,cn
𦾧,co
𦾨,cn
𦾩,cj
𦾪,cw
𦾫,cu
𦾬,cb
𦾭,cf
𦾮,ca
𦾯,cu
𦾰,ch
𦾱,cg
𦾲,cg
𦾳,cw
𦾴,cx
𦾵,ca
𦾶,ct
𦾷,cp
𦾸,ce
𦾹,cw
𦾺,cv
𦾻,cx
𦾼,cr
𦾽,cx
𦾾,cf
𦾿,co
𦿀,co
𦿁,ct
𦿂,cn
𦿃,co
𦿄,cw
𦿅,cj
𦿆,cw
𦿇,ce
𦿈,cc
𦿉,cl
𦿊,ct
𦿋,cr
𦿌,ch
𦿍,cf
𦿎,cw
𦿏,cx
𦿐,cg
𦿑,cc
𦿒,ch
𦿓,cu
𦿔,cc
𦿕,ca
𦿖,cb
𦿗,cm
𦿘,cm
𦿙,cg
𦿚,cx
𦿛,cb
𦿜,cb
𦿝,cj
𦿞,cx
𦿟,ck
𦿠,cv
𦿡,cu
𦿢,cu
𦿣,ck
𦿤,ct
𦿥,cr
𦿦,cd
𦿧,ca
𦿨,ct
𦿩,co
𦿪,cf
𦿫,co
𦿬,cn
𦿭,cr
𦿮,cu
𦿯,cx
𦿰,cm
𦿱,cj
𦿲,cn
𦿳,ct
𦿴,cx
𦿵,cw
𦿶,cd
𦿷,cd
𦿸,ci
𦿹,cu
𦿺,cm
𦿻,cw
𦿼,cv
𦿽,cy
𦿾,cu
𦿿,cn
𧀀,cq
𧀁,ck
𧀂,cu
𧀃,cl
𧀄,cw
𧀅,ch
𧀆,cb
𧀇,ct
𧀈,co
𧀉,cx
𧀊,ca
𧀋,cm
𧀌,cq
𧀍,cw
𧀎,co
𧀏,cy
𧀐,cg
𧀑,cv
𧀒,cw
𧀓,cn
𧀔,cp
𧀕,cx
𧀖,cz
𧀗,ct
𧀘,cb
𧀙,ch
𧀚,ch
𧀛,ch
𧀜,cj
𧀝,cm
𧀞,cl
𧀟,cm
𧀠,cz
𧀡,ch
𧀢,ca
𧀣,cv
𧀤,cr
𧀥,cw
𧀦,co
𧀧,cw
𧀨,cv
𧀩,cw
𧀪,cx
𧀫,cw
𧀬,cu
𧀭,cd
𧀮,cw
𧀯,ct
𧀰,cj
𧀱,cx
𧀲,cx
𧀳,cb
𧀴,co
𧀵,ca
𧀶,cz
𧀷,cc
𧀸,cw
𧀹,ch
𧀺,cy
𧀻,ck
𧀼,cx
𧀽,cm
𧀾,cd
𧀿,ce
𧁀,cm
𧁁,cy
𧁂,cu
𧁃,ct
𧁄,cd
𧁅,cj
𧁆,cj
𧁇,cy
𧁈,ca
𧁉,cb
𧁊,cx
𧁋,cx
𧁌,cx
𧁍,cy
𧁎,cw
𧁏,cz
𧁐,cb
𧁑,cx
𧁒,cy
𧁓,ci
𧁔,cm
𧁕,ck
𧁖,ct
𧁗,cx
𧁘,cc
𧁙,cg
𧁚,ct
𧁛,ca
𧁜,cx
𧁝,ck
𧁞,cu
𧁟,cn
𧁠,cd
𧁡,cf
𧁢,cn
𧁣,cg
𧁤,cv
𧁦,cm
𧁨,cd
𧁩,cg
𧁪,cj
𧁫,ca
𧁬,cv
𧁭,ce
𧁮,cf
𧁯,cf
𧁰,cy
𧁱,cw
𧁲,ct
𧁳,cb
𧁴,cd
𧁵,ch
𧁶,ct
𧁷,ci
𧁸,cg
𧁹,gg
𧁺,ck
𧁻,cj
𧁼,co
𧁽,cf
𧁾,cg
𧁿,ci
𧂀,cy
𧂁,cg
𧂂,cg
𧂃,cy
𧂄,cj
𧂅,cp
𧂆,cd
𧂇,cx
𧂈,ca
𧂉,ct
𧂊,cj
𧂋,cx
𧂌,cf
𧂍,cg
𧂎,cb
𧂏,cx
𧂐,cb
𧂑,ch
𧂒,ch
𧂓,og
𧂔,cu
𧂕,cl
𧂖,cj
𧂗,cr
𧂘,cx
𧂙,ch
𧂚,cm
𧂛,cw
𧂜,cn
𧂝,cg
𧂞,ch
𧂟,cb
𧂠,cb
𧂡,cx
𧂢,cy
𧂣,cu
𧂤,co
𧂥,cj
𧂦,ce
𧂧,cw
𧂨,cz
𧂩,ci
𧂪,cb
𧂫,cb
𧂬,cb
𧂭,cc
𧂮,cy
𧂯,cm
𧂰,cb
𧂱,cq
𧂲,cm
𧂳,cu
𧂴,cv
𧂵,ct
𧂶,cn
𧂷,cu
𧂸,ct
𧂹,cr
𧂺,cx
𧂻,cg
𧂼,ck
𧂽,uf
𧂾,cm
𧂿,cx
𧃀,cy
𧃁,cd
𧃂,cm
𧃃,cj
𧃄,cv
𧃅,cx
𧃆,cu
𧃇,ck
𧃈,ck
𧃉,ch
𧃊,cg
𧃋,cm
𧃌,co
𧃍,cw
𧃎,cx
𧃏,cq
𧃐,cg
𧃑,cy
𧃒,cn
𧃓,ck
𧃔,cv
𧃕,cz
𧃖,cj
𧃗,cm
𧃘,cq
𧃙,cf
𧃚,co
𧃛,cr
𧃜,cw
𧃝,cg
𧃞,cg
𧃟,cg
𧃠,co
𧃡,ca
𧃢,cg
𧃣,cd
𧃤,cb
𧃥,cy
𧃦,cv
𧃧,cx
𧃨,ce
𧃩,cz
𧃪,xk
𧃫,co
𧃬,ch
𧃭,ca
𧃮,cf
𧃯,cz
𧃰,cw
𧃱,cx
𧃲,cm
𧃳,cw
𧃴,cb
𧃵,cb
𧃶,cu
𧃷,ck
𧃸,cx
𧃹,ca
𧃺,ca
𧃻,ck
𧃼,ck
𧃽,cx
𧃾,ca
𧃿,cx
𧄀,cu
𧄁,cy
𧄂,ci
𧄃,cu
𧄄,cx
𧄅,cx
𧄆,cw
𧄇,cy
𧄈,cx
𧄉,cx
𧄊,ct
𧄋,ca
𧄌,cz
𧄍,cx
𧄎,cx
𧄏,cw
𧄐,cy
𧄑,cb
𧄒,cv
𧄓,tv
𧄔,co
𧄕,co
𧄖,ch
𧄗,cq
𧄘,cu
𧄙,co
𧄚,cl
𧄛,ck
𧄜,cx
𧄝,ch
𧄞,cn
𧄟,cu
𧄠,ca
𧄡,ca
𧄢,cr
𧄣,hu
𧄤,ck
𧄥,cy
𧄦,cw
𧄧,cm
𧄨,ce
𧄩,cg
𧄪,co
𧄫,cx
𧄬,cy
𧄭,cm
𧄮,ck
𧄯,ck
𧄰,cv
𧄱,cx
𧄲,cd
𧄳,ck
𧄴,cy
𧄵,cv
𧄶,cx
𧄷,cn
𧄸,cq
𧄹,co
𧄺,cy
𧄻,cv
𧄼,cb
𧄽,cb
𧄾,ch
𧄿,cy
𧅀,cj
𧅁,cj
𧅂,ca
𧅃,ch
𧅄,cw
𧅅,cw
𧅆,ci
𧅇,ci
𧅈,cv
𧅉,cb
𧅊,zf
𧅋,cg
𧅌,ch
𧅍,cx
𧅎,cb
𧅏,cu
𧅐,ch
𧅑,cl
𧅒,cj
𧅓,ck
𧅔,cm
𧅕,cv
𧅖,cn
𧅗,ch
𧅘,ce
𧅙,cy
𧅚,cy
𧅛,cv
𧅜,cj
𧅝,co
𧅞,cy
𧅟,ca
𧅠,co
𧅡,ck
𧅢,cr
𧅣,za
𧅤,cb
𧅥,co
𧅦,ab
𧅧,cn
𧅨,cd
𧅩,cu
𧅪,ci
𧅫,cj
𧅬,ci
𧅭,cu
𧅮,ci
𧅯,cn
𧅰,cy
𧅱,cj
𧅲,ca
𧅳,cb
𧅴,cj
𧅶,ci
𧅷,cz
𧅸,cl
𧅹,cy
𧅺,cy
𧅻,cn
𧅼,cf
𧅽,cd
𧅾,cg
𧅿,cn
𧆀,cv
𧆁,cy
𧆂,cj
𧆃,ci
𧆄,ua
𧆅,cg
𧆆,cc
𧆇,ci
𧆈,cy
𧆉,cx
𧆊,cy
𧆋,ch
𧆌,cj
𧆍,cb
𧆎,cx
𧆏,co
𧆐,cb
𧆑,cv
𧆒,cx
𧆓,cb
𧆔,cy
𧆕,ch
𧆖,cn
𧆗,cm
𧆘,ca
𧆙,cx
𧆚,cn
𧆛,hy
𧆜,hv
𧆝,hy
𧆞,hj
𧆟,hj
𧆠,hu
𧆡,jj
𧆢,hj
𧆣,ht
𧆤,hy
𧆥,hj
𧆦,pj
𧆧,he
𧆨,ht
𧆩,hr
𧆪,hb
𧆫,hv
𧆬,hj
𧆭,hy
𧆮,hj
𧆯,hc
𧆰,hz
𧆱,hk
𧆲,hb
𧆳,ha
𧆴,ho
𧆵,hp
𧆶,hv
𧆷,hg
𧆸,hh
𧆹,hx
𧆺,rj
𧆻,hg
𧆼,hd
𧆽,hb
𧆾,hg
𧆿,hy
𧇀,hb
𧇁,hf
𧇂,hw
𧇃,ha
𧇄,ht
𧇅,ho
𧇆,hy
𧇇,hq
𧇈,hq
𧇉,hg
𧇊,hv
𧇋,ho
𧇌,hk
𧇍,fj
𧇎,hk
𧇏,ht
𧇐,rj
𧇑,gj
𧇒,hv
𧇓,hx
𧇔,hj
𧇕,ht
𧇖,ho
𧇗,ho
𧇙,hl
𧇚,hb
𧇛,hc
𧇜,ij
𧇝,uj
𧇞,hv
𧇟,hk
𧇠,hj
𧇡,hg
𧇢,tj
𧇣,hq
𧇤,hb
𧇥,ha
𧇦,dj
𧇧,vj
𧇨,ha
𧇩,ho
𧇪,ho
𧇫,hb
𧇬,ij
𧇭,hv
𧇮,hk
𧇯,hz
𧇰,hx
𧇱,hk
𧇲,gq
𧇳,xj
𧇴,hu
𧇵,ru
𧇶,ho
𧇷,oj
𧇸,hh
𧇹,hu
𧇺,gy
𧇻,hl
𧇼,kb
𧇽,hg
𧇾,hk
𧇿,hq
𧈀,hr
𧈁,jr
𧈂,ho
𧈃,hk
𧈄,hw
𧈅,uj
𧈆,hd
𧈇,hp
𧈈,hg
𧈉,ho
𧈊,vj
𧈋,ht
𧈌,ij
𧈍,kj
𧈎,hp
𧈏,dj
𧈐,ku
𧈑,hu
𧈒,ht
𧈓,hw
𧈔,ho
𧈕,ym
𧈖,ij
𧈗,ij
𧈘,ho
𧈙,hc
𧈚,hm
𧈛,rj
𧈜,hm
𧈝,iv
𧈞,vi
𧈟,ki
𧈠,ui
𧈡,yi
𧈢,ib
𧈣,in
𧈤,ji
𧈥,is
𧈦,ni
𧈧,si
𧈨,xi
𧈩,gi
𧈪,ci
𧈫,gi
𧈬,gi
𧈭,iw
𧈮,iw
𧈯,iv
𧈰,zi
𧈱,gi
𧈲,vi
𧈳,id
𧈴,ig
𧈵,is
𧈶,ii
𧈷,ix
𧈸,wi
𧈹,di
𧈺,ig
𧈻,iu
𧈼,ip
𧈽,is
𧈾,ih
𧈿,ix
𧉀,iv
𧉁,qi
𧉂,it
𧉃,iy
𧉄,ig
𧉅,iy
𧉆,iz
𧉇,bi
𧉈,ib
𧉉,fi
𧉊,fi
𧉋,iu
𧉌,vi
𧉍,in
𧉎,io
𧉏,xi
𧉐,iy
𧉑,it
𧉒,fi
𧉓,ai
𧉔,iv
𧉕,yi
𧉖,in
𧉗,yi
𧉘,vi
𧉙,it
𧉚,iw
𧉛,iy
𧉜,ui
𧉝,ig
𧉞,id
𧉟,ik
𧉠,ik
𧉡,ie
𧉢,ib
𧉣,iy
𧉤,ic
𧉥,bi
𧉦,ig
𧉧,iq
𧉨,gi
𧉩,ij
𧉪,li
𧉫,iy
𧉬,im
𧉭,ni
𧉮,iy
𧉯,im
𧉰,ix
𧉱,iu
𧉲,ig
𧉴,bi
𧉵,iv
𧉶,vi
𧉷,hi
𧉸,if
𧉹,iv
𧉺,ui
𧉻,ib
𧉼,il
𧉽,ij
𧉾,ii
𧉿,iw
𧊀,ik
𧊁,io
𧊂,id
𧊃,wi
𧊄,iv
𧊅,il
𧊆,ri
𧊇,ri
𧊈,mi
𧊉,if
𧊊,iy
𧊋,iu
𧊌,ik
𧊍,iu
𧊎,il
𧊏,ir
𧊐,iy
𧊑,ip
𧊒,di
𧊓,iv
𧊔,ri
𧊕,iu
𧊖,ig
𧊗,ie
𧊘,ik
𧊙,io
𧊚,ik
𧊛,ik
𧊜,in
𧊝,ci
𧊞,id
𧊟,ni
𧊠,ir
𧊡,gi
𧊢,ui
𧊣,iy
𧊤,ib
𧊥,id
𧊦,if
𧊧,ri
𧊨,ie
𧊩,ig
𧊪,wi
𧊫,ie
𧊬,ci
𧊭,iy
𧊮,ci
𧊯,yi
𧊰,ri
𧊱,ia
𧊲,iw
𧊳,id
𧊴,ii
𧊵,in
𧊶,ia
𧊷,in
𧊸,iu
𧊹,bi
𧊺,ii
𧊻,it
𧊼,id
𧊽,id
𧊾,mi
𧊿,di
𧋀,iv
𧋁,ir
𧋂,iy
𧋃,iz
𧋄,ig
𧋅,id
𧋆,il
𧋇,iv
𧋈,iv
𧋉,ig
𧋊,di
𧋋,ik
𧋌,gi
𧋍,it
𧋎,il
𧋏,ij
𧋐,iu
𧋑,ig
𧋒,ii
𧋓,ik
𧋔,gi
𧋕,ia
𧋖,iv
𧋗,ut
𧋘,id
𧋙,iw
𧋚,ri
𧋛,qi
𧋜,vi
𧋝,ia
𧋞,it
𧋟,im
𧋠,ui
𧋡,ii
𧋢,iz
𧋣,ik
𧋤,id
𧋥,iz
𧋦,im
𧋧,it
𧋨,iz
𧋩,zi
𧋪,iy
𧋫,iz
𧋬,ix
𧋭,it
𧋮,it
𧋯,oi
𧋰,pi
𧋱,il
𧋲,wi
𧋳,gi
𧋴,wi
𧋵,iw
𧋶,iu
𧋷,ix
𧋸,iw
𧋹,iu
𧋺,ix
𧋻,ik
𧋼,ic
𧋽,iw
𧋾,ib
𧋿,ig
𧌀,ik
𧌁,ri
𧌂,iu
𧌃,in
𧌄,id
𧌅,iy
𧌆,ig
𧌇,io
𧌈,ij
𧌉,it
𧌊,iw
𧌋,ie
𧌌,oi
𧌍,iu
𧌎,ib
𧌏,io
𧌐,ui
𧌑,ii
𧌒,gi
𧌓,iu
𧌔,ai
𧌕,iz
𧌖,ig
𧌗,iy
𧌘,oi
𧌙,yi
𧌚,ih
𧌛,pi
𧌜,pi
𧌝,di
𧌞,ie
𧌟,ii
𧌠,pi
𧌡,ii
𧌢,si
𧌣,di
𧌤,ij
𧌥,id
𧌦,si
𧌧,id
𧌨,ip
𧌩,wi
𧌪,oi
𧌫,ij
𧌬,ix
𧌭,ir
𧌮,iu
𧌯,it
𧌰,if
𧌱,fi
𧌲,ui
𧌳,ib
𧌴,ie
𧌵,id
𧌶,yi
𧌷,ib
𧌸,iu
𧌹,iu
𧌺,ie
𧌻,ai
𧌼,id
𧌽,ix
𧌾,id
𧌿,pi
𧍀,bi
𧍁,ir
𧍂,io
𧍃,if
𧍄,iy
𧍅,ri
𧍆,ig
𧍇,il
𧍈,iv
𧍉,iu
𧍊,it
𧍋,ic
𧍌,ik
𧍍,il
𧍎,io
𧍏,ig
𧍐,id
𧍑,ir
𧍒,ie
𧍓,pi
𧍔,in
𧍕,ie
𧍖,io
𧍗,ik
𧍘,iy
𧍙,ci
𧍚,ik
𧍛,il
𧍜,it
𧍝,ij
𧍞,ik
𧍟,ci
𧍠,ix
𧍡,id
𧍢,ri
𧍣,ci
𧍤,ix
𧍥,iy
𧍦,bi
𧍧,ik
𧍨,ki
𧍩,id
𧍪,id
𧍫,if
𧍬,ic
𧍭,iu
𧍮,ik
𧍯,if
𧍰,iu
𧍱,it
𧍲,ig
𧍳,ir
𧍴,ij
𧍵,gi
𧍶,iy
𧍷,ci
𧍸,wi
𧍹,ik
𧍺,ie
𧍻,ri
𧍼,id
𧍽,gt
𧍾,gi
𧍿,ip
𧎀,ai
𧎁,ij
𧎂,ui
𧎃,bi
𧎄,iw
𧎅,ti
𧎆,ci
𧎇,ii
𧎈,id
𧎉,id
𧎊,ii
𧎋,ic
𧎌,ii
𧎍,iz
𧎎,ie
𧎏,gi
𧎐,ih
𧎑,id
𧎒,iu
𧎓,ii
𧎔,ic
𧎕,bi
𧎖,iu
𧎗,hi
𧎘,id
𧎙,ie
𧎚,iu
𧎛,iq
𧎜,it
𧎝,it
𧎞,ip
𧎟,ie
𧎠,io
𧎡,ik
𧎢,ib
𧎣,ie
𧎤,ix
𧎥,ix
𧎦,ix
𧎧,ib
𧎨,ix
𧎩,ia
𧎪,ui
𧎫,ib
𧎬,ni
𧎭,ui
𧎮,ii
𧎯,ig
𧎰,ui
𧎱,bi
𧎲,ig
𧎳,ix
𧎴,ik
𧎵,im
𧎶,gi
𧎷,ic
𧎸,ik
𧎹,ti
𧎺,ik
𧎻,mi
𧎼,if
𧎽,io
𧎾,io
𧎿,bi
𧏀,ix
𧏁,it
𧏂,id
𧏃,id
𧏄,zi
𧏅,wi
𧏆,ii
𧏇,vi
𧏈,ib
𧏉,if
𧏊,ci
𧏋,gi
𧏌,ti
𧏍,pi
𧏎,ii
𧏏,iq
𧏐,ii
𧏑,il
𧏒,oi
𧏓,it
𧏔,kt
𧏕,ir
𧏖,ib
𧏗,ib
𧏘,iu
𧏙,is
𧏚,ti
𧏛,yi
𧏜,it
𧏝,sl
𧏞,ig
𧏟,mi
𧏠,ia
𧏡,iw
𧏢,if
𧏣,iy
𧏤,ci
𧏥,ix
𧏦,ih
𧏧,iw
𧏨,qi
𧏩,is
𧏪,ia
𧏫,iu
𧏬,ii
𧏭,iu
𧏮,ix
𧏯,ic
𧏰,ie
𧏱,im
𧏲,ih
𧏳,if
𧏴,il
𧏵,id
𧏶,ii
𧏷,it
𧏸,ig
𧏹,iu
𧏺,ik
𧏻,if
𧏼,vi
𧏽,ix
𧏾,ki
𧏿,iu
𧐀,iw
𧐁,iq
𧐂,ui
𧐃,id
𧐄,iq
𧐅,iq
𧐆,gi
𧐇,ic
𧐈,fi
𧐉,ui
𧐊,ii
𧐋,ik
𧐌,ki
𧐍,ij
𧐎,ij
𧐏,ui
𧐐,ib
𧐑,ix
𧐒,iu
𧐓,li
𧐔,ib
𧐕,ic
𧐖,ii
𧐗,iz
𧐘,si
𧐙,il
𧐚,ih
𧐛,iw
𧐜,ti
𧐝,id
𧐞,ix
𧐟,ix
𧐠,gi
𧐡,ti
𧐢,im
𧐣,ik
𧐤,in
𧐥,iz
𧐦,iy
𧐧,ii
𧐨,ti
𧐩,ic
𧐪,iz
𧐫,ii
𧐬,iy
𧐭,iw
𧐮,ii
𧐯,ti
𧐰,ki
𧐱,ri
𧐲,ij
𧐳,is
𧐴,ib
𧐵,di
𧐶,gi
𧐷,it
𧐸,ip
𧐹,ix
𧐺,iy
𧐻,iv
𧐼,iu
𧐽,ih
𧐾,ie
𧐿,iu
𧑀,ig
𧑁,ip
𧑂,iw
𧑃,iw
𧑄,iu
𧑅,il
𧑆,il
𧑇,ia
𧑈,ib
𧑉,zi
𧑊,ix
𧑋,ib
𧑌,ig
𧑍,if
𧑎,ii
𧑏,iy
𧑐,ik
𧑑,if
𧑒,iw
𧑓,iu
𧑔,il
𧑕,ix
𧑖,ui
𧑗,iy
𧑘,di
𧑙,iy
𧑚,id
𧑛,ia
𧑜,ib
𧑝,fi
𧑞,ii
𧑟,iu
𧑠,iu
𧑡,ib
𧑢,gt
𧑣,ti
𧑤,pi
𧑥,vi
𧑦,ig
𧑧,fu
𧑨,fi
𧑩,iy
𧑪,mi
𧑫,ix
𧑬,pi
𧑭,ti
𧑮,ie
𧑯,ni
𧑰,ib
𧑱,ik
𧑲,ib
𧑳,ih
𧑵,is
𧑶,ir
𧑷,in
𧑸,pi
𧑹,io
𧑺,iz
𧑻,iz
𧑼,xi
𧑽,iz
𧑾,ib
𧑿,si
𧒀,iw
𧒁,hi
𧒂,pi
𧒃,yi
𧒄,io
𧒅,if
𧒆,ic
𧒇,io
𧒈,di
𧒉,ii
𧒊,io
𧒋,ij
𧒌,ik
𧒍,zi
𧒎,wi
𧒏,ii
𧒐,it
𧒑,iv
𧒒,wi
𧒓,ib
𧒔,qi
𧒕,ti
𧒖,ik
𧒗,ik
𧒘,if
𧒙,pi
𧒚,ci
𧒛,oi
𧒜,yi
𧒝,ui
𧒞,io
𧒠,iy
𧒡,bi
𧒢,vi
𧒣,ci
𧒤,ci
𧒥,ii
𧒦,fi
𧒧,bi
𧒨,ct
𧒩,ig
𧒪,ib
𧒫,iy
𧒬,iy
𧒭,ib
𧒮,ia
𧒯,io
𧒰,ij
𧒱,iv
𧒲,ib
𧒳,id
𧒴,iz
𧒵,iw
𧒶,iy
𧒷,im
𧒸,ix
𧒹,ik
𧒺,il
𧒻,iy
𧒼,iu
𧒽,it
𧒾,xi
𧒿,iu
𧓀,ri
𧓁,iw
𧓂,wi
𧓃,oi
𧓄,ix
𧓅,ii
𧓆,ic
𧓇,iu
𧓈,ik
𧓉,wi
𧓊,fi
𧓋,it
𧓌,ih
𧓍,ib
𧓎,pi
𧓏,iu
𧓐,ei
𧓑,yi
𧓒,ib
𧓓,iy
𧓔,mi
𧓕,di
𧓖,oi
𧓗,iq
𧓘,ic
𧓙,ia
𧓚,wi
𧓛,ib
𧓜,ia
𧓝,id
𧓞,if
𧓟,pi
𧓠,ik
𧓡,ia
𧓢,ui
𧓣,gi
𧓤,gi
𧓥,iy
𧓦,im
𧓧,iw
𧓨,ki
𧓩,ib
𧓪,ig
𧓫,bi
𧓬,iw
𧓭,ij
𧓮,wi
𧓯,iw
𧓰,ie
𧓱,ki
𧓲,ig
𧓳,ib
𧓴,iw
𧓵,ci
𧓶,if
𧓷,xi
𧓸,ie
𧓹,mi
𧓺,ih
𧓻,ix
𧓼,ih
𧓽,ii
𧓾,iy
𧓿,ci
𧔀,iw
𧔁,ei
𧔂,bi
𧔃,bi
𧔄,fi
𧔅,iy
𧔆,ti
𧔇,ie
𧔈,bi
𧔉,ia
𧔊,it
𧔋,ic
𧔌,iu
𧔍,ik
𧔎,io
𧔏,ci
𧔐,ci
𧔑,bi
𧔒,ij
𧔓,fi
𧔔,wi
𧔕,ia
𧔖,ib
𧔗,pi
𧔘,iy
𧔙,iu
𧔚,ig
𧔛,ie
𧔜,io
𧔝,iv
𧔞,ii
𧔟,im
𧔠,ik
𧔡,ui
𧔢,ji
𧔣,ib
𧔤,qi
𧔥,ib
𧔦,ih
𧔧,zi
𧔨,di
𧔩,ci
𧔪,vi
𧔫,ig
𧔬,ia
𧔭,bi
𧔮,ui
𧔯,bi
𧔰,ri
𧔱,ji
𧔲,bi
𧔳,pi
𧔴,ci
𧔵,wi
𧔶,vi
𧔷,iv
𧔸,ik
𧔹,it
𧔺,ki
𧔻,bi
𧔼,ig
𧔽,il
𧔾,iy
𧔿,iv
𧕀,it
𧕁,if
𧕂,ij
𧕃,it
𧕄,ix
𧕅,ik
𧕆,ig
𧕇,iy
𧕈,ui
𧕉,ig
𧕊,iy
𧕋,ic
𧕌,ti
𧕍,ik
𧕎,di
𧕏,ci
𧕐,ci
𧕑,mi
𧕒,fi
𧕓,id
𧕔,wi
𧕕,wi
𧕖,iy
𧕗,ij
𧕘,iv
𧕙,ri
𧕚,ix
𧕛,ki
𧕜,yi
𧕝,bi
𧕞,hi
𧕟,iy
𧕠,pi
𧕡,iw
𧕢,li
𧕣,ri
𧕤,vi
𧕥,id
𧕦,ki
𧕧,ji
𧕨,ii
𧕩,ie
𧕪,iy
𧕫,it
𧕬,ib
𧕭,im
𧕮,iv
𧕯,ib
𧕰,gi
𧕱,wi
𧕲,ri
𧕳,iy
𧕴,ci
𧕵,ki
𧕶,yi
𧕷,ci
𧕸,mi
𧕹,gi
𧕺,if
𧕻,il
𧕼,vi
𧕽,wi
𧕾,gi
𧕿,fi
𧖀,vi
𧖁,wi
𧖂,jm
𧖃,iq
𧖄,ii
𧖅,bi
𧖆,iy
𧖇,gi
𧖈,ti
𧖉,ui
𧖊,wi
𧖋,il
𧖌,iu
𧖍,pm
𧖎,ti
𧖏,ui
𧖐,ij
𧖑,gi
𧖒,iy
𧖓,gi
𧖔,ei
𧖕,pi
𧖖,iu
𧖗,ix
𧖘,iu
𧖙,oi
𧖚,gi
𧖛,wb
𧖜,ir
𧖝,ri
𧖞,yi
𧖟,ni
𧖠,vi
𧖡,ci
𧖢,vi
𧖣,ii
𧖤,di
𧖥,ji
𧖦,pi
𧖧,pd
𧖨,pk
𧖩,pl
𧖪,px
𧖫,pg
𧖬,gm
𧖭,vm
𧖮,po
𧖯,bm
𧖰,pe
𧖱,pe
𧖲,ph
𧖳,km
𧖴,im
𧖵,pe
𧖶,dm
𧖷,px
𧖸,wm
𧖹,pu
𧖺,om
𧖻,pa
𧖼,pk
𧖽,om
𧖾,pu
𧖿,pc
𧗀,pb
𧗁,ym
𧗂,px
𧗃,pm
𧗄,im
𧗅,pa
𧗆,cm
𧗇,gm
𧗈,pc
𧗉,dm
𧗊,ym
𧗋,pp
𧗌,ph
𧗍,ym
𧗎,cm
𧗏,pb
𧗐,pw
𧗑,dm
𧗒,gm
𧗓,gm
𧗔,pk
𧗕,jm
𧗖,im
𧗗,pw
𧗘,cm
𧗙,ym
𧗚,ym
𧗛,lm
𧗜,lm
𧗝,rj
𧗞,rr
𧗟,rr
𧗠,rd
𧗡,rr
𧗢,ry
𧗣,ru
𧗤,rq
𧗥,rt
𧗦,rk
𧗧,ro
𧗨,rw
𧗩,bd
𧗪,rv
𧗫,rs
𧗬,rj
𧗭,rc
𧗮,rk
𧗯,rg
𧗰,rd
𧗱,rm
𧗲,rw
𧗳,rk
𧗴,ry
𧗵,ru
𧗶,rx
𧗷,rq
𧗸,rg
𧗹,ro
𧗺,rx
𧗻,rf
𧗼,rx
𧗽,rd
𧗾,rd
𧗿,ru
𧘀,rg
𧘁,ry
𧘂,rl
𧘃,rb
𧘄,rc
𧘅,rb
𧘆,rv
𧘇,yy
𧘈,pl
𧘉,yk
𧘊,yj
𧘋,pb
𧘌,pn
𧘍,pg
𧘎,yk
𧘏,pg
𧘐,pq
𧘑,pu
𧘒,pa
𧘓,pv
𧘔,px
𧘕,pu
𧘖,pr
𧘗,ky
𧘘,yy
𧘙,ya
𧘚,pk
𧘛,ps
𧘜,pq
𧘝,ym
𧘞,pd
𧘟,pj
𧘠,yf
𧘡,pu
𧘢,ph
𧘣,pu
𧘤,pg
𧘥,pi
𧘦,yw
𧘧,pk
𧘨,yd
𧘩,fy
𧘪,py
𧘫,yc
𧘬,pu
𧘭,yv
𧘮,yx
𧘯,yo
𧘰,py
𧘱,pb
𧘲,pv
𧘳,yb
𧘴,wy
𧘵,pd
𧘶,pw
𧘷,pv
𧘸,pt
𧘹,pt
𧘺,py
𧘻,pt
𧘼,yk
𧘽,ny
𧘾,py
𧘿,pv
𧙀,pl
𧙁,vy
𧙂,pf
𧙃,yk
𧙄,pb
𧙅,pk
𧙆,pg
𧙇,pj
𧙈,pk
𧙉,yi
𧙊,pk
𧙋,pv
𧙌,yb
𧙍,py
𧙎,yj
𧙏,yy
𧙐,dy
𧙑,ky
𧙒,pk
𧙓,pv
𧙔,pt
𧙕,pw
𧙖,pg
𧙗,pk
𧙘,by
𧙙,wy
𧙚,yy
𧙛,pj
𧙜,by
𧙝,pi
𧙞,pu
𧙟,py
𧙠,pd
𧙡,pb
𧙢,pg
𧙣,py
𧙤,pa
𧙥,pk
𧙦,yb
𧙧,pg
𧙨,ry
𧙩,yd
𧙪,yk
𧙫,pe
𧙬,yw
𧙭,gy
𧙮,pd
𧙯,jy
𧙰,yb
𧙱,pj
𧙲,pk
𧙳,ry
𧙴,yw
𧙵,yl
𧙶,by
𧙷,pd
𧙸,ph
𧙹,pk
𧙺,pk
𧙻,py
𧙼,pv
𧙽,pi
𧙾,ry
𧙿,py
𧚀,pm
𧚁,py
𧚂,pc
𧚃,px
𧚄,pw
𧚅,pl
𧚆,pz
𧚇,pe
𧚈,px
𧚉,pw
𧚊,pv
𧚋,pf
𧚌,yt
𧚍,yq
𧚎,pi
𧚏,pu
𧚐,gy
𧚑,pk
𧚒,ny
𧚓,pj
𧚔,py
𧚕,pd
𧚖,pz
𧚗,pk
𧚘,pn
𧚙,pv
𧚚,dy
𧚝,gy
𧚞,yk
𧚟,pm
𧚠,wy
𧚡,py
𧚢,pe
𧚣,ly
𧚤,yx
𧚥,py
𧚦,pa
𧚧,pj
𧚨,pz
𧚩,hy
𧚪,pn
𧚫,po
𧚬,pg
𧚭,pg
𧚮,pv
𧚯,py
𧚰,yy
𧚱,yw
𧚲,vy
𧚳,pd
𧚴,pi
𧚵,hy
𧚶,pd
𧚷,pi
𧚸,py
𧚹,yb
𧚺,pz
𧚻,pb
𧚼,pk
𧚽,yw
𧚾,wy
𧚿,ey
𧛀,ay
𧛁,yy
𧛂,pg
𧛃,ph
𧛄,py
𧛅,px
𧛆,po
𧛇,pi
𧛈,pc
𧛉,yw
𧛊,po
𧛋,px
𧛌,yy
𧛍,pj
𧛎,ps
𧛏,py
𧛐,pt
𧛑,pt
𧛒,pd
𧛓,pw
𧛔,pm
𧛕,po
𧛖,py
𧛗,pq
𧛘,pa
𧛙,ya
𧛚,py
𧛛,pg
𧛜,ty
𧛝,pw
𧛞,po
𧛟,pu
𧛠,pb
𧛡,pk
𧛢,pw
𧛣,uy
𧛤,px
𧛥,pr
𧛦,gy
𧛧,kx
𧛨,wy
𧛩,pj
𧛪,pk
𧛫,yo
𧛬,cy
𧛭,pk
𧛮,pu
𧛯,by
𧛰,yo
𧛱,ry
𧛲,py
𧛳,pu
𧛴,pb
𧛵,vy
𧛶,pc
𧛷,pk
𧛸,pc
𧛹,px
𧛺,px
𧛻,px
𧛼,pc
𧛽,uy
𧛾,pm
𧛿,yh
𧜀,pl
𧜁,pu
𧜂,pj
𧜃,pm
𧜄,pg
𧜅,pk
𧜆,pu
𧜇,pb
𧜈,yj
𧜉,wy
𧜊,yo
𧜋,pc
𧜌,uy
𧜍,ym
𧜎,pu
𧜏,wy
𧜐,px
𧜑,pj
𧜒,pc
𧜓,po
𧜔,po
𧜕,py
𧜖,pb
𧜗,pm
𧜘,pb
𧜙,pb
𧜚,qy
𧜛,pe
𧜜,oy
𧜝,pu
𧜞,py
𧜟,wy
𧜠,pu
𧜡,pm
𧜢,px
𧜣,pn
𧜤,ky
𧜥,ph
𧜦,pu
𧜧,pj
𧜨,pf
𧜩,px
𧜪,yt
𧜫,yb
𧜬,ph
𧜭,py
𧜮,py
𧜯,ya
𧜰,pw
𧜱,pn
𧜲,po
𧜳,pw
𧜴,pj
𧜵,pj
𧜶,pt
𧜷,uy
𧜸,yr
𧜹,po
𧜺,pp
𧜻,vy
𧜼,ty
𧜽,pz
𧜾,py
𧜿,pf
𧝀,pg
𧝁,px
𧝂,pb
𧝃,pk
𧝄,ph
𧝅,px
𧝆,po
𧝇,pb
𧝈,ph
𧝉,px
𧝊,po
𧝋,pw
𧝌,ph
𧝍,po
𧝎,pl
𧝏,iy
𧝐,pk
𧝑,yg
𧝒,pb
𧝓,pu
𧝔,py
𧝕,yf
𧝖,wy
𧝗,wy
𧝘,pj
𧝙,po
𧝚,by
𧝛,ry
𧝜,px
𧝝,pb
𧝞,pr
𧝟,xy
𧝠,pw
𧝡,pk
𧝢,yj
𧝣,gy
𧝤,pt
𧝥,ym
𧝦,iy
𧝧,pg
𧝨,pk
𧝩,po
𧝪,pc
𧝫,pj
𧝬,xy
𧝭,pb
𧝮,px
𧝯,pe
𧝰,pk
𧝱,pv
𧝲,pu
𧝳,pw
𧝴,po
𧝵,pa
𧝶,pr
𧝷,jy
𧝸,pv
𧝹,wy
𧝺,ya
𧝻,yc
𧝼,pd
𧝽,pq
𧝿,pj
𧞀,pl
𧞁,pj
𧞂,yj
𧞃,px
𧞄,pk
𧞅,py
𧞆,py
𧞇,pw
𧞈,oy
𧞉,ay
𧞊,pn
𧞋,pj
𧞌,ph
𧞍,pu
𧞎,px
𧞏,pb
𧞐,yy
𧞑,pu
𧞒,ty
𧞓,po
𧞔,pm
𧞕,ey
𧞖,pe
𧞗,yt
𧞘,pf
𧞙,xy
𧞚,wy
𧞛,pv
𧞜,jy
𧞝,pj
𧞞,ph
𧞟,pk
𧞠,zx
𧞡,ny
𧞢,gy
𧞣,pq
𧞤,py
𧞥,yn
𧞦,ph
𧞧,ph
𧞨,pq
𧞩,pg
𧞪,pv
𧞫,pb
𧞬,pj
𧞭,pt
𧞮,yy
𧞯,gy
𧞰,px
𧞱,py
𧞲,pd
𧞳,ph
𧞴,yk
𧞵,pd
𧞶,pm
𧞷,px
𧞸,pb
𧞹,ty
𧞺,ty
𧞻,yx
𧞼,py
𧞽,pn
𧞾,pq
𧞿,pv
𧟀,pg
𧟁,pk
𧟂,pj
𧟃,pk
𧟄,pf
𧟅,pb
𧟆,ph
𧟇,pc
𧟈,ph
𧟉,po
𧟊,pm
𧟋,pm
𧟌,pv
𧟍,ph
𧟎,pb
𧟏,xy
𧟐,pi
𧟑,pm
𧟒,pi
𧟓,pw
𧟔,po
𧟕,ph
𧟖,pj
𧟗,pu
𧟘,py
𧟙,pr
𧟚,pi
𧟛,ly
𧟜,pl
𧟝,py
𧟞,py
𧟟,ly
𧟠,xa
𧟡,xa
𧟢,vx
𧟣,xj
𧟤,xc
𧟥,xc
𧟦,xw
𧟧,xt
𧟨,xc
𧟩,xo
𧟪,xy
𧟫,xk
𧟬,xq
𧟭,gx
𧟮,xf
𧟯,xk
𧟰,wn
𧟱,xy
𧟲,xf
𧟳,xo
𧟴,xj
𧟵,xy
𧟶,xo
𧟷,fx
𧟸,xb
𧟹,xu
𧟻,xu
𧟼,xt
𧟽,xb
𧟿,xw
𧠁,xf
𧠂,xw
𧠃,xw
𧠄,xe
𧠅,xb
𧠆,ze
𧠇,ve
𧠈,yj
𧠉,yj
𧠊,kj
𧠋,jc
𧠌,jc
𧠍,vj
𧠎,uj
𧠏,ij
𧠐,jy
𧠑,jm
𧠒,wj
𧠓,kj
𧠔,xj
𧠕,jd
𧠖,jy
𧠗,jo
𧠘,jv
𧠙,vj
𧠚,fj
𧠛,vj
𧠜,sj
𧠝,rj
𧠞,hj
𧠟,uj
𧠠,mj
𧠡,pj
𧠢,qj
𧠣,zj
𧠤,fj
𧠥,uj
𧠦,jo
𧠧,yj
𧠨,ij
𧠩,gj
𧠪,uj
𧠫,gj
𧠬,vj
𧠭,jf
𧠮,jk
𧠯,tj
𧠰,wj
𧠱,gj
𧠲,wj
𧠳,vj
𧠴,jc
𧠵,uj
𧠶,uj
𧠷,wj
𧠸,yj
𧠹,tj
𧠺,nj
𧠻,jk
𧠼,nj
𧠽,bj
𧠾,vj
𧠿,oj
𧡀,dj
𧡁,uj
𧡂,tj
𧡃,bj
𧡄,ju
𧡅,dj
𧡆,oj
𧡇,jl
𧡈,kj
𧡉,jd
𧡊,rj
𧡋,ij
𧡌,hj
𧡍,dj
𧡎,jj
𧡏,yj
𧡐,uj
𧡑,bj
𧡒,jy
𧡓,vj
𧡔,cj
𧡕,jy
𧡖,rj
𧡗,vj
𧡘,tj
𧡙,cj
𧡚,uj
𧡛,lj
𧡜,oj
𧡝,jb
𧡞,rj
𧡟,bj
𧡠,kj
𧡡,bj
𧡢,bj
𧡣,hj
𧡤,hj
𧡥,gj
𧡦,pj
𧡧,bj
𧡨,oj
𧡩,vj
𧡪,cj
𧡫,bj
𧡬,vj
𧡭,jv
𧡮,aj
𧡯,oj
𧡰,oj
𧡱,lj
𧡲,ij
𧡳,vj
𧡴,jj
𧡵,dj
𧡶,oj
𧡷,jf
𧡸,yj
𧡹,vj
𧡺,lj
𧡻,wj
𧡼,ij
𧡽,lj
𧡾,vj
𧡿,lj
𧢀,xj
𧢁,jc
𧢂,kj
𧢃,uj
𧢄,xj
𧢅,jx
𧢆,ij
𧢇,xj
𧢈,mj
𧢉,pj
𧢊,jq
𧢋,xj
𧢌,zj
𧢍,xj
𧢎,aj
𧢏,vj
𧢐,bj
𧢑,jo
𧢒,rj
𧢓,rj
𧢔,uj
𧢕,bj
𧢖,cj
𧢗,pj
𧢘,bj
𧢙,jm
𧢚,cj
𧢛,oj
𧢜,aj
𧢝,ij
𧢞,hj
𧢟,vj
𧢠,jw
𧢡,jw
𧢢,rj
𧢣,aj
𧢤,jw
𧢥,yj
𧢦,pj
𧢧,uj
𧢨,jj
𧢩,oj
𧢪,bj
𧢫,pj
𧢬,tj
𧢭,oj
𧢮,bj
𧢯,cj
𧢰,cj
𧢱,yj
𧢲,dr
𧢳,dv
𧢴,dd
𧢵,dk
𧢶,db
𧢷,di
𧢸,dg
𧢹,dj
𧢺,dg
𧢻,dn
𧢼,py
𧢽,db
𧢾,dw
𧢿,dj
𧣀,dy
𧣁,de
𧣂,dv
𧣃,db
𧣄,dv
𧣅,by
𧣆,vy
𧣇,du
𧣈,dn
𧣉,py
𧣊,dt
𧣋,dj
𧣌,hy
𧣍,dj
𧣎,dy
𧣏,dy
𧣐,dy
𧣑,dg
𧣒,dj
𧣓,dv
𧣔,du
𧣕,dr
𧣖,db
𧣗,dg
𧣘,dp
𧣙,dx
𧣚,dd
𧣛,ds
𧣜,dq
𧣝,dv
𧣞,dq
𧣟,dy
𧣠,dv
𧣡,xy
𧣢,dg
𧣣,dx
𧣤,db
𧣥,de
𧣦,df
𧣧,dy
𧣨,di
𧣩,dj
𧣪,do
𧣫,dz
𧣬,dq
𧣭,dv
𧣮,dy
𧣯,fy
𧣰,ds
𧣱,dy
𧣲,dg
𧣳,dg
𧣴,dg
𧣵,dc
𧣶,de
𧣷,dk
𧣸,dy
𧣹,dh
𧣺,du
𧣻,dg
𧣼,da
𧣽,dv
𧣾,dj
𧣿,df
𧤀,dx
𧤁,dw
𧤂,ty
𧤃,dw
𧤄,de
𧤅,gy
𧤆,dx
𧤇,da
𧤈,da
𧤉,do
𧤊,ny
𧤋,dc
𧤌,dx
𧤍,dj
𧤎,dd
𧤏,de
𧤐,dk
𧤑,jy
𧤒,du
𧤓,do
𧤔,du
𧤕,dy
𧤖,dy
𧤗,de
𧤘,oy
𧤙,hy
𧤚,dx
𧤛,dh
𧤜,dg
𧤝,dt
𧤞,df
𧤟,dm
𧤠,da
𧤡,dw
𧤢,dn
𧤣,du
𧤤,dn
𧤥,dw
𧤦,dk
𧤧,du
𧤨,dn
𧤩,du
𧤪,dn
𧤫,dr
𧤬,de
𧤭,by
𧤮,dk
𧤯,da
𧤰,dd
𧤱,dx
𧤲,dh
𧤳,dc
𧤴,ty
𧤵,dt
𧤶,dx
𧤷,du
𧤸,dw
𧤹,fy
𧤺,do
𧤻,df
𧤼,dq
𧤽,do
𧤾,dk
𧤿,dy
𧥀,gy
𧥁,dk
𧥂,dx
𧥃,du
𧥄,de
𧥅,dn
𧥆,tu
𧥇,dg
𧥈,dm
𧥉,du
𧥊,dq
𧥋,dv
𧥌,db
𧥍,dh
𧥎,dy
𧥏,dk
𧥐,dg
𧥑,gy
𧥒,dt
𧥓,dt
𧥔,bi
𧥕,dd
𧥖,db
𧥗,db
𧥘,di
𧥙,gy
𧥚,gy
𧥛,wk
𧥜,wk
𧥝,vk
𧥞,yl
𧥟,yv
𧥠,jk
𧥡,zk
𧥢,dk
𧥣,yk
𧥤,yu
𧥥,vk
𧥦,yv
𧥧,xk
𧥨,yu
𧥩,yy
𧥪,yg
𧥫,yb
𧥬,yj
𧥭,yj
𧥮,yh
𧥯,yy
𧥰,yn
𧥱,yf
𧥲,wk
𧥳,yc
𧥴,ye
𧥵,yo
𧥶,yw
𧥷,yv
𧥸,yn
𧥹,yf
𧥺,yy
𧥻,yk
𧥼,yy
𧥽,ek
𧥾,yg
𧥿,uk
𧦀,yy
𧦁,yr
𧦂,wt
𧦃,yy
𧦄,yu
𧦅,yq
𧦆,yy
𧦇,xk
𧦈,yh
𧦉,yg
𧦊,ok
𧦋,yu
𧦌,yu
𧦍,yw
𧦎,yk
𧦏,yk
𧦐,yv
𧦑,yj
𧦒,ya
𧦓,yp
𧦔,ju
𧦕,yk
𧦖,yv
𧦗,ok
𧦘,yy
𧦙,kk
𧦚,yy
𧦛,yy
𧦜,yx
𧦝,yh
𧦞,yj
𧦟,yf
𧦠,ys
𧦡,yg
𧦢,yk
𧦣,yn
𧦤,yk
𧦥,mk
𧦦,yr
𧦧,yy
𧦨,yb
𧦩,yy
𧦪,gk
𧦫,yl
𧦬,gk
𧦭,yy
𧦮,yg
𧦯,yw
𧦰,yl
𧦱,bk
𧦲,lk
𧦳,yu
𧦴,bk
𧦵,yt
𧦶,yk
𧦷,yx
𧦸,gk
𧦹,yb
𧦺,yq
𧦻,yk
𧦼,yg
𧦽,yx
𧦾,yy
𧦿,yn
𧧀,yw
𧧁,xk
𧧂,yx
𧧃,ik
𧧄,yn
𧧅,yl
𧧆,yl
𧧇,ya
𧧈,yx
𧧉,yq
𧧊,ys
𧧋,yd
𧧌,yx
𧧍,yx
𧧎,yx
𧧏,nk
𧧐,ya
𧧑,wk
𧧒,yu
𧧓,ym
𧧔,yv
𧧕,yz
𧧖,yj
𧧗,ye
𧧘,yb
𧧙,xy
𧧚,yc
𧧛,ye
𧧜,yx
𧧝,yy
𧧞,vy
𧧟,yu
𧧠,ye
𧧡,yg
𧧢,yi
𧧣,yx
𧧤,yt
𧧥,yq
𧧦,yk
𧧧,kk
𧧨,ya
𧧩,yb
𧧪,yy
𧧫,yg
𧧬,gk
𧧭,yf
𧧮,yv
𧧯,yg
𧧰,yi
𧧱,yu
𧧲,ye
𧧳,yf
𧧴,yx
𧧵,yr
𧧶,ym
𧧷,yq
𧧸,yd
𧧹,rk
𧧺,yt
𧧻,yv
𧧼,yh
𧧽,yf
𧧾,yb
𧧿,xk
𧨀,yr
𧨁,yk
𧨂,yk
𧨃,yi
𧨄,yk
𧨅,ck
𧨆,yi
𧨇,ya
𧨈,gk
𧨉,yw
𧨊,yv
𧨋,yv
𧨌,ya
𧨍,rk
𧨎,yy
𧨏,yq
𧨐,yn
𧨑,yl
𧨒,yg
𧨓,yo
𧨔,yw
𧨕,ye
𧨖,yy
𧨗,yh
𧨘,yp
𧨙,yt
𧨚,yt
𧨛,yb
𧨜,yo
𧨝,yk
𧨞,yd
𧨟,wk
𧨠,yy
𧨡,yk
𧨢,yg
𧨣,nk
𧨤,yg
𧨥,yo
𧨦,ym
𧨧,ek
𧨨,yu
𧨩,yx
𧨪,yo
𧨫,yg
𧨬,yw
𧨭,ik
𧨮,yu
𧨯,ya
𧨰,yd
𧨱,yu
𧨲,xk
𧨳,yu
𧨴,yu
𧨵,yf
𧨶,yy
𧨷,yo
𧨸,yb
𧨹,yu
𧨺,gk
𧨻,rk
𧨼,yw
𧨽,yc
𧨾,ya
𧨿,yb
𧩀,yx
𧩁,uu
𧩂,yf
𧩃,yx
𧩄,yg
𧩅,yw
𧩆,yt
𧩇,yj
𧩈,yq
𧩉,yr
𧩊,yk
𧩋,ak
𧩌,ym
𧩍,yg
𧩎,yw
𧩏,dk
𧩐,yr
𧩑,yo
𧩒,ym
𧩓,yx
𧩔,yg
𧩕,yn
𧩖,yi
𧩗,yy
𧩙,yd
𧩚,yu
𧩛,yk
𧩜,ya
𧩝,wo
𧩞,ek
𧩟,yx
𧩠,yb
𧩡,yk
𧩢,yk
𧩣,yx
𧩤,ym
𧩥,wk
𧩦,ya
𧩧,yy
𧩨,yu
𧩩,yu
𧩪,yx
𧩫,yx
𧩬,yy
𧩭,yo
𧩮,yy
𧩯,yn
𧩰,yv
𧩱,yk
𧩲,yd
𧩳,yv
𧩴,ya
𧩵,wk
𧩶,yd
𧩷,yx
𧩸,yc
𧩹,yy
𧩺,yg
𧩻,yt
𧩼,yw
𧩽,yz
𧩾,ik
𧩿,yb
𧪀,yg
𧪁,yy
𧪂,yz
𧪃,yk
𧪄,yk
𧪅,yx
𧪆,yk
𧪇,ye
𧪈,yd
𧪉,yy
𧪊,yh
𧪋,yb
𧪌,yz
𧪍,ym
𧪎,yi
𧪏,yy
𧪐,yp
𧪑,yo
𧪒,yu
𧪓,yd
𧪔,sk
𧪕,yy
𧪖,yb
𧪗,yr
𧪘,yg
𧪙,yd
𧪚,yb
𧪛,yh
𧪜,yo
𧪝,yr
𧪞,ym
𧪟,yx
𧪠,yu
𧪡,yo
𧪢,ym
𧪣,yh
𧪤,yw
𧪥,yd
𧪦,yx
𧪧,yy
𧪨,ym
𧪩,yx
𧪪,ym
𧪫,yb
𧪬,xx
𧪭,yt
𧪮,yk
𧪯,yl
𧪰,yk
𧪱,yk
𧪲,yl
𧪳,yx
𧪴,yt
𧪵,gk
𧪶,yz
𧪷,ct
𧪸,yr
𧪹,yx
𧪺,yc
𧪻,yl
𧪼,yb
𧪽,yo
𧪾,yx
𧫀,yy
𧫁,yy
𧫂,wz
𧫃,gk
𧫄,yp
𧫅,yu
𧫆,yx
𧫇,yb
𧫈,yk
𧫉,yx
𧫊,gk
𧫋,nk
𧫌,yd
𧫍,yw
𧫎,yx
𧫏,gk
𧫐,yo
𧫑,yj
𧫒,yu
𧫓,yd
𧫔,yt
𧫕,yu
𧫖,yx
𧫗,yx
𧫘,we
𧫙,ye
𧫚,yj
𧫛,yy
𧫜,gk
𧫝,yw
𧫞,yy
𧫟,yd
𧫠,yt
𧫡,yt
𧫢,yw
𧫣,uk
𧫤,yf
𧫥,yd
𧫦,kk
𧫧,yy
𧫨,yo
𧫩,yr
𧫪,yr
𧫫,wu
𧫬,fk
𧫭,yo
𧫮,yg
𧫯,bk
𧫰,yz
𧫱,yu
𧫲,yl
𧫳,yx
𧫴,ye
𧫵,yc
𧫶,yc
𧫷,uk
𧫸,yp
𧫹,ds
𧫺,ym
𧫻,yu
𧫼,ya
𧫽,yh
𧫾,yy
𧫿,yc
𧬀,yx
𧬁,yu
𧬂,yb
𧬃,yv
𧬄,yu
𧬅,yo
𧬆,yk
𧬇,yb
𧬈,yx
𧬉,ok
𧬊,ck
𧬋,yu
𧬌,yu
𧬍,yk
𧬎,yh
𧬏,yc
𧬐,ye
𧬑,rk
𧬒,yw
𧬓,dk
𧬔,ya
𧬕,yx
𧬖,yw
𧬗,ya
𧬘,yo
𧬙,yt
𧬚,we
𧬛,yu
𧬜,yt
𧬝,yw
𧬞,yy
𧬟,yu
𧬠,yu
𧬡,yr
𧬢,yo
𧬣,gk
𧬤,yl
𧬥,ye
𧬦,yy
𧬧,yt
𧬨,yu
𧬩,yj
𧬪,yi
𧬫,yh
𧬬,yw
𧬭,yf
𧬮,yd
𧬯,yv
𧬰,xk
𧬱,yk
𧬲,yi
𧬳,yg
𧬴,yo
𧬵,yu
𧬶,yp
𧬷,yu
𧬸,yk
𧬹,yb
𧬺,yj
𧬻,yy
𧬼,yw
𧬽,yn
𧬾,yk
𧬿,yr
𧭀,yd
𧭁,ik
𧭂,yu
𧭃,fk
𧭄,ya
𧭅,yw
𧭆,yc
𧭇,yf
𧭈,yd
𧭉,yb
𧭊,yu
𧭋,yx
𧭌,yw
𧭍,yu
𧭎,yf
𧭏,yt
𧭐,bk
𧭑,yg
𧭒,jk
𧭓,yh
𧭔,vk
𧭕,wj
𧭖,yw
𧭗,ym
𧭘,yo
𧭙,yu
𧭚,yx
𧭛,wk
𧭜,yx
𧭝,yu
𧭞,yv
𧭟,yn
𧭠,yh
𧭡,yd
𧭢,yb
𧭣,yj
𧭤,yu
𧭥,ya
𧭦,yw
𧭧,yh
𧭨,rk
𧭩,yt
𧭪,yl
𧭫,yg
𧭬,yl
𧭭,pk
𧭮,yf
𧭯,yg
𧭰,yb
𧭱,ys
𧭲,yh
𧭳,kk
𧭴,yy
𧭵,yw
𧭶,yx
𧭷,yo
𧭸,yj
𧭹,vk
𧭺,yg
𧭻,yk
𧭼,yj
𧭽,yk
𧭾,yb
𧭿,sk
𧮀,sk
𧮁,yy
𧮂,yo
𧮃,yh
𧮄,yk
𧮅,yy
𧮆,yn
𧮇,yd
𧮈,yz
𧮉,yk
𧮊,wk
𧮋,yl
𧮌,xj
𧮍,yo
𧮎,yk
𧮏,yn
𧮐,ek
𧮑,yx
𧮒,yy
𧮓,yv
𧮔,ym
𧮕,ym
𧮖,yg
𧮗,wx
𧮘,yi
𧮙,yk
𧮚,yi
𧮛,yv
𧮜,yg
𧮝,dk
𧮞,yy
𧮟,yk
𧮠,yo
𧮡,yb
𧮢,yx
𧮣,bk
𧮤,yj
𧮥,kk
𧮦,yk
𧮧,yj
𧮨,yx
𧮩,lk
𧮪,yv
𧮫,rk
𧮬,gu
𧮭,gw
𧮮,gq
𧮯,ug
𧮰,gv
𧮱,gf
𧮲,bg
𧮳,gg
𧮴,gg
𧮵,gk
𧮶,gk
𧮷,gc
𧮸,hy
𧮹,gk
𧮺,gg
𧮻,gk
𧮼,wg
𧮽,gj
𧮾,vg
𧮿,gg
𧯀,gy
𧯁,gu
𧯂,gu
𧯃,gk
𧯄,hg
𧯅,go
𧯆,gk
𧯇,gd
𧯈,go
𧯉,bg
𧯊,gx
𧯋,gy
𧯌,gu
𧯍,gl
𧯎,go
𧯏,ig
𧯐,gw
𧯑,go
𧯒,go
𧯓,gk
𧯔,gu
𧯕,go
𧯖,go
𧯗,gd
𧯘,gw
𧯙,gr
𧯚,bb
𧯛,cb
𧯜,bb
𧯝,dq
𧯞,dt
𧯟,fb
𧯠,dj
𧯡,xb
𧯢,lb
𧯣,tb
𧯤,dv
𧯥,gb
𧯦,jb
𧯧,tb
𧯨,dx
𧯩,dz
𧯪,dd
𧯫,bd
𧯬,dg
𧯭,xu
𧯮,fb
𧯯,db
𧯰,dj
𧯱,da
𧯲,dl
𧯳,bb
𧯴,ab
𧯵,df
𧯶,uk
𧯷,cb
𧯸,tu
𧯹,lb
𧯺,wb
𧯻,tk
𧯼,tk
𧯽,kb
𧯾,td
𧯿,tu
𧰀,tk
𧰁,dt
𧰂,dx
𧰃,dn
𧰄,wb
𧰅,qf
𧰆,df
𧰇,tr
𧰈,mb
𧰉,dx
𧰊,tb
𧰋,tj
𧰌,mb
𧰍,xb
𧰎,dl
𧰏,dk
𧰐,db
𧰑,kb
𧰒,ta
𧰓,eb
𧰔,ab
𧰕,tm
𧰖,wb
𧰗,dd
𧰘,tu
𧰙,ur
𧰚,qm
𧰛,eb
𧰜,hv
𧰝,tm
𧰞,qm
𧰟,qm
𧰠,tv
𧰡,tv
𧰢,qf
𧰣,th
𧰤,dy
𧰥,pb
𧰦,vu
𧰨,pn
𧰩,ud
𧰪,gu
𧰫,uj
𧰬,au
𧰭,ub
𧰮,ou
𧰯,us
𧰰,uy
𧰱,uy
𧰲,hu
𧰳,au
𧰴,ug
𧰵,uu
𧰶,uk
𧰷,um
𧰸,up
𧰹,ui
𧰺,hu
𧰻,us
𧰼,du
𧰽,au
𧰾,us
𧰿,ux
𧱀,ue
𧱁,uk
𧱂,ud
𧱃,au
𧱄,ku
𧱅,uy
𧱆,ue
𧱇,uy
𧱈,hu
𧱉,uh
𧱊,uy
𧱋,yu
𧱌,vu
𧱍,ua
𧱎,um
𧱏,xu
𧱐,uz
𧱑,ul
𧱒,ub
𧱓,up
𧱔,oj
𧱕,uu
𧱖,us
𧱗,ub
𧱘,lj
𧱙,un
𧱚,uo
𧱛,uy
𧱜,uc
𧱝,yu
𧱞,eu
𧱟,ub
𧱠,uv
𧱡,ug
𧱢,us
𧱣,uy
𧱤,ul
𧱥,ut
𧱦,up
𧱧,um
𧱨,uy
𧱩,ug
𧱪,ut
𧱫,uo
𧱬,ud
𧱭,uw
𧱮,uy
𧱯,uy
𧱰,uy
𧱱,up
𧱲,um
𧱳,lu
𧱴,ul
𧱵,uk
𧱶,gu
𧱷,uz
𧱸,uo
𧱹,uc
𧱺,uk
𧱻,uj
𧱼,ur
𧱽,uo
𧱾,uq
𧱿,uo
𧲀,un
𧲂,uf
𧲃,uw
𧲄,uw
𧲅,uo
𧲆,ub
𧲇,tu
𧲈,uo
𧲉,ux
𧲊,gu
𧲋,uu
𧲌,uz
𧲍,ux
𧲎,cu
𧲏,uu
𧲐,uu
𧲑,uk
𧲒,ul
𧲓,uz
𧲔,ru
𧲕,un
𧲖,ul
𧲗,uo
𧲘,ug
𧲙,uk
𧲚,uk
𧲛,cu
𧲜,uu
𧲝,ru
𧲞,rj
𧲟,ui
𧲠,vv
𧲡,vl
𧲢,vq
𧲣,vc
𧲤,vn
𧲥,vo
𧲦,vy
𧲧,vb
𧲨,vk
𧲩,vo
𧲪,vj
𧲫,vj
𧲬,vu
𧲭,vg
𧲮,vv
𧲯,vy
𧲰,vq
𧲱,vy
𧲲,vg
𧲳,vx
𧲴,vd
𧲵,vt
𧲶,vq
𧲷,vu
𧲸,vv
𧲹,vy
𧲺,vp
𧲻,vv
𧲼,vj
𧲽,vj
𧲾,vj
𧲿,vk
𧳀,vu
𧳁,vx
𧳂,vq
𧳃,vi
𧳄,vx
𧳅,vl
𧳆,vk
𧳇,vk
𧳈,vj
𧳉,vk
𧳊,vy
𧳋,vd
𧳌,ve
𧳍,vo
𧳎,vk
𧳏,vk
𧳐,vj
𧳑,vp
𧳒,vb
𧳓,vl
𧳔,vs
𧳕,vl
𧳖,vb
𧳗,vb
𧳘,vk
𧳙,vl
𧳚,vu
𧳛,vn
𧳜,vk
𧳝,vu
𧳞,vv
𧳟,vl
𧳠,vw
𧳡,vl
𧳢,vb
𧳣,vd
𧳤,vx
𧳥,va
𧳦,vx
𧳧,vb
𧳨,va
𧳩,vu
𧳪,vo
𧳫,vy
𧳬,vo
𧳭,vy
𧳮,vv
𧳯,vd
𧳰,vi
𧳱,ve
𧳲,ve
𧳳,vc
𧳴,vc
𧳵,vc
𧳶,vy
𧳷,vb
𧳸,vo
𧳹,vc
𧳺,vv
𧳻,vi
𧳼,vd
𧳽,vt
𧳾,vb
𧳿,vv
𧴀,vb
𧴁,vn
𧴂,vf
𧴃,vt
𧴄,vo
𧴅,vx
𧴆,vy
𧴇,vz
𧴈,ve
𧴉,vd
𧴊,vx
𧴋,vu
𧴌,vf
𧴍,vb
𧴎,vv
𧴏,vv
𧴐,vn
𧴑,vw
𧴒,vb
𧴓,ve
𧴔,vh
𧴕,vx
𧴖,vu
𧴗,vv
𧴘,vu
𧴙,vv
𧴚,vo
𧴛,vn
𧴜,va
𧴝,vr
𧴞,vb
𧴟,vf
𧴠,vv
𧴡,vb
𧴢,vq
𧴣,vw
𧴤,bb
𧴥,lb
𧴦,bb
𧴧,bl
𧴨,wb
𧴩,bb
𧴪,xb
𧴫,bc
𧴬,bd
𧴭,pb
𧴮,gb
𧴯,bz
𧴰,bg
𧴱,bn
𧴲,vb
𧴳,yb
𧴴,ob
𧴵,sb
𧴶,bu
𧴷,bp
𧴸,be
𧴹,cb
𧴺,pb
𧴻,wb
𧴼,bd
𧴽,bw
𧴾,ib
𧴿,ab
𧵀,bk
𧵁,bu
𧵂,bo
𧵃,bu
𧵄,bu
𧵅,bb
𧵆,bt
𧵇,by
𧵈,bg
𧵉,bx
𧵊,bg
𧵋,bu
𧵌,by
𧵍,xb
𧵎,gb
𧵏,xb
𧵑,bg
𧵒,bb
𧵓,bk
𧵔,ub
𧵕,yb
𧵖,bw
𧵗,tb
𧵘,br
𧵙,bv
𧵚,xb
𧵛,bk
𧵜,db
𧵝,bl
𧵞,kb
𧵟,bg
𧵠,ib
𧵡,bc
𧵢,bb
𧵣,bo
𧵤,bc
𧵥,bv
𧵦,bg
𧵧,bs
𧵨,bn
𧵩,ub
𧵪,bd
𧵫,bl
𧵬,by
𧵭,gb
𧵮,be
𧵯,vb
𧵰,rb
𧵱,sb
𧵲,db
𧵳,bk
𧵴,by
𧵵,bm
𧵶,be
𧵷,bw
𧵸,gb
𧵹,ab
𧵺,bw
𧵻,bg
𧵼,gb
𧵽,kb
𧵾,bu
𧵿,bb
𧶀,sy
𧶁,yb
𧶂,bd
𧶃,yb
𧶄,by
𧶅,bm
𧶆,bk
𧶇,bt
𧶈,bo
𧶉,bb
𧶊,ky
𧶋,bv
𧶌,ub
𧶍,by
𧶎,bb
𧶏,bb
𧶐,gb
𧶑,ub
𧶒,gb
𧶓,yb
𧶔,bw
𧶕,bw
𧶖,bj
𧶗,bk
𧶘,db
𧶙,bb
𧶚,ub
𧶛,bl
𧶜,wb
𧶝,ab
𧶞,bh
𧶟,bg
𧶠,tb
𧶡,bb
𧶢,bb
𧶣,rb
𧶤,gb
𧶥,bj
𧶧,bo
𧶨,bh
𧶩,bj
𧶪,lb
𧶫,by
𧶬,bd
𧶭,bc
𧶮,bg
𧶯,bg
𧶰,bo
𧶱,bc
𧶲,be
𧶳,bo
𧶴,by
𧶵,bj
𧶶,sy
𧶷,vb
𧶸,bb
𧶹,bj
𧶺,bd
𧶻,vb
𧶼,bb
𧶽,bw
𧶾,bd
𧶿,bb
𧷀,br
𧷁,bb
𧷂,bh
𧷃,bu
𧷄,ib
𧷅,kb
𧷆,by
𧷇,yb
𧷈,jb
𧷉,bb
𧷊,br
𧷋,xb
𧷌,by
𧷍,mb
𧷎,bt
𧷏,tb
𧷐,fb
𧷑,ib
𧷒,bb
𧷓,ib
𧷔,wb
𧷕,ub
𧷖,lb
𧷗,tb
𧷘,bx
𧷙,ib
𧷚,bn
𧷛,bg
𧷜,bx
𧷝,bb
𧷞,wb
𧷟,fb
𧷠,hb
𧷡,bn
𧷢,bi
𧷣,bg
𧷤,lb
𧷥,zb
𧷦,bu
𧷧,bb
𧷨,tb
𧷩,gb
𧷪,db
𧷫,gb
𧷬,bo
𧷭,bd
𧷮,wb
𧷯,kk
𧷰,bb
𧷱,ga
𧷲,bi
𧷳,bx
𧷴,rb
𧷵,ib
𧷶,bg
𧷷,cb
𧷸,bd
𧷹,bk
𧷺,bc
𧷻,bb
𧷼,bh
𧷽,vb
𧷾,bk
𧷿,be
𧸀,be
𧸁,xb
𧸂,bw
𧸃,bb
𧸄,by
𧸅,bx
𧸆,ib
𧸇,tb
𧸈,bb
𧸉,bo
𧸊,bb
𧸋,bb
𧸌,bl
𧸍,bf
𧸎,bd
𧸏,bb
𧸐,bb
𧸑,bb
𧸒,ub
𧸓,bo
𧸔,bv
𧸕,br
𧸖,bj
𧸗,bu
𧸘,br
𧸙,bu
𧸚,bk
𧸛,gb
𧸜,bb
𧸝,tb
𧸞,fb
𧸟,fb
𧸠,wb
𧸡,bw
𧸢,bw
𧸣,bn
𧸤,bo
𧸥,bo
𧸦,bm
𧸧,jb
𧸨,bf
𧸩,bo
𧸪,bt
𧸫,kk
𧸬,qb
𧸭,bv
𧸮,bj
𧸯,ob
𧸰,bg
𧸱,bd
𧸲,bb
𧸳,bt
𧸴,bx
𧸵,bg
𧸶,jb
𧸷,tl
𧸸,bk
𧸹,bb
𧸺,bg
𧸻,by
𧸼,bb
𧸽,bb
𧸾,hb
𧸿,bh
𧹀,ba
𧹁,gb
𧹃,gb
𧹄,lb
𧹅,tb
𧹆,bb
𧹇,bn
𧹈,bd
𧹉,lb
𧹊,bc
𧹋,rw
𧹌,tb
𧹍,gb
𧹎,bb
𧹏,bb
𧹐,bv
𧹑,bw
𧹒,sb
𧹓,bw
𧹔,bi
𧹕,bg
𧹖,bb
𧹗,bx
𧹘,cb
𧹙,id
𧹚,di
𧹛,iv
𧹝,id
𧹞,ip
𧹟,ib
𧹠,ii
𧹡,ib
𧹢,iy
𧹣,ik
𧹤,iz
𧹥,it
𧹦,ij
𧹧,iu
𧹨,ci
𧹩,id
𧹪,ic
𧹫,ai
𧹬,it
𧹭,it
𧹮,iu
𧹯,ij
𧹰,io
𧹱,ib
𧹲,ti
𧹳,ui
𧹴,it
𧹵,im
𧹶,ix
𧹷,ti
𧹸,ie
𧹹,io
𧹺,im
𧹻,io
𧹼,ie
𧹽,ih
𧹾,bi
𧹿,io
𧺀,it
𧺁,bi
𧺂,li
𧺃,ij
𧺄,hb
𧺅,yi
𧺆,yz
𧺇,tv
𧺈,td
𧺉,ty
𧺊,tb
𧺋,tj
𧺌,tr
𧺍,tb
𧺎,tj
𧺏,ty
𧺐,ta
𧺑,tt
𧺒,tx
𧺓,tj
𧺔,tt
𧺕,tu
𧺖,ta
𧺗,td
𧺘,tc
𧺙,tz
𧺚,tk
𧺛,tq
𧺜,tn
𧺝,to
𧺞,tv
𧺟,te
𧺠,tv
𧺡,tj
𧺢,tu
𧺣,tr
𧺤,tj
𧺥,ty
𧺦,ty
𧺧,tc
𧺨,tx
𧺩,th
𧺪,tg
𧺫,ti
𧺬,tn
𧺭,tg
𧺮,tf
𧺯,td
𧺰,td
𧺱,tg
𧺲,tb
𧺳,th
𧺴,tw
𧺵,tu
𧺶,tu
𧺷,tq
𧺸,tk
𧺹,tj
𧺺,ty
𧺻,tx
𧺼,tb
𧺽,tl
𧺾,tb
𧺿,tu
𧻀,tg
𧻁,tq
𧻂,yl
𧻃,to
𧻄,tv
𧻅,lz
𧻆,tp
𧻇,tw
𧻈,tp
𧻉,ty
𧻊,tu
𧻋,ts
𧻌,tx
𧻍,tv
𧻎,tm
𧻏,tb
𧻐,tc
𧻑,ty
𧻒,tl
𧻓,tk
𧻔,tw
𧻕,tu
𧻖,tv
𧻗,ta
𧻘,td
𧻙,tb
𧻚,td
𧻛,to
𧻜,tv
𧻝,tv
𧻞,ta
𧻟,td
𧻠,tg
𧻡,tt
𧻢,tk
𧻣,tr
𧻤,tw
𧻥,td
𧻦,tu
𧻧,tg
𧻨,tf
𧻩,tl
𧻪,tu
𧻫,te
𧻬,yx
𧻭,ty
𧻮,tw
𧻯,tg
𧻰,tk
𧻱,tq
𧻲,tl
𧻳,tk
𧻴,tl
𧻵,tr
𧻶,tj
𧻷,tf
𧻸,tt
𧻹,ty
𧻺,tw
𧻻,zz
𧻼,tt
𧻽,ti
𧻾,tb
𧻿,tb
𧼀,tb
𧼁,tk
𧼂,tz
𧼃,th
𧼄,tv
𧼅,tu
𧼆,tx
𧼇,tu
𧼈,tv
𧼉,ts
𧼊,tj
𧼋,tv
𧼌,vz
𧼍,th
𧼎,td
𧼏,tx
𧼐,th
𧼑,ta
𧼒,ty
𧼓,td
𧼔,tw
𧼕,td
𧼖,az
𧼗,tf
𧼘,tk
𧼙,tu
𧼚,tv
𧼛,tl
𧼜,tx
𧼝,tu
𧼞,tn
𧼟,tb
𧼠,tu
𧼡,to
𧼢,tu
𧼣,tj
𧼤,td
𧼥,tr
𧼦,tl
𧼧,xt
𧼨,tr
𧼩,tv
𧼪,td
𧼫,to
𧼬,tw
𧼭,ty
𧼮,tw
𧼯,td
𧼰,tj
𧼱,tw
𧼲,tk
𧼳,tn
𧼴,te
𧼵,tu
𧼶,tr
𧼷,tu
𧼸,tm
𧼹,tk
𧼺,tl
𧼻,tt
𧼼,tk
𧼽,tk
𧼾,tx
𧼿,tu
𧽀,tq
𧽁,tc
𧽂,to
𧽃,tr
𧽄,td
𧽅,ta
𧽆,tl
𧽇,yj
𧽈,ty
𧽉,tn
𧽊,tb
𧽋,th
𧽌,to
𧽍,tb
𧽎,tf
𧽏,ty
𧽐,tw
𧽑,tu
𧽒,tq
𧽓,tq
𧽔,ty
𧽕,th
𧽖,tt
𧽗,te
𧽘,tc
𧽙,tm
𧽚,ty
𧽛,tb
𧽜,tk
𧽝,tr
𧽞,th
𧽟,tv
𧽠,tv
𧽡,tt
𧽢,tc
𧽣,tu
𧽤,tu
𧽥,tb
𧽦,tg
𧽧,tu
𧽨,tj
𧽩,pz
𧽪,tn
𧽫,to
𧽬,tf
𧽭,tv
𧽮,tw
𧽯,tt
𧽰,tk
𧽱,td
𧽲,tx
𧽳,tv
𧽴,tk
𧽵,tz
𧽶,tw
𧽷,ta
𧽸,tq
𧽹,to
𧽺,th
𧽻,tk
𧽼,tu
𧽽,tx
𧽾,tw
𧽿,tl
𧾀,to
𧾁,tf
𧾂,tg
𧾃,to
𧾄,tv
𧾅,tz
𧾆,to
𧾇,ts
𧾈,tw
𧾉,tu
𧾊,tb
𧾋,tx
𧾌,tg
𧾍,td
𧾎,ty
𧾏,tr
𧾐,tw
𧾑,tx
𧾒,tb
𧾓,tj
𧾔,tx
𧾕,tv
𧾖,tm
𧾗,td
𧾘,tw
𧾙,to
𧾚,tb
𧾛,ty
𧾜,tz
𧾝,tg
𧾞,tw
𧾟,tv
𧾠,ty
𧾡,tt
𧾢,tg
𧾣,tw
𧾤,tw
𧾥,tb
𧾦,tf
𧾧,tx
𧾨,tx
𧾩,ty
𧾪,tl
𧾫,tk
𧾬,to
𧾭,yv
𧾮,tk
𧾯,td
𧾰,tg
𧾱,tv
𧾲,tm
𧾳,tb
𧾴,th
𧾵,ty
𧾶,ti
𧾷,kv
𧾸,az
𧾹,zv
𧾺,rz
𧾻,zj
𧾼,zl
𧾽,zu
𧾾,zj
𧾿,zl
𧿀,zd
𧿁,zw
𧿂,zg
𧿃,uz
𧿄,zw
𧿅,zu
𧿆,zs
𧿇,zy
𧿈,zg
𧿉,zv
𧿊,zj
𧿋,zj
𧿌,zq
𧿍,rz
𧿎,zu
𧿏,zd
𧿐,zq
𧿑,zg
𧿒,ze
𧿓,zy
𧿔,zi
𧿕,zb
𧿖,zx
𧿗,qz
𧿘,zc
𧿙,zy
𧿚,zf
𧿛,zr
𧿜,zd
𧿝,zk
𧿞,zq
𧿟,zh
𧿠,zy
𧿡,zq
𧿢,zl
𧿣,zf
𧿤,zb
𧿥,zb
𧿦,zj
𧿧,zt
𧿨,zy
𧿩,zj
𧿪,zk
𧿫,zd
𧿬,zt
𧿭,zo
𧿮,zh
𧿯,zl
𧿰,zc
𧿱,za
𧿲,zd
𧿳,zf
𧿴,zw
𧿵,zj
𧿶,zy
𧿷,zy
𧿸,zy
𧿹,zm
𧿺,zi
𧿻,zj
𧿼,zg
𧿽,zk
𧿾,zb
𧿿,vz
𨀀,zx
𨀁,zl
𨀂,uz
𨀃,zt
𨀄,zw
𨀅,zr
𨀆,zy
𨀇,zr
𨀈,zb
𨀉,zd
𨀊,zz
𨀋,zt
𨀌,zl
𨀍,zy
𨀎,zl
𨀏,zd
𨀐,zd
𨀑,xz
𨀒,zj
𨀓,zs
𨀔,zr
𨀕,zw
𨀖,zr
𨀗,zf
𨀘,zy
𨀙,zk
𨀚,zx
𨀛,zz
𨀜,zk
𨀝,zy
𨀞,zy
𨀟,zq
𨀠,zg
𨀡,zh
𨀢,zj
𨀣,zv
𨀤,zl
𨀥,zq
𨀦,zd
𨀧,zi
𨀨,zx
𨀩,zg
𨀪,zq
𨀫,zj
𨀬,zt
𨀭,zj
𨀮,zo
𨀯,ze
𨀰,zu
𨀱,zw
𨀲,qz
𨀳,zg
𨀴,zo
𨀵,zt
𨀶,wz
𨀷,zm
𨀸,zq
𨀹,zg
𨀺,zd
𨀻,zu
𨀼,zl
𨀽,zj
𨀾,zn
𨀿,zh
𨁀,rz
𨁁,zz
𨁂,zr
𨁃,zd
𨁄,zg
𨁅,zx
𨁆,zv
𨁇,zk
𨁈,zg
𨁉,za
𨁊,zv
𨁋,zb
𨁌,ze
𨁍,zj
𨁎,zw
𨁏,zf
𨁐,zc
𨁑,zx
𨁒,zk
𨁓,zb
𨁔,zv
𨁖,zg
𨁗,zw
𨁘,fz
𨁙,ze
𨁚,zy
𨁛,qz
𨁜,zf
𨁝,zz
𨁞,zb
𨁟,zw
𨁠,zt
𨁡,zn
𨁢,mz
𨁣,zh
𨁤,za
𨁥,az
𨁦,zc
𨁧,zn
𨁨,zw
𨁩,zb
𨁪,zy
𨁫,zl
𨁬,zu
𨁭,zu
𨁮,zk
𨁯,zi
𨁰,zq
𨁱,zm
𨁲,zb
𨁳,zf
𨁴,zo
𨁵,zc
𨁶,zy
𨁷,zq
𨁸,zq
𨁹,zh
𨁺,zb
𨁻,za
𨁼,zc
𨁽,zc
𨁾,zz
𨁿,zu
𨂀,zq
𨂁,zd
𨂂,zh
𨂃,zo
𨂄,zc
𨂅,zx
𨂆,zf
𨂇,zv
𨂈,zw
𨂉,zt
𨂊,zk
𨂋,zo
𨂌,zz
𨂍,zk
𨂎,zy
𨂏,za
𨂐,zl
𨂑,zr
𨂒,zw
𨂓,zi
𨂔,zo
𨂕,za
𨂖,zl
𨂗,zg
𨂘,zw
𨂙,zx
𨂚,zg
𨂛,zg
𨂜,zj
𨂝,bz
𨂞,zy
𨂟,ze
𨂠,zy
𨂡,zt
𨂢,gz
𨂣,mz
𨂤,zw
𨂥,zk
𨂦,zu
𨂧,zy
𨂨,zy
𨂩,zu
𨂪,zp
𨂫,zn
𨂬,uz
𨂭,zm
𨂮,rz
𨂯,zg
𨂰,zd
𨂱,zi
𨂲,zk
𨂳,zb
𨂴,zx
𨂵,zj
𨂶,zj
𨂷,zl
𨂸,zu
𨂹,zd
𨂺,zg
𨂻,zo
𨂼,zu
𨂽,zu
𨂾,zg
𨂿,zv
𨃀,zj
𨃁,zc
𨃂,zk
𨃃,zr
𨃄,zy
𨃅,zf
𨃆,zg
𨃇,zn
𨃈,zs
𨃉,zc
𨃊,zh
𨃋,zj
𨃌,zc
𨃍,zq
𨃎,zm
𨃏,zy
𨃐,zk
𨃑,zv
𨃒,zl
𨃓,zm
𨃔,za
𨃕,zt
𨃖,zk
𨃗,oz
𨃘,zc
𨃙,za
𨃚,zk
𨃛,zx
𨃜,zm
𨃝,zz
𨃞,vz
𨃟,zu
𨃠,zk
𨃡,zx
𨃢,nz
𨃣,zi
𨃤,zk
𨃥,za
𨃦,zc
𨃧,zk
𨃨,uz
𨃩,zx
𨃪,zu
𨃫,rz
𨃬,zl
𨃭,za
𨃮,za
𨃯,zc
𨃰,zj
𨃱,lz
𨃲,yz
𨃳,zb
𨃴,zo
𨃵,zt
𨃶,zk
𨃷,zx
𨃸,zd
𨃹,zl
𨃺,zn
𨃻,zh
𨃼,zv
𨃽,zc
𨃾,zx
𨃿,zq
𨄀,zz
𨄁,ze
𨄂,ze
𨄃,zu
𨄄,zx
𨄅,zk
𨄆,zw
𨄇,zu
𨄈,za
𨄉,zu
𨄊,zu
𨄋,zy
𨄌,zb
𨄍,zv
𨄎,zt
𨄏,zu
𨄐,zx
𨄑,zt
𨄒,zy
𨄓,zg
𨄔,zc
𨄕,zu
𨄖,zn
𨄗,zl
𨄘,zk
𨄙,zn
𨄚,pz
𨄛,zu
𨄜,zn
𨄝,mz
𨄞,zu
𨄟,tz
𨄠,zx
𨄡,wz
𨄢,zn
𨄣,zw
𨄤,zv
𨄥,zh
𨄦,rz
𨄧,tz
𨄨,zw
𨄩,zd
𨄪,zj
𨄫,zd
𨄬,gz
𨄭,zs
𨄮,zu
𨄯,uz
𨄰,zi
𨄱,zx
𨄲,zx
𨄳,zf
𨄴,zw
𨄵,zu
𨄶,zy
𨄷,zx
𨄸,zt
𨄹,zk
𨄺,zv
𨄻,zb
𨄼,zx
𨄽,zj
𨄾,zk
𨄿,zd
𨅀,zl
𨅁,zl
𨅂,zj
𨅃,zu
𨅄,zq
𨅅,zv
𨅆,zt
𨅇,kz
𨅈,za
𨅉,zo
𨅊,zw
𨅋,za
𨅌,zw
𨅍,zo
𨅎,zy
𨅏,zf
𨅐,pz
𨅑,zy
𨅒,zc
𨅓,zo
𨅔,zo
𨅕,zo
𨅖,zw
𨅗,zy
𨅘,tz
𨅙,zk
𨅚,fz
𨅛,zy
𨅜,zg
𨅝,zy
𨅞,zk
𨅟,zh
𨅠,jz
𨅡,zk
𨅢,zw
𨅣,zt
𨅤,zo
𨅥,zx
𨅦,zo
𨅧,zk
𨅨,za
𨅩,zo
𨅪,yy
𨅫,zq
𨅬,zj
𨅭,zu
𨅮,ze
𨅯,zf
𨅰,za
𨅱,zo
𨅲,ze
𨅳,zc
𨅴,mz
𨅵,zx
𨅶,zx
𨅷,zu
𨅸,zc
𨅹,zo
𨅺,zw
𨅻,zk
𨅼,zl
𨅽,za
𨅾,za
𨅿,zl
𨆀,zo
𨆁,zd
𨆂,zj
𨆃,zu
𨆄,zz
𨆅,zg
𨆆,zy
𨆇,zj
𨆈,zy
𨆉,zt
𨆊,tz
𨆋,zw
𨆌,zy
𨆍,zr
𨆎,zu
𨆏,zu
𨆐,zz
𨆑,zz
𨆒,zu
𨆓,zn
𨆔,zk
𨆕,uz
𨆖,zs
𨆗,zk
𨆘,zr
𨆙,zb
𨆚,zx
𨆛,zo
𨆜,hz
𨆝,zo
𨆞,zi
𨆟,zv
𨆠,zt
𨆡,za
𨆢,zt
𨆣,zd
𨆤,zy
𨆥,fz
𨆦,zb
𨆧,iz
𨆨,zb
𨆩,zc
𨆪,iz
𨆫,zz
𨆬,zz
𨆭,zf
𨆮,zo
𨆯,zf
𨆰,zh
𨆱,zj
𨆲,zx
𨆳,zx
𨆴,zf
𨆵,zy
𨆶,zf
𨆷,zc
𨆸,zx
𨆹,zu
𨆺,zu
𨆻,dz
𨆼,zc
𨆽,zm
𨆾,zu
𨆿,zk
𨇀,zl
𨇁,zb
𨇂,zo
𨇃,zb
𨇄,zw
𨇅,zu
𨇆,zd
𨇇,zb
𨇈,zz
𨇉,zx
𨇊,zk
𨇋,zo
𨇌,az
𨇍,zi
𨇎,zw
𨇏,zg
𨇐,vz
𨇑,zb
𨇒,zu
𨇓,rz
𨇔,zy
𨇕,zc
𨇖,zm
𨇗,zv
𨇘,lz
𨇙,zj
𨇚,zb
𨇛,zj
𨇜,lz
𨇝,zj
𨇞,zq
𨇟,zh
𨇠,zt
𨇡,zo
𨇢,zu
𨇣,zj
𨇤,zy
𨇥,zz
𨇦,zj
𨇧,zj
𨇨,zx
𨇩,zt
𨇪,zy
𨇫,zv
𨇬,zq
𨇭,gz
𨇮,zq
𨇯,zy
𨇰,zt
𨇱,zf
𨇲,zj
𨇳,zy
𨇴,zv
𨇵,zx
𨇶,zw
𨇷,zg
𨇸,zo
𨇹,zw
𨇺,zc
𨇻,zf
𨇼,zx
𨇽,zv
𨇾,zh
𨇿,zi
𨈀,zy
𨈁,zo
𨈂,zy
𨈃,zb
𨈄,zr
𨈅,zc
𨈆,zj
𨈇,zj
𨈈,zq
𨈉,zw
𨈊,zg
𨈋,zc
𨈌,zx
𨈍,zy
𨈎,zn
𨈒,ub
𨈓,ux
𨈔,uf
𨈕,ue
𨈖,uk
𨈗,ku
𨈘,uu
𨈙,uy
𨈚,ub
𨈛,uv
𨈜,uo
𨈝,ud
𨈞,uy
𨈟,ug
𨈠,ux
𨈡,uw
𨈢,uj
𨈣,uy
𨈤,uy
𨈥,um
𨈦,ur
𨈧,ul
𨈨,uj
𨈩,uy
𨈪,uv
𨈫,uv
𨈬,uq
𨈭,ur
𨈮,uu
𨈯,uz
𨈰,ug
𨈱,ud
𨈲,uk
𨈳,uj
𨈴,uk
𨈵,up
𨈶,um
𨈷,ub
𨈸,uu
𨈹,uk
𨈺,ul
𨈻,uz
𨈼,ux
𨈽,ut
𨈾,uk
𨈿,ru
𨉀,uf
𨉁,ug
𨉂,uk
𨉃,ru
𨉄,uf
𨉅,uw
𨉆,ub
𨉇,ur
𨉈,uw
𨉉,ut
𨉊,ud
𨉋,ux
𨉌,uz
𨉍,ub
𨉎,ui
𨉏,ue
𨉐,uw
𨉑,uw
𨉒,uh
𨉓,un
𨉔,uu
𨉕,uq
𨉖,mu
𨉗,uy
𨉘,ut
𨉙,ud
𨉚,ud
𨉛,uu
𨉜,uk
𨉝,uv
𨉞,uw
𨉟,ue
𨉠,ub
𨉡,ut
𨉢,uv
𨉣,uy
𨉤,uw
𨉥,um
𨉦,uo
𨉧,ud
𨉨,uu
𨉩,uo
𨉪,ur
𨉫,uk
𨉬,ud
𨉭,uo
𨉮,ub
𨉯,uk
𨉰,ue
𨉱,ug
𨉲,uk
𨉳,ux
𨉴,ue
𨉵,ug
𨉶,ug
𨉷,ug
𨉸,um
𨉹,ua
𨉺,ub
𨉻,uq
𨉼,ux
𨉽,uw
𨉾,uo
𨉿,ue
𨊀,ud
𨊁,ul
𨊂,uh
𨊃,mu
𨊄,ut
𨊅,uw
𨊆,ut
𨊇,ub
𨊈,uu
𨊉,um
𨊊,uk
𨊋,ub
𨊌,uf
𨊍,uk
𨊎,ud
𨊏,uk
𨊐,uk
𨊑,uj
𨊒,ui
𨊓,ud
𨊔,um
𨊕,ub
𨊖,un
𨊗,uk
𨊘,ux
𨊙,ui
𨊚,uu
𨊛,uv
𨊜,um
𨊝,uz
𨊞,ue
𨊟,xu
𨊠,iv
𨊡,id
𨊢,is
𨊣,ib
𨊤,ir
𨊥,ik
𨊦,ui
𨊧,ig
𨊨,ip
𨊩,iv
𨊪,is
𨊫,id
𨊬,di
𨊭,ic
𨊮,iy
𨊯,ib
𨊰,iv
𨊱,iy
𨊲,ij
𨊳,ix
𨊴,iw
𨊵,ig
𨊶,ij
𨊷,iy
𨊸,io
𨊹,ib
𨊺,iv
𨊻,ik
𨊼,iy
𨊽,if
𨊾,ix
𨊿,iy
𨋀,ii
𨋁,iy
𨋂,if
𨋃,ij
𨋄,ie
𨋅,bi
𨋆,ih
𨋇,iy
𨋈,iu
𨋉,ui
𨋊,iw
𨋋,iy
𨋌,iy
𨋍,iy
𨋎,ix
𨋏,ix
𨋐,iw
𨋑,gi
𨋒,ic
𨋓,iu
𨋔,iy
𨋕,ie
𨋖,ie
𨋗,ib
𨋘,iv
𨋙,iu
𨋚,iy
𨋛,il
𨋜,iv
𨋝,il
𨋞,ij
𨋟,hi
𨋠,ij
𨋡,ii
𨋢,il
𨋣,in
𨋤,iu
𨋥,if
𨋦,iy
𨋧,bi
𨋨,ig
𨋩,iq
𨋪,if
𨋫,iv
𨋬,li
𨋭,ib
𨋮,io
𨋯,iy
𨋰,iq
𨋱,il
𨋲,iu
𨋳,iy
𨋴,in
𨋵,iu
𨋶,iw
𨋷,ig
𨋸,ij
𨋹,ix
𨋺,ji
𨋻,iy
𨋼,id
𨋽,iy
𨋾,ix
𨋿,si
𨌀,ie
𨌁,io
𨌂,iw
𨌃,iw
𨌄,pi
𨌅,yi
𨌆,is
𨌇,iu
𨌈,iu
𨌉,io
𨌊,ih
𨌋,ik
𨌌,ib
𨌍,ix
𨌎,im
𨌏,gi
𨌐,iw
𨌑,ii
𨌒,ik
𨌓,ib
𨌔,ix
𨌕,ib
𨌖,io
𨌗,ii
𨌘,iw
𨌙,ii
𨌚,in
𨌛,iu
𨌜,di
𨌝,id
𨌞,ie
𨌟,ia
𨌠,iu
𨌡,ih
𨌢,iy
𨌣,in
𨌤,wi
𨌥,wi
𨌦,iu
𨌧,id
𨌨,if
𨌩,ik
𨌪,ix
𨌫,iv
𨌬,iu
𨌭,io
𨌮,iu
𨌯,io
𨌰,iz
𨌱,gi
𨌲,io
𨌳,io
𨌴,iv
𨌵,iq
𨌶,io
𨌷,iw
𨌸,xx
𨌹,ih
𨌺,ix
𨌻,ir
𨌼,iv
𨌽,in
𨌾,ni
𨌿,id
𨍀,id
𨍁,ri
𨍂,wi
𨍃,yi
𨍄,ib
𨍅,iy
𨍆,io
𨍇,ik
𨍈,iw
𨍉,ix
𨍊,ih
𨍋,ik
𨍌,io
𨍍,ik
𨍎,mi
𨍏,iy
𨍐,io
𨍑,io
𨍒,ii
𨍓,ii
𨍔,ti
𨍕,ia
𨍖,ie
𨍗,gi
𨍘,ik
𨍙,ir
𨍚,ix
𨍛,im
𨍜,ib
𨍝,iu
𨍞,iy
𨍟,io
𨍠,il
𨍡,ix
𨍢,ik
𨍣,iz
𨍤,ik
𨍥,in
𨍦,in
𨍧,iw
𨍨,iu
𨍩,if
𨍪,iu
𨍫,ia
𨍬,io
𨍭,ic
𨍮,ig
𨍯,oi
𨍰,im
𨍱,ir
𨍲,iu
𨍳,if
𨍴,ik
𨍵,il
𨍶,hi
𨍷,ie
𨍸,it
𨍹,ig
𨍺,iv
𨍻,ri
𨍼,if
𨍽,ig
𨍾,io
𨍿,iy
𨎀,iu
𨎁,il
𨎂,ik
𨎃,ix
𨎄,ik
𨎅,id
𨎆,bi
𨎇,im
𨎈,ik
𨎉,iz
𨎊,ik
𨎋,it
𨎌,ti
𨎍,il
𨎎,ie
𨎏,ik
𨎐,ti
𨎑,fi
𨎒,ix
𨎓,in
𨎔,it
𨎕,ik
𨎖,xi
𨎗,ip
𨎘,ib
𨎙,iw
𨎚,it
𨎛,ia
𨎜,iy
𨎝,io
𨎞,iw
𨎟,ik
𨎠,ti
𨎡,ig
𨎢,ix
𨎣,ik
𨎤,ib
𨎥,ix
𨎦,iu
𨎧,ip
𨎨,ib
𨎩,ib
𨎪,ie
𨎫,io
𨎬,iw
𨎭,ix
𨎮,iy
𨎯,ri
𨎰,ix
𨎱,iu
𨎲,ik
𨎳,if
𨎴,it
𨎵,ie
𨎶,iu
𨎷,ij
𨎸,ia
𨎹,ih
𨎺,iu
𨎻,ik
𨎼,io
𨎽,im
𨎾,ib
𨎿,it
𨏀,ix
𨏁,iw
𨏂,ii
𨏃,ij
𨏄,ie
𨏅,ib
𨏆,ig
𨏇,ri
𨏈,ix
𨏉,vi
𨏊,ii
𨏋,ia
𨏌,ih
𨏍,ia
𨏎,id
𨏏,if
𨏐,ji
𨏑,ib
𨏒,iu
𨏓,ij
𨏔,ib
𨏕,if
𨏖,ig
𨏗,io
𨏘,ib
𨏙,iy
𨏚,iu
𨏛,if
𨏜,ri
𨏝,iy
𨏞,vi
𨏟,it
𨏠,il
𨏡,iz
𨏢,ik
𨏣,iw
𨏤,ib
𨏥,ix
𨏦,iv
𨏧,hi
𨏨,iy
𨏩,wi
𨏪,ij
𨏫,ic
𨏬,ig
𨏭,ij
𨏮,ji
𨏯,wk
𨏰,if
𨏱,ix
𨏲,ii
𨏳,ik
𨏴,ie
𨏵,iw
𨏶,xi
𨏷,ix
𨏸,iu
𨏹,iy
𨏺,iv
𨏻,ih
𨏼,ij
𨏽,ib
𨏾,hi
𨏿,ii
𨐀,ib
𨐁,iq
𨐂,iw
𨐃,ji
𨐄,ix
𨐅,iu
𨐆,ik
𨐇,il
𨐈,ig
𨐉,iy
𨐊,ix
𨐋,wg
𨐌,lf
𨐍,px
𨐎,xn
𨐏,xp
𨐐,lv
𨐑,xy
𨐒,gx
𨐓,dx
𨐔,xx
𨐕,ex
𨐖,xx
𨐗,xk
𨐘,xx
𨐙,hx
𨐚,yx
𨐛,ux
𨐜,xu
𨐝,bx
𨐞,nx
𨐟,xk
𨐠,sx
𨐡,xg
𨐢,uc
𨐣,xa
𨐤,xj
𨐥,xu
𨐦,xf
𨐧,ux
𨐨,uj
𨐩,xj
𨐪,xg
𨐫,ux
𨐬,ud
𨐭,xh
𨐮,xr
𨐯,uf
𨐰,xx
𨐱,xo
𨐲,vx
𨐳,hx
𨐴,uj
𨐵,xx
𨐶,xa
𨐷,xv
𨐸,xb
𨐹,sh
𨐺,xi
𨐻,lu
𨐼,xk
𨐽,ul
𨐾,vk
𨐿,xb
𨑀,gx
𨑁,jt
𨑂,lg
𨑃,in
𨑄,in
𨑅,if
𨑆,ci
𨑇,xi
𨑈,ij
𨑉,it
𨑊,xi
𨑋,ax
𨑌,ti
𨑍,zj
𨑎,zl
𨑏,ze
𨑐,zv
𨑑,zw
𨑒,zt
𨑓,zv
𨑔,ps
𨑕,zk
𨑖,zs
𨑗,zu
𨑘,zu
𨑙,zf
𨑚,zx
𨑛,pk
𨑜,zx
𨑝,zv
𨑞,zb
𨑟,zr
𨑠,zr
𨑡,pt
𨑢,pr
𨑣,zg
𨑤,zv
𨑥,zw
𨑦,zy
𨑧,zn
𨑨,zo
𨑩,zd
𨑪,zg
𨑫,zy
𨑬,zc
𨑭,zv
𨑮,zu
𨑯,zh
𨑰,zd
𨑱,zy
𨑲,zu
𨑳,zw
𨑴,zn
𨑵,zv
𨑶,zb
𨑷,zu
𨑸,zj
𨑹,zr
𨑺,zm
𨑻,ze
𨑼,zy
𨑽,zf
𨑾,zu
𨑿,zu
𨒀,zd
𨒁,zj
𨒂,zv
𨒃,zb
𨒄,zk
𨒅,zv
𨒆,zj
𨒇,zj
𨒈,ze
𨒉,zd
𨒊,zr
𨒋,zl
𨒌,zv
𨒍,zc
𨒎,ze
𨒏,zb
𨒐,zk
𨒑,zj
𨒒,zu
𨒓,zb
𨒔,zu
𨒕,zc
𨒖,ze
𨒗,zy
𨒘,zp
𨒙,zu
𨒚,zo
𨒛,zx
𨒜,zb
𨒝,zj
𨒞,zi
𨒟,zd
𨒠,pl
𨒡,zj
𨒢,zy
𨒣,zz
𨒤,zb
𨒥,zw
𨒦,ze
𨒧,zy
𨒨,zr
𨒩,ze
𨒪,zu
𨒫,zy
𨒬,zt
𨒭,zh
𨒮,zq
𨒯,zv
𨒰,zz
𨒱,zg
𨒲,zw
𨒳,zp
𨒴,zs
𨒵,zg
𨒶,zb
𨒷,zi
𨒸,zz
𨒹,zb
𨒺,zg
𨒻,zc
𨒼,pg
𨒽,zc
𨒾,zj
𨒿,zx
𨓀,zq
𨓁,zy
𨓂,zy
𨓃,zh
𨓄,zc
𨓅,ze
𨓆,zx
𨓇,zj
𨓈,zk
𨓉,zu
𨓊,zv
𨓋,zc
𨓌,zh
𨓍,zu
𨓎,zz
𨓏,zw
𨓐,zk
𨓑,ue
𨓒,zw
𨓓,zf
𨓔,zo
𨓕,zv
𨓖,zb
𨓗,zo
𨓘,zc
𨓙,zc
𨓚,zx
𨓛,zy
𨓜,ze
𨓝,zj
𨓞,zi
𨓟,zg
𨓠,zj
𨓡,zc
𨓢,zw
𨓣,zc
𨓤,zw
𨓥,zy
𨓦,zl
𨓧,zv
𨓨,zy
𨓩,zh
𨓪,zu
𨓫,za
𨓬,zo
𨓭,zy
𨓮,zw
𨓯,za
𨓰,zz
𨓱,zt
𨓲,zi
𨓳,zo
𨓴,ze
𨓵,zt
𨓶,ph
𨓷,zw
𨓸,zy
𨓹,zv
𨓺,zk
𨓻,zu
𨓼,pj
𨓽,zo
𨓾,zk
𨓿,zf
𨔀,zz
𨔁,zd
𨔂,zi
𨔃,zv
𨔄,zj
𨔅,zm
𨔆,zd
𨔇,zx
𨔈,zd
𨔉,zf
𨔊,zu
𨔋,za
𨔌,zg
𨔎,zv
𨔏,zk
𨔐,zf
𨔑,zo
𨔒,zn
𨔓,zk
𨔔,zs
𨔕,zy
𨔖,zk
𨔗,zk
𨔘,za
𨔙,zu
𨔚,zi
𨔛,zj
𨔜,zd
𨔝,zv
𨔞,zy
𨔟,zr
𨔠,zt
𨔡,zu
𨔢,zi
𨔣,zk
𨔤,zl
𨔥,zp
𨔦,zb
𨔧,zk
𨔨,zj
𨔩,zw
𨔪,zi
𨔫,zw
𨔬,zf
𨔭,zd
𨔮,zc
𨔯,zu
𨔰,zc
𨔱,zf
𨔲,zo
𨔳,zo
𨔴,zk
𨔵,zu
𨔶,zy
𨔷,zu
𨔸,zo
𨔹,zo
𨔺,zg
𨔻,zj
𨔼,zz
𨔽,zk
𨔾,zo
𨔿,zu
𨕀,zu
𨕁,zm
𨕂,zm
𨕃,zl
𨕄,zm
𨕅,zt
𨕆,zo
𨕇,zv
𨕈,zn
𨕉,zy
𨕊,zg
𨕋,zo
𨕌,zo
𨕍,zb
𨕎,zk
𨕏,zx
𨕐,zo
𨕑,zj
𨕒,zv
𨕓,zy
𨕔,zx
𨕕,zl
𨕖,zb
𨕗,zf
𨕘,zy
𨕙,zl
𨕚,zo
𨕛,zv
𨕜,zj
𨕝,zf
𨕞,zc
𨕟,zw
𨕠,zv
𨕡,zu
𨕢,zt
𨕣,zw
𨕤,zj
𨕥,zb
𨕦,zw
𨕧,zk
𨕨,zw
𨕩,zy
𨕪,ph
𨕫,zu
𨕬,zc
𨕭,ui
𨕮,zu
𨕯,zc
𨕰,zb
𨕱,zf
𨕲,zv
𨕳,zy
𨕴,zu
𨕵,zu
𨕶,zu
𨕷,zj
𨕸,zt
𨕹,zd
𨕺,zk
𨕻,zg
𨕼,py
𨕽,pz
𨕾,zu
𨕿,zw
𨖀,zi
𨖁,pb
𨖂,zk
𨖃,zw
𨖄,zk
𨖅,ze
𨖆,zq
𨖇,zc
𨖈,zk
𨖉,zc
𨖊,zb
𨖋,zz
𨖌,zy
𨖍,zw
𨖎,zk
𨖏,zu
𨖐,zy
𨖑,zg
𨖒,zb
𨖓,zh
𨖔,zn
𨖕,by
𨖖,ze
𨖗,zk
𨖘,zo
𨖙,zr
𨖚,zx
𨖛,zy
𨖜,zk
𨖝,zv
𨖞,zo
𨖟,zw
𨖠,zc
𨖡,zu
𨖢,zw
𨖣,zv
𨖤,ph
𨖥,zs
𨖦,zc
𨖧,mu
𨖨,zx
𨖩,zo
𨖪,pc
𨖫,zv
𨖬,zu
𨖭,zt
𨖮,zh
𨖯,zq
𨖰,zl
𨖱,zn
𨖲,pi
𨖳,za
𨖴,zh
𨖵,zh
𨖶,zu
𨖷,zy
𨖸,zu
𨖹,zt
𨖺,ze
𨖻,zt
𨖼,zu
𨖽,zt
𨖾,zx
𨖿,zw
𨗀,zo
𨗁,zk
𨗂,zr
𨗄,zh
𨗅,zu
𨗆,zu
𨗇,zs
𨗈,zx
𨗉,zu
𨗊,ze
𨗋,zu
𨗍,zo
𨗎,zu
𨗏,zo
𨗐,zo
𨗑,zv
𨗒,yw
𨗓,zz
𨗔,zl
𨗕,zc
𨗖,zd
𨗗,zf
𨗘,zx
𨗙,zk
𨗚,zk
𨗛,zo
𨗜,ru
𨗝,pk
𨗞,zk
𨗟,zk
𨗠,zy
𨗡,zk
𨗢,zy
𨗣,zo
𨗤,zf
𨗥,zo
𨗦,zr
𨗧,zk
𨗨,zf
𨗩,zw
𨗪,zw
𨗫,zx
𨗬,pm
𨗭,zt
𨗮,zc
𨗯,zw
𨗰,zx
𨗱,zb
𨗲,zk
𨗳,zx
𨗴,zv
𨗵,zy
𨗶,zy
𨗷,zk
𨗸,za
𨗹,zu
𨗺,zs
𨗻,zf
𨗼,zj
𨗽,zo
𨗾,zy
𨗿,zg
𨘀,zy
𨘁,zx
𨘂,zx
𨘃,zl
𨘄,zh
𨘅,ze
𨘆,zk
𨘇,zf
𨘈,zh
𨘉,zz
𨘊,zk
𨘋,zz
𨘌,zk
𨘍,zg
𨘎,zx
𨘏,zy
𨘐,zb
𨘑,qi
𨘒,zn
𨘓,zx
𨘔,zk
𨘕,zb
𨘖,zw
𨘗,zc
𨘘,uu
𨘙,zi
𨘚,zc
𨘛,zj
𨘜,zo
𨘝,zv
𨘞,zg
𨘟,zr
𨘠,zb
𨘡,zu
𨘢,zk
𨘣,zy
𨘤,zb
𨘥,zk
𨘦,zl
𨘧,zb
𨘨,zo
𨘩,zx
𨘪,zi
𨘫,zk
𨘬,zj
𨘭,zu
𨘮,zx
𨘯,zp
𨘰,zr
𨘱,zy
𨘲,zt
𨘳,zl
𨘴,zf
𨘵,zj
𨘶,zb
𨘷,zy
𨘸,zv
𨘹,zy
𨘺,zx
𨘻,zy
𨘼,ze
𨘽,zf
𨘾,zv
𨘿,zv
𨙀,zu
𨙁,py
𨙂,zx
𨙃,zf
𨙄,zc
𨙅,zu
𨙆,zy
𨙇,zb
𨙈,zf
𨙉,zy
𨙊,zu
𨙋,zb
𨙌,vy
𨙍,zk
𨙎,zx
𨙏,zu
𨙐,zg
𨙑,zb
𨙒,zg
𨙓,ze
𨙔,zm
𨙕,zv
𨙖,zu
𨙗,zt
𨙘,ze
𨙙,zv
𨙚,zi
𨙛,zr
𨙜,zb
𨙝,yg
𨙞,pv
𨙟,zv
𨙠,zo
𨙡,zn
𨙢,zk
𨙣,zx
𨙤,zw
𨙥,zi
𨙦,zm
𨙧,pn
𨙩,ue
𨙪,pe
𨙫,ke
𨙬,je
𨙭,te
𨙮,fe
𨙯,ce
𨙰,fe
𨙱,ae
𨙲,be
𨙳,ie
𨙴,ce
𨙵,xe
𨙶,ue
𨙷,je
𨙸,ve
𨙹,ue
𨙺,ie
𨙻,oe
𨙼,we
𨙽,re
𨙾,vb
𨙿,ue
𨚀,be
𨚁,we
𨚂,be
𨚃,we
𨚄,be
𨚅,fe
𨚆,kb
𨚇,fb
𨚈,ub
𨚉,ob
𨚊,hb
𨚋,kh
𨚌,de
𨚍,be
𨚎,he
𨚏,ae
𨚐,re
𨚒,ub
𨚓,fe
𨚔,be
𨚕,se
𨚖,ve
𨚗,re
𨚘,we
𨚙,ke
𨚚,bb
𨚛,be
𨚜,be
𨚝,ye
𨚞,ue
𨚟,de
𨚠,gb
𨚡,lb
𨚢,je
𨚣,ve
𨚤,qe
𨚥,ue
𨚧,le
𨚨,ye
𨚩,ke
𨚪,le
𨚫,qe
𨚬,qb
𨚭,fb
𨚮,be
𨚯,ke
𨚰,oe
𨚱,le
𨚲,ue
𨚳,we
𨚴,ne
𨚵,gb
𨚶,ne
𨚷,xe
𨚸,ae
𨚹,xe
𨚺,ub
𨚻,lb
𨚼,ko
𨚽,nb
𨚾,ge
𨚿,ke
𨛀,ae
𨛁,ye
𨛂,he
𨛃,ee
𨛄,ke
𨛅,xe
𨛆,be
𨛇,re
𨛈,re
𨛉,de
𨛊,qe
𨛋,le
𨛌,we
𨛍,xe
𨛎,oe
𨛏,te
𨛐,ye
𨛑,je
𨛒,ve
𨛓,we
𨛔,be
𨛕,be
𨛖,be
𨛗,ke
𨛘,pe
𨛙,fe
𨛚,gb
𨛛,ub
𨛜,kb
𨛝,cb
𨛞,ee
𨛟,ce
𨛠,ye
𨛡,ke
𨛢,ae
𨛣,re
𨛤,ue
𨛥,de
𨛦,yb
𨛧,we
𨛨,le
𨛩,ie
𨛪,qe
𨛫,hb
𨛬,fb
𨛭,re
𨛮,ue
𨛯,be
𨛰,ve
𨛱,be
𨛲,he
𨛳,ce
𨛴,oe
𨛵,he
𨛶,ve
𨛷,vb
𨛸,hb
𨛹,be
𨛺,ce
𨛻,he
𨛼,we
𨛽,qe
𨛾,ib
𨛿,eb
𨜀,db
𨜁,vb
𨜂,xb
𨜃,ae
𨜄,ye
𨜅,de
𨜆,de
𨜇,qe
𨜈,ie
𨜉,ie
𨜊,pe
𨜋,ue
𨜌,be
𨜍,oe
𨜎,we
𨜏,ne
𨜐,te
𨜑,oe
𨜒,fe
𨜓,be
𨜔,be
𨜕,xe
𨜖,te
𨜗,we
𨜘,ue
𨜙,me
𨜚,qe
𨜛,be
𨜜,ue
𨜝,kb
𨜞,lb
𨜟,be
𨜠,ge
𨜡,be
𨜢,we
𨜣,fb
𨜤,te
𨜥,ae
𨜦,be
𨜧,me
𨜨,te
𨜩,be
𨜪,be
𨜫,de
𨜬,be
𨜭,be
𨜮,pg
𨜯,ob
𨜰,ye
𨜱,be
𨜲,qb
𨜳,be
𨜴,qe
𨜵,we
𨜶,be
𨜷,we
𨜸,ie
𨜹,ye
𨜺,ge
𨜻,he
𨜼,xe
𨜽,he
𨜾,re
𨜿,ie
𨝀,ge
𨝁,be
𨝂,ie
𨝃,be
𨝄,qe
𨝅,xb
𨝆,ke
𨝇,ke
𨝈,re
𨝉,ve
𨝊,ue
𨝋,xe
𨝌,ue
𨝍,xe
𨝎,ge
𨝏,we
𨝐,se
𨝑,me
𨝒,ce
𨝓,xe
𨝔,re
𨝕,ye
𨝖,vl
𨝗,we
𨝘,he
𨝙,re
𨝚,kb
𨝛,ce
𨝜,te
𨝝,ub
𨝞,hb
𨝟,hb
𨝠,xb
𨝡,ue
𨝢,be
𨝣,se
𨝤,se
𨝥,ce
𨝦,xb
𨝧,ge
𨝨,fe
𨝩,ib
𨝪,se
𨝫,re
𨝬,pb
𨝭,de
𨝮,ee
𨝯,le
𨝰,ye
𨝱,re
𨝲,ze
𨝳,ve
𨝴,ce
𨝵,ae
𨝶,ae
𨝷,de
𨝸,xe
𨝹,he
𨝺,ze
𨝻,ee
𨝼,db
𨝽,ye
𨝾,se
𨝿,ke
𨞀,bb
𨞁,mb
𨞂,ce
𨞃,he
𨞄,pe
𨞅,re
𨞆,xe
𨞇,he
𨞈,xe
𨞉,ge
𨞊,ye
𨞋,ie
𨞌,pe
𨞍,ke
𨞎,ke
𨞏,kb
𨞐,ie
𨞑,vq
𨞒,he
𨞓,pe
𨞔,kg
𨞕,se
𨞖,ye
𨞗,ye
𨞘,he
𨞙,he
𨞚,oe
𨞛,ce
𨞜,de
𨞝,xe
𨞞,oe
𨞟,ee
𨞠,kg
𨞡,rb
𨞢,ue
𨞣,ve
𨞤,re
𨞥,we
𨞦,hb
𨞧,he
𨞨,ce
𨞩,xe
𨞪,te
𨞫,ce
𨞬,ie
𨞭,de
𨞮,eb
𨞯,cb
𨞰,kq
𨞱,ke
𨞲,ue
𨞳,ze
𨞴,he
𨞵,ve
𨞶,ze
𨞷,ye
𨞸,kb
𨞹,he
𨞺,ie
𨞻,ge
𨞼,ce
𨞽,te
𨞾,je
𨞿,ye
𨟀,he
𨟁,ce
𨟂,ce
𨟃,re
𨟄,ab
𨟅,ae
𨟆,ce
𨟇,ye
𨟈,pe
𨟉,de
𨟊,ie
𨟋,je
𨟌,pe
𨟍,we
𨟎,ue
𨟏,he
𨟐,we
𨟑,ie
𨟒,ce
𨟓,ye
𨟔,ce
𨟕,ge
𨟖,ge
𨟗,ce
𨟘,ye
𨟙,be
𨟚,ye
𨟛,ue
𨟜,ve
𨟝,he
𨟞,we
𨟟,ie
𨟠,oe
𨟡,ee
𨟢,we
𨟣,ve
𨟤,ae
𨟥,ue
𨟦,je
𨟧,ve
𨟨,be
𨟩,vb
𨟪,ce
𨟫,be
𨟬,ve
𨟭,ve
𨟮,yb
𨟯,ye
𨟰,ye
𨟱,yf
𨟲,gy
𨟳,yy
𨟴,yy
𨟵,yb
𨟶,gy
𨟷,yb
𨟸,yw
𨟹,yv
𨟺,yg
𨟻,py
𨟼,yj
𨟽,hy
𨟾,yu
𨟿,yx
𨠀,yy
𨠁,yj
𨠂,yh
𨠃,yy
𨠄,yy
𨠅,yq
𨠆,uy
𨠇,yt
𨠈,yy
𨠉,yx
𨠊,yu
𨠋,yg
𨠌,yd
𨠍,yg
𨠎,ys
𨠏,yu
𨠐,yb
𨠑,yy
𨠒,sy
𨠓,yd
𨠔,yb
𨠕,yy
𨠖,yb
𨠗,yy
𨠘,yb
𨠙,yp
𨠚,yd
𨠛,yw
𨠜,yp
𨠝,yw
𨠞,yd
𨠟,yp
𨠠,yu
𨠡,yy
𨠢,sy
𨠣,yv
𨠤,yu
𨠥,yv
𨠦,yf
𨠧,ey
𨠨,yq
𨠩,yv
𨠪,yu
𨠫,by
𨠬,yl
𨠭,ry
𨠮,yx
𨠯,yx
𨠰,ry
𨠱,yv
𨠲,yw
𨠳,yr
𨠴,yx
𨠵,yg
𨠶,yb
𨠷,cy
𨠸,yg
𨠹,ym
𨠺,yz
𨠻,yy
𨠼,ya
𨠽,yi
𨠾,gy
𨠿,yr
𨡀,yo
𨡁,yj
𨡂,yj
𨡃,yf
𨡄,yk
𨡅,ym
𨡆,yz
𨡇,ym
𨡈,yt
𨡉,yy
𨡊,yd
𨡋,yk
𨡌,yn
𨡍,yo
𨡎,yx
𨡏,yb
𨡐,ny
𨡑,yk
𨡒,yv
𨡓,py
𨡔,xy
𨡕,yu
𨡖,ym
𨡗,yg
𨡘,yd
𨡙,yu
𨡚,yo
𨡛,yy
𨡜,yo
𨡝,ym
𨡞,yk
𨡟,yc
𨡠,yo
𨡡,br
𨡢,rq
𨡣,ry
𨡤,yy
𨡥,yk
𨡦,yv
𨡧,yq
𨡨,yb
𨡩,yu
𨡪,yy
𨡫,yi
𨡬,ym
𨡭,my
𨡮,yx
𨡯,yg
𨡰,pm
𨡱,yg
𨡲,yh
𨡳,rj
𨡴,yy
𨡵,ym
𨡶,py
𨡷,gy
𨡸,yx
𨡹,yu
𨡺,yb
𨡻,yy
𨡼,ym
𨡽,yo
𨡾,yx
𨡿,ym
𨢀,yz
𨢁,yg
𨢂,yo
𨢃,yv
𨢄,ys
𨢅,bu
𨢆,ya
𨢇,yt
𨢈,uy
𨢉,yb
𨢊,yu
𨢋,ty
𨢌,yg
𨢍,yo
𨢎,yl
𨢏,oy
𨢐,yf
𨢑,yj
𨢒,iy
𨢓,yk
𨢔,yo
𨢕,ym
𨢖,yb
𨢗,yk
𨢘,ym
𨢙,yu
𨢚,yy
𨢛,by
𨢜,yv
𨢝,yj
𨢞,wy
𨢟,yr
𨢠,ym
𨢡,yf
𨢢,yd
𨢣,yy
𨢤,ty
𨢥,yy
𨢦,yb
𨢧,yf
𨢨,yx
𨢩,yw
𨢪,yg
𨢫,yk
𨢬,ym
𨢭,yy
𨢮,uy
𨢯,dy
𨢰,uk
𨢱,uy
𨢲,yb
𨢳,yo
𨢴,ym
𨢵,yu
𨢶,yh
𨢷,yb
𨢸,ym
𨢹,py
𨢺,yo
𨢻,yg
𨢼,yw
𨢽,tw
𨢾,ye
𨢿,yu
𨣀,yx
𨣁,yk
𨣂,yi
𨣃,yl
𨣄,yf
𨣅,yy
𨣆,yd
𨣇,yo
𨣈,yb
𨣉,yo
𨣊,yk
𨣋,yo
𨣌,yu
𨣍,yo
𨣎,ym
𨣏,yk
𨣐,ry
𨣑,yu
𨣒,yl
𨣓,ym
𨣔,yx
𨣕,ym
𨣖,ys
𨣗,iy
𨣘,ym
𨣙,yb
𨣚,yd
𨣛,yg
𨣜,yb
𨣝,yx
𨣞,yw
𨣟,yj
𨣠,yg
𨣡,bb
𨣢,yu
𨣣,yg
𨣤,yu
𨣥,yw
𨣦,yb
𨣧,yo
𨣨,ym
𨣩,ry
𨣪,yw
𨣫,yd
𨣬,yb
𨣭,yx
𨣮,ym
𨣯,yo
𨣰,yi
𨣱,yd
𨣲,yj
𨣳,yg
𨣴,yu
𨣵,yb
𨣶,yg
𨣷,yv
𨣸,yj
𨣹,dy
𨣺,yh
𨣻,ny
𨣼,yx
𨣽,yu
𨣾,gy
𨣿,ym
𨤀,yk
𨤁,yh
𨤂,yy
𨤃,yi
𨤄,yo
𨤅,rr
𨤆,yb
𨤇,yo
𨤈,dy
𨤉,yi
𨤊,yy
𨤋,yj
𨤌,yl
𨤍,yr
𨤎,ym
𨤏,vm
𨤐,bm
𨤑,my
𨤒,my
𨤓,ro
𨤔,ua
𨤕,md
𨤖,mb
𨤗,mo
𨤘,ma
𨤙,mx
𨤚,mr
𨤛,mg
𨤜,mu
𨤝,mc
𨤞,mn
𨤟,mg
𨤠,mv
𨤡,mb
𨤢,ul
𨤣,dl
𨤤,ly
𨤥,kl
𨤦,kl
𨤧,lx
𨤨,rv
𨤩,bl
𨤪,ul
𨤫,wl
𨤬,gl
𨤭,ll
𨤮,lh
𨤯,lk
𨤰,dl
𨤱,ol
𨤲,yl
𨤳,al
𨤴,vz
𨤵,lh
𨤶,vv
𨤷,lk
𨤸,ul
𨤹,va
𨤺,lv
𨤻,al
𨤼,vf
𨤽,jb
𨤾,ra
𨤿,jr
𨥀,ra
𨥁,jy
𨥂,jz
𨥃,ja
𨥄,rb
𨥅,jv
𨥆,jj
𨥇,jc
𨥈,jj
𨥉,ju
𨥊,jq
𨥋,ju
𨥌,ju
𨥍,jx
𨥎,jr
𨥏,fj
𨥐,jj
𨥑,jc
𨥒,yj
𨥓,qj
𨥔,jd
𨥕,jy
𨥖,jy
𨥗,uj
𨥘,jx
𨥙,jj
𨥚,jj
𨥛,jh
𨥜,jy
𨥝,jv
𨥞,ju
𨥟,jk
𨥠,jy
𨥡,jj
𨥢,kj
𨥣,kj
𨥤,jy
𨥥,jj
𨥦,jd
𨥧,jf
𨥨,jm
𨥩,jl
𨥪,jd
𨥫,pj
𨥬,nj
𨥭,jy
𨥮,ju
𨥯,jw
𨥰,jk
𨥱,jr
𨥲,gj
𨥳,jp
𨥴,uj
𨥵,jf
𨥶,jg
𨥷,rj
𨥸,jx
𨥹,js
𨥺,js
𨥻,jy
𨥼,jv
𨥽,jk
𨥾,jp
𨥿,jk
𨦀,jj
𨦁,jt
𨦂,jv
𨦃,ja
𨦄,jv
𨦅,ja
𨦆,jb
𨦇,jj
𨦈,jq
𨦉,ju
𨦊,jb
𨦋,yj
𨦌,jd
𨦍,ji
𨦎,jw
𨦏,jy
𨦐,jd
𨦑,jw
𨦒,jl
𨦓,jd
𨦔,nj
𨦕,jd
𨦖,jn
𨦗,jh
𨦘,jg
𨦙,jd
𨦚,jd
𨦛,jq
𨦜,jk
𨦝,jd
𨦞,jv
𨦟,jf
𨦠,dj
𨦡,jy
𨦢,jr
𨦣,jy
𨦤,jv
𨦥,jy
𨦦,jy
𨦧,jn
𨦨,jj
𨦩,jn
𨦪,je
𨦫,jx
𨦬,jt
𨦭,jn
𨦮,dj
𨦯,ju
𨦰,jl
𨦱,jw
𨦲,jl
𨦳,jk
𨦴,jj
𨦵,jr
𨦶,jf
𨦷,rj
𨦸,jx
𨦹,je
𨦺,jb
𨦻,jl
𨦼,jk
𨦽,jk
𨦾,ju
𨦿,jd
𨧀,jt
𨧁,dj
𨧂,jd
𨧃,jk
𨧄,jj
𨧅,ju
𨧆,jk
𨧇,jn
𨧈,jk
𨧉,jn
𨧊,pj
𨧋,pj
𨧌,js
𨧍,jy
𨧎,gj
𨧏,jb
𨧐,jk
𨧑,jg
𨧒,hj
𨧓,jt
𨧔,xj
𨧕,jk
𨧖,ja
𨧗,jp
𨧘,jd
𨧙,jk
𨧚,ju
𨧛,jy
𨧜,je
𨧝,jd
𨧞,je
𨧟,jx
𨧠,jg
𨧡,jk
𨧢,jd
𨧣,jj
𨧤,jl
𨧥,je
𨧦,ej
𨧧,ju
𨧨,jn
𨧩,ju
𨧪,jj
𨧫,ju
𨧬,jn
𨧭,hj
𨧮,gj
𨧯,jy
𨧰,jb
𨧱,ji
𨧲,ja
𨧳,nj
𨧴,jy
𨧵,jw
𨧶,jd
𨧷,jy
𨧸,aj
𨧹,jo
𨧺,jr
𨧻,jx
𨧼,jf
𨧽,pj
𨧾,jv
𨧿,hj
𨨀,jg
𨨁,jt
𨨃,jq
𨨄,jr
𨨅,ja
𨨆,jk
𨨇,jb
𨨈,jy
𨨉,jb
𨨊,jk
𨨋,jh
𨨌,jw
𨨍,jn
𨨎,je
𨨏,jp
𨨐,ju
𨨑,hj
𨨒,jy
𨨓,jw
𨨔,jo
𨨕,jp
𨨖,wj
𨨗,aj
𨨘,jy
𨨙,jy
𨨚,jh
𨨛,jk
𨨜,jv
𨨝,jg
𨨞,jt
𨨟,jx
𨨠,jm
𨨡,jd
𨨢,jq
𨨣,jb
𨨤,jq
𨨥,ja
𨨦,jw
𨨧,jn
𨨨,jv
𨨩,jx
𨨪,jd
𨨫,ja
𨨬,vj
𨨭,jy
𨨮,jx
𨨯,jt
𨨰,jd
𨨱,ju
𨨲,jc
𨨳,jf
𨨴,jv
𨨵,jk
𨨶,je
𨨷,jq
𨨸,ji
𨨹,je
𨨺,xj
𨨻,ju
𨨼,lj
𨨽,jw
𨨾,uj
𨨿,jy
𨩀,ju
𨩁,pj
𨩂,hj
𨩃,jo
𨩄,jl
𨩅,jg
𨩆,jn
𨩇,jg
𨩈,jo
𨩉,jd
𨩊,jy
𨩋,jo
𨩌,jd
𨩍,jn
𨩎,je
𨩏,jn
𨩐,jn
𨩑,jc
𨩒,jt
𨩓,tj
𨩔,ju
𨩕,ij
𨩖,js
𨩗,jk
𨩘,jz
𨩙,jm
𨩚,ja
𨩛,ju
𨩜,jy
𨩝,je
𨩞,jf
𨩟,jk
𨩠,jo
𨩡,jd
𨩢,jo
𨩣,jm
𨩤,jk
𨩥,jc
𨩦,jj
𨩧,uj
𨩨,jd
𨩩,jo
𨩪,ji
𨩫,jg
𨩬,jd
𨩭,jg
𨩮,jk
𨩯,jl
𨩰,ju
𨩱,jp
𨩲,jk
𨩳,jw
𨩴,jy
𨩵,jy
𨩶,jc
𨩷,ju
𨩸,jb
𨩹,kj
𨩺,jw
𨩻,jw
𨩼,jz
𨩽,je
𨩾,jv
𨩿,jz
𨪀,ja
𨪁,jn
𨪂,ju
𨪃,jd
𨪄,tj
𨪅,jm
𨪆,jk
𨪇,jr
𨪈,jg
𨪉,jj
𨪊,ji
𨪋,jr
𨪌,jo
𨪍,jn
𨪎,ja
𨪏,ju
𨪐,jy
𨪑,jd
𨪒,jk
𨪓,jk
𨪔,nj
𨪕,jc
𨪖,wj
𨪗,jn
𨪘,jh
𨪙,jc
𨪚,jg
𨪛,jx
𨪜,jx
𨪝,jw
𨪞,jy
𨪟,ju
𨪠,jf
𨪡,jb
𨪢,js
𨪣,aj
𨪤,jg
𨪥,jw
𨪦,jh
𨪧,aj
𨪨,jn
𨪩,jm
𨪪,ja
𨪫,jj
𨪬,ju
𨪭,jf
𨪮,jo
𨪯,jv
𨪰,jt
𨪱,vj
𨪲,jt
𨪳,jh
𨪴,jo
𨪵,jj
𨪶,jn
𨪷,jo
𨪸,jk
𨪹,jw
𨪺,jr
𨪻,jc
𨪼,jr
𨪽,jw
𨪾,jr
𨪿,jy
𨫀,jy
𨫁,jy
𨫂,jx
𨫃,jx
𨫄,jl
𨫅,jc
𨫆,jw
𨫇,jt
𨫈,jr
𨫉,jc
𨫊,ja
𨫋,jb
𨫌,jo
𨫍,jx
𨫎,jy
𨫏,ju
𨫐,jt
𨫑,jx
𨫒,jy
𨫓,jw
𨫔,tj
𨫕,jy
𨫖,jw
𨫗,jh
𨫙,jw
𨫚,jg
𨫛,ju
𨫜,jx
𨫝,jv
𨫞,jb
𨫟,ja
𨫠,jv
𨫡,jy
𨫢,jk
𨫣,wj
𨫤,jy
𨫥,pj
𨫦,dj
𨫧,jb
𨫨,jh
𨫩,ju
𨫪,jt
𨫫,jy
𨫬,jv
𨫭,jw
𨫮,jb
𨫯,jb
𨫰,jy
𨫱,jf
𨫲,jt
𨫳,jw
𨫴,jv
𨫵,ja
𨫶,jo
𨫷,jy
𨫸,jm
𨫹,dj
𨫺,ju
𨫻,jv
𨫼,jw
𨫽,jx
𨫾,jw
𨫿,jm
𨬀,jd
𨬁,jd
𨬂,jx
𨬃,jx
𨬄,jh
𨬅,jt
𨬆,jk
𨬇,wj
𨬈,ja
𨬉,jv
𨬊,jw
𨬋,je
𨬌,jb
𨬍,jo
𨬎,jk
𨬏,ja
𨬐,ij
𨬑,ij
𨬒,jw
𨬓,jl
𨬔,jw
𨬕,jg
𨬖,jz
𨬗,jy
𨬘,ja
𨬙,jk
𨬚,jx
𨬛,cj
𨬜,jw
𨬝,tj
𨬞,jw
𨬟,jx
𨬠,jw
𨬡,ja
𨬢,jq
𨬣,jo
𨬤,jh
𨬥,jj
𨬦,ju
𨬧,jl
𨬨,jn
𨬩,jv
𨬪,cj
𨬫,jj
𨬬,jt
𨬭,jg
𨬮,aj
𨬯,jn
𨬰,jy
𨬱,jk
𨬲,jy
𨬳,ju
𨬴,jo
𨬵,jg
𨬶,jv
𨬷,jz
𨬸,ju
𨬹,jr
𨬺,jn
𨬻,jc
𨬼,ju
𨬽,xj
𨬾,jy
𨬿,jt
𨭀,jg
𨭁,ju
𨭂,jr
𨭃,jy
𨭄,jb
𨭅,jr
𨭆,jh
𨭇,jr
𨭈,jy
𨭉,wj
𨭊,jj
𨭋,jd
𨭌,jp
𨭍,jx
𨭎,jk
𨭏,jg
𨭐,ju
𨭑,sj
𨭒,jg
𨭓,jk
𨭔,sj
𨭕,jb
𨭖,jd
𨭗,jo
𨭘,jd
𨭙,jv
𨭚,jd
𨭛,jr
𨭜,jw
𨭝,jh
𨭞,wj
𨭟,jh
𨭠,jt
𨭡,jj
𨭢,jq
𨭣,jz
𨭤,jf
𨭥,jw
𨭦,jb
𨭧,bj
𨭨,jx
𨭩,jt
𨭪,jz
𨭫,jm
𨭬,jd
𨭭,js
𨭮,jm
𨭯,jl
𨭰,jw
𨭱,jl
𨭲,ju
𨭳,jk
𨭴,ju
𨭵,jy
𨭶,jd
𨭷,jn
𨭸,jv
𨭹,jq
𨭺,ju
𨭻,qj
𨭼,jh
𨭽,jn
𨭾,ju
𨭿,jv
𨮀,ju
𨮁,jk
𨮂,jn
𨮃,jy
𨮄,jj
𨮅,jr
𨮆,jb
𨮇,jf
𨮈,jq
𨮉,jy
𨮊,jd
𨮋,jx
𨮌,jy
𨮍,jh
𨮎,jk
𨮏,jm
𨮐,jo
𨮑,jv
𨮒,jx
𨮓,jf
𨮔,jb
𨮕,jt
𨮖,jj
𨮗,jb
𨮘,jb
𨮙,ju
𨮛,jp
𨮜,dj
𨮝,yj
𨮞,jt
𨮟,jt
𨮠,go
𨮡,jc
𨮢,jk
𨮣,jd
𨮤,jk
𨮥,jg
𨮦,ju
𨮧,jf
𨮨,jj
𨮩,jk
𨮪,aj
𨮫,jg
𨮬,jc
𨮭,jt
𨮮,jq
𨮯,jw
𨮰,jc
𨮱,jg
𨮲,wj
𨮳,jh
𨮴,je
𨮵,ju
𨮶,ju
𨮷,ja
𨮸,jd
𨮹,jg
𨮺,jo
𨮻,jt
𨮼,jk
𨮽,ju
𨮾,jc
𨮿,jo
𨯀,jo
𨯁,jy
𨯂,ji
𨯃,jw
𨯄,jh
𨯅,jd
𨯆,jo
𨯇,jn
𨯈,jx
𨯉,ji
𨯊,jw
𨯋,jw
𨯌,ji
𨯍,cj
𨯎,je
𨯏,ju
𨯐,jt
𨯑,jx
𨯒,jj
𨯓,ju
𨯔,tj
𨯕,jf
𨯖,jb
𨯗,jy
𨯘,jr
𨯙,jw
𨯚,jx
𨯛,jy
𨯜,jj
𨯝,jo
𨯞,gj
𨯟,jv
𨯠,jo
𨯡,jb
𨯢,jg
𨯣,ju
𨯤,jn
𨯥,jb
𨯦,jj
𨯧,jh
𨯨,jh
𨯩,jo
𨯪,jx
𨯫,jk
𨯬,jy
𨯭,jg
𨯮,jf
𨯯,jb
𨯰,jz
𨯱,jg
𨯲,jy
𨯳,yj
𨯴,jt
𨯵,jb
𨯶,jx
𨯷,jb
𨯸,jy
𨯹,jm
𨯺,jh
𨯻,jk
𨯼,jg
𨯽,jn
𨯾,jf
𨯿,jj
𨰀,ji
𨰁,jv
𨰂,jh
𨰃,jn
𨰄,jy
𨰅,jb
𨰆,jg
𨰇,jq
𨰈,ju
𨰉,jt
𨰊,jl
𨰋,jb
𨰌,cj
𨰍,ji
𨰎,jb
𨰏,jx
𨰐,jh
𨰑,jv
𨰒,vj
𨰓,jo
𨰔,jh
𨰕,jk
𨰖,jh
𨰗,jm
𨰘,jb
𨰙,ji
𨰚,jy
𨰛,jb
𨰜,jc
𨰝,jo
𨰞,jf
𨰟,jh
𨰠,jy
𨰡,jy
𨰢,vj
𨰣,jb
𨰤,ja
𨰥,jy
𨰦,jb
𨰧,jl
𨰨,jh
𨰩,wj
𨰪,ji
𨰫,jw
𨰬,jm
𨰭,jx
𨰮,jy
𨰯,wj
𨰰,jb
𨰱,uj
𨰲,jj
𨰳,jl
𨰴,jf
𨰵,ij
𨰶,jj
𨰷,jb
𨰸,jj
𨰹,jj
𨰺,jw
𨰻,jj
𨰼,jj
𨰽,jn
𨰾,jm
𨰿,jv
𨱀,jh
𨱁,ju
𨱂,jb
𨱃,jg
𨱄,ji
𨱅,jp
𨱆,jg
𨱇,jq
𨱈,ju
𨱉,jx
𨱊,ji
𨱋,jw
𨱌,jb
𨱍,je
𨱎,jd
𨱏,jk
𨱐,jy
𨱑,jb
𨱒,jq
𨱓,jh
𨱔,jc
𨱕,jn
𨱖,jj
𨱗,iy
𨱘,ib
𨱙,ej
𨱚,eu
𨱛,eg
𨱜,ev
𨱝,ew
𨱞,em
𨱟,eq
𨱠,eo
𨱡,eu
𨱢,ey
𨱣,ey
𨱤,ej
𨱥,bi
𨱦,ei
𨱧,el
𨱨,em
𨱩,ex
𨱪,ed
𨱫,eg
𨱬,ev
𨱭,ek
𨱮,ey
𨱯,ex
𨱰,ef
𨱱,em
𨱲,eb
𨱳,ey
𨱴,ek
𨱵,ev
𨱶,et
𨱷,ee
𨱸,eq
𨱹,ev
𨱺,ec
𨱻,ek
𨱼,di
𨱽,ey
𨱾,iy
𨱿,eu
𨲀,ec
𨲁,ex
𨲂,ei
𨲃,ea
𨲄,ey
𨲅,ix
𨲆,eo
𨲇,eu
𨲈,ev
𨲉,et
𨲊,eg
𨲋,eu
𨲌,ey
𨲍,ii
𨲎,ew
𨲏,ev
𨲐,ep
𨲑,ey
𨲒,eu
𨲓,eo
𨲔,ew
𨲕,eo
𨲖,ti
𨲗,ti
𨲘,eo
𨲙,ey
𨲚,ew
𨲛,ez
𨲜,ec
𨲝,em
𨲞,ed
𨲟,eg
𨲠,eg
𨲡,ek
𨲢,ev
𨲣,ev
𨲤,eo
𨲥,en
𨲦,ed
𨲧,ez
𨲨,eu
𨲩,ey
𨲪,eb
𨲫,ef
𨲬,el
𨲭,ek
𨲮,el
𨲯,eo
𨲰,eo
𨲱,ex
𨲲,er
𨲳,ei
𨲴,id
𨲵,ed
𨲶,ew
𨲷,id
𨲸,ed
𨲹,ev
𨲺,eb
𨲻,eg
𨲼,eb
𨲽,eb
𨲾,ef
𨲿,eb
𨳀,em
𨳁,el
𨳂,et
𨳃,ef
𨳄,eb
𨳅,el
𨳆,ey
𨳉,mn
𨳊,mj
𨳋,mj
𨳌,em
𨳍,mq
𨳎,me
𨳏,am
𨳐,mn
𨳑,mw
𨳒,mx
𨳓,md
𨳔,sm
𨳕,mz
𨳖,mv
𨳗,mg
𨳘,mt
𨳙,mn
𨳚,mf
𨳛,mj
𨳜,mt
𨳝,mw
𨳞,mi
𨳟,my
𨳠,mx
𨳡,mc
𨳢,mb
𨳣,mk
𨳤,md
𨳥,mn
𨳦,my
𨳧,my
𨳨,mt
𨳩,mj
𨳪,mj
𨳫,mb
𨳬,my
𨳭,mp
𨳮,mg
𨳯,mn
𨳰,mw
𨳱,wm
𨳲,mb
𨳳,mv
𨳴,mx
𨳵,mn
𨳶,mm
𨳷,mb
𨳸,mt
𨳹,mj
𨳺,mf
𨳻,mj
𨳼,mg
𨳽,mj
𨳾,mk
𨳿,mb
𨴀,mk
𨴁,mu
𨴂,mk
𨴃,mv
𨴄,md
𨴅,me
𨴆,md
𨴇,ma
𨴈,mp
𨴉,my
𨴊,mu
𨴋,mx
𨴌,me
𨴍,mn
𨴎,me
𨴏,mk
𨴐,me
𨴑,mw
𨴒,md
𨴓,mv
𨴔,mc
𨴕,mj
𨴖,mu
𨴗,mt
𨴘,mi
𨴙,ah
𨴚,gm
𨴛,ml
𨴜,mo
𨴝,mu
𨴞,mn
𨴟,mr
𨴠,md
𨴡,mv
𨴢,mx
𨴣,mn
𨴤,mw
𨴥,mq
𨴦,ym
𨴧,mv
𨴨,mu
𨴩,mm
𨴪,mf
𨴫,mz
𨴬,mk
𨴭,my
𨴮,mx
𨴯,mu
𨴰,mv
𨴱,mu
𨴲,mx
𨴳,my
𨴴,mb
𨴵,ms
𨴶,mf
𨴷,mn
𨴸,mp
𨴹,mz
𨴺,mc
𨴻,ml
𨴼,mj
𨴽,mx
𨴾,md
𨴿,mq
𨵀,md
𨵁,mb
𨵂,mj
𨵃,me
𨵄,my
𨵅,mk
𨵆,mx
𨵇,mq
𨵈,mf
𨵉,mg
𨵊,mg
𨵋,mn
𨵌,mk
𨵍,mv
𨵎,mk
𨵏,mc
𨵐,mu
𨵑,mc
𨵒,mc
𨵓,mv
𨵔,mk
𨵕,mi
𨵖,mx
𨵗,mb
𨵘,mj
𨵙,mb
𨵚,mg
𨵛,mo
𨵜,md
𨵝,mo
𨵞,mb
𨵟,my
𨵠,mt
𨵡,mi
𨵢,md
𨵣,lm
𨵤,mk
𨵥,mo
𨵦,md
𨵧,mk
𨵨,mm
𨵩,mt
𨵪,my
𨵫,mk
𨵬,mg
𨵭,my
𨵮,mv
𨵯,mm
𨵰,mx
𨵱,mt
𨵲,mm
𨵳,ma
𨵴,mg
𨵵,mm
𨵶,mw
𨵷,mm
𨵸,mg
𨵹,mc
𨵺,mx
𨵻,mo
𨵼,ml
𨵽,mo
𨵾,mj
𨵿,mc
𨶀,mk
𨶁,mn
𨶂,mm
𨶃,mq
𨶄,ev
𨶅,mh
𨶆,mk
𨶇,mh
𨶈,mk
𨶉,mx
𨶊,rm
𨶋,mu
𨶌,mm
𨶍,mo
𨶎,mb
𨶏,mg
𨶐,mu
𨶑,mq
𨶒,mj
𨶓,xa
𨶔,my
𨶕,mq
𨶖,mk
𨶗,ml
𨶘,mq
𨶙,mb
𨶚,mc
𨶛,mb
𨶜,md
𨶝,mw
𨶞,mo
𨶟,me
𨶠,mn
𨶡,mx
𨶢,my
𨶣,mi
𨶤,mu
𨶥,md
𨶦,mq
𨶧,mo
𨶨,md
𨶩,mm
𨶪,mp
𨶫,mu
𨶬,ma
𨶭,mh
𨶮,mb
𨶯,mh
𨶰,mb
𨶱,mf
𨶲,mh
𨶳,mj
𨶴,mt
𨶵,me
𨶶,mo
𨶷,mg
𨶸,mt
𨶹,mx
𨶺,mu
𨶻,ml
𨶼,kk
𨶽,uw
𨶾,mt
𨶿,mb
𨷀,mk
𨷁,mw
𨷂,my
𨷃,mu
𨷄,mo
𨷅,mt
𨷆,mj
𨷇,mm
𨷈,md
𨷉,mo
𨷊,md
𨷋,mj
𨷌,mi
𨷎,dw
𨷏,mt
𨷐,mm
𨷑,yk
𨷒,mu
𨷓,mh
𨷔,mh
𨷕,mu
𨷖,mt
𨷗,ma
𨷘,me
𨷙,mt
𨷚,mb
𨷛,mi
𨷜,mw
𨷝,my
𨷞,mz
𨷟,md
𨷠,mt
𨷡,mj
𨷢,mh
𨷣,mw
𨷤,my
𨷥,mf
𨷦,mv
𨷧,my
𨷨,mg
𨷩,my
𨷪,mb
𨷫,jm
𨷬,mb
𨷭,mt
𨷮,mm
𨷯,mf
𨷰,mk
𨷱,mx
𨷲,mc
𨷳,mh
𨷴,mx
𨷵,mt
𨷶,jm
𨷷,mi
𨷸,mx
𨷹,mh
𨷺,mg
𨷻,mx
𨷼,mu
𨷽,mm
𨷾,mm
𨷿,mx
𨸀,mz
𨸁,mw
𨸂,mf
𨸃,mm
𨸄,mg
𨸅,mt
𨸆,mt
𨸇,mg
𨸈,md
𨸉,mk
𨸊,mg
𨸋,mh
𨸌,mb
𨸍,jm
𨸎,mc
𨸏,pl
𨸐,en
𨸑,ek
𨸒,ej
𨸓,ed
𨸔,ej
𨸕,ey
𨸖,eg
𨸗,eg
𨸘,eg
𨸙,ee
𨸚,ej
𨸛,eq
𨸜,eu
𨸝,eu
𨸞,ey
𨸟,eq
𨸠,ev
𨸡,en
𨸢,et
𨸣,ef
𨸤,er
𨸥,pj
𨸦,ek
𨸧,eh
𨸨,eo
𨸩,ew
𨸪,ee
𨸫,ex
𨸬,eu
𨸭,ek
𨸮,ek
𨸯,eg
𨸰,ej
𨸱,er
𨸲,ej
𨸳,ez
𨸴,ea
𨸵,ev
𨸶,ep
𨸷,pv
𨸸,ef
𨸹,ep
𨸺,ej
𨸻,es
𨸼,eb
𨸽,ey
𨸾,eb
𨸿,pp
𨹀,eb
𨹁,ei
𨹂,eg
𨹃,ea
𨹄,ea
𨹅,el
𨹆,eo
𨹇,pd
𨹈,eh
𨹉,eu
𨹊,er
𨹋,ew
𨹌,er
𨹍,ef
𨹎,eb
𨹏,eq
𨹐,ek
𨹑,ew
𨹒,ed
𨹓,ej
𨹔,eb
𨹕,es
𨹖,eb
𨹗,ek
𨹘,ey
𨹙,ek
𨹚,ei
𨹛,et
𨹜,eb
𨹝,eb
𨹞,eo
𨹟,en
𨹠,es
𨹡,et
𨹢,eg
𨹣,eb
𨹤,ei
𨹥,ed
𨹦,ea
𨹧,ew
𨹨,eb
𨹩,ef
𨹪,ex
𨹫,er
𨹬,ek
𨹭,ek
𨹮,ei
𨹯,ek
𨹰,eo
𨹱,eq
𨹲,ep
𨹳,en
𨹴,ez
𨹵,ev
𨹶,ee
𨹷,en
𨹸,et
𨹹,eo
𨹺,eu
𨹻,eb
𨹼,ea
𨹽,eu
𨹾,eh
𨹿,ee
𨺀,pv
𨺁,eg
𨺂,eu
𨺃,ek
𨺄,ew
𨺅,pl
𨺆,ed
𨺇,ez
𨺈,ek
𨺉,ea
𨺊,ed
𨺋,ev
𨺌,eb
𨺍,ed
𨺎,ey
𨺏,ey
𨺐,el
𨺑,eu
𨺒,ec
𨺓,eu
𨺔,pj
𨺕,eg
𨺖,ey
𨺗,ez
𨺘,ev
𨺙,ee
𨺚,ej
𨺛,ev
𨺜,ej
𨺝,ey
𨺞,ej
𨺟,eb
𨺠,eo
𨺡,ew
𨺢,ef
𨺣,eu
𨺤,et
𨺥,ex
𨺦,ey
𨺧,ey
𨺨,ek
𨺩,ey
𨺪,ek
𨺫,jl
𨺬,ej
𨺭,er
𨺮,ew
𨺯,ex
𨺰,ed
𨺱,ed
𨺲,ey
𨺳,el
𨺴,et
𨺵,pu
𨺶,ew
𨺷,ek
𨺸,ee
𨺹,eh
𨺺,er
𨺻,eo
𨺼,ev
𨺽,ey
𨺾,ev
𨺿,en
𨻀,eb
𨻁,ex
𨻂,en
𨻃,ef
𨻄,ea
𨻅,eu
𨻆,ej
𨻇,ek
𨻈,eb
𨻉,ey
𨻊,et
𨻋,et
𨻌,er
𨻍,eu
𨻎,ew
𨻏,pt
𨻐,et
𨻑,ph
𨻒,eh
𨻓,ek
𨻔,eo
𨻕,ee
𨻖,ew
𨻗,ea
𨻘,eg
𨻙,eg
𨻚,ed
𨻛,ek
𨻝,eg
𨻞,ek
𨻟,ei
𨻠,ek
𨻡,el
𨻢,eh
𨻣,ex
𨻤,en
𨻥,ey
𨻦,ei
𨻧,et
𨻨,eb
𨻩,ex
𨻪,pw
𨻫,ed
𨻬,eq
𨻭,eb
𨻮,ew
𨻯,eb
𨻰,ej
𨻱,eo
𨻲,eh
𨻳,eh
𨻴,ek
𨻵,ev
𨻶,ex
𨻷,el
𨻸,eb
𨻹,em
𨻺,ey
𨻻,en
𨻼,et
𨻽,ex
𨻾,er
𨻿,pb
𨼀,en
𨼁,et
𨼂,et
𨼃,ev
𨼄,ek
𨼅,ej
𨼆,ex
𨼇,eu
𨼈,ek
𨼉,ev
𨼊,eh
𨼋,ey
𨼌,eq
𨼍,eu
𨼎,eb
𨼏,ee
𨼐,eo
𨼑,eo
𨼒,eu
𨼓,eo
𨼔,ec
𨼕,po
𨼖,eo
𨼗,eo
𨼘,ej
𨼙,ea
𨼚,ex
𨼛,ed
𨼜,eu
𨼝,ea
𨼞,ef
𨼟,ek
𨼠,et
𨼡,ej
𨼢,eo
𨼣,eg
𨼤,eq
𨼥,ey
𨼦,er
𨼧,ek
𨼨,ej
𨼩,ek
𨼪,ez
𨼫,eu
𨼬,en
𨼭,ev
𨼮,ek
𨼯,eg
𨼰,et
𨼱,pg
𨼲,eg
𨼳,ew
𨼴,et
𨼵,ek
𨼶,ex
𨼷,eb
𨼸,eg
𨼹,er
𨼺,es
𨼻,en
𨼼,ev
𨼽,pu
𨼾,eh
𨼿,eu
𨽀,eq
𨽁,eu
𨽂,ef
𨽃,ef
𨽄,pl
𨽅,ed
𨽆,eb
𨽇,ed
𨽈,em
𨽉,eo
𨽊,ee
𨽋,eo
𨽌,ea
𨽍,eb
𨽎,ex
𨽏,eb
𨽐,ee
𨽑,ep
𨽒,ex
𨽓,py
𨽔,pb
𨽕,pw
𨽖,em
𨽗,ey
𨽘,en
𨽙,er
𨽚,eg
𨽛,ee
𨽜,em
𨽝,po
𨽞,eh
𨽟,eb
𨽠,eb
𨽡,pu
𨽢,ef
𨽣,ea
𨽤,eb
𨽥,em
𨽦,ee
𨽧,ev
𨽨,eg
𨽩,pr
𨽪,pm
𨽫,pb
𨽬,ea
𨽭,er
𨽮,ej
𨽯,er
𨽰,ee
𨽱,pj
𨽲,er
𨽳,ei
𨽴,pl
𨽵,ph
𨽶,lt
𨽷,wl
𨽸,el
𨽹,bl
𨽺,dl
𨽻,bl
𨽼,ll
𨽽,hl
𨽾,ul
𨽿,sl
𨾀,il
𨾁,rl
𨾂,lg
𨾃,sl
𨾅,qv
𨾆,dv
𨾇,bv
𨾈,uv
𨾉,jv
𨾊,gv
𨾋,uv
𨾌,yv
𨾍,gv
𨾎,rd
𨾏,rw
𨾐,vv
𨾑,vv
𨾒,wv
𨾓,gv
𨾔,fv
𨾕,gv
𨾖,vv
𨾗,rk
𨾘,yv
𨾙,qv
𨾚,fv
𨾛,uv
𨾜,ry
𨾝,fv
𨾞,xv
𨾟,wv
𨾠,rv
𨾡,uv
𨾢,gv
𨾣,mv
𨾤,pv
𨾥,mv
𨾦,uv
𨾧,mv
𨾨,vv
𨾩,uv
𨾪,rv
𨾫,nv
𨾬,uv
𨾭,uv
𨾮,dv
𨾯,nv
𨾰,sv
𨾱,sv
𨾲,pv
𨾳,yv
𨾴,kv
𨾵,nv
𨾶,bv
𨾷,nv
𨾸,dv
𨾹,jv
𨾺,dv
𨾻,rl
𨾼,dv
𨾽,gv
𨾾,vv
𨾿,ev
𨿀,jv
𨿁,vv
𨿂,rv
𨿃,rv
𨿄,bv
𨿅,xv
𨿆,cv
𨿇,rr
𨿈,rs
𨿉,ev
𨿊,sv
𨿋,jv
𨿌,fv
𨿍,wv
𨿎,bv
𨿏,gv
𨿐,vv
𨿑,ov
𨿒,rv
𨿓,yv
𨿔,kv
𨿕,xv
𨿖,hv
𨿗,qv
𨿘,rd
𨿙,lv
𨿚,vv
𨿛,rj
𨿜,gv
𨿝,bv
𨿞,rk
𨿟,av
𨿠,qv
𨿡,wv
𨿢,dv
𨿣,cv
𨿤,wv
𨿥,bv
𨿦,lv
𨿧,bv
𨿨,uv
𨿩,uv
𨿪,ov
𨿫,dv
𨿬,fv
𨿭,ev
𨿮,tv
𨿯,hv
𨿰,xv
𨿱,hv
𨿲,tv
𨿳,pv
𨿴,vv
𨿵,pv
𨿶,gv
𨿷,yv
𨿸,vv
𨿹,uv
𨿺,kv
𨿻,uv
𨿼,wv
𨿽,sv
𨿾,wv
𨿿,vv
𩀀,kv
𩀁,bv
𩀂,rv
𩀃,mv
𩀄,xv
𩀅,hv
𩀆,bv
𩀇,kv
𩀈,bv
𩀉,gv
𩀊,bv
𩀋,ev
𩀌,yv
𩀍,tv
𩀎,ov
𩀏,kv
𩀐,iv
𩀑,jv
𩀒,hv
𩀓,vv
𩀔,cv
𩀕,rv
𩀖,yv
𩀗,rj
𩀘,vv
𩀙,xv
𩀚,sv
𩀛,gv
𩀜,gv
𩀝,ly
𩀞,rv
𩀟,rn
𩀠,tv
𩀡,uv
𩀢,uv
𩀣,jv
𩀤,cv
𩀥,fv
𩀦,xv
𩀧,iv
𩀨,rz
𩀩,vv
𩀪,gv
𩀫,kv
𩀬,ro
𩀭,ov
𩀮,uv
𩀯,xv
𩀰,rv
𩀱,rw
𩀲,uh
𩀳,wv
𩀴,uv
𩀵,cv
𩀶,ev
𩀷,mv
𩀸,tv
𩀹,zv
𩀺,sv
𩀻,wv
𩀼,mv
𩀽,xv
𩀾,iv
𩀿,wv
𩁀,fv
𩁁,kk
𩁂,gv
𩁃,ev
𩁄,hv
𩁅,pv
𩁆,rv
𩁇,sv
𩁈,lv
𩁉,wv
𩁊,uv
𩁋,hv
𩁌,ev
𩁍,sv
𩁎,yv
𩁏,dv
𩁐,zv
𩁑,qv
𩁒,av
𩁓,qv
𩁔,bv
𩁕,jv
𩁖,av
𩁗,rv
𩁘,cv
𩁙,xv
𩁚,cv
𩁛,wv
𩁜,tv
𩁝,cv
𩁞,cv
𩁟,hv
𩁠,ov
𩁡,tv
𩁢,cv
𩁣,cv
𩁤,cv
𩁥,yv
𩁦,yy
𩁧,vv
𩁨,hv
𩁩,cv
𩁪,cv
𩁫,jv
𩁬,cv
𩁭,dv
𩁮,cv
𩁯,ov
𩁰,rk
𩁱,rm
𩁲,vv
𩁳,vv
𩁴,rm
𩁵,ra
𩁶,yv
𩁷,yd
𩁸,yj
𩁹,yy
𩁺,yp
𩁻,yn
𩁼,xy
𩁽,yg
𩁾,yz
𩁿,ya
𩂀,yg
𩂁,yw
𩂂,yw
𩂃,yg
𩂄,yt
𩂅,yg
𩂆,yb
𩂇,yv
𩂈,yx
𩂉,yt
𩂊,yw
𩂋,yt
𩂌,yp
𩂍,yu
𩂎,yf
𩂏,yv
𩂐,yw
𩂑,yp
𩂒,ys
𩂓,yd
𩂔,yy
𩂕,yf
𩂖,yv
𩂗,yi
𩂘,yj
𩂙,yx
𩂚,yn
𩂛,yc
𩂜,yd
𩂝,yu
𩂞,ye
𩂟,yg
𩂠,yg
𩂡,yg
𩂢,yu
𩂣,yk
𩂤,yv
𩂥,yy
𩂦,yk
𩂧,yv
𩂨,yj
𩂩,yk
𩂪,yo
𩂫,yw
𩂬,yd
𩂭,yx
𩂮,ym
𩂯,ya
𩂰,yk
𩂱,yy
𩂲,yr
𩂳,yy
𩂴,yu
𩂵,ys
𩂶,yd
𩂷,yy
𩂸,yj
𩂹,yu
𩂺,yu
𩂻,yv
𩂼,yg
𩂽,yc
𩂾,yk
𩂿,yk
𩃀,yv
𩃁,yy
𩃂,yw
𩃃,yw
𩃄,yp
𩃆,yh
𩃇,yy
𩃈,yz
𩃉,yt
𩃊,ya
𩃋,yp
𩃌,yb
𩃍,yg
𩃎,yf
𩃏,yh
𩃐,yu
𩃑,yp
𩃒,yt
𩃓,yv
𩃔,yr
𩃕,ya
𩃖,yz
𩃗,yd
𩃘,yd
𩃙,yd
𩃚,yx
𩃛,yv
𩃜,yl
𩃝,yw
𩃞,yh
𩃟,yt
𩃠,yn
𩃡,yj
𩃢,yg
𩃣,yu
𩃤,yk
𩃥,yj
𩃦,yk
𩃧,yb
𩃨,yv
𩃩,yn
𩃪,yi
𩃫,yb
𩃬,yv
𩃭,yg
𩃮,yw
𩃯,yh
𩃰,yy
𩃱,yb
𩃲,yr
𩃳,yf
𩃴,yo
𩃵,ya
𩃶,yy
𩃷,yg
𩃸,yf
𩃹,yj
𩃺,yu
𩃻,yw
𩃼,yf
𩃽,gy
𩃾,yi
𩃿,ye
𩄀,yd
𩄁,yi
𩄂,yy
𩄃,yb
𩄄,yo
𩄅,ym
𩄆,yu
𩄇,yw
𩄈,ys
𩄉,yo
𩄊,yu
𩄋,ye
𩄌,yt
𩄍,yh
𩄎,yo
𩄏,yf
𩄐,yf
𩄑,yg
𩄒,yo
𩄓,ya
𩄔,yi
𩄕,yv
𩄖,yu
𩄗,yh
𩄘,yx
𩄙,yg
𩄚,yb
𩄛,yi
𩄜,yx
𩄝,yg
𩄞,yh
𩄟,yb
𩄠,yb
𩄡,yj
𩄢,yr
𩄣,yt
𩄤,yo
𩄥,yu
𩄦,yf
𩄧,yw
𩄨,yo
𩄩,yf
𩄪,yh
𩄫,yf
𩄬,ye
𩄭,yk
𩄮,yg
𩄯,yo
𩄰,yh
𩄱,yd
𩄲,ym
𩄳,yl
𩄴,yf
𩄵,yn
𩄶,yq
𩄷,yv
𩄸,yy
𩄹,yo
𩄺,yc
𩄻,yd
𩄼,yf
𩄽,yn
𩄾,yb
𩄿,yw
𩅀,yw
𩅁,yc
𩅂,yc
𩅃,yu
𩅄,yb
𩅅,yg
𩅆,yw
𩅇,ye
𩅈,yu
𩅉,yr
𩅊,yh
𩅋,yy
𩅌,yd
𩅍,yy
𩅎,ye
𩅏,ys
𩅐,yd
𩅑,yt
𩅒,yw
𩅓,yw
𩅔,yy
𩅕,yj
𩅖,dd
𩅗,yk
𩅘,yu
𩅙,yp
𩅚,yv
𩅛,yf
𩅜,yo
𩅝,yd
𩅞,yv
𩅟,yo
𩅠,yg
𩅡,yo
𩅢,yw
𩅣,yy
𩅤,yw
𩅥,yu
𩅦,yu
𩅧,yu
𩅨,yo
𩅩,yh
𩅪,yo
𩅫,yu
𩅬,yk
𩅭,yb
𩅮,yo
𩅯,yl
𩅰,yt
𩅱,yf
𩅲,yu
𩅳,yr
𩅴,yi
𩅵,yt
𩅶,yh
𩅷,yb
𩅸,yt
𩅹,yo
𩅺,yy
𩅻,yo
𩅼,yr
𩅽,yi
𩅾,yb
𩅿,yc
𩆀,yy
𩆁,yo
𩆂,yb
𩆃,yb
𩆄,yv
𩆅,yj
𩆆,yo
𩆇,yv
𩆈,yd
𩆉,yg
𩆊,ye
𩆋,yf
𩆌,yj
𩆍,yf
𩆎,yt
𩆏,ya
𩆐,yh
𩆑,yw
𩆒,yx
𩆓,yy
𩆔,yt
𩆕,yc
𩆖,ys
𩆗,yo
𩆘,yf
𩆙,yw
𩆚,yc
𩆛,yw
𩆜,yy
𩆝,yx
𩆞,yt
𩆟,te
𩆠,yx
𩆡,yf
𩆢,yo
𩆣,yw
𩆤,yo
𩆥,yw
𩆦,yo
𩆧,yj
𩆨,yf
𩆩,yc
𩆪,yd
𩆫,ye
𩆬,yu
𩆭,ye
𩆮,yk
𩆯,yr
𩆰,yu
𩆱,ya
𩆲,yw
𩆳,yn
𩆴,ym
𩆵,yy
𩆶,yf
𩆷,yj
𩆸,yv
𩆹,yb
𩆺,yk
𩆻,yh
𩆼,ys
𩆽,yx
𩆾,yk
𩆿,yy
𩇀,yx
𩇁,yj
𩇂,yb
𩇃,yg
𩇄,yo
𩇅,yd
𩇆,yh
𩇇,yl
𩇈,yy
𩇉,yb
𩇊,yb
𩇋,ye
𩇌,yb
𩇍,yx
𩇎,yt
𩇏,yj
𩇐,yv
𩇑,yb
𩇒,yh
𩇓,yk
𩇔,yy
𩇕,fp
𩇖,yo
𩇗,fw
𩇘,qo
𩇙,fs
𩇚,fk
𩇛,uo
𩇜,fe
𩇝,db
𩇞,fh
𩇟,dj
𩇠,fm
𩇡,fx
𩇢,fu
𩇣,fb
𩇤,fn
𩇥,fy
𩇩,df
𩇪,fj
𩇫,fz
𩇬,fk
𩇭,fh
𩇮,fu
𩇯,fb
𩇰,wr
𩇱,fj
𩇲,fy
𩇳,wf
𩇴,ff
𩇵,fg
𩇶,bf
𩇷,fk
𩇸,fk
𩇹,fu
𩇺,tf
𩇻,fx
𩇼,ft
𩇽,bf
𩇾,mf
𩇿,cw
𩈀,ft
𩈁,ef
𩈂,fx
𩈃,mc
𩈄,md
𩈅,mg
𩈆,mb
𩈇,mi
𩈈,mf
𩈉,me
𩈊,my
𩈋,mj
𩈌,mj
𩈍,md
𩈎,mk
𩈏,ml
𩈐,mw
𩈑,my
𩈒,mh
𩈓,mp
𩈔,mk
𩈕,mg
𩈖,ms
𩈗,my
𩈘,wm
𩈙,mu
𩈚,mk
𩈛,my
𩈜,ml
𩈝,my
𩈞,mx
𩈟,me
𩈠,pm
𩈡,mg
𩈢,mx
𩈣,mk
𩈤,mz
𩈥,mw
𩈦,me
𩈧,dm
𩈨,fm
𩈩,me
𩈪,mt
𩈫,mu
𩈬,ml
𩈭,mq
𩈮,mk
𩈯,md
𩈰,bm
𩈱,bm
𩈲,mm
𩈳,mm
𩈴,mo
𩈵,im
𩈶,mu
𩈷,ms
𩈸,mq
𩈹,ml
𩈺,mh
𩈻,im
𩈼,mp
𩈽,mn
𩈾,mn
𩈿,md
𩉀,dm
𩉁,mu
𩉂,om
𩉃,vm
𩉄,mh
𩉅,hm
𩉆,mm
𩉇,mq
𩉈,mh
𩉉,oj
𩉊,md
𩉋,mx
𩉌,my
𩉍,dm
𩉎,om
𩉏,mz
𩉐,mu
𩉑,mu
𩉒,mx
𩉓,mb
𩉔,mj
𩉕,bm
𩉖,mm
𩉗,mv
𩉘,om
𩉙,mv
𩉚,mf
𩉛,cd
𩉜,cj
𩉝,cw
𩉞,ck
𩉟,cv
𩉠,cy
𩉡,cj
𩉢,cq
𩉣,cg
𩉤,cx
𩉥,cy
𩉦,cs
𩉧,cf
𩉨,cv
𩉩,cw
𩉪,cm
𩉫,cb
𩉬,cu
𩉭,cg
𩉮,cv
𩉯,cy
𩉰,cj
𩉱,ch
𩉲,cy
𩉳,cj
𩉴,cv
𩉵,cf
𩉶,ca
𩉷,cv
𩉸,cj
𩉹,cb
𩉺,cb
𩉻,cy
𩉼,cu
𩉽,cf
𩉾,cj
𩉿,cj
𩊀,cb
𩊁,cv
𩊂,cs
𩊃,cb
𩊄,yu
𩊅,ce
𩊆,ck
𩊇,cy
𩊈,uu
𩊉,cg
𩊊,cy
𩊋,cs
𩊌,cl
𩊍,cy
𩊎,ce
𩊏,ck
𩊐,ce
𩊑,cy
𩊒,cy
𩊓,ck
𩊔,cf
𩊕,ce
𩊖,ck
𩊗,ck
𩊘,cb
𩊙,cq
𩊚,ck
𩊛,cv
𩊜,ca
𩊝,co
𩊞,ct
𩊟,cj
𩊠,cg
𩊡,cd
𩊢,cb
𩊣,cw
𩊤,cy
𩊥,cx
𩊦,cc
𩊧,cj
𩊨,ci
𩊩,cf
𩊪,cb
𩊫,cx
𩊬,cf
𩊭,cx
𩊮,cu
𩊯,cu
𩊰,ct
𩊱,cm
𩊲,ct
𩊳,gu
𩊴,cx
𩊵,co
𩊶,cu
𩊷,cb
𩊸,cj
𩊹,cd
𩊺,cy
𩊻,cw
𩊼,cu
𩊽,cj
𩊾,cy
𩊿,co
𩋀,cz
𩋁,cy
𩋂,cf
𩋃,cf
𩋄,cy
𩋅,cx
𩋆,iu
𩋇,cx
𩋈,cx
𩋉,ca
𩋊,cd
𩋋,cg
𩋌,cw
𩋍,cv
𩋎,ci
𩋏,cx
𩋐,cu
𩋑,ca
𩋒,co
𩋓,ci
𩋔,ct
𩋕,cj
𩋖,cb
𩋗,cg
𩋘,cv
𩋙,ck
𩋚,cx
𩋛,cy
𩋜,cg
𩋝,ct
𩋞,ca
𩋟,cw
𩋠,cm
𩋡,ct
𩋢,cd
𩋣,cj
𩋤,co
𩋥,cy
𩋦,cu
𩋧,cb
𩋨,ct
𩋩,cw
𩋪,cb
𩋫,cy
𩋬,cw
𩋭,cl
𩋮,cc
𩋯,cw
𩋰,cc
𩋱,ci
𩋲,cb
𩋳,cd
𩋴,cu
𩋵,co
𩋶,ce
𩋷,cd
𩋸,cy
𩋹,ch
𩋺,ck
𩋻,co
𩋼,cd
𩋽,ck
𩋾,cf
𩋿,co
𩌀,co
𩌁,cu
𩌂,ck
𩌃,cg
𩌄,cc
𩌅,cy
𩌆,cb
𩌇,cx
𩌈,cx
𩌉,cu
𩌊,tu
𩌋,cb
𩌌,cb
𩌍,cm
𩌎,ct
𩌏,cc
𩌐,cu
𩌑,ct
𩌒,co
𩌓,cv
𩌔,cr
𩌕,cv
𩌖,cu
𩌗,ch
𩌘,ch
𩌙,cb
𩌚,ck
𩌜,cm
𩌝,cl
𩌞,co
𩌟,cb
𩌠,co
𩌡,ck
𩌢,cg
𩌣,ch
𩌤,cg
𩌥,tu
𩌦,cz
𩌧,cd
𩌨,co
𩌩,cv
𩌪,cb
𩌫,cb
𩌬,cu
𩌭,cp
𩌮,ch
𩌯,cw
𩌰,cp
𩌱,cq
𩌲,cj
𩌳,cv
𩌴,cj
𩌵,cd
𩌶,cf
𩌷,cv
𩌸,cy
𩌹,cx
𩌺,tu
𩌻,cy
𩌼,ct
𩌽,cw
𩌾,ci
𩌿,cv
𩍀,cg
𩍁,cy
𩍂,eu
𩍃,cb
𩍄,ce
𩍅,cl
𩍆,ch
𩍇,cw
𩍈,ck
𩍉,cw
𩍊,cj
𩍋,cj
𩍌,cc
𩍍,cu
𩍎,cd
𩍏,ct
𩍐,cb
𩍑,cx
𩍒,cw
𩍓,cv
𩍔,cw
𩍕,cd
𩍖,cx
𩍗,cw
𩍘,cf
𩍙,ck
𩍚,cu
𩍛,cr
𩍜,cg
𩍝,cn
𩍞,ci
𩍟,co
𩍠,cy
𩍡,cy
𩍢,ct
𩍣,ca
𩍤,tu
𩍥,ce
𩍦,cb
𩍧,cu
𩍨,cb
𩍩,cf
𩍪,cv
𩍫,cw
𩍬,cu
𩍭,co
𩍮,cb
𩍯,wg
𩍰,cm
𩍱,cy
𩍲,cb
𩍳,cw
𩍴,cb
𩍵,cb
𩍶,ch
𩍷,wu
𩍸,vu
𩍹,cx
𩍺,ck
𩍻,gu
𩍼,cm
𩍽,cb
𩍾,cb
𩍿,cc
𩎀,cz
𩎁,ck
𩎂,ch
𩎃,cy
𩎄,cm
𩎅,cz
𩎆,cx
𩎇,ch
𩎈,cb
𩎉,cb
𩎊,cv
𩎋,cw
𩎌,cy
𩎍,ou
𩎎,cu
𩎏,cb
𩎐,cm
𩎑,ch
𩎒,wg
𩎓,wq
𩎔,wx
𩎕,wj
𩎖,wv
𩎗,wq
𩎘,wb
𩎙,wl
𩎚,wi
𩎛,wf
𩎜,wp
𩎝,wv
𩎞,sf
𩎟,ww
𩎠,wc
𩎡,ff
𩎢,wy
𩎣,wk
𩎤,wg
𩎥,wy
𩎦,wf
𩎧,wq
𩎨,wd
𩎪,wy
𩎫,wa
𩎬,wk
𩎭,wb
𩎮,dx
𩎯,wu
𩎰,wx
𩎱,wr
𩎲,tf
𩎳,df
𩎴,wr
𩎵,rf
𩎶,wu
𩎷,wh
𩎸,wv
𩎹,wa
𩎺,wv
𩎻,wf
𩎼,wb
𩎽,wo
𩎾,wb
𩎿,wo
𩏀,wx
𩏁,wa
𩏂,wu
𩏃,wp
𩏄,wt
𩏅,wy
𩏆,wd
𩏇,wu
𩏈,wx
𩏉,ww
𩏊,wa
𩏋,wo
𩏌,wr
𩏍,wo
𩏎,wr
𩏏,wa
𩏐,wg
𩏑,uf
𩏒,wk
𩏓,bf
𩏔,wb
𩏕,wy
𩏖,wu
𩏗,jf
𩏘,wv
𩏙,wg
𩏚,we
𩏛,wm
𩏜,tf
𩏝,wn
𩏞,wx
𩏟,wt
𩏠,wb
𩏡,wb
𩏢,wh
𩏣,hf
𩏤,wu
𩏥,wu
𩏦,wh
𩏧,cf
𩏨,wv
𩏩,wr
𩏪,wg
𩏫,wk
𩏬,wk
𩏭,wb
𩏮,wa
𩏯,wc
𩏰,wh
𩏱,wb
𩏲,wx
𩏳,wg
𩏴,af
𩏵,wc
𩏶,mf
𩏷,mf
𩏸,mf
𩏹,xf
𩏺,wy
𩏻,tf
𩏼,wn
𩏽,wf
𩏾,wy
𩏿,wz
𩐀,wy
𩐁,dj
𩐂,yj
𩐃,bj
𩐄,tj
𩐅,ty
𩐆,yj
𩐇,nj
𩐈,dj
𩐉,kj
𩐊,bj
𩐋,uj
𩐌,ej
𩐍,cj
𩐎,uj
𩐏,mj
𩐐,wj
𩐑,ij
𩐒,uj
𩐓,wj
𩐔,wj
𩐕,gj
𩐖,hj
𩐗,lj
𩐘,yo
𩐙,lt
𩐚,lf
𩐛,lw
𩐜,lb
𩐝,lj
𩐞,xo
𩐟,lf
𩐠,lg
𩐡,lx
𩐢,po
𩐣,lg
𩐤,lk
𩐥,lk
𩐦,lc
𩐧,lk
𩐨,lf
𩐩,lk
𩐪,lo
𩐫,lu
𩐬,lh
𩐭,lx
𩐮,lu
𩐯,lo
𩐰,lr
𩐱,la
𩐲,lo
𩐳,ly
𩐴,wo
𩐵,lb
𩐶,lk
𩐷,la
𩐸,lm
𩐹,ly
𩐺,lg
𩐻,ld
𩐼,lb
𩐽,lj
𩐾,lv
𩐿,lx
𩑀,lf
𩑁,lw
𩑂,li
𩑃,lw
𩑄,lw
𩑅,lb
𩑆,lt
𩑇,ly
𩑈,lb
𩑉,lx
𩑊,lr
𩑋,be
𩑌,yy
𩑍,yv
𩑎,py
𩑏,jy
𩑐,yy
𩑑,my
𩑒,py
𩑓,vy
𩑔,py
𩑕,ky
𩑖,wy
𩑗,yy
𩑘,yp
𩑙,wy
𩑚,fy
𩑛,xy
𩑜,by
𩑝,py
𩑞,oy
𩑟,ry
𩑠,vy
𩑡,qy
𩑢,by
𩑣,yy
𩑤,wy
𩑥,uy
𩑦,py
𩑧,iy
𩑨,uy
𩑩,ny
𩑪,cy
𩑫,vy
𩑬,wy
𩑭,ry
𩑮,wy
𩑯,dy
𩑰,dy
𩑱,uy
𩑲,uy
𩑳,py
𩑴,yy
𩑵,wy
𩑶,gy
𩑷,wy
𩑸,ky
𩑹,xy
𩑺,ry
𩑻,by
𩑼,ky
𩑽,vy
𩑾,uy
𩑿,by
𩒀,ry
𩒁,ky
𩒂,by
𩒃,gy
𩒄,cy
𩒅,by
𩒆,dy
𩒇,xy
𩒈,yx
𩒉,ry
𩒊,vy
𩒋,by
𩒌,uy
𩒍,yy
𩒎,sy
𩒏,uy
𩒐,gy
𩒑,ky
𩒒,iy
𩒓,gy
𩒔,ey
𩒕,ny
𩒖,gy
𩒗,ky
𩒘,wy
𩒙,ny
𩒚,gy
𩒛,uy
𩒜,ny
𩒝,oy
𩒞,gy
𩒟,vy
𩒠,bt
𩒡,fy
𩒢,ay
𩒣,iy
𩒤,wy
𩒥,ky
𩒦,jy
𩒧,pj
𩒨,bo
𩒩,gy
𩒪,hy
𩒫,uy
𩒬,gy
𩒭,by
𩒮,qy
𩒯,gy
𩒰,wy
𩒱,wy
𩒲,uy
𩒳,oy
𩒴,gy
𩒵,bt
𩒶,wy
𩒷,iy
𩒸,ey
𩒹,po
𩒺,fy
𩒻,ky
𩒼,sy
𩒽,xy
𩒾,wy
𩒿,ly
𩓀,sy
𩓁,fy
𩓂,by
𩓃,iy
𩓄,pb
𩓅,dy
𩓆,ky
𩓇,py
𩓈,uy
𩓉,wy
𩓊,ty
𩓋,ly
𩓌,oy
𩓍,xy
𩓎,sy
𩓏,iy
𩓐,uy
𩓑,by
𩓒,iy
𩓓,oy
𩓔,ky
𩓕,fy
𩓖,vy
𩓗,wy
𩓘,by
𩓙,bu
𩓚,vy
𩓛,uy
𩓜,cy
𩓝,xy
𩓞,vy
𩓟,dy
𩓠,vy
𩓡,ay
𩓢,oy
𩓣,pl
𩓤,uy
𩓥,qy
𩓦,uy
𩓧,by
𩓨,fy
𩓩,yy
𩓪,hy
𩓫,jy
𩓬,wy
𩓭,pp
𩓮,hy
𩓯,vy
𩓰,vy
𩓱,ry
𩓳,fy
𩓴,ky
𩓵,uy
𩓶,ky
𩓷,oy
𩓸,ya
𩓹,dy
𩓺,oy
𩓻,uy
𩓼,uy
𩓽,wy
𩓾,pr
𩓿,pr
𩔀,by
𩔁,my
𩔂,hy
𩔃,vy
𩔄,ty
𩔅,py
𩔆,by
𩔇,by
𩔈,cy
𩔉,my
𩔊,yy
𩔋,vy
𩔌,fy
𩔍,ly
𩔎,cy
𩔏,oy
𩔐,oy
𩔑,uy
𩔒,by
𩔓,qy
𩔔,yy
𩔕,by
𩔖,my
𩔗,my
𩔘,sy
𩔙,py
𩔚,gy
𩔛,gy
𩔜,by
𩔝,ry
𩔞,sy
𩔟,iy
𩔠,oy
𩔡,yy
𩔢,zy
𩔣,fy
𩔤,vy
𩔥,fy
𩔦,zy
𩔧,by
𩔨,zy
𩔩,vy
𩔪,vy
𩔫,my
𩔬,my
𩔭,ty
𩔮,wy
𩔯,dy
𩔰,oy
𩔱,by
𩔲,py
𩔳,fy
𩔴,gy
𩔵,ay
𩔶,gy
𩔷,cy
𩔸,ky
𩔹,pu
𩔺,hy
𩔻,pk
𩔼,gy
𩔽,fy
𩔾,pu
𩔿,ky
𩕀,fy
𩕁,iy
𩕂,yy
𩕃,ty
𩕄,py
𩕅,gy
𩕆,ly
𩕇,fy
𩕈,hy
𩕉,ly
𩕊,yy
𩕋,by
𩕌,ay
𩕍,zy
𩕎,zv
𩕏,my
𩕐,dy
𩕑,dy
𩕒,ay
𩕓,dy
𩕔,my
𩕕,cy
𩕖,vy
𩕗,fy
𩕘,vy
𩕙,by
𩕚,hy
𩕛,sy
𩕜,zy
𩕝,wy
𩕞,sy
𩕟,yy
𩕠,gy
𩕡,gy
𩕢,py
𩕣,iy
𩕤,by
𩕥,by
𩕦,dy
𩕧,yl
𩕨,vy
𩕩,oy
𩕪,sy
𩕫,cy
𩕬,zy
𩕭,cy
𩕮,iy
𩕯,ty
𩕰,by
𩕱,cy
𩕲,fy
𩕳,by
𩕴,ly
𩕵,ik
𩕶,hy
𩕷,hy
𩕸,cy
𩕹,cy
𩕺,xy
𩕻,ny
𩕼,yf
𩕽,by
𩕾,sy
𩕿,ky
𩖀,fy
𩖁,vy
𩖂,vy
𩖃,dy
𩖄,iy
𩖅,uy
𩖆,gy
𩖇,oy
𩖈,jy
𩖉,cy
𩖊,yy
𩖋,hy
𩖌,dy
𩖍,by
𩖎,cy
𩖏,yy
𩖐,by
𩖑,gy
𩖒,iy
𩖓,vu
𩖔,yn
𩖕,pl
𩖖,hy
𩖗,ay
𩖘,uf
𩖙,fl
𩖚,fu
𩖛,ff
𩖜,fu
𩖝,fp
𩖞,fu
𩖟,xf
𩖠,fn
𩖡,fx
𩖢,fs
𩖣,wf
𩖤,ft
𩖥,fu
𩖦,fv
𩖧,fh
𩖨,fw
𩖩,fy
𩖪,fj
𩖫,ff
𩖬,ff
𩖭,fj
𩖮,fq
𩖯,fn
𩖰,fw
𩖱,fu
𩖲,bf
𩖳,fv
𩖴,fe
𩖵,fs
𩖶,fu
𩖷,fi
𩖸,fk
𩖹,fb
𩖺,fg
𩖻,fy
𩖼,ff
𩖽,fp
𩖾,fe
𩖿,xf
𩗀,fb
𩗁,fx
𩗂,fw
𩗃,fq
𩗄,fg
𩗅,fd
𩗆,fa
𩗇,fk
𩗈,fx
𩗉,fa
𩗊,fk
𩗋,fv
𩗌,fd
𩗍,fx
𩗎,fg
𩗏,xf
𩗐,fm
𩗑,fg
𩗒,ff
𩗓,fz
𩗔,vf
𩗕,fq
𩗖,fl
𩗗,fb
𩗘,fm
𩗙,ft
𩗚,fw
𩗛,fu
𩗜,fv
𩗝,fi
𩗞,fm
𩗟,fz
𩗡,fc
𩗢,fu
𩗣,fu
𩗤,fg
𩗥,fb
𩗦,fd
𩗧,ef
𩗨,fk
𩗩,jf
𩗪,fk
𩗫,fu
𩗬,fx
𩗭,fq
𩗮,ft
𩗯,hf
𩗰,ft
𩗱,ft
𩗲,fy
𩗳,fz
𩗴,ff
𩗵,fk
𩗶,fu
𩗷,fd
𩗸,fu
𩗹,hf
𩗺,fw
𩗻,fx
𩗼,fo
𩗽,fy
𩗾,fr
𩗿,fy
𩘀,fu
𩘁,wf
𩘂,fu
𩘃,fd
𩘄,fw
𩘅,bf
𩘆,ft
𩘇,fk
𩘈,fy
𩘉,fy
𩘊,fd
𩘋,fu
𩘌,fh
𩘍,wf
𩘎,fk
𩘏,fa
𩘐,fu
𩘑,fy
𩘒,bf
𩘓,fz
𩘔,xf
𩘕,cf
𩘖,fx
𩘗,fb
𩘘,fu
𩘙,fc
𩘚,wf
𩘛,fd
𩘜,fk
𩘝,fx
𩘞,fm
𩘟,fa
𩘠,xf
𩘡,fd
𩘢,fh
𩘣,fx
𩘤,fo
𩘥,fb
𩘦,ff
𩘧,fc
𩘨,bf
𩘩,fg
𩘪,fg
𩘫,fm
𩘬,fg
𩘭,fi
𩘮,ff
𩘯,fc
𩘰,fb
𩘱,fu
𩘲,fn
𩘳,fo
𩘴,fb
𩘵,fn
𩘶,fz
𩘷,xf
𩘸,xf
𩘹,fa
𩘺,fb
𩘻,fk
𩘼,fb
𩘽,xf
𩘾,fu
𩘿,fk
𩙀,xf
𩙁,cf
𩙂,df
𩙃,rf
𩙄,bf
𩙅,mf
𩙆,fa
𩙇,fo
𩙈,fa
𩙉,fj
𩙊,fo
𩙋,fd
𩙌,jd
𩙍,fx
𩙎,fl
𩙏,tf
𩙐,ai
𩙑,fv
𩙒,gf
𩙓,fy
𩙔,pf
𩙕,of
𩙖,fv
𩙗,fj
𩙘,fl
𩙙,fm
𩙚,fa
𩙛,fb
𩙜,hf
𩙝,ef
𩙞,jf
𩙟,xf
𩙠,fg
𩙡,ff
𩙢,fu
𩙣,ci
𩙤,cu
𩙥,fy
𩙦,fb
𩙧,fc
𩙨,fb
𩙩,fu
𩙪,fh
𩙫,fi
𩙬,fb
𩙭,fx
𩙮,fk
𩙯,fb
𩙰,fa
𩙲,nf
𩙳,rf
𩙴,ff
𩙵,bf
𩙶,uf
𩙷,wf
𩙸,sf
𩙹,zf
𩙺,fg
𩙻,fx
𩙼,wf
𩙽,sf
𩙾,nf
𩚀,rs
𩚁,rb
𩚂,uv
𩚃,ra
𩚄,uy
𩚅,ub
𩚆,ur
𩚇,rc
𩚈,uu
𩚉,uy
𩚊,ub
𩚋,uv
𩚌,uw
𩚍,uj
𩚎,up
𩚏,xg
𩚐,uw
𩚑,uf
𩚒,ud
𩚓,vg
𩚔,un
𩚕,uv
𩚖,ui
𩚗,uj
𩚘,ug
𩚙,uu
𩚚,uv
𩚛,un
𩚜,rg
𩚝,ul
𩚞,uy
𩚟,ug
𩚠,uf
𩚡,uv
𩚢,uh
𩚣,uo
𩚤,uq
𩚥,ub
𩚦,ud
𩚧,ug
𩚨,uq
𩚩,ug
𩚪,uu
𩚫,uv
𩚬,uv
𩚭,uc
𩚮,uf
𩚯,ub
𩚰,uc
𩚱,uk
𩚲,uj
𩚳,uc
𩚴,xg
𩚵,ug
𩚶,ux
𩚷,lg
𩚸,ux
𩚹,us
𩚺,up
𩚻,vg
𩚼,up
𩚽,uy
𩚾,bg
𩚿,uy
𩛀,ua
𩛁,pg
𩛂,uy
𩛃,ug
𩛄,rn
𩛅,un
𩛆,uy
𩛇,ub
𩛈,dg
𩛉,ui
𩛊,uf
𩛋,uu
𩛌,un
𩛍,ul
𩛎,uk
𩛏,un
𩛐,ug
𩛑,uv
𩛒,vg
𩛓,ue
𩛔,ue
𩛕,fg
𩛗,ng
𩛘,ug
𩛙,uf
𩛚,yg
𩛛,rg
𩛜,rc
𩛝,uc
𩛞,uz
𩛟,ue
𩛠,ur
𩛡,ul
𩛢,rg
𩛣,ux
𩛤,uy
𩛥,cf
𩛦,uw
𩛧,ug
𩛨,ue
𩛩,ur
𩛪,uv
𩛫,uu
𩛬,cs
𩛭,uo
𩛮,ur
𩛯,uk
𩛰,qg
𩛱,uo
𩛲,uw
𩛳,ag
𩛴,ua
𩛵,ul
𩛶,ug
𩛷,uk
𩛸,um
𩛹,ut
𩛺,um
𩛻,ug
𩛼,uu
𩛽,uf
𩛾,ul
𩛿,uw
𩜀,ut
𩜁,uw
𩜂,uy
𩜃,ub
𩜄,uy
𩜅,uo
𩜆,uj
𩜇,uv
𩜈,uy
𩜉,ug
𩜊,ut
𩜋,uk
𩜌,uv
𩜍,ud
𩜎,uo
𩜏,ud
𩜐,ux
𩜑,uv
𩜒,ng
𩜓,ua
𩜔,rg
𩜕,vg
𩜖,ux
𩜗,ut
𩜘,uu
𩜙,uw
𩜚,uw
𩜛,ue
𩜜,ug
𩜝,un
𩜞,ue
𩜟,ue
𩜠,uu
𩜡,uh
𩜢,fg
𩜣,uw
𩜤,up
𩜥,dg
𩜦,uz
𩜧,uj
𩜨,ug
𩜩,ut
𩜪,uu
𩜫,uw
𩜬,ig
𩜭,ud
𩜮,us
𩜯,uy
𩜰,ut
𩜱,ub
𩜲,uw
𩜳,ul
𩜴,uk
𩜵,ue
𩜶,ud
𩜷,ua
𩜸,pg
𩜹,ub
𩜺,uk
𩜻,kg
𩜼,uo
𩜽,up
𩜾,rg
𩜿,ub
𩝀,ua
𩝁,uc
𩝂,uk
𩝃,uu
𩝄,uk
𩝅,un
𩝆,ud
𩝇,ua
𩝈,uk
𩝉,um
𩝊,uz
𩝋,uh
𩝌,uu
𩝍,uu
𩝎,ud
𩝏,ud
𩝐,uy
𩝑,ud
𩝒,uf
𩝓,bg
𩝔,uo
𩝕,mg
𩝖,vg
𩝗,uy
𩝘,uy
𩝙,uo
𩝚,ui
𩝛,uk
𩝜,ue
𩝝,uk
𩝞,uk
𩝟,uj
𩝠,uq
𩝡,ul
𩝢,ue
𩝣,ux
𩝤,ux
𩝥,ux
𩝦,wg
𩝧,up
𩝨,ub
𩝩,bg
𩝪,ux
𩝫,pg
𩝬,uu
𩝭,ug
𩝮,us
𩝯,ux
𩝰,ua
𩝱,um
𩝲,ut
𩝳,uy
𩝴,uc
𩝵,lg
𩝶,rg
𩝷,uh
𩝸,ut
𩝹,ub
𩝺,un
𩝻,ub
𩝼,uc
𩝽,ui
𩝾,uk
𩝿,ug
𩞀,up
𩞁,gg
𩞂,kg
𩞃,uw
𩞄,uo
𩞅,uv
𩞆,uz
𩞇,gg
𩞈,uu
𩞉,uu
𩞊,uw
𩞋,uo
𩞌,ug
𩞍,uu
𩞎,cg
𩞏,ut
𩞐,rg
𩞑,uu
𩞒,uk
𩞓,uk
𩞔,uu
𩞕,ug
𩞖,um
𩞗,ub
𩞘,ur
𩞙,ui
𩞚,bg
𩞛,ua
𩞜,um
𩞝,uw
𩞞,uw
𩞟,pg
𩞠,xg
𩞡,uo
𩞢,uo
𩞣,kg
𩞤,wg
𩞥,uw
𩞦,uu
𩞧,uu
𩞨,ig
𩞩,ub
𩞪,ue
𩞫,ug
𩞬,ub
𩞭,uy
𩞮,uo
𩞯,ul
𩞰,uk
𩞱,ug
𩞲,uo
𩞳,uu
𩞴,uu
𩞵,uy
𩞶,uf
𩞷,ut
𩞸,um
𩞹,og
𩞺,kg
𩞻,uf
𩞼,ux
𩞽,uu
𩞾,ui
𩞿,ux
𩟀,uv
𩟁,uy
𩟂,uk
𩟃,us
𩟄,uh
𩟅,ur
𩟆,uo
𩟇,ud
𩟈,ut
𩟉,ut
𩟊,ui
𩟋,uk
𩟌,uy
𩟍,um
𩟎,ua
𩟏,um
𩟐,uy
𩟑,uj
𩟒,uw
𩟓,uy
𩟔,uu
𩟕,uc
𩟖,ue
𩟗,dg
𩟘,uh
𩟙,uv
𩟚,tg
𩟛,uc
𩟜,ui
𩟝,um
𩟞,ux
𩟟,um
𩟠,uy
𩟡,uc
𩟢,uf
𩟣,um
𩟤,um
𩟥,uk
𩟦,ug
𩟧,ua
𩟨,kg
𩟩,ux
𩟪,ub
𩟫,uy
𩟬,uu
𩟭,ul
𩟮,ux
𩟯,uv
𩟰,ua
𩟱,ub
𩟲,ub
𩟳,ux
𩟴,uo
𩟵,um
𩟶,uj
𩟷,vg
𩟸,bg
𩟹,uv
𩟺,um
𩟻,uf
𩟼,ug
𩟽,ur
𩠐,vb
𩠑,dz
𩠒,jb
𩠓,bv
𩠔,bm
𩠕,by
𩠖,ub
𩠗,pz
𩠘,bb
𩠙,uz
𩠚,br
𩠛,bi
𩠜,vo
𩠝,vi
𩠞,ib
𩠟,bl
𩠠,by
𩠡,vi
𩠢,ib
𩠣,db
𩠤,bf
𩠥,bz
𩠦,xz
𩠧,bk
𩠨,hz
𩠩,bw
𩠪,wb
𩠫,bb
𩠬,bz
𩠭,bt
𩠮,by
𩠯,bi
𩠰,bw
𩠱,bl
𩠲,ba
𩠳,bv
𩠴,bo
𩠵,ba
𩠶,nz
𩠷,ez
𩠸,bm
𩠹,vz
𩠺,ha
𩠻,hv
𩠼,ho
𩠽,ha
𩠾,bo
𩠿,hw
𩡀,hl
𩡁,hs
𩡂,hv
𩡃,hu
𩡄,hh
𩡅,hm
𩡆,hj
𩡇,hf
𩡈,ho
𩡉,hf
𩡊,ho
𩡋,hx
𩡌,ho
𩡍,hq
𩡎,hy
𩡏,he
𩡐,ho
𩡑,wo
𩡒,hl
𩡓,hx
𩡔,hk
𩡕,wo
𩡖,hy
𩡗,hq
𩡘,hw
𩡙,hr
𩡚,hm
𩡛,uo
𩡜,ho
𩡝,hu
𩡞,hb
𩡟,hu
𩡠,ho
𩡡,hw
𩡢,hh
𩡣,hw
𩡤,hm
𩡥,hx
𩡦,ha
𩡧,mc
𩡨,pm
𩡩,mb
𩡪,um
𩡫,jm
𩡬,mn
𩡭,mb
𩡮,mr
𩡯,md
𩡰,mu
𩡱,dm
𩡲,md
𩡳,mk
𩡴,mq
𩡵,vm
𩡶,mt
𩡷,qm
𩡸,mj
𩡹,mq
𩡺,mj
𩡻,my
𩡼,mb
𩡽,pm
𩡾,mu
𩡿,am
𩢀,mt
𩢁,bm
𩢂,ym
𩢃,my
𩢄,my
𩢅,mg
𩢆,mv
𩢇,my
𩢈,mu
𩢉,hm
𩢊,ml
𩢋,mo
𩢌,wm
𩢍,mg
𩢎,mi
𩢏,mk
𩢐,mv
𩢑,vm
𩢒,ml
𩢓,mj
𩢔,mb
𩢕,mb
𩢖,mw
𩢗,gm
𩢘,mk
𩢙,dm
𩢚,my
𩢛,mx
𩢜,mx
𩢝,mp
𩢞,me
𩢟,mk
𩢠,sm
𩢡,mr
𩢢,mv
𩢣,mv
𩢤,my
𩢥,ym
𩢦,md
𩢧,mq
𩢨,mg
𩢩,ma
𩢪,mg
𩢫,um
𩢬,mu
𩢭,mb
𩢮,rm
𩢯,mi
𩢰,mq
𩢱,mk
𩢲,ml
𩢳,xm
𩢴,mk
𩢵,mq
𩢶,mn
𩢷,mb
𩢸,mv
𩢹,mj
𩢺,mo
𩢻,pm
𩢼,mw
𩢽,gm
𩢾,dm
𩢿,mf
𩣀,mr
𩣁,mv
𩣂,nm
𩣃,mu
𩣄,mb
𩣅,jm
𩣆,my
𩣇,mi
𩣈,vm
𩣉,nm
𩣊,md
𩣋,mo
𩣌,my
𩣍,me
𩣎,bm
𩣏,xm
𩣐,wm
𩣑,mn
𩣒,md
𩣓,my
𩣔,mk
𩣕,mt
𩣖,mk
𩣗,qm
𩣘,mv
𩣙,mj
𩣚,mk
𩣛,mb
𩣜,mv
𩣝,mu
𩣞,mj
𩣟,dm
𩣠,dm
𩣡,mz
𩣢,mw
𩣣,wm
𩣤,mj
𩣥,mg
𩣦,me
𩣧,mn
𩣨,wm
𩣩,mt
𩣪,mt
𩣫,md
𩣬,my
𩣭,mx
𩣮,mt
𩣯,mo
𩣰,mu
𩣱,mt
𩣲,mb
𩣳,md
𩣴,mq
𩣵,mv
𩣶,om
𩣷,qm
𩣸,mu
𩣹,um
𩣺,mc
𩣻,cm
𩣼,mg
𩣽,mm
𩣾,my
𩣿,mi
𩤀,my
𩤁,mh
𩤂,mj
𩤃,my
𩤄,db
𩤅,mg
𩤆,am
𩤇,mc
𩤈,mo
𩤉,mb
𩤊,mg
𩤋,ma
𩤌,hm
𩤍,mc
𩤎,mv
𩤏,mu
𩤐,mf
𩤑,mf
𩤒,mq
𩤓,mi
𩤔,md
𩤕,my
𩤖,me
𩤗,mm
𩤘,mx
𩤙,md
𩤚,me
𩤛,md
𩤜,mo
𩤝,mw
𩤞,ma
𩤟,mw
𩤠,mb
𩤡,bm
𩤢,mj
𩤣,mu
𩤤,mm
𩤥,mk
𩤦,nm
𩤧,mh
𩤨,my
𩤩,bm
𩤪,mr
𩤫,mg
𩤬,mk
𩤭,mj
𩤮,mf
𩤯,cm
𩤰,qm
𩤱,my
𩤲,md
𩤳,my
𩤴,mp
𩤵,mu
𩤶,me
𩤸,mo
𩤹,mo
𩤺,jm
𩤻,mf
𩤼,my
𩤽,mj
𩤾,mw
𩤿,my
𩥀,mm
𩥁,mk
𩥂,mo
𩥃,mu
𩥄,mb
𩥅,mj
𩥆,my
𩥇,my
𩥈,mm
𩥉,mb
𩥊,wm
𩥋,mm
𩥌,mk
𩥍,mn
𩥎,ml
𩥏,mt
𩥐,mj
𩥑,mx
𩥒,mi
𩥓,vm
𩥔,om
𩥖,pm
𩥗,mr
𩥘,mw
𩥙,mg
𩥚,mh
𩥛,mx
𩥜,my
𩥝,mx
𩥞,lm
𩥟,mu
𩥠,mk
𩥡,xe
𩥢,gm
𩥣,mf
𩥤,mv
𩥥,mb
𩥦,mm
𩥧,mw
𩥨,mv
𩥩,mg
𩥪,mf
𩥫,mj
𩥬,mn
𩥭,my
𩥮,mu
𩥯,km
𩥰,md
𩥱,mu
𩥲,mf
𩥳,mw
𩥴,mn
𩥵,mx
𩥶,mm
𩥷,mu
𩥸,ml
𩥹,mw
𩥺,mt
𩥻,mo
𩥼,mx
𩥽,mm
𩥾,mr
𩥿,mb
𩦀,ma
𩦁,ma
𩦂,mo
𩦃,ma
𩦄,mn
𩦅,ma
𩦆,ma
𩦇,mk
𩦈,mh
𩦉,xm
𩦊,md
𩦋,mr
𩦌,my
𩦍,lm
𩦎,mw
𩦏,mr
𩦐,mk
𩦑,mk
𩦒,mq
𩦓,mk
𩦔,mj
𩦕,mb
𩦖,mg
𩦗,mu
𩦘,mv
𩦙,mu
𩦚,mx
𩦛,pm
𩦜,om
𩦝,mm
𩦞,mr
𩦟,mt
𩦠,md
𩦡,jm
𩦢,mt
𩦣,mf
𩦤,me
𩦥,mb
𩦦,mc
𩦧,mw
𩦨,bm
𩦩,mk
𩦪,mf
𩦫,my
𩦬,mz
𩦭,ma
𩦮,my
𩦯,mg
𩦰,mk
𩦱,mo
𩦲,mw
𩦳,mv
𩦴,mj
𩦵,gm
𩦶,hm
𩦷,mv
𩦸,mg
𩦹,mm
𩦺,mu
𩦻,vf
𩦼,mv
𩦽,mt
𩦾,mc
𩦿,mb
𩧀,mw
𩧁,mr
𩧂,ma
𩧃,md
𩧄,mb
𩧅,md
𩧆,mv
𩧇,mu
𩧈,mb
𩧉,mb
𩧊,mw
𩧋,mu
𩧌,mu
𩧍,mu
𩧎,mk
𩧏,mv
𩧐,ma
𩧑,mp
𩧒,mn
𩧓,ma
𩧔,hm
𩧕,um
𩧖,mx
𩧗,mi
𩧘,mv
𩧙,mh
𩧚,om
𩧛,mk
𩧜,mc
𩧝,mg
𩧞,mf
𩧟,mh
𩧠,mn
𩧡,om
𩧢,mm
𩧣,mg
𩧤,ml
𩧥,mm
𩧦,mj
𩧧,ml
𩧨,my
𩧩,ma
𩧪,ml
𩧫,my
𩧬,mr
𩧭,mf
𩧮,dm
𩧯,my
𩧰,mi
𩧱,mj
𩧲,mk
𩧳,mv
𩧴,mw
𩧵,mk
𩧶,xm
𩧷,bm
𩧸,hm
𩧹,ml
𩧺,mk
𩧻,mv
𩧼,mc
𩧽,mg
𩧾,mt
𩧿,mt
𩨀,mr
𩨁,mo
𩨂,mx
𩨃,my
𩨄,my
𩨅,jo
𩨆,md
𩨇,mn
𩨈,md
𩨉,md
𩨊,md
𩨋,mb
𩨌,mx
𩨍,my
𩨎,mg
𩨏,mt
𩨐,mv
𩨑,gd
𩨒,gj
𩨓,gb
𩨔,jo
𩨕,gv
𩨖,gu
𩨗,gv
𩨘,gv
𩨙,gg
𩨚,gn
𩨛,gq
𩨜,gb
𩨝,gv
𩨞,gj
𩨟,gx
𩨠,gy
𩨡,gu
𩨢,gv
𩨣,gf
𩨤,gy
𩨥,ge
𩨦,gk
𩨧,gd
𩨨,gb
𩨩,gy
𩨪,gb
𩨫,gy
𩨬,gx
𩨭,gb
𩨮,uo
𩨯,gi
𩨰,gf
𩨱,vo
𩨲,gb
𩨳,io
𩨴,gk
𩨵,gv
𩨶,gy
𩨷,gb
𩨸,gi
𩨹,gj
𩨻,gv
𩨼,gq
𩨽,gl
𩨾,gv
𩨿,gh
𩩀,gu
𩩁,gy
𩩂,gk
𩩃,gg
𩩄,gg
𩩅,gk
𩩆,ga
𩩇,wo
𩩈,gy
𩩉,gz
𩩊,gk
𩩋,gg
𩩌,gx
𩩍,gk
𩩎,gk
𩩏,gb
𩩐,go
𩩑,gk
𩩒,gu
𩩓,go
𩩔,gz
𩩕,ge
𩩖,gc
𩩗,gg
𩩘,fo
𩩙,gu
𩩚,gw
𩩛,gk
𩩜,eo
𩩝,gg
𩩞,gt
𩩟,gy
𩩠,gu
𩩡,gw
𩩢,ge
𩩣,go
𩩤,gy
𩩥,ga
𩩦,gd
𩩧,gh
𩩨,gi
𩩩,gy
𩩪,oo
𩩫,go
𩩬,to
𩩭,go
𩩮,gy
𩩯,gc
𩩰,gb
𩩱,gy
𩩲,gr
𩩳,gv
𩩴,gk
𩩵,gu
𩩶,gg
𩩷,gp
𩩸,gu
𩩹,gy
𩩺,gu
𩩻,go
𩩼,go
𩩽,gu
𩩾,gs
𩩿,go
𩪀,gl
𩪁,gg
𩪂,gb
𩪃,gk
𩪄,gg
𩪅,gb
𩪆,go
𩪇,gb
𩪈,gb
𩪉,gb
𩪊,gu
𩪋,fo
𩪌,gf
𩪍,gk
𩪎,gc
𩪏,gr
𩪐,ga
𩪑,gg
𩪒,gg
𩪓,gv
𩪔,uo
𩪕,gw
𩪖,gf
𩪗,gq
𩪘,gl
𩪙,gk
𩪚,gx
𩪛,gf
𩪜,io
𩪝,gt
𩪞,gg
𩪟,gv
𩪠,go
𩪡,uo
𩪢,gq
𩪣,gx
𩪤,gw
𩪥,gs
𩪦,gg
𩪧,gx
𩪨,fo
𩪩,gk
𩪪,gh
𩪫,gw
𩪬,gj
𩪭,gy
𩪮,gy
𩪯,gb
𩪰,ge
𩪱,gh
𩪲,gr
𩪳,gg
𩪴,gg
𩪵,gw
𩪶,ge
𩪷,go
𩪸,gv
𩪹,gb
𩪺,gy
𩪻,gg
𩪼,gv
𩪽,gt
𩪾,xo
𩪿,ww
𩫀,wd
𩫁,wm
𩫂,wv
𩫃,wz
𩫄,wd
𩫅,wg
𩫆,wc
𩫇,bk
𩫈,wq
𩫉,dk
𩫊,wt
𩫋,wp
𩫌,wk
𩫍,wu
𩫎,wj
𩫏,wu
𩫐,bk
𩫑,wk
𩫒,wj
𩫓,wb
𩫔,wv
𩫕,wu
𩫖,wl
𩫗,wl
𩫘,wo
𩫙,wu
𩫚,wj
𩫛,wu
𩫜,wc
𩫝,wu
𩫞,wu
𩫟,wt
𩫠,wg
𩫡,wd
𩫢,wb
𩫣,wb
𩫤,wa
𩫥,vk
𩫦,wp
𩫧,wd
𩫨,wi
𩫩,wb
𩫪,wu
𩫫,wu
𩫬,wc
𩫭,wo
𩫮,wu
𩫯,wc
𩫰,wn
𩫱,wo
𩫲,wi
𩫳,kk
𩫴,ej
𩫵,eb
𩫶,el
𩫷,eq
𩫸,el
𩫹,ej
𩫺,eu
𩫻,ej
𩫼,ef
𩫽,et
𩫾,ey
𩫿,ej
𩬀,en
𩬁,eu
𩬂,ez
𩬃,ex
𩬄,ez
𩬅,ed
𩬆,eg
𩬇,eq
𩬈,eb
𩬉,ef
𩬊,eh
𩬋,eu
𩬌,ey
𩬍,em
𩬎,et
𩬏,eo
𩬐,ev
𩬑,ev
𩬒,ej
𩬓,ej
𩬔,es
𩬕,eg
𩬖,ep
𩬗,el
𩬘,ex
𩬙,ec
𩬚,eg
𩬛,ej
𩬜,ej
𩬝,en
𩬞,eo
𩬟,ev
𩬠,ek
𩬡,eq
𩬢,ei
𩬣,ej
𩬤,el
𩬥,ec
𩬦,el
𩬧,ev
𩬨,eq
𩬩,eg
𩬪,ef
𩬫,ev
𩬬,em
𩬭,ef
𩬮,ey
𩬯,ex
𩬰,eu
𩬱,ev
𩬲,ey
𩬳,er
𩬴,eu
𩬵,ee
𩬶,ey
𩬷,eu
𩬸,en
𩬹,ew
𩬺,eo
𩬻,ea
𩬼,ew
𩬽,ea
𩬾,ey
𩬿,ey
𩭀,eo
𩭁,ei
𩭂,eg
𩭃,ei
𩭄,em
𩭅,ex
𩭆,ek
𩭇,el
𩭈,eb
𩭉,ej
𩭊,ek
𩭋,ea
𩭌,er
𩭍,ek
𩭎,ef
𩭏,en
𩭐,eu
𩭑,ei
𩭒,ep
𩭓,ey
𩭔,ef
𩭕,ey
𩭖,ek
𩭗,ef
𩭘,ec
𩭙,eg
𩭚,ea
𩭛,ey
𩭜,eq
𩭝,ew
𩭞,el
𩭟,eu
𩭠,eo
𩭡,eo
𩭢,eg
𩭣,eo
𩭤,ex
𩭥,ej
𩭦,et
𩭧,eu
𩭨,ei
𩭩,ed
𩭪,ei
𩭫,er
𩭬,ef
𩭭,eb
𩭮,ex
𩭯,ey
𩭰,eo
𩭱,eo
𩭲,eu
𩭳,ex
𩭴,eg
𩭵,el
𩭶,ey
𩭷,el
𩭸,ek
𩭹,ep
𩭺,et
𩭻,eo
𩭼,ea
𩭽,ek
𩭾,ew
𩭿,eo
𩮀,ex
𩮁,ea
𩮂,er
𩮃,ey
𩮄,em
𩮅,ex
𩮆,ed
𩮇,ef
𩮈,ey
𩮉,ex
𩮊,ef
𩮋,eo
𩮌,eo
𩮍,eg
𩮎,ed
𩮏,ek
𩮐,ed
𩮑,ek
𩮒,ef
𩮓,ef
𩮔,ei
𩮕,ey
𩮖,eb
𩮗,el
𩮘,ek
𩮙,ee
𩮚,ei
𩮛,ex
𩮜,ed
𩮝,ek
𩮞,el
𩮟,er
𩮠,eg
𩮡,eu
𩮢,et
𩮣,ev
𩮤,ey
𩮥,eu
𩮦,eo
𩮧,ea
𩮨,em
𩮩,ek
𩮪,ex
𩮫,eu
𩮬,ex
𩮭,ej
𩮮,eh
𩮯,ew
𩮰,ex
𩮱,ej
𩮲,eu
𩮳,eu
𩮴,ev
𩮵,kp
𩮶,eq
𩮷,ee
𩮸,ew
𩮹,ex
𩮺,el
𩮻,ev
𩮼,el
𩮽,et
𩮾,eu
𩮿,ew
𩯀,eu
𩯁,en
𩯂,ew
𩯃,eb
𩯄,ec
𩯅,et
𩯆,ew
𩯇,eb
𩯈,eo
𩯉,ey
𩯊,ex
𩯋,eg
𩯌,eu
𩯍,ey
𩯎,em
𩯏,ef
𩯐,eo
𩯑,ex
𩯒,eb
𩯓,ef
𩯔,eo
𩯕,ei
𩯖,eu
𩯗,eh
𩯘,ek
𩯙,eu
𩯚,eo
𩯛,ew
𩯜,el
𩯝,er
𩯞,em
𩯟,ea
𩯠,ek
𩯡,ev
𩯢,ez
𩯣,ew
𩯤,ed
𩯥,eh
𩯦,ec
𩯧,ec
𩯨,eb
𩯩,ei
𩯪,el
𩯫,eb
𩯬,el
𩯭,eb
𩯮,er
𩯯,ee
𩯰,eg
𩯱,eu
𩯲,ex
𩯳,eb
𩯴,ey
𩯵,ex
𩯶,ej
𩯷,eg
𩯸,eg
𩯹,eu
𩯺,ev
𩯻,ee
𩯼,eo
𩯽,eb
𩯾,ef
𩯿,eb
𩰀,el
𩰁,ej
𩰂,ek
𩰃,et
𩰄,eb
𩰅,ei
𩰆,ee
𩰇,ev
𩰈,ew
𩰉,ey
𩰊,ll
𩰋,ll
𩰌,mv
𩰍,mb
𩰎,mg
𩰏,mf
𩰐,mx
𩰑,mo
𩰒,mb
𩰓,ms
𩰔,mj
𩰕,be
𩰖,mt
𩰗,mb
𩰘,md
𩰙,mx
𩰚,mt
𩰛,mv
𩰜,mh
𩰝,mb
𩰞,mb
𩰟,mh
𩰠,kz
𩰡,ku
𩰢,kl
𩰣,vy
𩰤,ub
𩰥,vy
𩰦,ay
𩰧,ap
𩰨,vc
𩰩,ac
𩰪,jp
𩰫,gf
𩰬,gf
𩰭,gg
𩰮,gd
𩰯,gg
𩰰,gj
𩰱,yg
𩰲,gg
𩰳,gt
𩰴,ge
𩰵,gd
𩰶,gr
𩰷,ge
𩰸,ge
𩰹,gg
𩰺,gw
𩰻,gq
𩰼,gy
𩰽,cw
𩰾,dg
𩰿,fg
𩱀,cl
𩱁,yg
𩱂,gi
𩱃,gy
𩱄,gd
𩱅,xg
𩱆,gn
𩱇,gg
𩱈,gc
𩱉,gb
𩱊,gh
𩱋,yg
𩱌,gv
𩱍,gg
𩱎,gf
𩱏,fg
𩱐,gk
𩱑,pg
𩱒,gg
𩱓,ge
𩱔,ig
𩱕,ng
𩱖,gu
𩱗,gy
𩱘,gy
𩱙,mg
𩱚,gz
𩱛,gw
𩱜,gi
𩱝,gq
𩱞,gz
𩱟,gm
𩱠,gw
𩱡,gi
𩱢,pg
𩱣,gf
𩱤,gy
𩱥,gs
𩱦,gc
𩱧,gh
𩱨,gc
𩱩,ng
𩱪,gn
𩱫,gu
𩱬,jg
𩱭,go
𩱮,ga
𩱯,gi
𩱰,gu
𩱱,gi
𩱲,gv
𩱳,go
𩱴,kg
𩱵,mg
𩱶,gv
𩱷,gd
𩱸,mg
𩱹,gl
𩱺,ge
𩱻,gb
𩱼,jg
𩱽,wg
𩱾,pg
𩱿,wg
𩲀,gu
𩲁,gx
𩲂,gd
𩲃,gu
𩲄,yg
𩲅,gc
𩲆,yp
𩲇,gz
𩲈,gu
𩲉,wg
𩲊,gm
𩲋,wg
𩲌,fg
𩲍,gn
𩲎,gu
𩲏,rg
𩲐,gw
𩲑,gy
𩲒,gi
𩲓,gy
𩲔,gu
𩲕,gh
𩲖,bg
𩲗,gf
𩲘,lg
𩲙,ga
𩲛,bg
𩲜,rg
𩲝,gf
𩲞,go
𩲟,gq
𩲠,gf
𩲡,ug
𩲢,gp
𩲣,jg
𩲤,gk
𩲥,gk
𩲦,gv
𩲧,gg
𩲨,vg
𩲩,gs
𩲪,gx
𩲫,pg
𩲬,gw
𩲭,gu
𩲮,gb
𩲯,gb
𩲰,kg
𩲱,gg
𩲲,gq
𩲳,gj
𩲴,gy
𩲵,gu
𩲶,ug
𩲷,gh
𩲸,bg
𩲹,gr
𩲺,ga
𩲻,gf
𩲼,gh
𩲽,ge
𩲾,ug
𩲿,gd
𩳀,gt
𩳁,gg
𩳂,ge
𩳃,xg
𩳄,qg
𩳅,gw
𩳆,gl
𩳇,gu
𩳈,zg
𩳉,gv
𩳊,gk
𩳋,gk
𩳌,gk
𩳍,gg
𩳎,gz
𩳏,vg
𩳐,gf
𩳑,gu
𩳒,gu
𩳓,gl
𩳔,lg
𩳕,gn
𩳖,gb
𩳗,gw
𩳘,gu
𩳙,xg
𩳚,gy
𩳛,gi
𩳜,gy
𩳝,yg
𩳞,gq
𩳟,gu
𩳠,gg
𩳡,gc
𩳢,gd
𩳣,gk
𩳤,gi
𩳥,ug
𩳦,gk
𩳧,yg
𩳨,gc
𩳩,gp
𩳪,gc
𩳫,gm
𩳬,fg
𩳭,gs
𩳮,lg
𩳯,gm
𩳰,gr
𩳱,gj
𩳲,gx
𩳳,gl
𩳴,gb
𩳵,gq
𩳶,ug
𩳷,gf
𩳸,gt
𩳹,gx
𩳺,og
𩳻,gj
𩳼,bg
𩳽,ig
𩳾,gm
𩳿,bg
𩴀,go
𩴁,gk
𩴂,gv
𩴃,gx
𩴄,gc
𩴅,gd
𩴆,gg
𩴇,gu
𩴈,og
𩴉,gb
𩴊,gm
𩴋,ge
𩴌,gm
𩴍,gy
𩴎,go
𩴏,jg
𩴐,gu
𩴑,gp
𩴒,gg
𩴓,gt
𩴔,go
𩴕,ig
𩴖,jg
𩴗,gw
𩴘,gj
𩴙,ga
𩴚,gu
𩴛,hg
𩴜,gg
𩴝,gb
𩴞,gw
𩴟,dg
𩴠,gf
𩴡,gv
𩴢,mg
𩴣,ig
𩴤,gx
𩴥,hg
𩴦,mg
𩴧,gh
𩴨,yg
𩴩,gh
𩴪,gg
𩴫,yu
𩴬,sg
𩴭,gn
𩴮,gg
𩴯,gu
𩴰,gj
𩴱,bg
𩴲,cg
𩴳,gu
𩴴,gt
𩴵,gm
𩴶,ge
𩴷,bg
𩴸,gb
𩴹,gv
𩴺,tg
𩴻,tg
𩴼,gt
𩴽,yg
𩴾,gd
𩴿,ng
𩵀,yg
𩵁,gk
𩵂,yg
𩵃,gx
𩵄,gv
𩵅,gv
𩵆,gb
𩵇,gv
𩵈,gy
𩵉,gw
𩵊,gw
𩵋,dd
𩵌,yl
𩵍,yj
𩵎,yy
𩵏,yb
𩵐,yq
𩵑,rh
𩵒,yb
𩵓,yl
𩵔,yy
𩵕,yd
𩵖,yx
𩵗,ys
𩵘,yt
𩵙,yi
𩵚,yt
𩵛,yy
𩵜,yu
𩵝,yc
𩵞,yq
𩵟,yg
𩵠,yn
𩵡,yv
𩵢,yq
𩵣,yb
𩵤,yu
𩵥,yq
𩵦,ya
𩵧,yw
𩵨,yj
𩵩,yf
𩵪,yw
𩵫,by
𩵬,yd
𩵭,yw
𩵮,uy
𩵯,yy
𩵰,yh
𩵱,yw
𩵲,yx
𩵳,wy
𩵴,ay
𩵵,yv
𩵶,yy
𩵷,yy
𩵸,yj
𩵹,yf
𩵺,yo
𩵻,yg
𩵼,yy
𩵽,yx
𩵾,yv
𩶀,yy
𩶁,yn
𩶂,yd
𩶃,yv
𩶄,yu
𩶅,yu
𩶆,yb
𩶇,yu
𩶈,yh
𩶉,yj
𩶊,sy
𩶋,ym
𩶌,yi
𩶍,yk
𩶎,yr
𩶏,yw
𩶐,yb
𩶑,yb
𩶒,ym
𩶓,iy
𩶔,oy
𩶕,ry
𩶖,yo
𩶗,yx
𩶘,yl
𩶙,yy
𩶚,yl
𩶛,yk
𩶜,yt
𩶝,yv
𩶞,yf
𩶟,yf
𩶠,ys
𩶡,yi
𩶢,yn
𩶣,yv
𩶤,ye
𩶥,yi
𩶦,yt
𩶧,yj
𩶨,yu
𩶩,yr
𩶪,yt
𩶫,ym
𩶬,yc
𩶭,yd
𩶮,yf
𩶯,ny
𩶰,yx
𩶱,yq
𩶲,dy
𩶳,yr
𩶴,yy
𩶵,yl
𩶶,yi
𩶷,dd
𩶸,yg
𩶹,ya
𩶺,yu
𩶻,yh
𩶼,ya
𩶽,yd
𩶾,yy
𩶿,jy
𩷀,ry
𩷁,yb
𩷂,yd
𩷃,ys
𩷄,yf
𩷅,yy
𩷆,yy
𩷇,ye
𩷈,yl
𩷉,yb
𩷊,yw
𩷋,yv
𩷌,ya
𩷍,yu
𩷎,yh
𩷏,yg
𩷐,yk
𩷑,yn
𩷒,yv
𩷓,yx
𩷔,yx
𩷕,yl
𩷖,yu
𩷗,yw
𩷘,yj
𩷙,yp
𩷚,yz
𩷛,yy
𩷜,yf
𩷝,yg
𩷞,py
𩷟,yr
𩷠,yj
𩷡,wy
𩷢,fy
𩷣,yw
𩷤,yd
𩷥,yc
𩷦,yw
𩷧,yi
𩷨,yz
𩷩,yi
𩷪,yj
𩷫,yo
𩷬,qy
𩷭,yf
𩷮,yv
𩷯,dy
𩷰,yu
𩷱,yx
𩷲,yp
𩷳,ym
𩷴,yb
𩷵,yk
𩷶,yw
𩷷,ey
𩷸,yf
𩷹,yu
𩷺,yc
𩷻,yl
𩷼,yl
𩷽,yo
𩷾,ye
𩷿,yy
𩸀,yo
𩸁,yx
𩸂,yx
𩸃,yt
𩸄,yg
𩸅,yc
𩸆,yd
𩸇,yy
𩸈,yi
𩸉,yp
𩸊,yj
𩸋,yy
𩸌,yu
𩸍,ye
𩸎,yz
𩸏,ya
𩸐,yv
𩸑,yv
𩸒,yu
𩸓,dy
𩸔,ry
𩸕,yi
𩸖,yy
𩸗,yf
𩸘,yl
𩸙,yl
𩸚,ym
𩸛,yt
𩸜,yy
𩸝,ay
𩸞,yk
𩸟,ye
𩸠,yo
𩸡,ny
𩸢,yp
𩸣,yy
𩸤,yy
𩸥,yh
𩸦,yb
𩸧,dy
𩸨,yq
𩸩,yv
𩸪,by
𩸫,yt
𩸬,yk
𩸭,yq
𩸮,yf
𩸯,yy
𩸰,yg
𩸱,yj
𩸲,yl
𩸳,yw
𩸴,yk
𩸵,yv
𩸶,yu
𩸷,yc
𩸸,yn
𩸹,yx
𩸺,yl
𩸻,ey
𩸼,yb
𩸾,ye
𩸿,yu
𩹀,yt
𩹁,yy
𩹂,yo
𩹃,yk
𩹄,yr
𩹅,yy
𩹆,yz
𩹇,yd
𩹈,yw
𩹉,yf
𩹊,yz
𩹋,yd
𩹌,yu
𩹍,yt
𩹎,yo
𩹏,yq
𩹐,yy
𩹑,yi
𩹒,vy
𩹓,yd
𩹔,yy
𩹕,yk
𩹖,yn
𩹗,yj
𩹘,yy
𩹙,oy
𩹚,ly
𩹛,yg
𩹜,yg
𩹝,ym
𩹞,yg
𩹟,yu
𩹠,ym
𩹡,ye
𩹢,yk
𩹣,yt
𩹤,hy
𩹥,yf
𩹦,yd
𩹧,yx
𩹨,yu
𩹩,yj
𩹪,yo
𩹫,ye
𩹬,yg
𩹭,yc
𩹮,ya
𩹯,yk
𩹰,yb
𩹱,yt
𩹲,yc
𩹳,yb
𩹴,yj
𩹵,wy
𩹶,yk
𩹷,yg
𩹸,yb
𩹹,yy
𩹺,yg
𩹻,yb
𩹼,uy
𩹽,yn
𩹾,yn
𩹿,yk
𩺀,yo
𩺁,cy
𩺂,yn
𩺃,yy
𩺄,oy
𩺅,yt
𩺆,yl
𩺇,yw
𩺈,sy
𩺉,yi
𩺊,yi
𩺋,yg
𩺌,yj
𩺍,ym
𩺎,yc
𩺏,yo
𩺐,ye
𩺑,yf
𩺒,yd
𩺓,vy
𩺔,vy
𩺕,yw
𩺖,yt
𩺗,yk
𩺘,yb
𩺙,yk
𩺚,yu
𩺛,yj
𩺜,yt
𩺝,yn
𩺞,ya
𩺟,yu
𩺠,yr
𩺡,yl
𩺢,yk
𩺣,yv
𩺤,ya
𩺥,yc
𩺦,yk
𩺧,yt
𩺨,yf
𩺩,yq
𩺪,yu
𩺫,yn
𩺬,yl
𩺭,yu
𩺮,yb
𩺯,fy
𩺰,yy
𩺱,yk
𩺲,yu
𩺳,yu
𩺴,yr
𩺵,yx
𩺶,yq
𩺷,yf
𩺸,wy
𩺹,yf
𩺺,yw
𩺻,ym
𩺼,yf
𩺽,yw
𩺾,uy
𩺿,ye
𩻀,yu
𩻁,yd
𩻂,yk
𩻃,yu
𩻄,yu
𩻅,yy
𩻆,ys
𩻇,gy
𩻈,yu
𩻉,ty
𩻊,ey
𩻋,yd
𩻌,ya
𩻍,uy
𩻎,yr
𩻏,yu
𩻐,yw
𩻑,yl
𩻒,yl
𩻓,ym
𩻔,yt
𩻕,ye
𩻖,yn
𩻗,ye
𩻘,yo
𩻙,yn
𩻚,yh
𩻛,yo
𩻜,ly
𩻝,yg
𩻞,ye
𩻟,yw
𩻠,yw
𩻡,yl
𩻢,ry
𩻣,yz
𩻤,yh
𩻥,yy
𩻦,yx
𩻧,yg
𩻨,yo
𩻩,yv
𩻪,xy
𩻫,ym
𩻬,yp
𩻭,yb
𩻮,yf
𩻯,ly
𩻰,yu
𩻱,yx
𩻲,yf
𩻳,ya
𩻴,yu
𩻵,yx
𩻶,yo
𩻷,oy
𩻸,yl
𩻹,yo
𩻺,yx
𩻻,yx
𩻼,yb
𩻽,ya
𩻾,yo
𩻿,yq
𩼀,yf
𩼁,ye
𩼂,yo
𩼃,yw
𩼄,sh
𩼅,yi
𩼆,yl
𩼇,ym
𩼈,yd
𩼉,yt
𩼊,wy
𩼋,yw
𩼌,yj
𩼍,yb
𩼎,yx
𩼏,ey
𩼐,py
𩼑,yy
𩼒,yk
𩼓,yg
𩼔,yj
𩼕,yw
𩼖,yb
𩼗,yx
𩼘,yk
𩼙,yr
𩼚,ye
𩼛,yg
𩼜,yb
𩼝,yg
𩼞,yi
𩼟,yi
𩼠,dy
𩼡,iy
𩼢,uy
𩼣,yk
𩼤,yh
𩼥,cy
𩼦,yu
𩼧,yb
𩼨,yz
𩼩,yf
𩼪,dy
𩼫,yo
𩼬,yc
𩼭,ey
𩼮,go
𩼯,yc
𩼰,yx
𩼱,yb
𩼲,yx
𩼳,ym
𩼴,iy
𩼵,yw
𩼶,yp
𩼷,yc
𩼸,yy
𩼹,jy
𩼺,yk
𩼻,cd
𩼼,yt
𩼽,yu
𩼾,yh
𩼿,yo
𩽀,yv
𩽁,yh
𩽂,ye
𩽃,ym
𩽄,yb
𩽅,yj
𩽆,yb
𩽇,yw
𩽈,yo
𩽉,yy
𩽊,yu
𩽋,yw
𩽌,yk
𩽍,yj
𩽎,yb
𩽏,yv
𩽐,yg
𩽑,ay
𩽒,yh
𩽓,uy
𩽔,yc
𩽕,yy
𩽖,ym
𩽗,yk
𩽘,vy
𩽙,yd
𩽚,yx
𩽛,yc
𩽜,yz
𩽝,yt
𩽞,yd
𩽟,jd
𩽠,yn
𩽡,yu
𩽢,yn
𩽣,yd
𩽤,yg
𩽥,yj
𩽦,dt
𩽧,yy
𩽨,yk
𩽩,yv
𩽪,ye
𩽫,yo
𩽬,yh
𩽭,ym
𩽮,yi
𩽯,yh
𩽰,yv
𩽱,yi
𩽲,yf
𩽳,yh
𩽴,yw
𩽵,yi
𩽶,yl
𩽷,yo
𩽸,yw
𩽹,yj
𩽺,yf
𩽻,yf
𩽼,yi
𩽽,yq
𩽾,yn
𩽿,yx
𩾀,dg
𩾁,yq
𩾂,yc
𩾃,ye
𩾄,yu
𩾅,yt
𩾆,yb
𩾇,yj
𩾈,yy
𩾉,dr
𩾊,yo
𩾋,yv
𩾌,yl
𩾍,dm
𩾎,yw
𩾏,an
𩾐,nv
𩾑,pn
𩾒,nl
𩾓,ne
𩾔,qn
𩾕,bn
𩾖,nn
𩾗,dn
𩾘,xn
𩾙,nq
𩾚,dn
𩾛,jn
𩾜,nl
𩾝,ng
𩾞,wn
𩾟,xn
𩾠,jn
𩾡,nu
𩾢,gn
𩾣,vn
𩾤,bn
𩾥,pn
𩾦,gn
𩾧,ni
𩾨,fn
𩾩,nj
𩾪,dn
𩾫,ng
𩾬,ng
𩾭,qn
𩾮,mn
𩾯,dn
𩾰,vn
𩾱,ne
𩾲,wn
𩾳,ng
𩾴,nj
𩾵,yn
𩾶,nj
𩾷,gn
𩾸,in
𩾹,rn
𩾺,jn
𩾻,qn
𩾼,un
𩾽,nx
𩾾,xn
𩾿,fn
𩿀,vn
𩿁,nq
𩿂,mn
𩿃,yn
𩿄,pn
𩿅,un
𩿆,tn
𩿇,hn
𩿈,fn
𩿉,nf
𩿊,on
𩿋,nd
𩿌,vn
𩿍,hn
𩿎,yn
𩿏,yn
𩿐,nj
𩿑,wn
𩿒,an
𩿓,nn
𩿔,in
𩿕,rn
𩿖,ny
𩿗,yn
𩿘,nm
𩿙,ng
𩿚,nd
𩿛,qn
𩿜,un
𩿝,jn
𩿞,vn
𩿟,qn
𩿠,nl
𩿡,nk
𩿢,vn
𩿣,wn
𩿤,an
𩿥,dn
𩿦,vn
𩿧,rn
𩿨,qn
𩿩,in
𩿪,in
𩿫,in
𩿬,yn
𩿭,un
𩿮,kn
𩿯,un
𩿰,gn
𩿱,yn
𩿲,wn
𩿳,vn
𩿴,nd
𩿵,ng
𩿶,yn
𩿷,un
𩿸,gn
𩿹,qn
𩿺,wn
𩿻,bn
𩿼,nj
𩿽,pn
𩿾,yn
𩿿,dn
𪀀,bn
𪀁,nk
𪀂,nl
𪀃,ne
𪀄,vn
𪀅,gn
𪀆,rn
𪀇,np
𪀈,xn
𪀉,kn
𪀊,nj
𪀋,nj
𪀌,nj
𪀍,nu
𪀎,un
𪀏,nj
𪀐,nf
𪀑,vn
𪀒,nt
𪀓,nx
𪀔,nc
𪀕,yn
𪀖,un
𪀗,dn
𪀘,kn
𪀙,yn
𪀚,nu
𪀛,gn
𪀜,un
𪀝,nn
𪀞,wn
𪀟,wn
𪀠,no
𪀡,fn
𪀢,rn
𪀣,xn
𪀤,ng
𪀥,bn
𪀦,gn
𪀧,ln
𪀨,yn
𪀩,xn
𪀪,rn
𪀫,en
𪀬,un
𪀭,kn
𪀮,nn
𪀯,gn
𪀰,yn
𪀱,bn
𪀲,jn
𪀳,nm
𪀴,ny
𪀵,gn
𪀶,bn
𪀷,nn
𪀸,ng
𪀹,xn
𪀺,nn
𪀻,nn
𪀼,rn
𪀽,bn
𪀾,xn
𪀿,mn
𪁀,yn
𪁁,yn
𪁂,wn
𪁃,rn
𪁄,nk
𪁅,dn
𪁆,nk
𪁇,wn
𪁈,gn
𪁉,nf
𪁊,fn
𪁋,in
𪁌,in
𪁍,qn
𪁎,xn
𪁏,un
𪁐,hn
𪁑,bn
𪁒,np
𪁓,tn
𪁔,bn
𪁕,dn
𪁖,qn
𪁗,nb
𪁘,dn
𪁙,wn
𪁚,wn
𪁛,rn
𪁜,ln
𪁝,un
𪁞,dn
𪁟,rn
𪁠,dn
𪁡,xn
𪁢,en
𪁣,kn
𪁤,bn
𪁥,un
𪁧,in
𪁨,nb
𪁩,nd
𪁪,ln
𪁫,nc
𪁬,bn
𪁭,nf
𪁮,hn
𪁯,nb
𪁰,vn
𪁱,gn
𪁲,pn
𪁳,kn
𪁴,ng
𪁵,un
𪁷,nu
𪁸,nv
𪁹,nf
𪁺,xn
𪁻,an
𪁼,bn
𪁽,wn
𪁾,cn
𪁿,an
𪂀,nt
𪂁,bn
𪂂,un
𪂃,nu
𪂄,rn
𪂅,an
𪂆,un
𪂇,on
𪂈,hn
𪂉,gn
𪂊,nb
𪂋,nj
𪂌,un
𪂍,kn
𪂎,nz
𪂏,fn
𪂐,an
𪂑,gn
𪂒,wn
𪂓,un
𪂔,dn
𪂕,yn
𪂖,on
𪂗,un
𪂘,rn
𪂙,no
𪂚,nt
𪂛,cn
𪂜,an
𪂝,nd
𪂞,fn
𪂟,xn
𪂠,gn
𪂡,on
𪂢,un
𪂣,rn
𪂤,rn
𪂥,fn
𪂦,bn
𪂧,nv
𪂨,bn
𪂩,ln
𪂪,en
𪂫,wn
𪂬,hn
𪂭,nv
𪂮,zn
𪂯,ng
𪂰,nu
𪂱,nu
𪂲,zn
𪂳,nb
𪂴,no
𪂵,gn
𪂶,gn
𪂷,nu
𪂸,bn
𪂹,in
𪂺,dn
𪂻,rn
𪂼,an
𪂽,fn
𪂾,un
𪂿,nz
𪃀,nk
𪃁,rn
𪃂,dn
𪃃,pn
𪃄,tn
𪃅,xn
𪃆,nt
𪃇,tn
𪃈,fn
𪃉,en
𪃊,xn
𪃋,xn
𪃌,on
𪃍,tn
𪃎,rn
𪃏,gn
𪃐,nu
𪃑,on
𪃒,gn
𪃓,dn
𪃔,cn
𪃕,dn
𪃖,cn
𪃗,nd
𪃘,gn
𪃙,ln
𪃚,vn
𪃛,wn
𪃜,bn
𪃝,rn
𪃞,nt
𪃟,tn
𪃠,un
𪃡,dn
𪃢,un
𪃣,in
𪃤,tn
𪃥,an
𪃦,on
𪃧,on
𪃨,un
𪃩,hn
𪃪,jn
𪃫,in
𪃬,bn
𪃭,bn
𪃮,un
𪃯,mn
𪃰,sn
𪃱,in
𪃲,no
𪃳,cn
𪃴,nk
𪃵,nd
𪃶,rn
𪃷,on
𪃸,un
𪃹,gn
𪃺,fn
𪃻,on
𪃼,zn
𪃽,dn
𪃾,bn
𪃿,kn
𪄀,vn
𪄁,in
𪄂,bn
𪄃,gn
𪄄,dn
𪄅,xn
𪄆,pn
𪄇,fn
𪄈,nh
𪄉,vn
𪄊,on
𪄋,bn
𪄌,gn
𪄍,kn
𪄎,an
𪄏,xn
𪄐,un
𪄑,bn
𪄒,en
𪄓,nn
𪄔,ng
𪄕,wn
𪄖,ln
𪄗,tn
𪄘,un
𪄙,on
𪄚,on
𪄛,nx
𪄜,pn
𪄝,nh
𪄞,nc
𪄟,nd
𪄠,dn
𪄡,un
𪄢,dn
𪄣,dn
𪄤,dn
𪄥,no
𪄦,nm
𪄧,nn
𪄨,kn
𪄩,nu
𪄪,ln
𪄫,dn
𪄬,pn
𪄭,an
𪄮,yn
𪄯,fn
𪄰,bn
𪄱,wn
𪄲,wn
𪄳,ln
𪄴,pn
𪄵,gn
𪄶,xn
𪄷,xn
𪄸,fn
𪄹,xn
𪄺,ny
𪄻,nj
𪄼,kn
𪄽,tn
𪄾,rn
𪄿,cn
𪅀,cn
𪅁,un
𪅂,ln
𪅃,xn
𪅄,wn
𪅅,tn
𪅆,wn
𪅇,cn
𪅈,rn
𪅉,jn
𪅊,vn
𪅋,en
𪅌,hn
𪅍,dn
𪅎,vn
𪅏,tn
𪅐,cn
𪅑,ln
𪅒,mn
𪅓,xn
𪅔,jw
𪅕,vn
𪅖,in
𪅗,wn
𪅘,nc
𪅙,un
𪅚,on
𪅛,nn
𪅜,nz
𪅝,nn
𪅞,bn
𪅟,no
𪅠,yn
𪅡,np
𪅢,bn
𪅣,dn
𪅤,in
𪅥,rn
𪅦,na
𪅧,tn
𪅨,hn
𪅩,sn
𪅪,wn
𪅫,tn
𪅬,rn
𪅭,rn
𪅮,bn
𪅯,dn
𪅰,rn
𪅱,un
𪅲,rn
𪅳,an
𪅴,yn
𪅵,in
𪅶,xn
𪅷,gn
𪅸,fn
𪅹,nr
𪅺,kn
𪅻,vn
𪅼,in
𪅽,wn
𪅾,cn
𪅿,en
𪆀,gn
𪆁,cn
𪆂,dn
𪆃,wn
𪆄,nh
𪆅,rn
𪆆,cn
𪆇,gn
𪆈,xn
𪆉,un
𪆊,in
𪆋,sn
𪆌,wn
𪆍,bn
𪆎,dn
𪆏,nl
𪆐,rn
𪆑,tn
𪆒,in
𪆓,sn
𪆕,bn
𪆖,nb
𪆗,cn
𪆘,un
𪆙,in
𪆚,yn
𪆛,hn
𪆜,hn
𪆝,wn
𪆞,mn
𪆟,dn
𪆠,bn
𪆡,wn
𪆢,bn
𪆣,on
𪆤,ln
𪆥,nk
𪆦,pn
𪆧,nl
𪆨,cn
𪆩,wn
𪆪,tn
𪆫,na
𪆬,nk
𪆭,na
𪆮,nm
𪆯,qn
𪆰,cn
𪆱,pn
𪆲,xn
𪆳,nk
𪆴,cn
𪆵,dn
𪆶,dn
𪆷,jn
𪆸,dn
𪆹,zn
𪆺,hn
𪆻,dn
𪆼,yn
𪆽,zn
𪆾,wn
𪆿,wn
𪇀,tn
𪇁,xn
𪇂,tn
𪇃,xn
𪇄,tn
𪇅,nk
𪇆,ni
𪇇,rn
𪇈,vn
𪇉,wn
𪇊,nx
𪇋,ng
𪇌,ni
𪇍,nk
𪇎,an
𪇏,jn
𪇐,nd
𪇑,qn
𪇒,mn
𪇓,cn
𪇔,bn
𪇕,bn
𪇖,in
𪇗,tn
𪇘,tn
𪇙,vn
𪇚,pn
𪇛,gn
𪇜,cn
𪇝,ry
𪇞,tn
𪇟,tn
𪇠,cn
𪇡,cn
𪇢,vn
𪇣,un
𪇤,xn
𪇥,nb
𪇦,hn
𪇧,bn
𪇨,nf
𪇩,jn
𪇪,fn
𪇫,nd
𪇬,jn
𪇭,cn
𪇮,gn
𪇯,xn
𪇰,on
𪇱,yn
𪇲,xn
𪇳,nk
𪇴,cn
𪇵,gn
𪇶,dn
𪇷,nx
𪇸,hn
𪇹,vn
𪇺,hn
𪇻,yn
𪇼,cn
𪇽,cn
𪇾,yn
𪇿,pn
𪈀,kn
𪈁,vn
𪈂,yn
𪈃,wn
𪈄,zn
𪈅,vn
𪈆,cn
𪈇,jn
𪈈,un
𪈉,qn
𪈊,gn
𪈋,wn
𪈌,qn
𪈍,rn
𪈎,un
𪈏,cn
𪈐,un
𪈑,yn
𪈒,nm
𪈓,vn
𪈔,jn
𪈕,rn
𪈖,un
𪈗,ln
𪈘,cn
𪈙,nx
𪈚,on
𪈛,cn
𪈜,sn
𪈝,yn
𪈞,tn
𪈟,cn
𪈠,gn
𪈡,un
𪈢,vn
𪈣,vn
𪈤,nn
𪈥,un
𪈦,tn
𪈧,cn
𪈨,nu
𪈩,nv
𪈪,zn
𪈫,nm
𪈬,un
𪈭,cn
𪈮,xn
𪈯,dn
𪈰,sn
𪈱,on
𪈲,gn
𪈳,nb
𪈴,on
𪈵,bn
𪈶,nw
𪈷,wn
𪈸,dn
𪈹,bn
𪈺,un
𪈻,an
𪈼,nn
𪈽,xn
𪈾,gn
𪈿,xn
𪉀,tt
𪉖,vt
𪉗,vd
𪉘,vu
𪉙,va
𪉚,vm
𪉛,vj
𪉜,vv
𪉝,md
𪉞,vu
𪉟,vm
𪉠,vg
𪉢,vu
𪉣,vb
𪉤,yd
𪉥,vm
𪉦,vj
𪉧,vh
𪉨,vo
𪉩,vt
𪉪,vf
𪉫,vu
𪉬,yd
𪉭,vy
𪉮,vt
𪉯,vb
𪉰,vd
𪉱,vc
𪉲,vu
𪉳,gd
𪉴,va
𪉵,yd
𪉶,vg
𪉷,vl
𪉸,vm
𪉹,tm
𪉺,vu
𪉻,ud
𪉼,vy
𪉽,vy
𪉾,vw
𪉿,vw
𪊀,vk
𪊁,rd
𪊂,vo
𪊃,vg
𪊄,vx
𪊅,vu
𪊆,vo
𪊇,vm
𪊈,vg
𪊉,vx
𪊊,vf
𪊋,gj
𪊌,gj
𪊍,gs
𪊎,gw
𪊏,gq
𪊐,gf
𪊑,gk
𪊒,go
𪊓,gw
𪊔,gw
𪊕,gb
𪊖,gw
𪊗,gu
𪊘,gy
𪊙,gw
𪊚,gb
𪊛,gl
𪊜,gb
𪊝,gy
𪊞,gu
𪊟,gu
𪊠,bb
𪊡,gb
𪊢,gu
𪊣,go
𪊤,gj
𪊥,gd
𪊦,gy
𪊧,gt
𪊨,go
𪊩,ga
𪊪,gk
𪊫,ge
𪊬,gy
𪊭,gs
𪊮,gx
𪊯,gb
𪊰,gz
𪊱,gs
𪊲,gk
𪊳,gb
𪊴,gw
𪊵,gg
𪊶,gw
𪊷,gz
𪊸,gm
𪊹,gl
𪊺,gk
𪊻,gb
𪊼,gt
𪊽,ga
𪊾,gb
𪊿,gg
𪋀,gi
𪋁,gu
𪋂,gt
𪋃,gx
𪋄,gy
𪋅,gv
𪋆,gb
𪋇,gv
𪋈,gx
𪋉,gy
𪋊,gg
𪋋,gk
𪋌,gu
𪋍,vb
𪋎,gy
𪋏,go
𪋐,gd
𪋑,go
𪋒,go
𪋓,gk
𪋔,gx
𪋕,gy
𪋖,gf
𪋗,gm
𪋘,bb
𪋙,gj
𪋚,gs
𪋛,gu
𪋜,gf
𪋝,gu
𪋞,gn
𪋟,gu
𪋠,gl
𪋡,gf
𪋢,go
𪋣,ge
𪋤,ab
𪋥,gl
𪋦,gk
𪋧,gu
𪋨,fb
𪋩,gu
𪋪,gs
𪋫,gw
𪋬,gt
𪋭,ls
𪋮,gb
𪋯,ge
𪋰,go
𪋱,gu
𪋲,gf
𪋳,gy
𪋴,gn
𪋵,gu
𪋶,gk
𪋷,gf
𪋸,gk
𪋹,gw
𪋺,ge
𪋻,gt
𪋼,lb
𪋽,lk
𪋾,ll
𪋿,lb
𪌀,ll
𪌁,lw
𪌂,lq
𪌃,lg
𪌄,ls
𪌅,ln
𪌆,ly
𪌇,lq
𪌈,lb
𪌉,ld
𪌊,lg
𪌋,lt
𪌌,lh
𪌍,lt
𪌎,la
𪌏,ly
𪌐,lu
𪌑,lw
𪌒,lq
𪌓,lu
𪌔,lo
𪌕,lk
𪌖,lj
𪌗,lh
𪌘,lv
𪌙,lg
𪌚,lc
𪌛,fl
𪌜,lu
𪌝,ll
𪌞,ly
𪌟,lv
𪌠,lu
𪌡,lj
𪌢,lk
𪌣,lk
𪌤,ll
𪌥,ls
𪌦,lk
𪌧,lk
𪌨,uw
𪌩,lu
𪌪,lv
𪌫,lx
𪌬,lm
𪌭,lo
𪌮,lu
𪌯,lo
𪌰,lz
𪌱,ld
𪌲,jw
𪌳,lc
𪌴,lr
𪌵,lq
𪌶,lu
𪌷,lu
𪌸,ln
𪌹,lj
𪌺,lk
𪌻,ly
𪌼,lf
𪌽,lb
𪌾,lt
𪌿,lx
𪍀,lb
𪍁,lh
𪍂,lg
𪍃,lx
𪍄,lu
𪍅,lw
𪍆,lp
𪍇,lv
𪍈,lu
𪍉,lu
𪍊,ly
𪍋,lu
𪍌,lk
𪍍,ld
𪍎,ld
𪍏,lb
𪍐,la
𪍑,ly
𪍒,lo
𪍓,mw
𪍔,lg
𪍕,lb
𪍖,lu
𪍗,lh
𪍘,lw
𪍙,lb
𪍚,la
𪍛,lo
𪍜,lb
𪍝,lm
𪍞,lt
𪍟,lx
𪍠,tw
𪍡,lc
𪍢,lu
𪍣,ln
𪍤,ld
𪍥,lu
𪍦,li
𪍧,fw
𪍨,lg
𪍩,ly
𪍪,lf
𪍫,mw
𪍬,lu
𪍭,lu
𪍮,lw
𪍯,lx
𪍰,lr
𪍱,tw
𪍲,lo
𪍳,lo
𪍴,lf
𪍵,lu
𪍶,lk
𪍷,lk
𪍸,lu
𪍹,li
𪍺,ly
𪍻,kw
𪍼,lk
𪍽,la
𪍾,fw
𪍿,lb
𪎀,lg
𪎁,lw
𪎂,ll
𪎃,cw
𪎄,lc
𪎅,lu
𪎆,lv
𪎇,yw
𪎈,fg
𪎉,mb
𪎊,mu
𪎋,mv
𪎌,ml
𪎍,ab
𪎎,uk
𪎏,lu
𪎐,mj
𪎑,gj
𪎒,gf
𪎓,ra
𪎔,gg
𪎕,gf
𪎖,gh
𪎗,go
𪎘,gy
𪎙,gk
𪎚,gu
𪎛,gv
𪎜,gd
𪎝,gb
𪎞,gy
𪎟,gt
𪎠,gx
𪎡,gw
𪎢,gx
𪎣,gi
𪎤,da
𪎥,gw
𪎦,ga
𪎧,gw
𪎨,ra
𪎩,gk
𪎪,gc
𪎫,gr
𪎬,gb
𪎭,gu
𪎮,gu
𪎯,gb
𪎰,gb
𪎱,ge
𪎲,ya
𪎳,cy
𪎴,cb
𪎵,cj
𪎶,ct
𪎷,cm
𪎸,cj
𪎹,cy
𪎺,ci
𪎻,ci
𪎼,kb
𪎽,cy
𪎾,cu
𪎿,ce
𪏀,ct
𪏁,cf
𪏂,ch
𪏃,ch
𪏄,cb
𪏅,cg
𪏆,wb
𪏇,ca
𪏈,co
𪏉,cz
𪏊,cg
𪏋,ch
𪏌,cv
𪏍,ob
𪏎,kb
𪏏,cd
𪏐,cj
𪏑,bb
𪏒,pb
𪏓,bb
𪏔,cy
𪏕,ci
𪏖,ce
𪏗,cc
𪏘,cv
𪏙,tu
𪏚,cb
𪏛,cb
𪏜,vv
𪏝,ch
𪏞,ca
𪏟,cd
𪏠,cu
𪏡,cd
𪏢,cl
𪏣,ce
𪏤,cx
𪏥,cb
𪏦,cu
𪏧,cu
𪏨,cb
𪏩,ch
𪏪,cb
𪏫,cu
𪏬,gb
𪏭,hu
𪏮,hn
𪏯,hp
𪏰,ho
𪏱,hk
𪏲,hi
𪏳,hh
𪏴,ht
𪏵,hw
𪏶,hb
𪏷,nu
𪏸,hb
𪏹,hh
𪏺,hb
𪏻,hg
𪏼,hn
𪏽,hg
𪏾,hn
𪏿,hw
𪐀,hx
𪐁,hx
𪐂,hv
𪐃,hf
𪐄,hu
𪐅,hu
𪐆,hx
𪐇,hx
𪐈,hv
𪐉,ho
𪐊,hx
𪐋,hj
𪐌,hk
𪐍,hi
𪐎,ha
𪐏,hg
𪐐,hu
𪐑,hn
𪐒,hw
𪐓,hu
𪐔,hb
𪐕,tg
𪐖,hl
𪐘,lv
𪐙,lb
𪐚,lk
𪐛,ld
𪐜,lv
𪐝,ld
𪐞,lq
𪐟,lw
𪐠,lb
𪐡,dh
𪐢,lt
𪐣,lz
𪐤,ly
𪐥,lt
𪐦,lj
𪐧,ly
𪐨,lj
𪐩,lh
𪐪,la
𪐫,lw
𪐬,ly
𪐭,lk
𪐮,lu
𪐯,lg
𪐰,wh
𪐱,lj
𪐲,lp
𪐳,lx
𪐴,lv
𪐵,lq
𪐶,ll
𪐷,lx
𪐸,ls
𪐹,ln
𪐺,lh
𪐻,lc
𪐼,lb
𪐽,ih
𪐾,lt
𪐿,lf
𪑀,lh
𪑁,ly
𪑂,la
𪑃,lc
𪑄,ly
𪑅,ly
𪑆,ld
𪑇,lk
𪑈,lj
𪑉,ly
𪑊,lo
𪑋,lc
𪑌,lg
𪑍,lj
𪑎,lq
𪑏,lm
𪑐,uh
𪑑,lv
𪑒,lz
𪑓,lh
𪑔,lu
𪑕,lo
𪑖,lc
𪑗,ln
𪑘,la
𪑙,lj
𪑚,ll
𪑛,uw
𪑜,lk
𪑝,la
𪑞,la
𪑟,uh
𪑠,ll
𪑡,lx
𪑢,yh
𪑣,lj
𪑤,eh
𪑥,lo
𪑦,lr
𪑧,la
𪑨,lu
𪑩,lg
𪑪,bh
𪑫,lu
𪑬,ld
𪑭,lt
𪑮,lg
𪑯,ly
𪑰,lk
𪑱,lt
𪑲,lt
𪑳,lb
𪑴,ly
𪑵,dh
𪑶,la
𪑷,lj
𪑸,ly
𪑹,lj
𪑺,lt
𪑻,lu
𪑼,ly
𪑽,la
𪑾,lc
𪑿,ly
𪒀,vh
𪒁,lh
𪒂,lo
𪒃,la
𪒄,ll
𪒅,lh
𪒆,lh
𪒇,ld
𪒈,lc
𪒉,lm
𪒊,ly
𪒋,lu
𪒌,la
𪒍,bh
𪒎,ld
𪒏,lb
𪒐,lj
𪒑,lb
𪒒,lo
𪒓,ly
𪒔,ln
𪒕,th
𪒖,lt
𪒗,la
𪒘,lb
𪒙,ly
𪒚,hh
𪒛,lu
𪒜,lx
𪒝,ly
𪒞,oh
𪒟,lo
𪒠,lw
𪒡,ll
𪒢,lf
𪒣,le
𪒤,lu
𪒥,ll
𪒦,lb
𪒧,lk
𪒨,jh
𪒩,lu
𪒪,ld
𪒫,lr
𪒬,li
𪒭,ln
𪒮,lu
𪒯,lk
𪒰,lb
𪒱,lw
𪒲,lw
𪒳,lx
𪒴,lt
𪒵,jh
𪒶,lc
𪒷,nh
𪒹,lk
𪒺,hh
𪒻,lh
𪒼,lu
𪒽,lu
𪒾,ld
𪒿,lm
𪓀,lv
𪓁,lc
𪓂,ly
𪓃,lf
𪓄,lt
𪓅,li
𪓆,ld
𪓇,ly
𪓈,lz
𪓉,lc
𪓊,lp
𪓋,ym
𪓌,yu
𪓍,mx
𪓎,yc
𪓏,mx
𪓐,yq
𪓑,pd
𪓒,jd
𪓓,jd
𪓔,cd
𪓖,ld
𪓗,fd
𪓘,od
𪓙,kd
𪓚,rd
𪓛,yd
𪓜,pd
𪓞,kj
𪓟,jd
𪓠,bd
𪓡,dd
𪓢,jd
𪓣,yd
𪓤,to
𪓥,ed
𪓦,xd
𪓧,id
𪓨,bd
𪓩,ud
𪓪,kw
𪓫,ad
𪓬,jd
𪓭,yd
𪓮,od
𪓯,gd
𪓰,bd
𪓱,md
𪓲,od
𪓳,ud
𪓴,td
𪓵,bd
𪓶,id
𪓷,vd
𪓸,pd
𪓹,gd
𪓺,od
𪓻,dd
𪓼,wd
𪓽,kd
𪓾,fd
𪓿,ad
𪔀,xd
𪔁,hd
𪔂,vo
𪔃,ko
𪔄,to
𪔅,ko
𪔆,pg
𪔇,ao
𪔈,kn
𪔉,wo
𪔊,pe
𪔋,tt
𪔌,tv
𪔍,tf
𪔎,ty
𪔏,tj
𪔐,tg
𪔑,tu
𪔒,sv
𪔓,tk
𪔔,tf
𪔕,tf
𪔖,ti
𪔗,ty
𪔘,tq
𪔙,ty
𪔚,tk
𪔛,tv
𪔜,ty
𪔝,ty
𪔞,tf
𪔟,tu
𪔠,wv
𪔡,bv
𪔢,tu
𪔣,tg
𪔤,to
𪔥,pv
𪔦,tk
𪔧,to
𪔨,tu
𪔩,tk
𪔪,te
𪔫,cv
𪔬,ta
𪔭,tb
𪔮,tm
𪔯,tx
𪔰,tv
𪔱,ta
𪔲,tf
𪔳,ev
𪔴,tu
𪔵,tb
𪔶,tb
𪔷,tl
𪔸,jd
𪔹,jd
𪔺,jd
𪔻,jw
𪔼,jj
𪔽,je
𪔾,jk
𪔿,jy
𪕀,jy
𪕁,jj
𪕂,ju
𪕃,jf
𪕄,ja
𪕅,jt
𪕆,jq
𪕇,jj
𪕈,jo
𪕉,jh
𪕊,vv
𪕋,je
𪕌,js
𪕍,jk
𪕎,jj
𪕏,jb
𪕐,jv
𪕑,jb
𪕒,jk
𪕓,jg
𪕔,je
𪕕,ji
𪕖,jk
𪕗,gv
𪕘,wv
𪕙,jk
𪕚,jl
𪕛,jk
𪕜,jt
𪕝,jz
𪕞,jw
𪕟,jq
𪕠,jh
𪕡,wv
𪕢,av
𪕣,jg
𪕤,jn
𪕥,jk
𪕦,jy
𪕧,jd
𪕨,je
𪕩,jw
𪕪,rv
𪕫,jw
𪕬,jj
𪕭,jr
𪕮,gv
𪕯,jy
𪕰,jy
𪕱,jo
𪕲,jt
𪕳,jx
𪕴,jf
𪕵,jc
𪕶,jm
𪕷,tv
𪕸,tv
𪕹,jk
𪕺,ju
𪕻,iv
𪕼,jv
𪕽,jy
𪕾,jc
𪕿,zj
𪖀,jv
𪖁,jz
𪖂,jn
𪖃,ju
𪖄,jw
𪖅,jb
𪖆,ju
𪖇,jt
𪖈,jf
𪖉,jt
𪖊,jw
𪖋,jv
𪖌,jm
𪖍,jv
𪖎,jj
𪖏,jv
𪖐,zv
𪖑,zv
𪖒,jw
𪖓,zj
𪖔,zd
𪖕,yw
𪖖,zw
𪖗,zq
𪖘,zd
𪖙,zg
𪖚,zv
𪖛,zq
𪖜,zt
𪖝,zk
𪖞,zp
𪖟,zg
𪖠,zk
𪖡,zv
𪖢,zt
𪖣,zt
𪖤,dw
𪖥,zj
𪖦,zd
𪖧,zy
𪖨,zr
𪖩,zm
𪖪,xw
𪖫,zm
𪖬,pw
𪖭,zc
𪖮,zz
𪖯,zc
𪖰,zj
𪖱,zb
𪖲,zy
𪖳,zj
𪖴,zm
𪖵,vw
𪖶,zu
𪖷,zp
𪖸,hw
𪖹,zn
𪖺,zw
𪖻,zb
𪖼,zo
𪖽,zo
𪖾,zg
𪖿,zv
𪗀,zq
𪗁,zv
𪗂,zt
𪗃,zw
𪗅,wy
𪗆,go
𪗇,wo
𪗈,wd
𪗉,wh
𪗊,io
𪗋,wy
𪗌,wr
𪗍,wn
𪗎,wy
𪗏,wy
𪗐,wo
𪗑,ww
𪗒,ww
𪗓,ww
𪗔,vb
𪗕,vu
𪗖,rr
𪗗,vj
𪗘,vu
𪗙,vg
𪗚,vv
𪗛,vk
𪗜,vj
𪗝,vn
𪗞,vw
𪗟,vv
𪗠,vg
𪗡,vy
𪗢,vv
𪗣,vb
𪗤,vd
𪗥,vg
𪗦,vv
𪗧,vu
𪗨,vi
𪗩,vb
𪗪,vk
𪗫,vf
𪗬,lr
𪗭,nr
𪗮,vh
𪗯,vy
𪗰,vx
𪗱,vq
𪗲,bs
𪗳,vg
𪗴,ve
𪗵,vy
𪗶,vr
𪗷,vo
𪗸,vk
𪗹,vt
𪗺,vc
𪗻,vt
𪗼,vb
𪗽,vu
𪗾,vk
𪗿,vd
𪘀,vk
𪘁,vk
𪘂,fm
𪘃,vo
𪘄,vb
𪘅,ir
𪘆,va
𪘇,vk
𪘈,vv
𪘉,va
𪘊,vk
𪘋,vy
𪘌,vl
𪘍,vk
𪘎,vk
𪘏,kr
𪘐,vw
𪘑,vw
𪘒,vk
𪘓,rr
𪘔,fr
𪘕,rr
𪘖,vl
𪘗,rr
𪘘,dr
𪘙,yr
𪘚,vk
𪘛,vv
𪘜,vu
𪘝,vi
𪘞,vo
𪘟,vb
𪘠,va
𪘡,vg
𪘢,vk
𪘣,vm
𪘤,vc
𪘥,nr
𪘦,ir
𪘧,vu
𪘨,vl
𪘩,vh
𪘪,vg
𪘫,va
𪘬,vt
𪘭,vh
𪘮,vv
𪘯,yr
𪘰,vj
𪘱,vo
𪘲,vq
𪘳,vi
𪘴,vi
𪘵,vw
𪘶,vm
𪘷,hr
𪘸,er
𪘹,vr
𪘺,vk
𪘻,wr
𪘼,ur
𪘽,ve
𪘾,vj
𪘿,va
𪙀,vo
𪙁,vd
𪙂,vd
𪙃,vk
𪙄,br
𪙅,vy
𪙆,vo
𪙇,ur
𪙈,qr
𪙉,vg
𪙊,vj
𪙋,vx
𪙌,ur
𪙍,vc
𪙎,vk
𪙏,vk
𪙐,cr
𪙑,vo
𪙒,vr
𪙓,tr
𪙔,wr
𪙕,vy
𪙖,mr
𪙗,br
𪙘,ve
𪙙,vm
𪙚,vk
𪙛,vk
𪙜,vt
𪙝,vc
𪙞,vu
𪙟,vw
𪙠,fr
𪙡,vo
𪙢,vy
𪙣,vu
𪙤,lr
𪙥,vn
𪙦,vy
𪙧,vr
𪙨,vo
𪙩,vo
𪙪,ir
𪙫,vy
𪙬,ur
𪙭,vo
𪙮,vo
𪙯,wr
𪙰,vr
𪙱,gr
𪙲,ur
𪙳,vq
𪙴,vw
𪙵,vd
𪙶,or
𪙷,vv
𪙸,vg
𪙹,vr
𪙺,vd
𪙻,vg
𪙼,rr
𪙽,vv
𪙾,vm
𪙿,hr
𪚀,er
𪚁,er
𪚂,vc
𪚃,vt
𪚄,vj
𪚅,vc
𪚆,vr
𪚇,vb
𪚈,vc
𪚉,vy
𪚊,hr
𪚋,vq
𪚌,vi
𪚍,vg
𪚎,wr
𪚏,vk
𪚐,yr
𪚑,lj
𪚒,gl
𪚓,ql
𪚔,ld
𪚕,rl
𪚖,pl
𪚗,dl
𪚘,dl
𪚙,rl
𪚚,lv
𪚛,ld
𪚜,lg
𪚝,tl
𪚞,lo
𪚟,gl
𪚠,lr
𪚡,gl
𪚢,lf
𪚣,tl
𪚤,lw
𪚥,ll
𪚧,dj
𪚨,bx
𪚩,kg
𪚪,xg
𪚫,dd
𪚬,gv
𪚭,gg
𪚮,og
𪚯,hg
𪚰,gh
𪚱,hg
𪚲,od
𪚳,go
𪚵,gg
𪚶,gj
𪚷,pg
𪚸,qg
𪚹,vg
𪚺,gq
𪚻,yg
𪚼,hg
𪚽,gd
𪚾,db
𪚿,di
𪛀,wb
𪛁,hg
𪛂,ug
𪛃,dk
𪛄,ke
𪛅,zg
𪛆,xg
𪛇,gk
𪛈,yg
𪛊,rt
𪛋,ro
𪛌,rj
𪛍,rd
𪛎,dc
𪛏,ro
𪛐,ic
𪛑,hc
𪛒,vu
𪛓,rb
𪛔,vj
𪛕,rg
𪛖,rh
𪜁,ae
𪜂,aw
𪜃,ve
𪜄,bk
𪜅,aj
𪜆,af
𪜇,wr
𪜈,lq
𪜉,vp
𪜊,dv
𪜋,vg
𪜌,no
𪜍,qv
𪜎,yj
𪜏,yn
𪜐,vb
𪜑,wv
𪜒,vk
𪜓,rv
𪜔,jq
𪜕,lv
𪜖,vo
𪜗,ja
𪜘,uv
𪜙,jc
𪜚,dv
𪜛,vj
𪜜,bl
𪜝,yb
𪜞,yh
𪜟,wy
𪜠,wf
𪜡,jw
𪜢,wo
𪜣,wg
𪜤,wv
𪜥,wi
𪜦,wt
𪜧,rx
𪜨,rn
𪜩,rg
𪜪,rb
𪜫,ri
𪜬,rw
𪜭,rk
𪜮,ro
𪜯,rl
𪜰,rh
𪜱,rh
𪜲,ri
𪜳,rm
𪜴,rs
𪜵,ro
𪜶,ry
𪜷,ra
𪜸,rz
𪜹,rx
𪜺,rc
𪜻,ri
𪜼,rn
𪜽,rl
𪜾,rl
𪜿,rn
𪝀,ry
𪝁,rb
𪝂,rd
𪝃,ri
𪝄,rk
𪝅,rw
𪝆,rf
𪝇,rw
𪝈,ry
𪝉,ra
𪝊,ru
𪝋,ro
𪝌,rt
𪝍,ro
𪝎,rs
𪝏,rk
𪝐,rz
𪝑,rm
𪝒,ru
𪝓,ro
𪝔,rx
𪝕,rm
𪝖,rb
𪝗,ly
𪝘,ro
𪝙,rm
𪝚,rg
𪝛,ru
𪝜,rj
𪝝,rt
𪝞,rm
𪝟,rg
𪝠,rg
𪝡,rd
𪝢,ry
𪝣,rk
𪝤,rb
𪝥,re
𪝦,rk
𪝧,rh
𪝨,rm
𪝩,rj
𪝪,rg
𪝫,ry
𪝬,ru
𪝭,rt
𪝮,re
𪝯,rc
𪝰,rm
𪝱,rg
𪝲,hv
𪝳,rt
𪝴,rs
𪝵,rd
𪝶,rb
𪝷,re
𪝸,rw
𪝹,ru
𪝺,ry
𪝻,rx
𪝼,rn
𪝽,ry
𪝾,ro
𪝿,ke
𪞀,gg
𪞁,ds
𪞂,du
𪞃,gu
𪞄,nt
𪞅,wk
𪞆,gm
𪞇,rf
𪞈,bm
𪞉,tg
𪞊,bk
𪞋,bg
𪞌,bk
𪞍,jk
𪞎,kg
𪞏,bv
𪞐,bz
𪞑,bv
𪞒,bd
𪞓,bg
𪞔,by
𪞕,bl
𪞖,df
𪞗,dn
𪞘,dv
𪞙,dw
𪞚,di
𪞛,dt
𪞜,db
𪞝,df
𪞞,di
𪞟,gd
𪞠,dl
𪞡,du
𪞢,dt
𪞣,dj
𪞤,dx
𪞥,du
𪞦,do
𪞧,dd
𪞨,dd
𪞩,dv
𪞪,db
𪞫,dw
𪞬,du
𪞭,dw
𪞮,ds
𪞯,du
𪞰,dm
𪞱,uj
𪞲,jv
𪞳,qj
𪞴,ju
𪞵,je
𪞶,ka
𪞷,ic
𪞸,ww
𪞹,ix
𪞺,iv
𪞻,wt
𪞼,wq
𪞽,wi
𪞾,fd
𪞿,td
𪟀,df
𪟁,ud
𪟂,vd
𪟃,dd
𪟄,nd
𪟅,dd
𪟆,wd
𪟇,bd
𪟈,ld
𪟉,dd
𪟊,bf
𪟋,cd
𪟌,td
𪟍,ld
𪟎,ld
𪟏,qd
𪟐,fy
𪟑,ff
𪟒,fd
𪟓,db
𪟔,kd
𪟕,vd
𪟖,yd
𪟗,ld
𪟘,ql
𪟙,bl
𪟚,xl
𪟛,dl
𪟜,dl
𪟝,fl
𪟞,tc
𪟟,dl
𪟠,ll
𪟡,tk
𪟢,bl
𪟣,kl
𪟤,wl
𪟥,cl
𪟦,tv
𪟧,tl
𪟨,vb
𪟩,bt
𪟪,bb
𪟫,bw
𪟬,ko
𪟭,kj
𪟮,qp
𪟯,kl
𪟰,kk
𪟱,kx
𪟲,kb
𪟳,wg
𪟴,gv
𪟵,uw
𪟶,bk
𪟷,bn
𪟸,bf
𪟹,us
𪟺,ud
𪟻,ru
𪟼,wg
𪟽,bl
𪟾,wb
𪟿,bb
𪠀,bt
𪠁,re
𪠂,ye
𪠃,im
𪠄,id
𪠅,ik
𪠆,ik
𪠇,ii
𪠈,ik
𪠉,ig
𪠊,id
𪠋,iq
𪠌,iy
𪠍,ii
𪠎,ix
𪠏,ip
𪠐,ia
𪠑,ic
𪠒,in
𪠓,ib
𪠔,iu
𪠕,iv
𪠖,if
𪠗,ik
𪠘,in
𪠙,iy
𪠚,it
𪠛,iw
𪠜,wj
𪠝,qb
𪠞,xq
𪠟,se
𪠠,sr
𪠡,sl
𪠢,qb
𪠣,xy
𪠤,dy
𪠥,yo
𪠦,iy
𪠧,xy
𪠨,jy
𪠩,ry
𪠪,uy
𪠫,by
𪠬,ey
𪠭,iq
𪠮,by
𪠯,ky
𪠰,yd
𪠱,ed
𪠲,ky
𪠳,ki
𪠴,kx
𪠵,kl
𪠶,kr
𪠷,uk
𪠸,kl
𪠹,pk
𪠺,kw
𪠻,ki
𪠼,kr
𪠽,ke
𪠾,kv
𪠿,kv
𪡀,kl
𪡁,ky
𪡂,kf
𪡃,kd
𪡄,kj
𪡅,wk
𪡆,kv
𪡇,kx
𪡈,kb
𪡉,kg
𪡊,kv
𪡋,kq
𪡌,dk
𪡍,wg
𪡎,ks
𪡏,ki
𪡐,uk
𪡑,kn
𪡒,kg
𪡓,kb
𪡔,kc
𪡕,kw
𪡖,uy
𪡗,kq
𪡘,xf
𪡙,ke
𪡚,ku
𪡛,kk
𪡜,gx
𪡝,ks
𪡞,kb
𪡟,kw
𪡠,ku
𪡡,kk
𪡢,ji
𪡣,ky
𪡤,dk
𪡥,kg
𪡦,kl
𪡧,ky
𪡨,km
𪡩,kh
𪡪,ik
𪡫,ky
𪡬,bk
𪡭,kj
𪡮,kc
𪡯,km
𪡰,ke
𪡱,km
𪡲,jt
𪡳,lk
𪡴,kj
𪡵,ko
𪡶,kt
𪡷,km
𪡸,kn
𪡹,tk
𪡺,kb
𪡻,cg
𪡼,kd
𪡽,kf
𪡾,ku
𪡿,kg
𪢀,kw
𪢁,kq
𪢂,ko
𪢃,kw
𪢄,kl
𪢅,kt
𪢆,ko
𪢇,kv
𪢈,in
𪢉,kk
𪢊,ku
𪢋,kb
𪢌,kj
𪢍,kk
𪢎,kw
𪢏,iy
𪢐,kb
𪢑,kk
𪢒,kw
𪢓,yr
𪢔,kh
𪢕,kb
𪢖,kx
𪢗,ki
𪢘,ku
𪢙,kg
𪢚,ky
𪢛,ky
𪢜,kf
𪢝,kx
𪢞,xk
𪢟,ky
𪢠,kj
𪢡,nk
𪢢,tq
𪢣,to
𪢤,kk
𪢥,kf
𪢦,kf
𪢧,kx
𪢨,ww
𪢩,wp
𪢪,wy
𪢫,wi
𪢬,wb
𪢭,wy
𪢮,wa
𪢯,wj
𪢰,ww
𪢱,tb
𪢲,ty
𪢳,qv
𪢴,tt
𪢵,tf
𪢶,wt
𪢷,tw
𪢸,tw
𪢹,tk
𪢺,ty
𪢻,to
𪢼,tb
𪢽,tf
𪢾,ht
𪢿,tu
𪣀,tb
𪣁,ty
𪣂,tv
𪣃,tn
𪣄,tg
𪣅,tu
𪣆,td
𪣇,tf
𪣈,tk
𪣉,ty
𪣊,tb
𪣋,tz
𪣌,te
𪣍,tn
𪣎,tw
𪣏,tv
𪣐,tt
𪣑,ty
𪣒,ti
𪣓,tq
𪣔,tk
𪣕,tx
𪣖,at
𪣗,it
𪣘,tt
𪣙,tb
𪣚,tn
𪣛,td
𪣜,tn
𪣝,tq
𪣞,tq
𪣟,tg
𪣠,tk
𪣡,dt
𪣢,tw
𪣣,tk
𪣤,to
𪣥,tv
𪣦,to
𪣧,to
𪣨,tg
𪣩,to
𪣪,ot
𪣫,td
𪣬,tl
𪣭,dt
𪣮,tb
𪣯,tq
𪣰,tc
𪣱,tg
𪣲,tt
𪣳,tc
𪣴,tw
𪣵,to
𪣶,rt
𪣷,td
𪣸,rt
𪣹,td
𪣺,tk
𪣻,tn
𪣼,td
𪣽,yz
𪣾,tb
𪣿,et
𪤀,it
𪤁,tc
𪤂,tm
𪤃,tn
𪤄,tq
𪤅,tx
𪤆,tx
𪤇,tk
𪤈,vt
𪤉,tu
𪤊,dt
𪤋,tn
𪤌,ta
𪤍,ty
𪤎,ti
𪤏,tt
𪤐,tj
𪤑,ta
𪤒,tm
𪤓,tw
𪤔,tf
𪤕,tu
𪤖,tc
𪤗,tp
𪤘,sa
𪤙,th
𪤚,tt
𪤛,tm
𪤜,yd
𪤝,et
𪤞,tn
𪤟,ut
𪤠,tt
𪤡,tb
𪤢,ta
𪤣,tx
𪤤,tu
𪤥,tx
𪤦,tu
𪤧,tb
𪤨,tw
𪤩,tw
𪤪,to
𪤫,ty
𪤬,ut
𪤭,tr
𪤮,tx
𪤯,ty
𪤰,ta
𪤱,cb
𪤲,tg
𪤳,tc
𪤴,tm
𪤵,wk
𪤶,vw
𪤷,xj
𪤸,xg
𪤹,xm
𪤺,xg
𪤻,xp
𪤼,xe
𪤽,tx
𪤾,xo
𪤿,xl
𪥀,gx
𪥁,da
𪥂,dd
𪥃,fd
𪥄,ad
𪥅,dg
𪥆,dy
𪥇,bd
𪥈,dp
𪥉,tb
𪥊,wd
𪥋,dw
𪥌,pd
𪥍,dd
𪥎,kd
𪥏,dr
𪥐,ij
𪥑,dn
𪥒,kd
𪥓,dt
𪥔,bd
𪥕,di
𪥖,od
𪥗,bd
𪥘,wd
𪥙,pt
𪥚,dx
𪥛,ld
𪥜,dc
𪥝,vd
𪥞,yd
𪥟,td
𪥠,bd
𪥡,ed
𪥢,hd
𪥣,vi
𪥤,un
𪥥,ng
𪥦,nh
𪥧,nv
𪥨,no
𪥩,ny
𪥪,nj
𪥫,ny
𪥬,ny
𪥭,nd
𪥮,no
𪥯,gy
𪥰,nd
𪥱,nu
𪥲,ny
𪥳,nj
𪥴,zn
𪥵,nx
𪥶,ne
𪥷,rn
𪥸,wz
𪥹,np
𪥺,ln
𪥻,nf
𪥼,nn
𪥽,ni
𪥾,ng
𪥿,nd
𪦀,nf
𪦁,nk
𪦂,nd
𪦃,nv
𪦄,ni
𪦅,nx
𪦆,nv
𪦇,nc
𪦈,nn
𪦉,nj
𪦊,nk
𪦋,nu
𪦌,nn
𪦍,wg
𪦎,np
𪦏,nj
𪦐,nw
𪦑,in
𪦒,nw
𪦓,nm
𪦔,nk
𪦕,nx
𪦖,na
𪦗,nn
𪦘,nh
𪦙,nw
𪦚,nw
𪦛,nt
𪦜,no
𪦝,nw
𪦞,nb
𪦟,nd
𪦠,mn
𪦡,nu
𪦢,nj
𪦣,nr
𪦤,nx
𪦥,sn
𪦦,nd
𪦨,ni
𪦩,nw
𪦪,nk
𪦫,nk
𪦬,nb
𪦭,nh
𪦮,nt
𪦯,ny
𪦰,ne
𪦱,ni
𪦲,nb
𪦳,nb
𪦴,no
𪦵,un
𪦶,zv
𪦷,zg
𪦸,zl
𪦹,zw
𪦺,zb
𪦻,rz
𪦼,zu
𪦽,hz
𪦾,zb
𪦿,zg
𪧀,zn
𪧁,zq
𪧂,iz
𪧃,wv
𪧄,zg
𪧅,bu
𪧆,bi
𪧇,bp
𪧈,bt
𪧉,bp
𪧊,bk
𪧋,bn
𪧌,ba
𪧍,bx
𪧎,bz
𪧏,bh
𪧐,bb
𪧑,bd
𪧒,bk
𪧓,bb
𪧔,bl
𪧕,bf
𪧖,bh
𪧗,bt
𪧘,bn
𪧙,bn
𪧚,bc
𪧛,bx
𪧜,bw
𪧝,bh
𪧞,bm
𪧟,by
𪧠,bq
𪧡,uc
𪧢,bw
𪧣,bu
𪧤,bw
𪧥,bf
𪧦,bu
𪧧,bt
𪧨,by
𪧩,bn
𪧪,bs
𪧫,bm
𪧬,bf
𪧭,bt
𪧮,bg
𪧯,bc
𪧰,bo
𪧱,bk
𪧲,by
𪧳,bl
𪧴,bg
𪧵,bn
𪧶,bo
𪧷,xc
𪧸,tt
𪧹,dc
𪧺,oc
𪧻,ub
𪧼,bc
𪧽,bc
𪧾,ev
𪧿,nx
𪨀,xi
𪨁,vx
𪨂,wx
𪨃,xu
𪨄,ub
𪨅,xv
𪨆,uy
𪨇,wb
𪨈,yi
𪨉,uu
𪨊,ur
𪨋,uw
𪨌,uq
𪨍,uu
𪨎,ik
𪨏,uu
𪨐,it
𪨑,ii
𪨒,uw
𪨓,uk
𪨔,uj
𪨕,ui
𪨖,uj
𪨗,ul
𪨘,uk
𪨙,ur
𪨚,uv
𪨛,ut
𪨜,iu
𪨝,uo
𪨞,uj
𪨟,uo
𪨠,ub
𪨡,uz
𪨢,ux
𪨣,uv
𪨤,xu
𪨥,uy
𪨦,uq
𪨧,ul
𪨨,ub
𪨩,uv
𪨪,uc
𪨫,ue
𪨬,ux
𪨭,us
𪨮,us
𪨯,iu
𪨰,uq
𪨱,uv
𪨲,uf
𪨳,ud
𪨴,uw
𪨵,fu
𪨶,ui
𪨷,uy
𪨸,uq
𪨹,un
𪨺,us
𪨻,um
𪨼,uu
𪨽,ut
𪨾,uy
𪨿,ud
𪩀,uh
𪩁,uq
𪩂,ug
𪩃,uz
𪩄,uk
𪩅,uw
𪩆,ue
𪩇,un
𪩈,uh
𪩉,uc
𪩊,ux
𪩋,uf
𪩌,uy
𪩍,uc
𪩎,un
𪩏,ub
𪩐,uv
𪩑,ud
𪩒,ul
𪩓,uf
𪩔,ug
𪩕,uu
𪩖,uz
𪩗,ut
𪩘,uq
𪩙,uc
𪩚,uo
𪩛,ur
𪩜,ug
𪩝,uy
𪩞,ug
𪩟,uv
𪩠,ub
𪩡,vb
𪩢,vi
𪩣,dg
𪩤,jd
𪩥,jk
𪩦,ja
𪩧,wj
𪩨,dj
𪩩,ju
𪩪,jq
𪩫,ij
𪩬,bg
𪩭,bl
𪩮,bw
𪩯,su
𪩰,qj
𪩱,bj
𪩲,up
𪩳,jk
𪩴,jm
𪩵,rj
𪩶,bj
𪩷,ju
𪩸,jb
𪩹,jf
𪩺,eg
𪩻,jb
𪩼,jw
𪩽,jt
𪩾,yf
𪩿,jy
𪪀,pa
𪪁,gj
𪪂,ug
𪪃,bn
𪪄,px
𪪅,pd
𪪆,px
𪪇,pf
𪪈,fn
𪪉,tw
𪪊,yu
𪪋,yc
𪪌,gj
𪪍,gw
𪪎,gv
𪪏,gu
𪪐,gw
𪪑,gl
𪪒,gk
𪪓,gk
𪪔,gb
𪪕,gr
𪪖,gv
𪪗,ge
𪪘,gb
𪪙,gt
𪪚,gk
𪪛,ge
𪪜,gw
𪪝,gb
𪪞,gk
𪪟,gx
𪪠,gy
𪪡,gb
𪪢,go
𪪣,gs
𪪤,gd
𪪥,gb
𪪦,gn
𪪧,gz
𪪨,gm
𪪩,wh
𪪪,gv
𪪫,ci
𪪬,zy
𪪭,zp
𪪮,zt
𪪯,zg
𪪰,zx
𪪱,zw
𪪲,zw
𪪳,gc
𪪴,yc
𪪵,qc
𪪶,wc
𪪷,mc
𪪸,jc
𪪹,bc
𪪺,gk
𪪻,gn
𪪼,gu
𪪽,gm
𪪾,gy
𪪿,gy
𪫀,gf
𪫁,gr
𪫂,gb
𪫃,bb
𪫄,gy
𪫅,gy
𪫆,de
𪫇,hy
𪫈,up
𪫉,op
𪫊,kf
𪫋,rw
𪫌,rl
𪫍,rx
𪫎,rw
𪫏,rw
𪫐,rt
𪫑,ry
𪫒,rb
𪫓,rg
𪫔,rd
𪫕,rw
𪫖,rc
𪫗,rv
𪫘,rv
𪫙,rg
𪫚,dy
𪫛,ri
𪫜,rw
𪫝,xv
𪫞,xt
𪫟,xa
𪫠,bx
𪫡,xl
𪫢,xl
𪫣,xv
𪫤,xy
𪫥,dx
𪫦,xg
𪫧,xk
𪫨,xj
𪫩,ox
𪫪,xk
𪫫,rx
𪫬,xv
𪫭,xk
𪫮,xb
𪫯,xh
𪫰,kx
𪫱,rx
𪫲,xn
𪫳,yx
𪫴,nx
𪫵,wx
𪫶,rg
𪫷,fx
𪫸,xe
𪫹,xg
𪫺,xq
𪫻,xy
𪫼,wx
𪫽,ex
𪫾,nx
𪫿,xv
𪬀,xv
𪬁,xb
𪬂,px
𪬃,xq
𪬄,bx
𪬅,bx
𪬆,fx
𪬇,fb
𪬈,ux
𪬉,xt
𪬊,ox
𪬋,gx
𪬌,xm
𪬍,xx
𪬎,db
𪬏,xo
𪬐,bx
𪬑,xg
𪬒,bx
𪬓,ax
𪬔,xw
𪬕,xo
𪬖,xr
𪬗,xt
𪬘,xm
𪬙,xo
𪬚,xb
𪬛,bx
𪬜,xq
𪬝,xx
𪬞,xv
𪬟,ax
𪬠,xk
𪬡,xb
𪬢,xl
𪬣,xk
𪬤,zb
𪬥,wx
𪬦,xb
𪬧,jx
𪬨,xl
𪬩,kx
𪬪,rx
𪬫,lg
𪬬,dx
𪬭,xy
𪬮,xw
𪬯,ux
𪬰,xy
𪬱,xb
𪬲,fg
𪬳,wb
𪬴,lx
𪬵,yx
𪬶,xm
𪬷,xt
𪬸,xj
𪬹,xi
𪬺,xt
𪬻,xg
𪬼,fb
𪬽,dk
𪬾,xe
𪬿,fx
𪭀,xx
𪭁,tx
𪭂,lx
𪭃,xm
𪭄,xy
𪭅,cx
𪭆,xw
𪭇,xk
𪭈,xv
𪭉,ga
𪭊,gl
𪭋,gz
𪭌,gm
𪭍,gg
𪭎,gy
𪭏,gn
𪭐,gz
𪭑,go
𪭒,gz
𪭓,og
𪭔,bg
𪭕,dg
𪭖,mg
𪭗,xw
𪭘,hj
𪭙,hk
𪭚,hf
𪭛,hu
𪭜,fx
𪭝,fw
𪭞,fy
𪭟,fw
𪭠,fr
𪭡,fu
𪭢,fr
𪭣,fd
𪭤,fv
𪭥,fg
𪭦,fb
𪭧,fx
𪭨,fu
𪭩,ug
𪭪,fc
𪭫,ff
𪭬,fj
𪭭,fu
𪭮,fr
𪭯,fy
𪭰,fy
𪭱,fg
𪭲,ff
𪭳,ug
𪭴,fz
𪭵,fl
𪭶,fi
𪭷,fa
𪭸,fd
𪭹,fb
𪭺,fc
𪭻,fv
𪭼,fd
𪭽,fd
𪭾,fo
𪭿,ft
𪮀,uy
𪮁,fd
𪮂,fe
𪮃,iu
𪮄,fn
𪮅,fa
𪮆,fg
𪮇,fk
𪮈,fl
𪮉,ff
𪮊,fu
𪮋,fb
𪮌,fd
𪮍,ua
𪮎,fx
𪮏,ux
𪮐,fk
𪮑,fo
𪮒,uo
𪮓,fc
𪮔,fk
𪮕,ff
𪮖,fb
𪮗,fu
𪮘,ff
𪮙,fg
𪮚,ku
𪮛,fc
𪮜,ft
𪮝,fm
𪮞,ff
𪮟,fx
𪮠,fx
𪮡,fo
𪮢,fx
𪮣,ft
𪮤,fo
𪮥,fk
𪮦,fc
𪮧,fo
𪮨,fa
𪮩,uq
𪮪,fy
𪮫,fo
𪮬,fk
𪮭,fx
𪮮,fg
𪮯,fg
𪮰,fx
𪮱,fu
𪮲,fq
𪮳,fi
𪮴,fn
𪮵,fg
𪮶,fb
𪮷,fx
𪮸,fv
𪮹,ff
𪮺,fm
𪮻,fo
𪮼,fh
𪮽,ub
𪮾,fa
𪮿,fw
𪯀,fm
𪯁,fd
𪯂,fx
𪯃,fg
𪯄,fl
𪯅,hv
𪯆,va
𪯇,sv
𪯈,fw
𪯉,uy
𪯊,jg
𪯋,jy
𪯌,pw
𪯍,gw
𪯎,tw
𪯏,ww
𪯐,ww
𪯑,fw
𪯒,ww
𪯓,cw
𪯔,ww
𪯕,fv
𪯖,xw
𪯗,cf
𪯘,ww
𪯙,ww
𪯚,uw
𪯛,fx
𪯜,ww
𪯝,cx
𪯞,fu
𪯟,kw
𪯠,wi
𪯡,vw
𪯢,ww
𪯣,ws
𪯤,wk
𪯥,ww
𪯦,wb
𪯧,wj
𪯨,wd
𪯩,wy
𪯪,wk
𪯫,dq
𪯬,id
𪯭,kd
𪯮,kd
𪯯,id
𪯰,ry
𪯱,iw
𪯲,ft
𪯳,fy
𪯴,fv
𪯵,kf
𪯶,ft
𪯷,fy
𪯸,fb
𪯹,fi
𪯺,fx
𪯻,fz
𪯼,fo
𪯽,fy
𪯾,fb
𪯿,fr
𪰀,fc
𪰁,fc
𪰂,fb
𪰃,fb
𪰄,fg
𪰅,fe
𪰆,og
𪰇,og
𪰈,oy
𪰉,oj
𪰊,ov
𪰋,ow
𪰌,om
𪰍,od
𪰎,wo
𪰏,ok
𪰐,ob
𪰑,oy
𪰒,ou
𪰓,op
𪰔,oy
𪰕,ou
𪰖,ou
𪰗,ob
𪰘,ok
𪰙,ok
𪰚,ol
𪰛,to
𪰜,og
𪰝,od
𪰞,or
𪰟,on
𪰠,of
𪰡,ow
𪰢,ov
𪰣,ox
𪰤,on
𪰥,oy
𪰦,or
𪰧,os
𪰨,oh
𪰩,og
𪰪,ol
𪰫,oc
𪰬,od
𪰭,oy
𪰮,od
𪰯,oy
𪰰,og
𪰱,ow
𪰲,oz
𪰳,od
𪰴,ou
𪰵,ol
𪰶,ob
𪰷,oy
𪰸,ox
𪰹,ol
𪰺,ow
𪰻,ok
𪰼,ok
𪰽,oi
𪰾,oo
𪰿,oz
𪱀,ox
𪱁,ol
𪱂,oo
𪱃,ow
𪱄,ob
𪱅,oo
𪱆,oy
𪱇,ox
𪱈,oo
𪱉,ol
𪱊,ok
𪱋,ok
𪱌,ol
𪱍,ox
𪱎,od
𪱏,ow
𪱐,lo
𪱑,ot
𪱒,of
𪱓,oy
𪱔,oj
𪱕,og
𪱖,og
𪱗,bv
𪱘,qn
𪱙,oy
𪱚,ou
𪱛,yo
𪱜,so
𪱝,lo
𪱞,go
𪱟,wo
𪱠,oy
𪱡,ou
𪱢,od
𪱣,ow
𪱤,uw
𪱥,ob
𪱦,ow
𪱧,oj
𪱨,od
𪱩,on
𪱪,oh
𪱫,do
𪱬,ow
𪱭,oy
𪱮,wb
𪱯,wd
𪱰,ut
𪱱,ax
𪱲,au
𪱳,ak
𪱴,an
𪱵,va
𪱶,ja
𪱷,ab
𪱸,ad
𪱹,au
𪱺,ag
𪱻,ab
𪱼,wv
𪱽,ay
𪱾,ax
𪱿,az
𪲀,aq
𪲁,da
𪲂,ao
𪲃,as
𪲄,ah
𪲅,wp
𪲆,ap
𪲇,aq
𪲈,ao
𪲉,ak
𪲊,af
𪲋,af
𪲌,ad
𪲍,aj
𪲎,aq
𪲏,aw
𪲐,ae
𪲑,wa
𪲒,ai
𪲓,ab
𪲔,ad
𪲕,us
𪲖,aa
𪲗,ah
𪲘,aw
𪲙,at
𪲚,ao
𪲛,am
𪲜,da
𪲝,aa
𪲞,av
𪲟,ag
𪲠,wa
𪲡,ay
𪲢,as
𪲣,gg
𪲤,av
𪲥,us
𪲦,au
𪲧,az
𪲨,ax
𪲩,ad
𪲪,wa
𪲫,na
𪲬,wl
𪲭,uy
𪲮,ay
𪲯,ao
𪲰,ad
𪲱,ad
𪲲,ab
𪲳,aa
𪲴,aa
𪲵,ai
𪲶,ak
𪲷,aa
𪲸,uu
𪲹,la
𪲺,ae
𪲻,af
𪲼,ak
𪲽,xt
𪲾,ak
𪲿,bu
𪳀,ao
𪳁,ay
𪳂,az
𪳃,aj
𪳄,aj
𪳅,ak
𪳆,al
𪳇,ak
𪳈,wa
𪳉,ax
𪳊,aa
𪳋,ax
𪳌,al
𪳍,ay
𪳎,ea
𪳏,af
𪳐,oa
𪳑,am
𪳒,av
𪳓,ka
𪳔,pc
𪳕,ar
𪳖,af
𪳗,ay
𪳘,au
𪳙,da
𪳚,ad
𪳛,ao
𪳜,ah
𪳝,ah
𪳞,aw
𪳟,ae
𪳠,ab
𪳡,ab
𪳢,aa
𪳣,ak
𪳤,ak
𪳥,ad
𪳦,pa
𪳧,az
𪳨,bg
𪳩,aj
𪳪,an
𪳫,yy
𪳬,ay
𪳭,fd
𪳮,ab
𪳯,at
𪳰,ag
𪳱,av
𪳲,ao
𪳳,ab
𪳴,aq
𪳵,aw
𪳶,ad
𪳷,da
𪳸,at
𪳹,au
𪳺,ab
𪳻,aa
𪳼,dw
𪳽,ai
𪳾,ai
𪳿,gy
𪴀,ab
𪴁,av
𪴂,aw
𪴃,ad
𪴄,pe
𪴅,ay
𪴆,ax
𪴇,ah
𪴈,aa
𪴉,aw
𪴊,ab
𪴋,ak
𪴌,al
𪴍,ha
𪴎,ab
𪴏,ay
𪴐,ae
𪴑,ab
𪴒,ag
𪴓,av
𪴔,ax
𪴕,ao
𪴖,aa
𪴗,ag
𪴘,ay
𪴙,ab
𪴚,ah
𪴛,al
𪴜,ao
𪴝,ad
𪴞,do
𪴟,al
𪴠,ae
𪴡,ax
𪴢,az
𪴣,ay
𪴤,aj
𪴥,ab
𪴦,ac
𪴧,aj
𪴨,yw
𪴩,fq
𪴪,iq
𪴫,uq
𪴬,bq
𪴭,bq
𪴮,cq
𪴯,oq
𪴰,cq
𪴱,gq
𪴲,xq
𪴳,cq
𪴴,yq
𪴵,wv
𪴶,vd
𪴷,vy
𪴸,vb
𪴹,vq
𪴺,lv
𪴻,bk
𪴼,vi
𪴽,bu
𪴾,sv
𪴿,jv
𪵀,db
𪵁,dy
𪵂,dx
𪵃,dx
𪵄,dj
𪵅,dc
𪵆,db
𪵇,db
𪵈,du
𪵉,ku
𪵊,bw
𪵋,lu
𪵌,ux
𪵍,ru
𪵎,su
𪵏,wu
𪵐,fu
𪵑,tl
𪵒,cu
𪵓,uu
𪵔,px
𪵕,bu
𪵖,mv
𪵗,mo
𪵘,mh
𪵙,mj
𪵚,mx
𪵛,ml
𪵜,mt
𪵝,am
𪵞,ml
𪵟,mo
𪵠,mn
𪵡,mb
𪵢,mb
𪵣,yq
𪵤,qk
𪵥,qm
𪵦,lq
𪵧,qw
𪵨,su
𪵩,dx
𪵪,du
𪵫,dg
𪵬,dj
𪵭,dk
𪵮,ut
𪵯,dv
𪵰,dl
𪵱,dw
𪵲,da
𪵳,du
𪵴,dj
𪵵,yo
𪵶,dl
𪵷,de
𪵸,dy
𪵹,de
𪵺,dx
𪵻,dr
𪵼,ub
𪵽,dy
𪵾,dk
𪵿,du
𪶀,dl
𪶁,dw
𪶂,uj
𪶃,dd
𪶄,dc
𪶅,du
𪶆,dh
𪶇,dt
𪶈,dm
𪶉,dl
𪶊,dc
𪶋,du
𪶌,dd
𪶍,dn
𪶎,dk
𪶏,dg
𪶐,dg
𪶑,db
𪶒,dx
𪶓,dd
𪶔,dt
𪶕,dm
𪶖,dt
𪶗,dg
𪶘,de
𪶙,dt
𪶚,dx
𪶛,au
𪶜,dk
𪶝,dk
𪶞,du
𪶟,df
𪶠,dw
𪶡,dx
𪶢,dm
𪶣,dc
𪶤,dd
𪶥,dd
𪶦,dk
𪶧,dz
𪶨,dx
𪶩,dx
𪶪,dj
𪶫,dv
𪶬,df
𪶭,dh
𪶮,dx
𪶯,db
𪶰,eu
𪶱,dx
𪶲,dy
𪶳,dd
𪶴,do
𪶵,df
𪶶,dr
𪶷,di
𪶸,dx
𪶹,dw
𪶺,dw
𪶻,do
𪶼,dk
𪶽,da
𪶾,dn
𪶿,dq
𪷀,dt
𪷁,dw
𪷂,cu
𪷃,dj
𪷄,dx
𪷅,dh
𪷆,dl
𪷇,dd
𪷈,db
𪷉,dt
𪷊,dl
𪷋,dw
𪷌,dh
𪷍,dj
𪷎,dg
𪷏,dc
𪷐,dv
𪷑,dl
𪷒,df
𪷓,dl
𪷔,dx
𪷕,dw
𪷖,dh
𪷗,du
𪷘,du
𪷙,dj
𪷚,di
𪷛,dt
𪷜,dx
𪷝,db
𪷞,dm
𪷟,du
𪷠,dy
𪷡,dw
𪷢,dj
𪷣,pu
𪷤,du
𪷥,dw
𪷦,di
𪷧,dy
𪷨,dx
𪷩,da
𪷪,db
𪷫,du
𪷬,dx
𪷭,dt
𪷮,dg
𪷯,du
𪷰,dk
𪷱,db
𪷲,dt
𪷳,dj
𪷴,dh
𪷵,dy
𪷶,ds
𪷷,dx
𪷸,dw
𪷹,lk
𪷺,dx
𪷻,dg
𪷼,dk
𪷽,db
𪷾,dg
𪷿,dy
𪸀,dy
𪸁,dp
𪸂,dy
𪸃,dm
𪸄,dg
𪸅,dx
𪸆,dg
𪸇,dt
𪸈,dc
𪸉,dx
𪸊,dw
𪸋,dm
𪸌,dx
𪸍,vh
𪸎,hj
𪸏,hv
𪸐,hd
𪸑,hy
𪸒,hh
𪸓,wh
𪸔,hv
𪸕,hq
𪸖,hr
𪸗,hy
𪸘,hq
𪸙,hw
𪸚,hk
𪸛,hy
𪸜,hr
𪸝,hl
𪸞,hx
𪸟,hb
𪸠,hy
𪸡,hs
𪸢,hz
𪸣,oh
𪸤,hi
𪸥,he
𪸦,lh
𪸧,hj
𪸨,ha
𪸩,hi
𪸪,hx
𪸫,hg
𪸬,hk
𪸭,hb
𪸮,hd
𪸯,hn
𪸰,hk
𪸱,hd
𪸲,hk
𪸳,hk
𪸴,hk
𪸵,hv
𪸶,hg
𪸷,ht
𪸸,hb
𪸹,hp
𪸺,he
𪸻,hw
𪸼,hk
𪸽,ht
𪸾,hy
𪸿,wh
𪹀,bf
𪹁,hm
𪹂,et
𪹃,dh
𪹄,hx
𪹅,hc
𪹆,ho
𪹇,hh
𪹈,hv
𪹉,dh
𪹊,hd
𪹋,hy
𪹌,dh
𪹍,hu
𪹎,hp
𪹏,hd
𪹐,hh
𪹑,dh
𪹒,ho
𪹓,ho
𪹔,hk
𪹕,oh
𪹖,hw
𪹗,vh
𪹘,hm
𪹙,hu
𪹚,hf
𪹛,ho
𪹜,hi
𪹝,hh
𪹞,hx
𪹟,hb
𪹠,hv
𪹡,hp
𪹢,hw
𪹣,hy
𪹤,hu
𪹥,hu
𪹦,mh
𪹧,hg
𪹨,ho
𪹩,yh
𪹪,hx
𪹫,hp
𪹬,kh
𪹭,bh
𪹮,mh
𪹯,ha
𪹰,hv
𪹱,wh
𪹲,hw
𪹳,hy
𪹴,ho
𪹵,hz
𪹶,oh
𪹷,hy
𪹸,jh
𪹹,hx
𪹺,hy
𪹻,hf
𪹼,hx
𪹽,hk
𪹾,hu
𪹿,bh
𪺀,hu
𪺁,hb
𪺂,ah
𪺃,ht
𪺄,he
𪺅,hx
𪺆,he
𪺇,hv
𪺈,hw
𪺉,hq
𪺊,hb
𪺋,hh
𪺌,ht
𪺍,ve
𪺎,vx
𪺏,vu
𪺐,vy
𪺑,vi
𪺒,vw
𪺓,vd
𪺔,vy
𪺕,vy
𪺖,vl
𪺗,vy
𪺘,db
𪺙,vf
𪺚,vy
𪺛,ff
𪺜,fe
𪺝,xn
𪺞,pk
𪺟,pt
𪺠,px
𪺡,pt
𪺢,pg
𪺣,pc
𪺤,pd
𪺥,px
𪺦,po
𪺧,yg
𪺨,yu
𪺩,nq
𪺪,nl
𪺫,nn
𪺬,no
𪺭,nl
𪺮,wn
𪺯,nh
𪺰,nm
𪺱,nr
𪺲,nr
𪺳,hn
𪺴,no
𪺵,nx
𪺶,cn
𪺷,qv
𪺸,qe
𪺹,qy
𪺺,qc
𪺻,qy
𪺼,qi
𪺽,lq
𪺾,qt
𪺿,qm
𪻀,qr
𪻁,qy
𪻂,qo
𪻃,qy
𪻄,qd
𪻅,qb
𪻆,qg
𪻇,qk
𪻈,qi
𪻉,qv
𪻊,qg
𪻋,qc
𪻌,qu
𪻍,wy
𪻎,wy
𪻏,wj
𪻐,wr
𪻑,wj
𪻒,wx
𪻓,wh
𪻔,we
𪻕,wg
𪻖,wk
𪻗,wt
𪻘,wd
𪻙,wg
𪻚,wx
𪻛,wk
𪻜,wa
𪻝,wy
𪻞,wr
𪻟,wj
𪻠,wc
𪻡,wb
𪻢,wt
𪻣,wk
𪻤,wb
𪻥,wl
𪻦,wu
𪻧,wt
𪻨,wd
𪻩,wt
𪻪,wo
𪻫,ww
𪻬,wu
𪻭,wd
𪻮,wh
𪻯,ww
𪻰,ww
𪻱,wu
𪻲,wb
𪻳,wg
𪻴,wp
𪻵,wl
𪻶,wz
𪻷,wk
𪻸,wk
𪻹,oy
𪻺,wb
𪻻,wo
𪻼,wa
𪻽,wk
𪻾,wp
𪻿,wy
𪼀,wj
𪼁,wd
𪼂,ww
𪼃,wu
𪼄,wy
𪼅,wu
𪼆,wx
𪼇,wf
𪼈,rw
𪼉,rw
𪼊,wz
𪼋,wm
𪼌,wy
𪼍,wd
𪼎,ws
𪼏,wa
𪼐,wx
𪼑,wt
𪼒,wy
𪼓,wa
𪼔,wo
𪼕,wu
𪼖,wr
𪼗,ww
𪼘,wd
𪼙,ww
𪼚,we
𪼛,wa
𪼜,wx
𪼝,wy
𪼞,wo
𪼟,wn
𪼠,wu
𪼡,wj
𪼢,wg
𪼣,wd
𪼤,wk
𪼥,wj
𪼦,wx
𪼧,wk
𪼨,wy
𪼩,wb
𪼪,wu
𪼫,we
𪼬,wa
𪼭,wx
𪼮,wy
𪼯,wn
𪼰,wu
𪼱,wb
𪼲,wh
𪼳,gd
𪼴,gi
𪼵,dg
𪼶,ws
𪼷,ww
𪼸,wh
𪼹,wb
𪼺,kw
𪼻,wb
𪼼,wz
𪼽,rw
𪼾,gw
𪼿,wn
𪽀,ng
𪽁,ub
𪽂,fu
𪽃,uf
𪽄,uk
𪽅,gu
𪽆,pf
𪽇,tj
𪽈,tp
𪽉,yy
𪽊,ty
𪽋,vt
𪽌,tw
𪽍,tk
𪽎,tk
𪽏,ts
𪽐,yj
𪽑,tn
𪽒,ty
𪽓,tv
𪽔,tj
𪽕,bl
𪽖,vt
𪽗,it
𪽘,tt
𪽙,tf
𪽚,gt
𪽛,ut
𪽜,ty
𪽝,sy
𪽞,lt
𪽟,ty
𪽠,dy
𪽡,bt
𪽢,th
𪽣,bt
𪽤,tq
𪽥,tb
𪽦,tk
𪽧,bz
𪽨,bd
𪽩,bn
𪽪,bi
𪽫,bv
𪽬,bw
𪽭,bj
𪽮,bu
𪽯,bd
𪽰,bz
𪽱,bl
𪽲,bd
𪽳,bn
𪽴,bb
𪽵,bg
𪽶,bg
𪽷,bx
𪽸,bl
𪽹,bd
𪽺,bx
𪽻,ba
𪽼,bw
𪽽,bq
𪽾,bb
𪽿,be
𪾀,ba
𪾁,bq
𪾂,bx
𪾃,bf
𪾄,bu
𪾅,bk
𪾆,pg
𪾇,pw
𪾈,pn
𪾉,pe
𪾊,ym
𪾋,lm
𪾌,km
𪾍,xm
𪾎,xm
𪾏,bm
𪾐,dm
𪾑,fm
𪾒,dm
𪾓,tm
𪾔,pm
𪾕,om
𪾖,mn
𪾗,um
𪾘,jm
𪾙,jm
𪾚,mm
𪾛,dm
𪾜,sm
𪾝,vw
𪾞,gm
𪾟,oy
𪾠,ou
𪾡,oy
𪾢,oj
𪾣,ov
𪾤,og
𪾥,ok
𪾦,ou
𪾧,os
𪾨,ov
𪾩,oy
𪾪,oq
𪾫,ol
𪾬,ov
𪾭,oa
𪾮,ow
𪾯,oq
𪾰,ow
𪾱,oo
𪾲,oo
𪾳,of
𪾴,om
𪾵,ox
𪾶,ot
𪾷,on
𪾸,ob
𪾹,oj
𪾺,bo
𪾻,xo
𪾼,ob
𪾽,ow
𪾾,ok
𪾿,oo
𪿀,od
𪿁,lo
𪿂,ro
𪿃,uc
𪿄,od
𪿅,on
𪿆,mt
𪿇,mo
𪿈,ua
𪿉,uu
𪿊,uy
𪿋,ub
𪿌,ua
𪿍,ud
𪿎,uc
𪿏,uc
𪿐,ud
𪿑,uy
𪿒,ul
𪿓,ua
𪿔,ue
𪿕,uj
𪿖,ux
𪿗,ub
𪿘,uk
𪿙,uh
𪿚,uc
𪿛,ui
𪿜,uv
𪿝,xu
𪿞,uc
𪿟,ui
𪿠,uo
𪿡,ug
𪿢,ux
𪿣,ue
𪿤,ub
𪿥,uw
𪿦,uy
𪿧,ux
𪿨,uf
𪿩,ug
𪿪,uf
𪿫,uf
𪿬,ud
𪿭,uu
𪿮,ug
𪿯,uu
𪿰,ub
𪿱,um
𪿲,uf
𪿳,ua
𪿴,uu
𪿵,ui
𪿶,ux
𪿷,uo
𪿸,ug
𪿹,ud
𪿺,ux
𪿻,ul
𪿼,uu
𪿽,uc
𪿾,ut
𪿿,uw
𫀀,gu
𫀁,un
𫀂,uu
𫀃,pn
𫀄,gu
𫀅,pv
𫀆,ub
𫀇,pl
𫀈,pk
𫀉,pm
𫀊,py
𫀋,pr
𫀌,pd
𫀍,pd
𫀎,pk
𫀏,uy
𫀐,pv
𫀑,pu
𫀒,pw
𫀓,pd
𫀔,pa
𫀕,pk
𫀖,px
𫀗,pe
𫀘,pl
𫀙,uw
𫀚,pm
𫀛,py
𫀜,iu
𫀝,ou
𫀞,pk
𫀟,pm
𫀠,pj
𫀡,py
𫀢,pg
𫀣,pb
𫀤,uw
𫀥,wo
𫀦,pu
𫀧,hg
𫀨,hj
𫀩,hw
𫀪,ht
𫀫,pk
𫀬,he
𫀭,hf
𫀮,he
𫀯,ho
𫀰,hv
𫀱,hk
𫀲,hx
𫀳,ih
𫀴,ht
𫀵,hg
𫀶,hy
𫀷,hx
𫀸,hk
𫀹,ho
𫀺,hh
𫀻,hr
𫀼,hx
𫀽,hd
𫀾,hu
𫀿,hu
𫁀,hy
𫁁,ht
𫁂,hq
𫁃,hm
𫁄,ho
𫁅,bs
𫁆,hm
𫁇,hp
𫁈,hx
𫁉,hx
𫁊,bf
𫁋,bk
𫁌,br
𫁍,bw
𫁎,bv
𫁏,bh
𫁐,bu
𫁑,bx
𫁒,bv
𫁓,be
𫁔,bw
𫁕,bl
𫁖,bg
𫁗,bi
𫁘,bd
𫁙,bn
𫁚,bd
𫁛,bc
𫁜,bv
𫁝,bk
𫁞,lg
𫁟,lv
𫁠,lc
𫁡,ln
𫁢,ly
𫁣,ly
𫁤,ll
𫁥,lv
𫁦,lg
𫁧,lc
𫁨,lf
𫁩,lx
𫁪,ll
𫁫,lf
𫁬,lw
𫁭,ll
𫁮,al
𫁯,lk
𫁰,vb
𫁱,va
𫁲,vw
𫁳,vw
𫁴,vr
𫁵,vd
𫁶,vi
𫁷,vy
𫁸,vg
𫁹,vj
𫁺,vy
𫁻,vz
𫁼,vf
𫁽,vb
𫁾,vu
𫁿,vi
𫂀,vz
𫂁,vd
𫂂,vm
𫂃,vw
𫂄,vv
𫂅,vf
𫂆,vy
𫂇,vu
𫂈,vy
𫂉,ve
𫂊,vv
𫂋,va
𫂌,vm
𫂍,vu
𫂎,vd
𫂏,vw
𫂐,vu
𫂑,vd
𫂒,vw
𫂓,vo
𫂔,vg
𫂕,vk
𫂖,vy
𫂗,vm
𫂘,vy
𫂙,vw
𫂚,vm
𫂛,vu
𫂜,vy
𫂝,vx
𫂞,vl
𫂟,va
𫂠,vx
𫂡,vu
𫂢,vb
𫂣,vo
𫂤,vu
𫂥,vb
𫂦,vu
𫂧,vu
𫂨,vt
𫂩,vv
𫂪,ve
𫂫,vc
𫂬,vd
𫂭,vk
𫂮,vj
𫂯,vi
𫂰,vj
𫂱,pl
𫂲,nm
𫂳,um
𫂴,my
𫂵,mo
𫂶,mf
𫂷,mu
𫂸,mj
𫂹,mu
𫂺,mt
𫂻,mo
𫂼,mx
𫂽,mu
𫂾,my
𫂿,xm
𫃀,mn
𫃁,mq
𫃂,my
𫃃,me
𫃄,mx
𫃅,mk
𫃆,om
𫃇,me
𫃈,mk
𫃉,xt
𫃊,ml
𫃋,mu
𫃌,my
𫃍,mo
𫃎,ma
𫃏,mx
𫃐,mx
𫃑,ml
𫃒,mb
𫃓,mk
𫃔,mv
𫃕,mx
𫃖,me
𫃗,mh
𫃘,mb
𫃙,lv
𫃚,sb
𫃛,pv
𫃜,sk
𫃝,sv
𫃞,sv
𫃟,sw
𫃠,sb
𫃡,sl
𫃢,sa
𫃣,sz
𫃤,sn
𫃥,sz
𫃦,xy
𫃧,sd
𫃨,sd
𫃩,si
𫃪,sd
𫃫,sc
𫃬,sy
𫃭,st
𫃮,sv
𫃯,so
𫃰,ss
𫃱,su
𫃲,sj
𫃳,su
𫃴,sd
𫃵,sn
𫃶,sk
𫃷,so
𫃸,sn
𫃹,sv
𫃺,sa
𫃻,sg
𫃼,sd
𫃽,se
𫃾,sf
𫃿,sq
𫄀,sg
𫄁,so
𫄂,sy
𫄃,sw
𫄄,sn
𫄅,sx
𫄆,su
𫄇,si
𫄈,sk
𫄉,sk
𫄊,su
𫄋,sc
𫄌,sn
𫄍,sn
𫄎,sn
𫄏,sk
𫄐,sf
𫄑,sn
𫄒,sw
𫄓,sq
𫄔,sj
𫄕,sx
𫄖,sm
𫄗,sh
𫄘,su
𫄙,sv
𫄚,sh
𫄛,sv
𫄜,sm
𫄝,sd
𫄞,sp
𫄟,sy
𫄠,sd
𫄡,sk
𫄢,sq
𫄣,sy
𫄤,sd
𫄥,sd
𫄦,sl
𫄧,sv
𫄨,sj
𫄩,sm
𫄪,sy
𫄫,sq
𫄬,sa
𫄭,sw
𫄮,sm
𫄯,sw
𫄰,sf
𫄱,sk
𫄲,sd
𫄳,sz
𫄴,su
𫄵,sp
𫄶,si
𫄷,sx
𫄸,sh
𫄹,sk
𫄺,fw
𫄻,fv
𫄼,fa
𫄽,yf
𫄾,ff
𫄿,cf
𫅀,sk
𫅁,sb
𫅂,su
𫅃,bu
𫅄,sv
𫅅,sq
𫅆,kn
𫅇,sj
𫅈,sb
𫅉,sj
𫅊,sk
𫅋,so
𫅌,sc
𫅍,sl
𫅎,ky
𫅏,yv
𫅐,yy
𫅑,yd
𫅒,ym
𫅓,yy
𫅔,yg
𫅕,yu
𫅖,yk
𫅗,yb
𫅘,yk
𫅙,yd
𫅚,yr
𫅛,yo
𫅜,rk
𫅝,yd
𫅞,lk
𫅟,yy
𫅠,ya
𫅡,yk
𫅢,tx
𫅣,yx
𫅤,xs
𫅥,ux
𫅦,nx
𫅧,xy
𫅨,xi
𫅩,xg
𫅪,xf
𫅫,ux
𫅬,lx
𫅭,bx
𫅮,xd
𫅯,xu
𫅰,fx
𫅱,zx
𫅲,xd
𫅳,lb
𫅴,ly
𫅵,lw
𫅶,lo
𫅷,cl
𫅸,lj
𫅹,lt
𫅺,le
𫅻,lq
𫅼,li
𫅽,lo
𫅾,lt
𫅿,lb
𫆀,ee
𫆁,eq
𫆂,ew
𫆃,je
𫆄,eg
𫆅,ew
𫆆,eu
𫆇,ea
𫆈,he
𫆉,he
𫆊,ek
𫆋,eg
𫆌,em
𫆍,eo
𫆎,re
𫆏,de
𫆐,eu
𫆑,eo
𫆒,ex
𫆓,ey
𫆔,by
𫆕,dy
𫆖,od
𫆗,oe
𫆘,od
𫆙,xo
𫆚,oy
𫆛,og
𫆜,rb
𫆝,oc
𫆞,og
𫆟,ol
𫆠,od
𫆡,wg
𫆢,to
𫆣,og
𫆤,oj
𫆥,hj
𫆦,oo
𫆧,oy
𫆨,od
𫆩,oi
𫆪,ow
𫆫,ry
𫆬,do
𫆭,rm
𫆮,ox
𫆯,ow
𫆰,fr
𫆱,ob
𫆲,oz
𫆳,oy
𫆴,bo
𫆵,ox
𫆶,bo
𫆷,og
𫆸,rc
𫆹,ou
𫆺,rj
𫆻,oy
𫆼,of
𫆽,wb
𫆾,ok
𫆿,tm
𫇀,ov
𫇁,ox
𫇂,ux
𫇃,ob
𫇄,wy
𫇅,iw
𫇆,ii
𫇇,iw
𫇈,iu
𫇉,ij
𫇊,zz
𫇋,zu
𫇌,zd
𫇍,zt
𫇎,gu
𫇏,gl
𫇐,ga
𫇑,gh
𫇒,lj
𫇓,jy
𫇔,uj
𫇕,rv
𫇖,uk
𫇗,uj
𫇘,ub
𫇙,rm
𫇚,vq
𫇛,vl
𫇜,vk
𫇝,vy
𫇞,vy
𫇟,vx
𫇠,vc
𫇡,vj
𫇢,vk
𫇣,vn
𫇤,qb
𫇥,bx
𫇦,cb
𫇧,ca
𫇨,ci
𫇩,cw
𫇪,cx
𫇫,cf
𫇬,cx
𫇭,cw
𫇮,cl
𫇯,ck
𫇰,co
𫇱,cz
𫇲,ct
𫇳,cu
𫇴,ce
𫇵,cn
𫇶,cr
𫇷,ck
𫇸,cv
𫇹,cr
𫇺,ct
𫇻,cy
𫇼,cf
𫇽,cy
𫇾,ct
𫇿,cu
𫈀,cq
𫈁,cj
𫈂,ch
𫈃,cw
𫈄,cr
𫈅,cg
𫈆,ck
𫈇,cb
𫈈,ck
𫈉,co
𫈊,cf
𫈋,cb
𫈌,cf
𫈍,cd
𫈎,cl
𫈏,cy
𫈐,cg
𫈑,cw
𫈒,cy
𫈓,cv
𫈔,cy
𫈕,cv
𫈖,ci
𫈗,ck
𫈘,cn
𫈙,cy
𫈚,cw
𫈛,cy
𫈜,cy
𫈝,cx
𫈞,cx
𫈟,cd
𫈠,ct
𫈡,zn
𫈢,cz
𫈣,cv
𫈤,cl
𫈥,ck
𫈦,cg
𫈧,cn
𫈨,cj
𫈩,ce
𫈪,cw
𫈫,cq
𫈬,cd
𫈭,cy
𫈮,ck
𫈯,cd
𫈰,ck
𫈱,cp
𫈲,ct
𫈳,cx
𫈴,ce
𫈵,cb
𫈶,cy
𫈷,ck
𫈸,cd
𫈹,ci
𫈺,cr
𫈻,cg
𫈼,cg
𫈽,ci
𫈾,cz
𫈿,cy
𫉀,cm
𫉁,cy
𫉂,cg
𫉃,cd
𫉄,co
𫉅,cx
𫉆,co
𫉇,cb
𫉈,ct
𫉉,cb
𫉊,cv
𫉋,cd
𫉌,cb
𫉍,cw
𫉎,ck
𫉏,cb
𫉐,cf
𫉑,cg
𫉒,cj
𫉓,bd
𫉔,cf
𫉕,ck
𫉖,cz
𫉗,cy
𫉘,co
𫉙,cm
𫉚,ch
𫉛,cn
𫉜,cb
𫉝,cx
𫉞,cy
𫉟,cy
𫉠,ce
𫉡,cu
𫉢,ck
𫉣,co
𫉤,cw
𫉥,cl
𫉦,cw
𫉧,ch
𫉨,cy
𫉩,ch
𫉪,cw
𫉫,co
𫉬,cy
𫉭,ca
𫉮,cq
𫉯,cy
𫉰,cc
𫉱,cl
𫉲,ct
𫉳,cb
𫉴,ci
𫉵,cy
𫉶,cm
𫉷,ct
𫉸,cq
𫉹,cu
𫉺,cx
𫉻,ce
𫉼,cg
𫉽,cu
𫉾,ce
𫉿,cu
𫊀,cq
𫊁,cy
𫊂,ck
𫊃,ck
𫊄,ct
𫊅,cl
𫊆,cy
𫊇,ck
𫊈,cf
𫊉,cv
𫊊,co
𫊋,ca
𫊌,ch
𫊍,cv
𫊎,ct
𫊏,cg
𫊐,cw
𫊑,ct
𫊒,ct
𫊓,cn
𫊔,ch
𫊕,ca
𫊖,co
𫊗,cm
𫊘,cj
𫊙,cc
𫊚,cu
𫊛,ce
𫊜,cq
𫊝,hk
𫊞,he
𫊟,hw
𫊠,hf
𫊡,hz
𫊢,ho
𫊣,hy
𫊤,ib
𫊥,it
𫊦,iy
𫊧,id
𫊨,iq
𫊩,ij
𫊪,ii
𫊫,yi
𫊬,iy
𫊭,yi
𫊮,iu
𫊯,ih
𫊰,ib
𫊱,di
𫊲,si
𫊳,il
𫊴,iq
𫊵,ic
𫊶,ig
𫊷,ia
𫊸,il
𫊹,iy
𫊺,ix
𫊻,ic
𫊼,xi
𫊽,id
𫊾,iu
𫊿,ic
𫋀,ia
𫋁,ix
𫋂,in
𫋃,iy
𫋄,ie
𫋅,it
𫋆,ij
𫋇,ia
𫋈,if
𫋉,wi
𫋊,ai
𫋋,im
𫋌,ib
𫋍,ik
𫋎,iz
𫋏,ik
𫋐,ib
𫋑,ix
𫋒,ui
𫋓,ik
𫋔,iu
𫋕,iu
𫋖,id
𫋗,iv
𫋘,it
𫋙,ii
𫋚,ic
𫋛,io
𫋜,is
𫋝,ia
𫋞,ix
𫋟,im
𫋠,ib
𫋡,gi
𫋢,iy
𫋣,ii
𫋤,ic
𫋥,io
𫋦,iy
𫋧,ib
𫋨,ij
𫋩,ih
𫋪,pb
𫋫,im
𫋬,pu
𫋭,rd
𫋮,rd
𫋯,rd
𫋰,rd
𫋱,rd
𫋲,pq
𫋳,pf
𫋴,ly
𫋵,pu
𫋶,pg
𫋷,pf
𫋸,po
𫋹,pw
𫋺,pv
𫋻,py
𫋼,px
𫋽,py
𫋾,pk
𫋿,pw
𫌀,pb
𫌁,pq
𫌂,pn
𫌃,pz
𫌄,ps
𫌅,pw
𫌆,py
𫌇,py
𫌈,pu
𫌉,ph
𫌊,pt
𫌋,pb
𫌌,pu
𫌍,hy
𫌎,oy
𫌏,py
𫌐,pl
𫌑,po
𫌒,py
𫌓,pb
𫌔,py
𫌕,pv
𫌖,pi
𫌗,pc
𫌘,py
𫌙,po
𫌚,xh
𫌛,xf
𫌜,jn
𫌝,jx
𫌞,xj
𫌟,kj
𫌠,rj
𫌡,fj
𫌢,jg
𫌣,ja
𫌤,tj
𫌥,nj
𫌦,nj
𫌧,jy
𫌨,dj
𫌩,jj
𫌪,ij
𫌫,jj
𫌬,xj
𫌭,jj
𫌮,dk
𫌯,dl
𫌰,dw
𫌱,df
𫌲,wc
𫌳,yn
𫌴,yw
𫌵,yk
𫌶,yp
𫌷,dk
𫌸,rk
𫌹,ya
𫌺,xk
𫌻,yy
𫌼,yi
𫌽,yn
𫌾,yx
𫌿,yn
𫍀,yj
𫍁,yi
𫍂,yo
𫍃,yl
𫍄,yf
𫍅,ya
𫍆,yx
𫍇,yg
𫍈,yj
𫍉,yf
𫍊,yt
𫍋,yk
𫍌,yy
𫍍,yu
𫍎,ye
𫍏,yy
𫍐,vk
𫍑,yv
𫍒,yb
𫍓,yj
𫍔,yg
𫍕,yb
𫍖,yg
𫍗,yx
𫍘,yi
𫍙,yy
𫍚,yy
𫍛,yf
𫍜,yq
𫍝,yd
𫍞,yh
𫍟,yy
𫍠,yv
𫍡,yb
𫍢,yw
𫍣,yk
𫍤,yl
𫍥,yv
𫍦,yy
𫍧,yl
𫍨,yi
𫍩,yn
𫍪,yx
𫍫,yd
𫍬,yw
𫍭,yn
𫍮,yi
𫍯,yk
𫍰,yx
𫍱,ye
𫍲,yy
𫍳,yv
𫍴,yn
𫍵,yw
𫍶,yw
𫍷,yg
𫍸,yx
𫍹,yq
𫍺,yw
𫍻,yk
𫍼,yl
𫍽,yy
𫍾,yd
𫍿,yx
𫎀,gr
𫎁,jg
𫎂,hg
𫎃,gb
𫎄,dd
𫎅,ua
𫎆,ur
𫎇,ya
𫎈,ud
𫎉,au
𫎊,vg
𫎋,vo
𫎌,vn
𫎍,vb
𫎎,ll
𫎏,by
𫎐,bv
𫎑,bg
𫎒,bf
𫎓,bv
𫎔,rb
𫎕,bj
𫎖,bk
𫎗,bk
𫎘,fb
𫎙,bx
𫎚,sg
𫎛,ub
𫎜,wb
𫎝,bb
𫎞,bf
𫎟,bo
𫎠,ab
𫎡,ib
𫎢,by
𫎣,wb
𫎤,fb
𫎥,ob
𫎦,bl
𫎧,bj
𫎨,bq
𫎩,ba
𫎪,ba
𫎫,bu
𫎬,lb
𫎭,ij
𫎮,it
𫎯,io
𫎰,it
𫎱,tl
𫎲,tu
𫎳,tu
𫎴,tk
𫎵,tx
𫎶,tu
𫎷,ti
𫎸,tt
𫎹,tc
𫎺,tp
𫎻,tu
𫎼,tn
𫎽,tm
𫎾,tv
𫎿,tx
𫏀,zc
𫏁,zb
𫏂,zw
𫏃,zi
𫏄,zg
𫏅,zy
𫏆,zy
𫏇,zg
𫏈,zg
𫏉,zk
𫏊,zw
𫏋,zl
𫏌,zl
𫏍,zw
𫏎,zd
𫏏,zo
𫏐,iz
𫏑,zx
𫏒,zb
𫏓,zb
𫏔,mz
𫏕,iz
𫏖,zy
𫏗,zu
𫏘,zm
𫏙,zn
𫏚,zk
𫏛,zj
𫏜,za
𫏝,zq
𫏞,zt
𫏟,zl
𫏠,zj
𫏡,zu
𫏢,zu
𫏣,zj
𫏤,zo
𫏥,zk
𫏦,zf
𫏧,ze
𫏨,zy
𫏩,zb
𫏪,ui
𫏫,uq
𫏬,uu
𫏭,uj
𫏮,un
𫏯,uu
𫏰,ub
𫏱,uo
𫏲,iv
𫏳,ig
𫏴,ib
𫏵,li
𫏶,ir
𫏷,it
𫏸,iv
𫏹,if
𫏺,iy
𫏻,mi
𫏼,fi
𫏽,li
𫏾,ik
𫏿,ii
𫐀,ia
𫐁,ii
𫐂,bi
𫐃,it
𫐄,iw
𫐅,iu
𫐆,il
𫐇,in
𫐈,iy
𫐉,is
𫐊,si
𫐋,fi
𫐌,ik
𫐍,iu
𫐎,ik
𫐏,ik
𫐐,ie
𫐑,il
𫐒,ik
𫐓,ia
𫐔,im
𫐕,ie
𫐖,ip
𫐗,if
𫐘,ix
𫐙,it
𫐚,xv
𫐛,xu
𫐜,xx
𫐝,xr
𫐞,zl
𫐟,zg
𫐠,za
𫐡,zv
𫐢,zg
𫐣,zn
𫐤,zd
𫐥,zl
𫐦,zx
𫐧,zf
𫐨,zi
𫐩,zr
𫐪,zx
𫐫,zx
𫐬,zw
𫐭,zy
𫐮,zc
𫐯,zr
𫐰,ze
𫐱,zu
𫐲,zz
𫐳,py
𫐴,zb
𫐵,zh
𫐶,zs
𫐷,zn
𫐸,zi
𫐹,zo
𫐺,zu
𫐻,zc
𫐼,zf
𫐽,zu
𫐾,zb
𫐿,zm
𫑀,zf
𫑁,zk
𫑂,zn
𫑃,za
𫑄,zw
𫑅,zs
𫑆,zy
𫑇,zb
𫑈,zd
𫑉,zk
𫑊,zb
𫑋,zn
𫑌,zd
𫑍,zw
𫑎,zv
𫑏,vu
𫑐,zq
𫑑,zn
𫑒,zk
𫑓,zk
𫑔,zk
𫑕,zl
𫑖,zg
𫑗,pe
𫑘,ve
𫑙,pe
𫑚,ge
𫑛,ge
𫑜,ve
𫑝,ke
𫑞,ve
𫑟,ye
𫑠,ge
𫑡,ke
𫑢,fv
𫑣,ke
𫑤,te
𫑥,ie
𫑦,oe
𫑧,ke
𫑨,ye
𫑩,ye
𫑪,ye
𫑫,de
𫑬,xe
𫑭,ge
𫑮,ie
𫑯,lu
𫑰,le
𫑱,lo
𫑲,ve
𫑳,yw
𫑴,yz
𫑵,yy
𫑶,yb
𫑷,yq
𫑸,yv
𫑹,yl
𫑺,yj
𫑻,yk
𫑼,yc
𫑽,yu
𫑾,yu
𫑿,yh
𫒀,pk
𫒁,lj
𫒂,dl
𫒃,vb
𫒄,ml
𫒅,vy
𫒆,ju
𫒇,jq
𫒈,jn
𫒉,je
𫒊,jf
𫒋,jw
𫒌,jj
𫒍,jw
𫒎,ju
𫒏,jm
𫒐,jb
𫒑,jk
𫒒,jq
𫒓,jb
𫒔,jt
𫒕,jt
𫒖,jx
𫒗,jy
𫒘,jf
𫒙,jc
𫒚,jb
𫒛,jz
𫒜,jt
𫒝,jg
𫒞,jc
𫒟,jm
𫒠,jx
𫒡,jz
𫒢,jg
𫒣,wj
𫒤,jz
𫒥,jx
𫒦,jq
𫒧,jy
𫒨,ju
𫒩,jf
𫒪,je
𫒫,ju
𫒬,jx
𫒭,jy
𫒮,js
𫒯,je
𫒰,jf
𫒱,ju
𫒲,jf
𫒳,jy
𫒴,jk
𫒵,js
𫒶,jy
𫒷,jt
𫒸,jj
𫒹,jb
𫒺,pj
𫒻,jn
𫒼,jn
𫒽,jx
𫒾,jn
𫒿,jj
𫓀,jl
𫓁,ju
𫓂,jc
𫓃,jb
𫓄,jc
𫓅,jx
𫓆,jc
𫓇,ju
𫓈,ju
𫓉,jl
𫓊,jy
𫓋,jv
𫓌,jk
𫓍,jw
𫓎,jb
𫓏,jx
𫓐,jb
𫓑,jx
𫓒,ji
𫓓,jj
𫓔,jw
𫓖,tj
𫓗,jg
𫓘,jr
𫓙,jv
𫓚,ju
𫓛,jb
𫓜,jy
𫓝,jj
𫓞,jk
𫓟,jm
𫓠,je
𫓡,jw
𫓢,jg
𫓣,jh
𫓤,jj
𫓥,jb
𫓦,jz
𫓧,jf
𫓨,jg
𫓩,jr
𫓪,jg
𫓫,jk
𫓬,jj
𫓭,jy
𫓮,je
𫓯,jt
𫓰,ja
𫓱,jl
𫓲,jo
𫓳,jv
𫓴,jn
𫓵,ji
𫓶,jo
𫓷,jz
𫓸,jw
𫓹,jb
𫓺,jl
𫓻,jx
𫓼,jk
𫓽,ju
𫓾,jo
𫓿,jq
𫔀,jj
𫔁,jb
𫔂,jz
𫔃,jj
𫔄,ja
𫔅,jx
𫔆,jq
𫔇,jb
𫔈,jo
𫔉,jn
𫔊,jb
𫔋,jq
𫔌,jw
𫔍,jt
𫔎,jk
𫔏,jz
𫔐,jv
𫔑,jd
𫔒,jh
𫔓,jv
𫔔,jk
𫔕,jy
𫔖,ey
𫔗,ex
𫔘,ml
𫔙,gm
𫔚,mv
𫔛,mb
𫔜,mg
𫔝,mo
𫔞,my
𫔟,mg
𫔠,md
𫔡,mb
𫔢,mi
𫔣,md
𫔤,mf
𫔥,mb
𫔦,wk
𫔧,mr
𫔨,mg
𫔩,md
𫔪,mx
𫔫,md
𫔬,wm
𫔭,mk
𫔮,mo
𫔯,md
𫔰,mc
𫔱,mb
𫔲,mz
𫔳,mf
𫔴,mv
𫔵,mw
𫔶,ma
𫔷,mx
𫔸,lm
𫔹,mm
𫔺,ed
𫔻,ew
𫔼,ey
𫔽,et
𫔾,ee
𫔿,ed
𫕀,et
𫕁,ek
𫕂,ej
𫕃,ez
𫕄,eb
𫕅,eo
𫕆,ec
𫕇,et
𫕈,er
𫕉,ey
𫕊,ey
𫕋,er
𫕌,ec
𫕍,ed
𫕎,ex
𫕏,ee
𫕐,ex
𫕑,et
𫕒,eg
𫕓,ek
𫕔,ex
𫕕,ek
𫕖,ev
𫕗,ex
𫕘,ej
𫕙,bl
𫕚,rr
𫕛,uv
𫕜,wv
𫕝,ye
𫕞,yt
𫕟,yo
𫕠,yb
𫕡,yb
𫕢,ym
𫕣,we
𫕤,yw
𫕥,yb
𫕦,yw
𫕧,yf
𫕨,yp
𫕩,yg
𫕪,yd
𫕫,yi
𫕬,yl
𫕭,yu
𫕮,ye
𫕯,yw
𫕰,yf
𫕱,ya
𫕲,yd
𫕳,yn
𫕴,yr
𫕵,yg
𫕶,yt
𫕷,yv
𫕸,fg
𫕹,fu
𫕺,fb
𫕻,fm
𫕼,fe
𫕽,rf
𫕾,sf
𫕿,yf
𫖀,mw
𫖁,mv
𫖂,vm
𫖃,mb
𫖄,rm
𫖅,cl
𫖆,cv
𫖇,cu
𫖈,xu
𫖉,cy
𫖊,cu
𫖋,cu
𫖌,af
𫖍,wj
𫖎,wf
𫖏,wy
𫖐,uf
𫖑,wv
𫖒,wu
𫖓,wu
𫖔,wy
𫖕,wr
𫖖,wb
𫖗,ld
𫖘,lc
𫖙,lb
𫖚,lb
𫖛,lf
𫖜,lp
𫖝,by
𫖞,iy
𫖟,ay
𫖠,pv
𫖡,ty
𫖢,oy
𫖣,by
𫖤,wy
𫖥,oy
𫖦,ik
𫖧,yx
𫖨,uy
𫖩,vy
𫖪,py
𫖫,by
𫖬,yp
𫖭,sy
𫖮,uy
𫖯,vy
𫖰,xy
𫖱,gy
𫖲,ky
𫖳,yy
𫖴,fy
𫖵,qy
𫖶,hy
𫖷,uy
𫖸,iy
𫖹,gy
𫖺,ay
𫖻,gf
𫖼,jw
𫖽,jp
𫖾,re
𫖿,jd
𫗀,jm
𫗁,jg
𫗂,jg
𫗃,jx
𫗄,jx
𫗅,zf
𫗆,fx
𫗇,fo
𫗈,fz
𫗉,ff
𫗊,fo
𫗋,fb
𫗌,df
𫗍,lg
𫗏,uo
𫗑,uu
𫗒,rn
𫗓,uk
𫗔,ud
𫗕,ug
𫗗,uo
𫗘,um
𫗚,dg
𫗛,ud
𫗜,ue
𫗝,rm
𫗞,ug
𫗟,uy
𫗠,ui
𫗡,ug
𫗢,uv
𫗣,ub
𫗤,un
𫗥,ui
𫗦,uf
𫗧,uu
𫗨,ul
𫗩,ux
𫗪,un
𫗫,uo
𫗬,ud
𫗭,uy
𫗮,uw
𫗯,uu
𫗰,ul
𫗱,uj
𫗲,ut
𫗳,ui
𫗴,ud
𫗵,uf
𫗶,bh
𫗷,ba
𫗸,bo
𫗹,bw
𫗺,bw
𫗻,bo
𫗼,ht
𫗽,hw
𫗾,hq
𫗿,hf
𫘀,hw
𫘁,hb
𫘂,ha
𫘃,hq
𫘄,hb
𫘅,mi
𫘆,mf
𫘇,mp
𫘈,mu
𫘉,mh
𫘊,mx
𫘋,mo
𫘌,mj
𫘍,mk
𫘎,nm
𫘏,mm
𫘐,mv
𫘑,md
𫘒,mc
𫘓,mw
𫘔,mi
𫘕,mj
𫘖,sm
𫘗,ml
𫘘,zm
𫘙,mn
𫘚,mg
𫘛,mg
𫘜,mw
𫘝,mg
𫘞,my
𫘟,mp
𫘠,mt
𫘡,mg
𫘢,mk
𫘣,mg
𫘤,mu
𫘥,mb
𫘦,mf
𫘧,mu
𫘨,mz
𫘩,mw
𫘪,mx
𫘫,mn
𫘬,md
𫘭,mx
𫘮,mg
𫘯,mo
𫘰,md
𫘱,mk
𫘲,go
𫘳,gy
𫘴,gt
𫘵,wl
𫘶,qk
𫘷,wu
𫘸,ev
𫘹,ej
𫘺,en
𫘻,ej
𫘼,ey
𫘽,ey
𫘾,ei
𫘿,ek
𫙀,eo
𫙁,ee
𫙂,en
𫙃,eb
𫙄,gv
𫙅,gy
𫙆,gc
𫙇,gd
𫙈,gb
𫙉,gf
𫙊,gy
𫙋,hg
𫙌,tg
𫙍,gm
𫙎,gu
𫙏,yu
𫙐,yc
𫙑,yy
𫙒,yl
𫙓,du
𫙔,yu
𫙕,yb
𫙖,yb
𫙗,ym
𫙘,yx
𫙙,yb
𫙚,yd
𫙛,yl
𫙜,yn
𫙝,yj
𫙞,yy
𫙟,yy
𫙠,yu
𫙡,yt
𫙢,ya
𫙣,ly
𫙤,yj
𫙥,yk
𫙦,ny
𫙧,yt
𫙨,yy
𫙩,yk
𫙪,yd
𫙫,yb
𫙬,ym
𫙭,dd
𫙮,ya
𫙯,yp
𫙰,yi
𫙱,yv
𫙲,yj
𫙳,yc
𫙴,yr
𫙵,yi
𫙶,yt
𫙷,yb
𫙸,yk
𫙹,yf
𫙺,ye
𫙻,yt
𫙼,yb
𫙽,yd
𫙾,yy
𫙿,yy
𫚀,yt
𫚁,yb
𫚂,yv
𫚃,jy
𫚄,yi
𫚅,yv
𫚆,yy
𫚇,yi
𫚈,yy
𫚉,yg
𫚊,yp
𫚋,yv
𫚌,yu
𫚍,yf
𫚎,yn
𫚏,yb
𫚐,yy
𫚑,yb
𫚒,yf
𫚓,dy
𫚔,yk
𫚕,yj
𫚖,vy
𫚗,yk
𫚘,yu
𫚙,yf
𫚚,yv
𫚛,yx
𫚜,yj
𫚝,yg
𫚞,hy
𫚟,ny
𫚠,yv
𫚡,yj
𫚢,yn
𫚣,yg
𫚤,yy
𫚥,yy
𫚦,yg
𫚧,yo
𫚨,ye
𫚩,yp
𫚪,yk
𫚫,ya
𫚬,yp
𫚭,yv
𫚮,vn
𫚯,in
𫚰,bn
𫚱,ng
𫚲,bn
𫚳,nv
𫚴,hn
𫚵,pn
𫚶,hn
𫚷,cn
𫚸,no
𫚹,xn
𫚺,in
𫚻,nn
𫚼,no
𫚽,un
𫚾,kn
𫚿,rn
𫛀,vn
𫛁,gn
𫛂,on
𫛃,un
𫛄,vn
𫛅,ln
𫛆,yn
𫛇,nn
𫛈,ng
𫛉,en
𫛊,fn
𫛋,sn
𫛌,kn
𫛍,in
𫛎,vn
𫛏,bn
𫛐,wn
𫛑,tn
𫛒,fn
𫛓,nf
𫛔,wn
𫛕,bn
𫛖,qn
𫛗,kn
𫛘,bn
𫛙,bn
𫛚,kn
𫛛,vn
𫛜,bn
𫛝,dn
𫛞,ng
𫛟,ln
𫛠,an
𫛡,fn
𫛢,bn
𫛣,nb
𫛤,ln
𫛥,jn
𫛦,dn
𫛧,un
𫛨,bn
𫛩,bn
𫛪,nn
𫛫,kn
𫛬,rn
𫛭,qn
𫛮,xn
𫛯,sn
𫛰,cn
𫛱,bn
𫛲,kn
𫛳,on
𫛴,bn
𫛵,un
𫛶,un
𫛷,gn
𫛸,on
𫛹,on
𫛺,nu
𫛻,gn
𫛼,bn
𫛽,xn
𫛾,jn
𫛿,in
𫜀,on
𫜁,xn
𫜂,ln
𫜃,xn
𫜄,bn
𫜅,ny
𫜆,gn
𫜇,vm
𫜈,pd
𫜉,vd
𫜊,bm
𫜋,gl
𫜌,gq
𫜍,gk
𫜎,go
𫜏,mb
𫜐,lj
𫜑,ff
𫜒,fb
𫜓,fo
𫜔,fu
𫜕,tw
𫜖,gk
𫜗,gd
𫜘,ub
𫜙,ld
𫜚,lx
𫜛,lf
𫜜,bx
𫜝,kd
𫜞,ld
𫜟,bd
𫜠,pz
𫜡,pf
𫜢,ja
𫜣,jb
𫜤,zq
𫜥,vj
𫜦,vf
𫜧,vd
𫜨,vb
𫜩,fr
𫜪,vf
𫜫,vf
𫜬,vo
𫜭,vt
𫜮,vp
𫜯,vk
𫜰,ur
𫜱,cl
𫜲,ul
𫜳,rd
𫜴,ac
𫜵,pp
𫜶,ow
𫜷,fe
𫜸,kb
𫝀,ww
𫝂,al
𫝃,ar
𫝄,pr
𫝅,wr
𫝆,rp
𫝇,rd
𫝈,ri
𫝉,rk
𫝊,rc
𫝋,rb
𫝌,lb
𫝍,kv
𫝎,dj
𫝏,dp
𫝐,bd
𫝑,tl
𫝒,lu
𫝓,uv
𫝔,tw
𫝕,iy
𫝗,iz
𫝙,pu
𫝚,ky
𫝛,ak
𫝜,kv
𫝝,kw
𫝞,kl
𫝟,tl
𫝠,tq
𫝡,et
𫝢,xd
𫝣,xd
𫝤,jt
𫝥,yl
𫝦,nb
𫝧,nj
𫝨,ni
𫝩,nc
𫝪,nb
𫝫,nl
𫝬,nb
𫝭,nn
𫝮,nj
𫝯,jz
𫝰,bd
𫝱,bd
𫝲,ud
𫝳,ug
𫝴,uk
𫝵,uc
𫝶,gr
𫝷,gt
𫝸,wr
𫝹,rx
𫝺,fv
𫝻,fk
𫝼,fe
𫝽,fp
𫝾,fw
𫝿,fd
𫞀,fu
𫞁,fd
𫞂,oy
𫞃,ok
𫞄,ao
𫞅,oc
𫞆,ou
𫞇,of
𫞈,aa
𫞊,af
𫞋,az
𫞌,au
𫞍,aq
𫞎,ak
𫞏,ak
𫞐,av
𫞑,am
𫞒,ao
𫞔,dy
𫞕,ud
𫞖,md
𫞗,dw
𫞘,dl
𫞚,db
𫞛,do
𫞝,dq
𫞞,dv
𫞟,wd
𫞠,hh
𫞡,ha
𫞢,xn
𫞣,qj
𫞤,qy
𫞥,wb
𫞦,wq
𫞧,wl
𫞨,wm
𫞩,wl
𫞪,gx
𫞫,ty
𫞬,bt
𫞭,bc
𫞮,bj
𫞯,nm
𫞰,nm
𫞱,tm
𫞲,bd
𫞳,of
𫞴,xu
𫞵,pq
𫞶,ph
𫞷,hy
𫞸,hd
𫞹,bv
𫞺,bk
𫞻,ld
𫞼,lt
𫞽,vy
𫞾,vb
𫞿,va
𫟀,me
𫟁,su
𫟂,sd
𫟃,sw
𫟄,ss
𫟅,sx
𫟆,sv
𫟇,sp
𫟈,yb
𫟉,es
𫟊,oj
𫟋,jb
𫟌,cb
𫟍,cb
𫟎,ci
𫟏,cd
𫟐,cf
𫟑,ch
𫟒,ca
𫟓,ck
𫟔,cq
𫟕,ce
𫟖,ci
𫟗,iu
𫟘,rd
𫟙,rd
𫟚,vy
𫟛,xu
𫟜,cj
𫟝,yf
𫟞,yv
𫟟,yb
𫟠,yu
𫟡,yu
𫟢,yb
𫟣,zy
𫟤,ib
𫟥,ib
𫟦,iu
𫟧,zd
𫟨,zy
𫟩,zj
𫟪,zk
𫟫,ie
𫟬,ie
𫟭,be
𫟮,yq
𫟯,wl
𫟰,je
𫟱,jc
𫟲,jj
𫟳,js
𫟴,jf
𫟵,jy
𫟶,jc
𫟷,jl
𫟸,jg
𫟹,jg
𫟺,jr
𫟻,jv
𫟼,jd
𫟽,jb
𫟾,ju
𫟿,jg
𫠀,jo
𫠁,jm
𫠂,ms
𫠃,ey
𫠄,wr
𫠅,wu
𫠆,vy
𫠇,fw
𫠈,fb
𫠉,ma
𫠊,mx
𫠋,mb
𫠌,md
𫠍,yu
𫠎,yb
𫠏,ya
𫠐,yg
𫠑,yy
𫠒,yu
𫠓,na
𫠔,xn
𫠖,un
𫠗,br
𫠘,xy
𫠙,vu
𫠚,vj
𫠛,vu
𫠜,ve
𫠝,xd
𫠠,av
𫠡,al
𫠢,ud
𫠣,dd
𫠤,fd
𫠥,vn
𫠦,ag
𫠧,wx
𫠨,pa
𫠩,ay
𫠪,lx
𫠫,by
𫠬,bv
𫠭,bb
𫠮,gx
𫠯,wx
𫠰,xw
𫠱,av
𫠲,bq
𫠳,xc
𫠴,qy
𫠵,bo
𫠶,bo
𫠷,uf
𫠸,uo
𫠹,ub
𫠺,ux
𫠻,bk
𫠼,uz
𫠽,uo
𫠾,gb
𫠿,ub
𫡀,bo
𫡁,jy
𫡂,jy
𫡃,ll
𫡄,nl
𫡅,jj
𫡆,le
𫡇,fv
𫡈,ll
𫡉,bv
𫡊,ll
𫡋,jf
𫡌,iv
𫡍,ui
𫡎,ui
𫡏,pp
𫡐,ng
𫡑,rr
𫡒,pr
𫡓,pn
𫡔,gg
𫡕,pq
𫡖,wf
𫡗,ff
𫡘,wg
𫡙,qa
𫡚,py
𫡛,yv
𫡜,pd
𫡝,nz
𫡞,pk
𫡟,pw
𫡠,jb
𫡡,yu
𫡢,vt
𫡣,vw
𫡤,jj
𫡥,vk
𫡦,rj
𫡧,vq
𫡨,vq
𫡩,yy
𫡪,gv
𫡫,vg
𫡬,wn
𫡭,tv
𫡮,zv
𫡯,uv
𫡰,jq
𫡱,ye
𫡲,wx
𫡳,jf
𫡴,aa
𫡵,wg
𫡶,yb
𫡷,yb
𫡸,eg
𫡹,aa
𫡺,wt
𫡻,wo
𫡼,wo
𫡽,wk
𫡾,wo
𫡿,wm
𫢀,wi
𫢁,wx
𫢂,wv
𫢃,ww
𫢄,wt
𫢅,ra
𫢆,rk
𫢇,rl
𫢈,rd
𫢉,rg
𫢊,bl
𫢋,rt
𫢌,rd
𫢍,ir
𫢎,ry
𫢏,ra
𫢐,rf
𫢑,rf
𫢒,rl
𫢓,ru
𫢔,re
𫢕,rd
𫢖,rg
𫢗,rp
𫢘,rc
𫢙,rl
𫢚,ry
𫢛,ry
𫢜,re
𫢝,ry
𫢞,ry
𫢟,rb
𫢠,ru
𫢡,rc
𫢢,rt
𫢣,rd
𫢤,re
𫢥,rd
𫢦,rs
𫢧,rk
𫢨,rx
𫢩,uv
𫢪,ri
𫢫,ru
𫢬,rl
𫢭,rw
𫢮,rb
𫢯,ry
𫢰,rc
𫢱,rc
𫢲,rb
𫢳,re
𫢴,rz
𫢵,rx
𫢶,rv
𫢷,rz
𫢸,ru
𫢹,rl
𫢺,rp
𫢻,ro
𫢼,sg
𫢽,rw
𫢾,rb
𫢿,ry
𫣀,rv
𫣁,ru
𫣂,rm
𫣃,rn
𫣄,rk
𫣅,rb
𫣆,rx
𫣇,ry
𫣈,rw
𫣉,rm
𫣊,ry
𫣋,ry
𫣌,rs
𫣍,ro
𫣎,rb
𫣏,rd
𫣐,rv
𫣑,rq
𫣒,rd
𫣓,rc
𫣔,rt
𫣕,rt
𫣖,ri
𫣗,ru
𫣘,rf
𫣙,ll
𫣚,ll
𫣛,qq
𫣜,rx
𫣝,rw
𫣞,ry
𫣟,rm
𫣠,ro
𫣡,rt
𫣢,ri
𫣣,rc
𫣤,rf
𫣥,rj
𫣦,rd
𫣧,rq
𫣨,ro
𫣩,rt
𫣪,ru
𫣫,rw
𫣬,ru
𫣭,rg
𫣮,ry
𫣯,rd
𫣰,ry
𫣱,rf
𫣲,rb
𫣳,ri
𫣴,rb
𫣵,rb
𫣶,rf
𫣷,rj
𫣸,rt
𫣹,rk
𫣺,ry
𫣻,rb
𫣼,ra
𫣽,rk
𫣾,rh
𫣿,sx
𫤀,rb
𫤁,rq
𫤂,rb
𫤃,rt
𫤄,rv
𫤅,rx
𫤆,ry
𫤇,ry
𫤈,rg
𫤉,rk
𫤊,at
𫤋,ye
𫤌,rw
𫤍,rc
𫤎,rv
𫤏,re
𫤐,rr
𫤑,ry
𫤒,ra
𫤓,rg
𫤔,rn
𫤕,ru
𫤖,rw
𫤗,ve
𫤘,pe
𫤙,yb
𫤚,gs
𫤛,bf
𫤜,xd
𫤝,yx
𫤞,yz
𫤟,xw
𫤠,nb
𫤡,gx
𫤢,nu
𫤣,tk
𫤤,gd
𫤥,gv
𫤦,gw
𫤧,ae
𫤨,gf
𫤩,nx
𫤪,rw
𫤫,bg
𫤬,db
𫤭,pb
𫤮,bl
𫤯,sb
𫤰,lp
𫤱,cf
𫤲,bk
𫤳,bw
𫤴,cu
𫤵,pb
𫤶,gb
𫤷,kq
𫤸,bj
𫤹,bi
𫤺,bk
𫤻,by
𫤼,bc
𫤽,bb
𫤾,dv
𫤿,dy
𫥀,dj
𫥁,dt
𫥂,do
𫥃,dy
𫥄,dv
𫥅,dy
𫥆,dy
𫥇,dd
𫥈,dk
𫥉,do
𫥊,dv
𫥋,dg
𫥌,dc
𫥍,dy
𫥎,dd
𫥏,dw
𫥐,dc
𫥑,dd
𫥒,dd
𫥓,dd
𫥔,da
𫥕,dg
𫥖,db
𫥗,dq
𫥘,dk
𫥙,dc
𫥚,dm
𫥛,da
𫥜,du
𫥝,dj
𫥞,jj
𫥟,jn
𫥠,pi
𫥡,bb
𫥢,tb
𫥣,jj
𫥤,in
𫥥,wd
𫥦,ax
𫥧,ic
𫥨,si
𫥩,wk
𫥪,wb
𫥫,ui
𫥬,iu
𫥭,di
𫥮,wk
𫥯,im
𫥰,dd
𫥱,dz
𫥲,td
𫥳,id
𫥴,bd
𫥵,id
𫥶,pd
𫥷,ld
𫥸,dv
𫥹,ld
𫥺,yd
𫥻,ds
𫥼,yd
𫥽,yd
𫥾,md
𫥿,wd
𫦀,ud
𫦁,xd
𫦂,id
𫦃,dd
𫦄,bd
𫦅,yd
𫦆,rd
𫦇,fg
𫦈,wr
𫦉,md
𫦊,ld
𫦋,ld
𫦌,sd
𫦍,bd
𫦎,ud
𫦏,rd
𫦐,bd
𫦑,yd
𫦒,vd
𫦓,fd
𫦔,pd
𫦕,cd
𫦖,yd
𫦗,xd
𫦘,pd
𫦙,yd
𫦚,cd
𫦛,bd
𫦜,ad
𫦝,vd
𫦞,ld
𫦟,gd
𫦠,cd
𫦡,od
𫦢,ud
𫦣,xd
𫦤,la
𫦥,la
𫦦,ul
𫦧,lf
𫦨,ml
𫦩,ll
𫦪,kl
𫦫,lu
𫦬,jl
𫦭,ll
𫦮,cl
𫦯,al
𫦰,cl
𫦱,ol
𫦲,kl
𫦳,sl
𫦴,ol
𫦵,bl
𫦶,tl
𫦷,hl
𫦸,hl
𫦹,lk
𫦺,sl
𫦻,tb
𫦼,xl
𫦽,cu
𫦾,jl
𫦿,vl
𫧀,bt
𫧁,bi
𫧂,nu
𫧃,wy
𫧄,bt
𫧅,bx
𫧆,bx
𫧇,bb
𫧈,cb
𫧉,db
𫧊,vb
𫧋,kk
𫧌,kd
𫧍,ko
𫧎,kv
𫧏,kr
𫧐,ko
𫧑,kd
𫧒,kk
𫧓,kf
𫧔,dt
𫧕,kx
𫧖,kb
𫧗,kk
𫧘,ky
𫧙,ky
𫧚,kf
𫧛,kd
𫧜,ky
𫧝,kb
𫧞,nu
𫧟,bv
𫧠,yu
𫧡,gf
𫧢,qq
𫧣,ug
𫧤,uc
𫧥,ur
𫧦,wg
𫧧,zc
𫧨,uy
𫧩,um
𫧪,pi
𫧫,uk
𫧬,wo
𫧭,ua
𫧮,fb
𫧯,bn
𫧰,bj
𫧱,ux
𫧲,us
𫧳,ua
𫧴,vy
𫧵,ue
𫧶,ue
𫧷,bi
𫧸,bb
𫧹,ae
𫧺,we
𫧻,pe
𫧼,lj
𫧽,ae
𫧾,lt
𫧿,ld
𫨀,ve
𫨁,we
𫨂,ij
𫨃,iw
𫨄,ic
𫨅,ib
𫨆,ij
𫨇,iy
𫨈,iy
𫨉,ij
𫨊,ig
𫨋,ik
𫨌,iy
𫨍,it
𫨎,iw
𫨏,io
𫨐,ih
𫨑,im
𫨒,iy
𫨓,ib
𫨔,ie
𫨕,iu
𫨖,id
𫨗,io
𫨘,ic
𫨙,ir
𫨚,ie
𫨛,ik
𫨜,iq
𫨝,ij
𫨞,iv
𫨟,io
𫨠,io
𫨡,iv
𫨢,iv
𫨣,il
𫨤,io
𫨥,im
𫨦,sb
𫨧,sa
𫨨,gs
𫨩,sb
𫨪,sk
𫨫,sb
𫨬,ql
𫨭,qw
𫨮,qg
𫨯,qx
𫨰,fq
𫨱,yq
𫨲,ky
𫨳,dy
𫨴,wy
𫨵,gy
𫨶,qy
𫨷,by
𫨸,uy
𫨹,yp
𫨺,ty
𫨻,uu
𫨼,ky
𫨽,dy
𫨾,iy
𫨿,wy
𫩀,ay
𫩁,hy
𫩂,wy
𫩃,py
𫩄,iy
𫩅,yu
𫩆,wy
𫩇,ry
𫩈,uy
𫩉,py
𫩊,yy
𫩋,cy
𫩌,ky
𫩍,it
𫩎,yy
𫩏,wl
𫩐,kk
𫩑,ak
𫩒,kj
𫩓,kj
𫩔,kw
𫩕,kg
𫩖,km
𫩗,ki
𫩘,kv
𫩙,kv
𫩚,kx
𫩛,kr
𫩜,kv
𫩝,kv
𫩞,sa
𫩟,kk
𫩠,xk
𫩡,kb
𫩢,ku
𫩣,yk
𫩤,ky
𫩥,ko
𫩦,kv
𫩧,rk
𫩨,xk
𫩩,ke
𫩪,kl
𫩫,kq
𫩬,fk
𫩭,ku
𫩮,ki
𫩯,kj
𫩰,kd
𫩱,ke
𫩲,kk
𫩳,kw
𫩴,ka
𫩵,kv
𫩶,pk
𫩷,kx
𫩸,kl
𫩹,kx
𫩺,kd
𫩻,lk
𫩼,zk
𫩽,kj
𫩾,ky
𫩿,kr
𫪀,kc
𫪁,kl
𫪂,ky
𫪃,kd
𫪄,kt
𫪅,kc
𫪆,kk
𫪇,kw
𫪈,kx
𫪉,vv
𫪊,uu
𫪋,wk
𫪌,kj
𫪍,kx
𫪎,kg
𫪏,kw
𫪐,kk
𫪑,kb
𫪒,ky
𫪓,kk
𫪔,gb
𫪕,ke
𫪖,kk
𫪗,kv
𫪘,kq
𫪙,fk
𫪚,kt
𫪛,ki
𫪜,kv
𫪝,kf
𫪞,kk
𫪟,kk
𫪠,ku
𫪡,kc
𫪢,kn
𫪣,it
𫪤,kd
𫪥,kx
𫪦,kk
𫪧,ka
𫪨,xg
𫪩,vo
𫪪,kb
𫪫,vo
𫪬,ks
𫪭,ku
𫪮,wk
𫪯,ko
𫪰,km
𫪱,kn
𫪲,kn
𫪳,ko
𫪴,ku
𫪵,kg
𫪶,kv
𫪷,km
𫪸,ws
𫪹,wg
𫪺,kj
𫪻,ki
𫪼,kb
𫪽,kq
𫪾,kd
𫪿,kb
𫫀,kk
𫫁,kf
𫫂,kr
𫫃,ku
𫫄,kr
𫫅,km
𫫆,kv
𫫇,kx
𫫈,vk
𫫉,kq
𫫊,ky
𫫋,ka
𫫌,lk
𫫍,ko
𫫎,hk
𫫏,ky
𫫐,dk
𫫑,ku
𫫒,ko
𫫓,kv
𫫔,kb
𫫕,ku
𫫖,kx
𫫗,kj
𫫘,bk
𫫙,kq
𫫚,kk
𫫛,ky
𫫜,ko
𫫝,kb
𫫞,ux
𫫟,kn
𫫠,kb
𫫡,kd
𫫢,kp
𫫣,kn
𫫤,kw
𫫥,ku
𫫦,kj
𫫧,ki
𫫨,kw
𫫩,kx
𫫪,uk
𫫫,kw
𫫬,kq
𫫭,kk
𫫮,ku
𫫯,kt
𫫰,kf
𫫱,ki
𫫲,kt
𫫳,kz
𫫴,ky
𫫵,kn
𫫶,kt
𫫷,km
𫫸,ck
𫫹,tp
𫫺,kk
𫫻,kd
𫫼,kd
𫫽,bt
𫫾,ky
𫫿,ks
𫬀,ka
𫬁,jk
𫬂,kt
𫬃,ku
𫬄,kf
𫬅,gk
𫬆,ky
𫬇,kx
𫬈,kg
𫬉,kd
𫬊,kk
𫬋,kg
𫬌,kb
𫬍,ky
𫬎,un
𫬏,kp
𫬐,kb
𫬑,dw
𫬒,kw
𫬓,kl
𫬔,tk
𫬕,ko
𫬖,ki
𫬗,ky
𫬘,kb
𫬙,kk
𫬚,kw
𫬛,kz
𫬜,kn
𫬝,kn
𫬞,ku
𫬟,ky
𫬠,kj
𫬡,ky
𫬢,kk
𫬣,ku
𫬤,kb
𫬥,kh
𫬦,kc
𫬧,kj
𫬨,kf
𫬩,wc
𫬪,wf
𫬫,hk
𫬬,ko
𫬭,kk
𫬮,wu
𫬰,ku
𫬱,kd
𫬲,kj
𫬳,hk
𫬴,jk
𫬵,ko
𫬶,kv
𫬷,kk
𫬸,tt
𫬹,ky
𫬺,kk
𫬻,ky
𫬼,ki
𫬽,ky
𫬾,kw
𫬿,kn
𫭀,kj
𫭁,kv
𫭂,wu
𫭃,we
𫭄,sb
𫭅,ws
𫭆,ww
𫭇,wz
𫭈,wo
𫭉,wk
𫭊,ws
𫭋,wv
𫭌,wr
𫭍,ww
𫭎,wy
𫭏,wo
𫭐,wk
𫭑,ww
𫭒,wk
𫭓,wv
𫭔,wk
𫭕,rb
𫭖,tv
𫭗,tb
𫭘,te
𫭙,tk
𫭚,tx
𫭛,tt
𫭜,tc
𫭝,tf
𫭞,tv
𫭟,tq
𫭠,vt
𫭡,tp
𫭢,tl
𫭣,xt
𫭤,tf
𫭥,tw
𫭦,tl
𫭧,tz
𫭨,ty
𫭩,tt
𫭪,tw
𫭫,tg
𫭬,bl
𫭭,tq
𫭮,td
𫭯,tc
𫭰,tx
𫭱,ta
𫭲,ty
𫭳,tf
𫭴,ht
𫭵,ti
𫭶,dt
𫭷,tk
𫭸,tl
𫭹,vt
𫭺,td
𫭻,tx
𫭼,tl
𫭽,tx
𫭾,tj
𫭿,tb
𫮀,tk
𫮁,tu
𫮂,ty
𫮃,tu
𫮄,et
𫮅,tp
𫮆,tw
𫮇,tr
𫮈,tl
𫮉,tp
𫮊,ty
𫮋,xr
𫮌,tj
𫮍,tk
𫮎,tx
𫮏,dt
𫮐,tz
𫮑,ty
𫮒,tp
𫮓,ta
𫮔,th
𫮕,ti
𫮖,tu
𫮗,tt
𫮘,td
𫮙,to
𫮚,ta
𫮛,tt
𫮜,lt
𫮝,tf
𫮞,tb
𫮟,gt
𫮠,tm
𫮡,th
𫮢,ty
𫮣,er
𫮤,ct
𫮥,tj
𫮦,tx
𫮧,tu
𫮨,tc
𫮩,jt
𫮪,tn
𫮫,tx
𫮬,ti
𫮭,ck
𫮮,td
𫮯,rt
𫮰,to
𫮱,cn
𫮲,tt
𫮳,kt
𫮴,ta
𫮵,tf
𫮶,tk
𫮷,tk
𫮸,st
𫮹,tx
𫮺,bt
𫮻,yt
𫮼,tn
𫮽,tk
𫮾,to
𫮿,tw
𫯀,it
𫯁,tk
𫯂,tz
𫯃,tz
𫯄,ft
𫯅,tg
𫯆,du
𫯇,ty
𫯈,tg
𫯉,tu
𫯊,gl
𫯋,pw
𫯌,ww
𫯍,xd
𫯎,wm
𫯏,yb
𫯐,xb
𫯑,cx
𫯒,xy
𫯓,lx
𫯔,cx
𫯕,ib
𫯖,xt
𫯗,xo
𫯘,cx
𫯙,xj
𫯚,xy
𫯛,pd
𫯜,dj
𫯝,ut
𫯞,dv
𫯟,dl
𫯠,if
𫯡,dp
𫯢,dl
𫯣,dy
𫯤,fg
𫯥,dx
𫯦,du
𫯧,dv
𫯨,ut
𫯩,dt
𫯪,df
𫯫,dt
𫯬,tb
𫯭,dw
𫯮,dy
𫯯,db
𫯰,fv
𫯱,bd
𫯲,qy
𫯳,vf
𫯴,dg
𫯵,de
𫯶,dl
𫯷,nl
𫯸,tx
𫯹,ad
𫯺,ed
𫯻,du
𫯼,dx
𫯽,do
𫯾,dk
𫯿,fk
𫰀,yd
𫰁,fd
𫰂,du
𫰃,dw
𫰄,vk
𫰅,cd
𫰆,nv
𫰇,ns
𫰈,nx
𫰉,nf
𫰊,vn
𫰋,nq
𫰌,nw
𫰍,nw
𫰎,ny
𫰏,nv
𫰐,ln
𫰑,nq
𫰒,no
𫰓,nu
𫰔,nn
𫰕,nn
𫰖,nu
𫰗,an
𫰘,nd
𫰙,nq
𫰚,nk
𫰛,nj
𫰜,nd
𫰝,nr
𫰞,nd
𫰠,ne
𫰡,nu
𫰢,ny
𫰣,nv
𫰤,nm
𫰥,wn
𫰦,nc
𫰧,ny
𫰨,nd
𫰩,nm
𫰪,nz
𫰫,ny
𫰬,ng
𫰭,ni
𫰮,nu
𫰯,na
𫰰,nq
𫰱,rn
𫰲,dn
𫰳,nl
𫰴,nn
𫰵,un
𫰶,sn
𫰷,fn
𫰸,ne
𫰹,fn
𫰺,ny
𫰻,nw
𫰼,ny
𫰽,nz
𫰾,nj
𫰿,nl
𫱀,nf
𫱁,nx
𫱂,nu
𫱃,in
𫱄,no
𫱅,nk
𫱆,nt
𫱇,nb
𫱈,ny
𫱉,no
𫱊,nr
𫱋,nf
𫱌,nc
𫱍,nj
𫱎,nd
𫱏,wg
𫱐,nc
𫱑,nf
𫱒,an
𫱓,nj
𫱔,nx
𫱕,nm
𫱖,nk
𫱗,nu
𫱘,nx
𫱙,nk
𫱚,nx
𫱛,nx
𫱜,nk
𫱝,nx
𫱞,nv
𫱟,nj
𫱠,nn
𫱡,nt
𫱢,nx
𫱣,na
𫱤,qn
𫱥,bn
𫱦,nk
𫱧,nu
𫱨,nk
𫱩,ny
𫱪,nk
𫱫,nt
𫱬,nm
𫱭,nw
𫱮,nx
𫱯,nb
𫱰,nf
𫱱,nx
𫱲,yn
𫱳,ny
𫱴,jn
𫱵,nc
𫱶,mn
𫱷,na
𫱸,nu
𫱹,ny
𫱺,nv
𫱻,nw
𫱼,nm
𫱽,nd
𫱾,nb
𫱿,vn
𫲀,on
𫲁,ng
𫲂,nb
𫲃,nu
𫲄,nn
𫲅,an
𫲆,nz
𫲇,ng
𫲈,nw
𫲉,nn
𫲊,nh
𫲋,np
𫲌,hn
𫲍,no
𫲎,nx
𫲏,ny
𫲐,nb
𫲑,na
𫲒,nl
𫲓,wf
𫲔,nh
𫲕,cn
𫲖,un
𫲗,nb
𫲘,nl
𫲙,no
𫲚,nk
𫲛,nj
𫲜,un
𫲝,nm
𫲞,nq
𫲟,nc
𫲠,nw
𫲡,zy
𫲢,zj
𫲣,yz
𫲤,dz
𫲥,zy
𫲦,zx
𫲧,zj
𫲨,lz
𫲩,cz
𫲪,uz
𫲫,rz
𫲬,no
𫲭,ze
𫲮,zt
𫲯,jz
𫲰,dx
𫲱,kz
𫲲,pz
𫲳,uy
𫲴,zj
𫲵,bt
𫲶,bd
𫲷,bf
𫲸,bf
𫲹,bv
𫲺,bv
𫲻,bw
𫲼,bj
𫲽,bx
𫲾,bk
𫲿,bl
𫳀,bl
𫳁,bu
𫳂,by
𫳃,by
𫳄,bs
𫳅,by
𫳆,bg
𫳇,ba
𫳈,be
𫳉,bd
𫳊,bt
𫳋,bw
𫳌,bk
𫳍,ba
𫳎,bq
𫳏,bf
𫳐,bg
𫳑,bd
𫳒,bd
𫳓,by
𫳔,bj
𫳕,bo
𫳖,bk
𫳗,bt
𫳘,bd
𫳙,by
𫳚,bp
𫳛,bk
𫳜,by
𫳝,bt
𫳞,bw
𫳟,be
𫳠,bw
𫳡,bh
𫳢,bk
𫳣,bn
𫳤,bo
𫳥,bv
𫳦,be
𫳧,bb
𫳨,be
𫳩,bk
𫳪,bu
𫳫,bg
𫳬,br
𫳭,bd
𫳮,by
𫳯,be
𫳰,bq
𫳱,bw
𫳲,bx
𫳳,bi
𫳴,bw
𫳵,bk
𫳶,bf
𫳷,bu
𫳸,bx
𫳹,bw
𫳺,by
𫳻,bc
𫳼,by
𫳽,bw
𫳾,bx
𫳿,ba
𫴀,bm
𫴁,by
𫴂,bf
𫴃,bm
𫴄,bw
𫴅,bt
𫴆,bd
𫴇,by
𫴈,bu
𫴉,by
𫴊,bh
𫴋,bx
𫴌,bw
𫴍,bt
𫴎,bx
𫴏,bj
𫴐,bg
𫴑,bp
𫴒,bg
𫴓,bk
𫴔,bx
𫴕,bc
𫴖,bt
𫴗,bt
𫴘,bh
𫴙,bf
𫴚,bv
𫴛,bj
𫴜,bp
𫴝,bd
𫴞,by
𫴟,bn
𫴠,bu
𫴡,ba
𫴢,by
𫴣,by
𫴤,be
𫴥,bx
𫴦,bt
𫴧,bt
𫴨,bx
𫴩,bb
𫴪,bk
𫴫,bb
𫴬,wg
𫴭,ex
𫴮,oe
𫴯,bc
𫴰,cc
𫴱,em
𫴲,ee
𫴳,ec
𫴴,dc
𫴵,ef
𫴶,gc
𫴷,eu
𫴸,xo
𫴹,nx
𫴺,ax
𫴻,un
𫴼,mx
𫴽,xw
𫴾,xb
𫴿,bx
𫵀,xi
𫵁,xu
𫵂,xu
𫵃,xp
𫵄,cx
𫵅,xy
𫵆,uk
𫵇,ux
𫵈,mx
𫵉,ld
𫵊,uk
𫵋,lx
𫵌,xt
𫵍,xy
𫵎,yv
𫵏,yb
𫵐,gw
𫵑,bu
𫵒,bb
𫵓,un
𫵔,uo
𫵕,uv
𫵖,uu
𫵗,iy
𫵘,ub
𫵙,uv
𫵚,uq
𫵛,ic
𫵜,uy
𫵝,ux
𫵞,up
𫵟,iq
𫵠,uf
𫵡,uc
𫵢,qi
𫵣,uq
𫵤,ut
𫵥,uk
𫵦,ud
𫵧,iu
𫵨,ud
𫵩,ug
𫵪,ub
𫵫,ub
𫵬,ub
𫵭,uk
𫵯,cx
𫵰,cg
𫵱,uu
𫵲,ud
𫵳,uj
𫵴,uy
𫵵,up
𫵶,uw
𫵷,ul
𫵸,uj
𫵹,uc
𫵺,ub
𫵻,un
𫵼,ug
𫵽,uo
𫵾,pu
𫵿,un
𫶀,ua
𫶁,uw
𫶂,ug
𫶃,ux
𫶄,uy
𫶅,up
𫶆,un
𫶇,uj
𫶈,uk
𫶉,ut
𫶊,um
𫶋,ju
𫶌,ut
𫶍,ul
𫶎,ug
𫶏,uw
𫶐,ua
𫶑,ub
𫶒,ua
𫶓,uk
𫶔,eu
𫶕,uk
𫶖,eu
𫶗,uc
𫶘,ut
𫶙,ut
𫶚,ud
𫶛,uw
𫶜,ug
𫶝,uw
𫶞,bu
𫶟,uf
𫶠,um
𫶡,uy
𫶢,um
𫶣,ud
𫶤,uz
𫶥,uj
𫶦,uw
𫶧,el
𫶨,ri
𫶩,vs
𫶪,ve
𫶫,gg
𫶬,gu
𫶭,rg
𫶮,gy
𫶯,yn
𫶰,yy
𫶱,gu
𫶲,tj
𫶳,go
𫶴,yk
𫶵,bn
𫶶,sx
𫶷,kb
𫶸,bd
𫶹,us
𫶺,tv
𫶻,bm
𫶼,bu
𫶽,jb
𫶾,jr
𫶿,jd
𫷀,jm
𫷁,fj
𫷂,jf
𫷃,ur
𫷄,cj
𫷅,ji
𫷆,ju
𫷇,pj
𫷈,pj
𫷉,je
𫷊,jb
𫷋,jb
𫷌,jm
𫷍,bb
𫷎,jk
𫷏,sj
𫷐,jv
𫷑,jt
𫷒,jy
𫷓,xc
𫷔,gv
𫷕,gy
𫷖,gf
𫷗,ny
𫷘,bk
𫷙,po
𫷚,po
𫷛,gb
𫷜,ng
𫷝,po
𫷞,nx
𫷟,yk
𫷠,qy
𫷡,ye
𫷢,by
𫷣,yn
𫷤,yl
𫷥,gj
𫷦,gc
𫷧,gs
𫷨,gw
𫷩,gc
𫷪,ge
𫷫,gw
𫷬,gl
𫷭,gz
𫷮,go
𫷯,gd
𫷰,gy
𫷱,gc
𫷲,gh
𫷳,gv
𫷴,gu
𫷵,gf
𫷶,gk
𫷷,gq
𫷸,gg
𫷹,gn
𫷺,gc
𫷻,gn
𫷼,gw
𫷽,gh
𫷾,gn
𫷿,gw
𫸀,gj
𫸁,gy
𫸂,gk
𫸃,gt
𫸄,gg
𫸅,gh
𫸆,gf
𫸇,gy
𫸈,gf
𫸉,gy
𫸊,gy
𫸋,gv
𫸌,gu
𫸍,gu
𫸎,go
𫸏,gl
𫸐,gu
𫸑,zt
𫸒,zt
𫸓,zw
𫸔,zy
𫸕,zg
𫸖,ec
𫸗,gc
𫸘,xc
𫸙,vc
𫸚,ic
𫸛,uc
𫸜,ic
𫸝,fc
𫸞,bc
𫸟,jc
𫸠,gc
𫸡,uc
𫸢,hc
𫸣,zc
𫸤,vc
𫸥,gd
𫸦,gc
𫸧,gk
𫸨,df
𫸩,gq
𫸫,gk
𫸬,bl
𫸭,sg
𫸮,gu
𫸯,gd
𫸰,gd
𫸱,gv
𫸲,wg
𫸳,gb
𫸴,fq
𫸵,gy
𫸶,ge
𫸷,gc
𫸸,gy
𫸹,gt
𫸺,gc
𫸻,fn
𫸼,wd
𫸽,bd
𫸾,gl
𫸿,gf
𫹀,gy
𫹁,gr
𫹂,gy
𫹃,gb
𫹄,pe
𫹅,ed
𫹆,xb
𫹇,hj
𫹈,hc
𫹉,yp
𫹊,up
𫹋,rl
𫹌,rn
𫹍,rv
𫹎,ra
𫹏,ry
𫹐,rh
𫹑,rd
𫹒,rl
𫹓,rx
𫹔,rk
𫹕,rv
𫹖,ry
𫹗,rw
𫹘,rw
𫹙,rb
𫹚,rc
𫹛,rz
𫹜,rg
𫹝,rs
𫹞,rm
𫹟,re
𫹠,ry
𫹡,rw
𫹢,rw
𫹣,rx
𫹤,rx
𫹥,ry
𫹦,uc
𫹧,ry
𫹨,ry
𫹩,rv
𫹪,rw
𫹫,xk
𫹬,pd
𫹭,nx
𫹮,xy
𫹯,gx
𫹰,xm
𫹱,vx
𫹳,gx
𫹴,xw
𫹵,yx
𫹶,xu
𫹷,xy
𫹸,sa
𫹹,sx
𫹺,xu
𫹻,wx
𫹼,xd
𫹽,xp
𫹾,bx
𫹿,bx
𫺀,xz
𫺁,jx
𫺂,xj
𫺃,xy
𫺄,dx
𫺅,bx
𫺆,xu
𫺇,dx
𫺈,xn
𫺉,jx
𫺊,xq
𫺋,dx
𫺌,xb
𫺍,ox
𫺎,xe
𫺏,xb
𫺐,rx
𫺑,rx
𫺒,xo
𫺓,xx
𫺔,yx
𫺕,dx
𫺖,fx
𫺗,yx
𫺘,xl
𫺙,xb
𫺚,vx
𫺛,rx
𫺜,tx
𫺝,xr
𫺞,hx
𫺟,xj
𫺠,wx
𫺡,wx
𫺢,xk
𫺣,xh
𫺤,xb
𫺥,xd
𫺦,fg
𫺧,xk
𫺨,xf
𫺩,dx
𫺪,xl
𫺫,xe
𫺬,xk
𫺭,xx
𫺮,ix
𫺯,gx
𫺰,xo
𫺱,zl
𫺲,ox
𫺳,xg
𫺴,wo
𫺵,yx
𫺶,xi
𫺷,yx
𫺸,ix
𫺹,xb
𫺺,xj
𫺻,xg
𫺼,xj
𫺽,zs
𫺾,fk
𫺿,xb
𫻀,xk
𫻁,xe
𫻂,ng
𫻃,xt
𫻄,xo
𫻅,xj
𫻆,qx
𫻇,jx
𫻈,nk
𫻉,db
𫻊,xd
𫻋,xu
𫻌,xx
𫻍,mx
𫻎,lx
𫻏,xx
𫻐,gu
𫻑,xb
𫻒,wx
𫻓,ax
𫻔,xg
𫻕,sx
𫻖,xo
𫻗,xu
𫻘,xy
𫻙,lx
𫻚,tx
𫻛,xm
𫻜,wh
𫻝,yx
𫻞,xy
𫻟,xx
𫻠,xo
𫻡,xy
𫻢,tx
𫻣,xu
𫻤,xy
𫻥,sx
𫻦,kg
𫻧,lg
𫻨,gd
𫻩,gf
𫻪,gx
𫻫,gu
𫻬,sg
𫻭,gj
𫻮,tg
𫻯,gr
𫻰,rr
𫻱,gf
𫻲,qg
𫻳,gv
𫻴,vg
𫻵,ng
𫻶,pk
𫻷,lg
𫻸,gu
𫻹,xg
𫻺,hg
𫻻,jg
𫻼,gv
𫻽,in
𫻾,gt
𫻿,gb
𫼀,og
𫼁,fg
𫼂,vg
𫼃,gn
𫼄,ug
𫼅,tg
𫼆,yg
𫼇,gb
𫼈,eg
𫼉,hg
𫼊,hd
𫼋,ht
𫼌,hg
𫼍,hz
𫼎,hw
𫼏,ho
𫼐,hb
𫼑,hy
𫼒,hq
𫼓,vu
𫼔,ud
𫼕,fj
𫼖,fj
𫼗,fm
𫼘,fd
𫼙,uu
𫼚,fl
𫼛,fd
𫼜,uv
𫼝,fe
𫼞,fh
𫼟,fp
𫼠,uv
𫼡,fd
𫼢,fv
𫼣,fu
𫼤,fd
𫼥,fj
𫼦,fy
𫼧,fu
𫼨,fb
𫼩,fj
𫼪,fi
𫼫,fc
𫼬,fb
𫼭,fx
𫼮,fy
𫼯,fl
𫼰,fk
𫼱,fb
𫼲,fl
𫼳,fw
𫼴,uk
𫼵,fx
𫼶,fb
𫼷,ub
𫼸,fj
𫼹,fk
𫼺,fw
𫼻,fb
𫼼,fd
𫼽,fx
𫼾,fj
𫼿,uw
𫽀,fn
𫽁,fi
𫽂,ff
𫽃,fh
𫽄,fa
𫽅,fd
𫽆,fk
𫽇,ft
𫽈,ff
𫽉,fz
𫽊,fz
𫽋,fx
𫽌,fw
𫽍,fy
𫽎,fx
𫽏,ft
𫽐,fa
𫽑,uo
𫽒,fd
𫽓,fu
𫽔,fj
𫽕,fy
𫽖,fq
𫽗,fm
𫽘,fl
𫽙,fy
𫽚,fj
𫽛,lf
𫽜,fj
𫽝,fm
𫽞,fk
𫽟,fk
𫽠,ft
𫽡,um
𫽢,fm
𫽣,fc
𫽤,fu
𫽥,ff
𫽦,fa
𫽧,fb
𫽨,fx
𫽩,fu
𫽪,ft
𫽫,fy
𫽬,fu
𫽭,ub
𫽮,fx
𫽯,hu
𫽰,fo
𫽱,fa
𫽲,fy
𫽳,fm
𫽴,fi
𫽵,fb
𫽶,fg
𫽷,au
𫽸,fq
𫽹,fy
𫽺,uy
𫽻,ff
𫽼,fy
𫽽,fx
𫽾,fn
𫽿,fu
𫾀,fn
𫾁,fj
𫾂,fv
𫾃,fb
𫾄,fl
𫾅,fb
𫾆,fd
𫾇,fu
𫾈,fo
𫾉,fi
𫾊,fv
𫾋,fx
𫾌,qb
𫾍,fv
𫾎,ff
𫾏,fc
𫾐,fv
𫾑,fb
𫾒,fu
𫾓,fy
𫾔,fs
𫾕,fx
𫾖,ub
𫾗,fc
𫾘,fu
𫾙,fl
𫾚,fu
𫾛,fw
𫾜,fu
𫾝,gb
𫾞,fg
𫾟,fg
𫾠,fh
𫾡,fc
𫾢,fy
𫾣,wv
𫾤,tv
𫾥,vv
𫾦,py
𫾧,pw
𫾨,ww
𫾩,vw
𫾪,tw
𫾫,lw
𫾬,ew
𫾭,pw
𫾮,bw
𫾯,gw
𫾰,gw
𫾱,iw
𫾲,ly
𫾳,fw
𫾴,jw
𫾵,rw
𫾶,mw
𫾷,dw
𫾸,dy
𫾹,hw
𫾻,ow
𫾼,xw
𫾽,rw
𫾾,pw
𫾿,ry
𫿀,ww
𫿁,cw
𫿂,bw
𫿃,bw
𫿄,rw
𫿅,dy
𫿆,pw
𫿇,fq
𫿈,kw
𫿉,iw
𫿊,oy
𫿋,pw
𫿌,sw
𫿍,cw
𫿎,py
𫿏,sw
𫿐,jt
𫿑,hw
𫿒,ww
𫿓,mw
𫿔,tw
𫿕,fe
𫿖,mw
𫿗,uy
𫿘,jw
𫿙,yw
𫿚,uw
𫿛,uw
𫿜,nw
𫿝,mw
𫿞,yw
𫿟,fw
𫿠,ww
𫿡,gw
𫿢,vw
𫿣,aw
𫿤,lw
𫿥,sw
𫿦,hw
𫿧,ww
𫿨,fd
𫿩,uw
𫿪,cw
𫿫,hw
𫿬,hw
𫿭,we
𫿮,vw
𫿯,wc
𫿰,bw
𫿱,aw
𫿲,wh
𫿳,wd
𫿴,dz
𫿵,bd
𫿶,pd
𫿷,jd
𫿸,rd
𫿹,ct
𫿺,st
𫿻,at
𫿼,dt
𫿽,tt
𫿾,yt
𫿿,fx
𬀀,fj
𬀁,fr
𬀂,fj
𬀃,fg
𬀄,fv
𬀅,fu
𬀆,fm
𬀇,fg
𬀈,fu
𬀉,ff
𬀊,wf
𬀋,fb
𬀌,fx
𬀍,fk
𬀎,fj
𬀏,fh
𬀐,fw
𬀑,fw
𬀒,fg
𬀓,fh
𬀔,fu
𬀕,fy
𬀖,fj
𬀗,fa
𬀘,fy
𬀙,fo
𬀚,fu
𬀛,fo
𬀜,fk
𬀝,fj
𬀞,fi
𬀟,fr
𬀠,fv
𬀡,fd
𬀢,fj
𬀣,fb
𬀤,fy
𬀥,wn
𬀦,ao
𬀧,ox
𬀨,oj
𬀩,ow
𬀪,oj
𬀫,wo
𬀬,og
𬀭,ou
𬀮,oc
𬀯,oh
𬀰,od
𬀱,oj
𬀲,ot
𬀳,ob
𬀴,jo
𬀵,of
𬀶,od
𬀷,pw
𬀸,ow
𬀹,od
𬀺,kw
𬀻,ot
𬀼,ol
𬀽,of
𬀾,ou
𬀿,oc
𬁀,uu
𬁁,oq
𬁂,wo
𬁃,oi
𬁄,oq
𬁅,og
𬁆,vo
𬁇,ov
𬁈,oe
𬁉,uo
𬁊,om
𬁋,og
𬁌,uw
𬁍,os
𬁎,og
𬁏,ww
𬁐,om
𬁑,oo
𬁒,ol
𬁓,oo
𬁔,og
𬁕,ow
𬁖,on
𬁗,ot
𬁘,oj
𬁙,od
𬁚,or
𬁛,oj
𬁜,ox
𬁝,yo
𬁞,oh
𬁟,oc
𬁠,ox
𬁡,uo
𬁢,wo
𬁣,zo
𬁤,do
𬁥,lq
𬁦,do
𬁧,ob
𬁨,ot
𬁩,fo
𬁪,zo
𬁫,yq
𬁬,oe
𬁭,bk
𬁮,bx
𬁯,ho
𬁰,ou
𬁱,oc
𬁲,om
𬁳,om
𬁴,oy
𬁵,oq
𬁶,wo
𬁷,oy
𬁸,ov
𬁹,io
𬁺,oy
𬁻,ol
𬁼,do
𬁽,ob
𬁾,ro
𬁿,ov
𬂀,ow
𬂁,ok
𬂂,ox
𬂃,wo
𬂄,lg
𬂅,ou
𬂆,lg
𬂇,ol
𬂈,io
𬂉,ob
𬂊,ol
𬂋,yo
𬂌,ob
𬂍,of
𬂎,ou
𬂏,do
𬂐,oi
𬂑,uu
𬂒,ow
𬂓,ou
𬂔,ou
𬂕,vm
𬂖,do
𬂗,ob
𬂘,co
𬂙,lw
𬂚,no
𬂛,uu
𬂜,aa
𬂝,ac
𬂞,ua
𬂟,ap
𬂠,aw
𬂡,aw
𬂢,ad
𬂣,aj
𬂤,af
𬂥,uq
𬂦,av
𬂧,ww
𬂨,ag
𬂩,aj
𬂪,ae
𬂫,pa
𬂬,af
𬂭,ak
𬂮,aa
𬂯,ay
𬂰,ay
𬂱,da
𬂲,ay
𬂳,ar
𬂴,af
𬂵,ai
𬂶,al
𬂷,ag
𬂸,ax
𬂹,au
𬂺,ab
𬂻,ak
𬂼,au
𬂽,aw
𬂾,aa
𬂿,al
𬃀,aj
𬃁,ay
𬃂,aw
𬃃,ay
𬃄,ba
𬃅,ux
𬃆,au
𬃇,am
𬃈,aw
𬃉,ag
𬃊,ab
𬃋,ak
𬃌,al
𬃍,ab
𬃎,ax
𬃏,ay
𬃐,ad
𬃑,ai
𬃒,aa
𬃓,ak
𬃔,uu
𬃕,af
𬃖,ua
𬃗,al
𬃘,ab
𬃙,ad
𬃚,aq
𬃛,ay
𬃜,ab
𬃝,at
𬃞,at
𬃟,ap
𬃠,am
𬃡,ax
𬃢,ac
𬃣,ar
𬃤,ak
𬃥,va
𬃦,aj
𬃧,ac
𬃨,wa
𬃩,aa
𬃪,ak
𬃫,ae
𬃬,ao
𬃭,au
𬃮,ab
𬃯,uv
𬃰,ax
𬃱,ad
𬃲,ay
𬃳,am
𬃴,ab
𬃵,am
𬃶,ax
𬃷,uu
𬃸,au
𬃹,al
𬃺,ak
𬃻,gl
𬃼,ax
𬃽,ak
𬃾,ai
𬃿,na
𬄀,ad
𬄁,aj
𬄂,ae
𬄃,aj
𬄄,aa
𬄅,ag
𬄆,aa
𬄇,ah
𬄈,ac
𬄉,au
𬄊,at
𬄋,ak
𬄌,ay
𬄍,uc
𬄎,aw
𬄏,ad
𬄐,av
𬄑,aw
𬄒,as
𬄓,ak
𬄔,ax
𬄕,da
𬄖,ab
𬄗,aq
𬄘,al
𬄙,ao
𬄚,ax
𬄛,ao
𬄜,ak
𬄝,ay
𬄞,wo
𬄟,af
𬄠,au
𬄡,ao
𬄢,av
𬄣,ax
𬄤,ab
𬄥,am
𬄦,aj
𬄧,ra
𬄨,aa
𬄩,ea
𬄪,aa
𬄫,ao
𬄬,aq
𬄭,ao
𬄮,ad
𬄯,au
𬄰,at
𬄱,am
𬄲,at
𬄳,am
𬄴,ad
𬄵,al
𬄶,ai
𬄷,au
𬄸,au
𬄹,ab
𬄺,ax
𬄻,ae
𬄼,ai
𬄽,ab
𬄾,ha
𬄿,ay
𬅀,au
𬅁,ay
𬅂,ax
𬅃,ay
𬅄,wa
𬅅,aw
𬅆,ay
𬅇,ab
𬅈,ae
𬅉,aj
𬅊,ab
𬅋,at
𬅌,da
𬅍,au
𬅎,aw
𬅏,ac
𬅐,az
𬅑,ah
𬅒,am
𬅓,uu
𬅔,ae
𬅕,ac
𬅖,ae
𬅗,ym
𬅘,ac
𬅙,ae
𬅚,al
𬅛,ab
𬅜,ac
𬅝,qc
𬅞,yq
𬅟,qx
𬅠,jq
𬅡,cq
𬅢,jq
𬅣,vq
𬅤,fq
𬅥,kq
𬅦,vq
𬅧,do
𬅨,cq
𬅩,lq
𬅪,gq
𬅫,uq
𬅬,yq
𬅭,tq
𬅮,oq
𬅯,oq
𬅰,kq
𬅱,mq
𬅲,tq
𬅳,gx
𬅴,aq
𬅵,jq
𬅶,kv
𬅷,dv
𬅸,uv
𬅹,bv
𬅺,av
𬅻,qv
𬅼,uv
𬅽,dv
𬅾,iv
𬅿,vq
𬆀,va
𬆁,vx
𬆂,iz
𬆃,vj
𬆄,vq
𬆅,xv
𬆆,be
𬆇,vy
𬆈,vk
𬆉,iz
𬆊,ub
𬆋,vw
𬆌,vb
𬆍,tv
𬆎,vy
𬆏,vv
𬆐,wv
𬆑,du
𬆒,dg
𬆓,dj
𬆔,da
𬆕,dc
𬆖,dv
𬆗,sb
𬆘,dn
𬆙,dy
𬆚,du
𬆛,dx
𬆜,du
𬆝,dg
𬆞,uw
𬆟,wu
𬆠,uu
𬆡,au
𬆢,vu
𬆣,pu
𬆤,pu
𬆥,uu
𬆦,iu
𬆧,nu
𬆨,ru
𬆩,uu
𬆪,yu
𬆫,wu
𬆬,bu
𬆭,tu
𬆮,tu
𬆯,tu
𬆰,xu
𬆱,pu
𬆲,wu
𬆳,wu
𬆴,fu
𬆵,lu
𬆶,um
𬆷,my
𬆸,mu
𬆹,xb
𬆺,db
𬆻,wb
𬆼,mq
𬆽,my
𬆾,mj
𬆿,mw
𬇀,md
𬇁,mv
𬇂,mo
𬇃,jm
𬇄,bm
𬇅,mk
𬇆,mw
𬇇,ym
𬇈,md
𬇉,ud
𬇊,uu
𬇋,hu
𬇌,uk
𬇍,wu
𬇎,uk
𬇏,qa
𬇐,qd
𬇑,qb
𬇒,qx
𬇓,qg
𬇔,ug
𬇕,dw
𬇖,dk
𬇗,dg
𬇘,dv
𬇙,db
𬇚,dv
𬇛,dh
𬇜,ud
𬇝,dj
𬇞,dn
𬇟,dd
𬇠,di
𬇡,di
𬇢,dy
𬇣,dj
𬇤,dz
𬇥,dj
𬇦,ju
𬇧,dv
𬇨,dx
𬇩,dt
𬇪,dd
𬇫,db
𬇬,dy
𬇭,dx
𬇮,dw
𬇯,dd
𬇰,dx
𬇱,dk
𬇲,da
𬇳,dt
𬇴,dk
𬇵,dy
𬇶,qe
𬇷,do
𬇸,db
𬇹,dy
𬇺,db
𬇻,bu
𬇼,da
𬇽,do
𬇾,yx
𬇿,db
𬈀,do
𬈁,du
𬈂,dm
𬈃,df
𬈄,gu
𬈅,dv
𬈆,dl
𬈇,da
𬈈,dv
𬈉,dk
𬈊,dk
𬈋,dm
𬈌,dj
𬈍,dk
𬈎,dd
𬈏,dm
𬈐,do
𬈑,db
𬈒,db
𬈓,db
𬈔,dt
𬈕,db
𬈖,de
𬈗,dn
𬈘,du
𬈙,du
𬈚,dl
𬈛,ux
𬈜,du
𬈝,di
𬈞,dx
𬈟,dy
𬈠,dt
𬈡,bu
𬈢,de
𬈣,dx
𬈤,du
𬈥,dp
𬈦,dd
𬈧,dk
𬈨,dv
𬈩,df
𬈪,du
𬈫,dc
𬈬,dx
𬈭,dl
𬈮,dt
𬈯,dk
𬈰,dv
𬈱,dy
𬈲,db
𬈳,dw
𬈴,dv
𬈵,dm
𬈶,dx
𬈷,da
𬈸,dk
𬈹,dj
𬈺,dx
𬈻,db
𬈼,dv
𬈽,dp
𬈾,dy
𬈿,dd
𬉀,dk
𬉁,di
𬉂,dg
𬉃,dl
𬉄,ds
𬉅,wu
𬉆,dn
𬉇,dj
𬉈,dj
𬉉,dm
𬉊,dw
𬉋,db
𬉌,db
𬉍,dv
𬉎,dv
𬉏,dy
𬉐,dy
𬉑,df
𬉒,dw
𬉓,db
𬉔,dh
𬉕,di
𬉖,du
𬉗,di
𬉘,dw
𬉙,dt
𬉚,du
𬉛,dd
𬉜,do
𬉝,db
𬉞,du
𬉟,au
𬉠,dj
𬉡,dx
𬉢,dg
𬉣,dm
𬉤,dm
𬉥,dx
𬉦,dd
𬉧,df
𬉨,ou
𬉩,dx
𬉪,dc
𬉫,dn
𬉬,dv
𬉭,dy
𬉮,dl
𬉯,pu
𬉰,di
𬉱,du
𬉲,dj
𬉳,dn
𬉴,hc
𬉵,dh
𬉶,yh
𬉷,hu
𬉸,hk
𬉹,xh
𬉺,hj
𬉻,gh
𬉼,hq
𬉽,hv
𬉾,hd
𬉿,vh
𬊀,hf
𬊁,hr
𬊂,he
𬊃,hu
𬊄,hj
𬊅,hd
𬊆,hx
𬊇,hx
𬊈,hc
𬊉,hd
𬊊,hc
𬊋,hq
𬊌,hx
𬊍,hc
𬊎,hb
𬊏,oh
𬊐,bh
𬊑,hi
𬊒,hw
𬊓,rw
𬊔,hn
𬊕,he
𬊖,hw
𬊗,ht
𬊘,oh
𬊙,oh
𬊚,oh
𬊛,oh
𬊜,hx
𬊝,hj
𬊞,rh
𬊟,dh
𬊠,hj
𬊡,hx
𬊢,hj
𬊣,hx
𬊤,hu
𬊥,hk
𬊦,hj
𬊧,wh
𬊨,hg
𬊩,hd
𬊪,yh
𬊫,kh
𬊬,hh
𬊭,hy
𬊮,ho
𬊯,hm
𬊰,hp
𬊱,hj
𬊲,uh
𬊳,hu
𬊴,hb
𬊵,hx
𬊶,hm
𬊷,hu
𬊸,hl
𬊹,dh
𬊺,hy
𬊻,bh
𬊼,hg
𬊽,eu
𬊾,yh
𬊿,hi
𬋀,eh
𬋁,ha
𬋂,hc
𬋃,hw
𬋄,hj
𬋅,hx
𬋆,hg
𬋇,eh
𬋈,ah
𬋉,hx
𬋊,hf
𬋋,ht
𬋌,hu
𬋍,hb
𬋎,ch
𬋏,hq
𬋐,qh
𬋑,bh
𬋒,rh
𬋓,xh
𬋔,hi
𬋕,yh
𬋖,ch
𬋗,hj
𬋘,xx
𬋙,hb
𬋚,hx
𬋛,hd
𬋜,hv
𬋝,hh
𬋞,hb
𬋟,hy
𬋠,wh
𬋡,jh
𬋢,hh
𬋣,yh
𬋤,vj
𬋥,vy
𬋦,vv
𬋧,vy
𬋨,vd
𬋩,vl
𬋪,vy
𬋫,vg
𬋬,vk
𬋭,vo
𬋮,vv
𬋯,vy
𬋰,vv
𬋱,wg
𬋲,vr
𬋳,vy
𬋴,vh
𬋵,vb
𬋶,vc
𬋷,vc
𬋸,vd
𬋹,vj
𬋺,vw
𬋻,fd
𬋼,fy
𬋽,gx
𬋾,yy
𬋿,pd
𬌀,pc
𬌁,pl
𬌂,pt
𬌃,pd
𬌄,py
𬌅,pt
𬌆,po
𬌇,px
𬌈,pj
𬌉,py
𬌊,pk
𬌋,pb
𬌌,pt
𬌍,po
𬌎,pr
𬌏,pb
𬌐,pb
𬌑,pc
𬌒,lq
𬌓,px
𬌔,px
𬌕,pb
𬌖,cp
𬌗,yk
𬌘,yw
𬌙,nb
𬌚,nd
𬌛,ln
𬌜,nu
𬌝,ne
𬌞,nk
𬌟,wn
𬌠,nc
𬌡,ng
𬌢,vn
𬌣,ng
𬌤,nw
𬌥,nn
𬌦,nc
𬌧,nd
𬌨,nh
𬌩,qd
𬌪,qc
𬌫,qm
𬌬,qg
𬌭,qm
𬌮,qw
𬌯,qe
𬌰,qy
𬌱,qc
𬌲,qy
𬌳,kq
𬌴,qh
𬌵,qi
𬌶,qa
𬌷,qp
𬌸,qo
𬌹,qg
𬌺,qw
𬌻,qb
𬌼,ql
𬌽,qc
𬌾,pq
𬌿,qf
𬍀,qy
𬍁,qi
𬍂,qb
𬍃,qo
𬍄,qa
𬍅,qb
𬍆,qw
𬍇,qh
𬍈,bq
𬍉,qw
𬍊,jq
𬍋,jq
𬍌,qq
𬍍,qg
𬍎,qi
𬍏,wx
𬍐,wd
𬍑,wu
𬍒,wy
𬍓,wa
𬍔,wd
𬍕,wb
𬍖,wu
𬍗,wg
𬍘,wk
𬍙,wj
𬍚,wv
𬍛,wl
𬍜,wd
𬍝,ws
𬍞,fy
𬍟,ry
𬍠,wy
𬍡,dy
𬍢,jy
𬍣,wk
𬍤,wc
𬍥,wf
𬍦,ws
𬍧,wx
𬍨,we
𬍩,wz
𬍪,wa
𬍫,wz
𬍬,wg
𬍭,wk
𬍮,wp
𬍯,wg
𬍰,wu
𬍱,we
𬍲,ww
𬍳,wz
𬍴,wt
𬍵,wm
𬍶,wl
𬍷,wp
𬍸,wo
𬍹,wb
𬍺,wl
𬍻,wi
𬍼,yy
𬍽,wb
𬍾,wb
𬍿,wa
𬎀,wu
𬎁,wx
𬎂,wv
𬎃,wm
𬎄,wx
𬎅,we
𬎆,wy
𬎇,wd
𬎈,wv
𬎉,wf
𬎊,wy
𬎋,wv
𬎌,wy
𬎍,wg
𬎎,wl
𬎏,wx
𬎐,wk
𬎑,wj
𬎒,wy
𬎓,wk
𬎔,wt
𬎕,wy
𬎖,wt
𬎗,au
𬎘,wb
𬎙,wx
𬎚,ws
𬎛,wy
𬎜,wy
𬎝,wy
𬎞,wb
𬎟,wj
𬎠,wi
𬎡,wl
𬎢,gx
𬎣,gf
𬎤,ws
𬎥,gw
𬎦,wt
𬎧,rw
𬎨,nw
𬎩,vw
𬎪,rw
𬎫,nw
𬎬,ow
𬎭,wd
𬎮,wv
𬎯,wk
𬎰,wb
𬎱,ga
𬎲,cc
𬎳,ua
𬎴,uk
𬎵,uc
𬎶,uh
𬎷,su
𬎸,ju
𬎹,uk
𬎺,uu
𬎻,wg
𬎼,bu
𬎽,yg
𬎾,yo
𬎿,bt
𬏀,tu
𬏁,yj
𬏂,tx
𬏃,th
𬏄,kt
𬏅,yu
𬏆,ft
𬏇,tc
𬏈,td
𬏉,ty
𬏊,tl
𬏋,ty
𬏌,yj
𬏍,uu
𬏎,mg
𬏏,vt
𬏐,tk
𬏑,td
𬏒,tl
𬏓,mb
𬏔,mf
𬏕,yu
𬏖,tc
𬏗,mq
𬏘,tc
𬏙,hz
𬏚,ba
𬏛,bc
𬏜,bm
𬏝,bl
𬏞,bh
𬏟,bu
𬏠,bv
𬏡,bg
𬏢,bg
𬏣,bu
𬏤,bl
𬏥,be
𬏦,by
𬏧,bw
𬏨,bq
𬏩,bl
𬏪,bn
𬏫,bi
𬏬,bx
𬏭,bi
𬏮,bn
𬏯,bv
𬏰,bd
𬏱,bu
𬏲,bu
𬏳,bk
𬏴,bt
𬏵,be
𬏶,bm
𬏷,bb
𬏸,bc
𬏹,bj
𬏺,bu
𬏻,bx
𬏼,bh
𬏽,bb
𬏾,bm
𬏿,bf
𬐀,bt
𬐁,bj
𬐂,bt
𬐃,ba
𬐄,by
𬐅,bw
𬐆,bf
𬐇,bu
𬐈,bk
𬐉,xb
𬐊,nb
𬐋,uw
𬐌,bp
𬐍,by
𬐎,bu
𬐏,vb
𬐐,bp
𬐑,bn
𬐒,bp
𬐓,xp
𬐔,yp
𬐕,pz
𬐖,pt
𬐗,vm
𬐘,xm
𬐙,mf
𬐚,pm
𬐛,dm
𬐜,gm
𬐝,gm
𬐞,bm
𬐟,yg
𬐠,am
𬐡,wm
𬐢,um
𬐣,dm
𬐤,fm
𬐥,dm
𬐦,dm
𬐧,mb
𬐨,gm
𬐩,bk
𬐪,rm
𬐫,vm
𬐬,qm
𬐭,bf
𬐮,dm
𬐯,dm
𬐰,fm
𬐱,im
𬐲,vm
𬐳,pm
𬐴,dm
𬐵,mm
𬐶,ym
𬐷,wm
𬐸,hg
𬐹,jm
𬐺,mm
𬐻,dm
𬐼,dl
𬐽,gm
𬐾,cm
𬐿,om
𬑀,km
𬑁,hm
𬑂,gm
𬑃,jm
𬑄,jm
𬑅,og
𬑆,ol
𬑇,oi
𬑈,op
𬑉,wo
𬑊,ob
𬑋,or
𬑌,ov
𬑍,oe
𬑎,oi
𬑏,oj
𬑐,oo
𬑑,ol
𬑒,ow
𬑓,ou
𬑔,su
𬑕,oi
𬑖,op
𬑗,oo
𬑘,ov
𬑙,od
𬑚,uj
𬑛,ox
𬑜,oo
𬑝,oz
𬑞,ow
𬑟,ou
𬑠,oy
𬑡,oc
𬑢,ob
𬑣,ok
𬑤,co
𬑥,ov
𬑦,ow
𬑧,oj
𬑨,ox
𬑩,ow
𬑪,ot
𬑫,ou
𬑬,oj
𬑭,mu
𬑮,mu
𬑯,md
𬑰,ub
𬑱,ud
𬑲,um
𬑳,ud
𬑴,ul
𬑵,bb
𬑶,ug
𬑷,uy
𬑸,uq
𬑹,ui
𬑺,uc
𬑻,uq
𬑼,um
𬑽,ju
𬑾,ut
𬑿,uw
𬒀,uu
𬒁,uy
𬒂,uf
𬒃,ud
𬒄,uv
𬒅,us
𬒆,uy
𬒇,ul
𬒈,xu
𬒉,ue
𬒊,uy
𬒋,ua
𬒌,uy
𬒍,ub
𬒎,ut
𬒏,ub
𬒐,um
𬒑,uy
𬒒,uv
𬒓,ux
𬒔,uo
𬒕,ub
𬒖,um
𬒗,uj
𬒘,uk
𬒙,ud
𬒚,ui
𬒛,uj
𬒜,uj
𬒝,uk
𬒞,ub
𬒟,au
𬒠,uv
𬒡,uv
𬒢,uf
𬒣,ui
𬒤,uo
𬒥,uy
𬒦,ug
𬒧,ug
𬒨,uy
𬒩,uf
𬒪,ud
𬒫,ur
𬒬,pg
𬒭,pj
𬒮,pg
𬒯,pf
𬒰,ui
𬒱,pj
𬒲,py
𬒳,pp
𬒴,pf
𬒵,wu
𬒶,pu
𬒷,pk
𬒸,pg
𬒹,pb
𬒺,pz
𬒻,pv
𬒼,px
𬒽,pk
𬒾,py
𬒿,pb
𬓀,pg
𬓁,ut
𬓂,xu
𬓃,po
𬓄,pn
𬓅,pv
𬓆,pz
𬓇,pq
𬓈,pu
𬓉,po
𬓊,uu
𬓋,pd
𬓌,pe
𬓍,pd
𬓎,po
𬓏,py
𬓐,px
𬓑,pw
𬓒,pu
𬓓,pg
𬓔,px
𬓕,pk
𬓖,pu
𬓗,pg
𬓘,xy
𬓙,py
𬓚,pk
𬓛,pu
𬓜,xo
𬓝,pg
𬓞,wq
𬓟,wx
𬓠,hj
𬓡,pl
𬓢,hv
𬓣,hf
𬓤,hi
𬓥,hf
𬓦,hy
𬓧,rh
𬓨,hk
𬓩,hx
𬓪,hp
𬓫,hd
𬓬,hw
𬓭,hr
𬓮,hk
𬓯,hl
𬓰,hw
𬓱,hb
𬓲,hb
𬓳,hj
𬓴,hy
𬓵,hx
𬓶,hg
𬓷,ht
𬓸,hp
𬓹,ho
𬓺,th
𬓻,hm
𬓼,hb
𬓽,hp
𬓾,hl
𬓿,hu
𬔀,hv
𬔁,hl
𬔂,hk
𬔃,hb
𬔄,hx
𬔅,bj
𬔆,bm
𬔇,bh
𬔈,by
𬔉,bk
𬔊,bv
𬔋,bx
𬔌,bq
𬔍,bc
𬔎,bk
𬔏,bq
𬔐,bw
𬔑,bh
𬔒,ba
𬔓,bk
𬔔,bd
𬔕,by
𬔖,wk
𬔗,xl
𬔘,lt
𬔙,vl
𬔚,ld
𬔛,ul
𬔜,lp
𬔝,ls
𬔞,ln
𬔟,sl
𬔠,sa
𬔡,li
𬔢,xl
𬔣,le
𬔤,lo
𬔥,lv
𬔦,lw
𬔧,lf
𬔩,wr
𬔪,lb
𬔫,lb
𬔬,vn
𬔭,vk
𬔮,vf
𬔯,vq
𬔰,vx
𬔱,vv
𬔲,vh
𬔳,vp
𬔴,vw
𬔵,vy
𬔶,vb
𬔷,vb
𬔸,vj
𬔹,vy
𬔺,vd
𬔻,vw
𬔼,vw
𬔽,vk
𬔾,vy
𬔿,vy
𬕀,vc
𬕁,vy
𬕂,vb
𬕃,vk
𬕄,vd
𬕅,vl
𬕆,vw
𬕇,vo
𬕈,vz
𬕉,vy
𬕊,vx
𬕋,vg
𬕌,va
𬕍,vu
𬕎,vy
𬕏,vf
𬕐,vy
𬕑,vo
𬕒,vk
𬕓,vu
𬕔,vo
𬕕,vt
𬕖,vz
𬕗,vt
𬕘,vp
𬕙,vb
𬕚,vn
𬕛,vg
𬕜,vf
𬕝,va
𬕞,vk
𬕟,vj
𬕠,vd
𬕡,vg
𬕢,vn
𬕣,vj
𬕤,vg
𬕥,vn
𬕦,vq
𬕧,vm
𬕨,vo
𬕩,vu
𬕪,vg
𬕫,vm
𬕬,vy
𬕭,va
𬕮,vj
𬕯,vy
𬕰,vk
𬕱,vp
𬕲,vd
𬕳,vg
𬕴,vk
𬕵,vj
𬕶,vy
𬕷,vx
𬕸,vg
𬕹,vx
𬕺,vg
𬕻,vx
𬕼,vw
𬕽,vd
𬕾,vo
𬕿,vy
𬖀,vj
𬖁,vu
𬖂,vo
𬖃,vb
𬖄,vj
𬖅,vx
𬖆,vc
𬖇,vv
𬖈,vv
𬖉,vw
𬖊,vb
𬖋,mv
𬖌,mr
𬖍,mb
𬖎,ms
𬖏,mk
𬖐,mf
𬖑,mj
𬖒,mb
𬖓,mb
𬖔,mu
𬖕,md
𬖖,me
𬖗,my
𬖘,mf
𬖙,mk
𬖚,ma
𬖛,mb
𬖜,vs
𬖝,mg
𬖞,mc
𬖟,mx
𬖠,md
𬖡,mo
𬖢,mg
𬖣,mz
𬖤,my
𬖥,mj
𬖦,mz
𬖧,md
𬖨,mk
𬖩,mg
𬖪,mk
𬖫,xu
𬖬,my
𬖭,md
𬖮,mm
𬖯,vm
𬖰,mk
𬖱,mi
𬖲,mi
𬖳,ry
𬖴,mu
𬖵,mu
𬖶,mm
𬖷,mo
𬖸,mk
𬖹,mo
𬖺,mj
𬖻,om
𬖼,ml
𬖽,mr
𬖾,my
𬖿,mk
𬗀,my
𬗁,xo
𬗂,me
𬗃,sd
𬗄,sf
𬗅,sy
𬗆,sv
𬗇,sg
𬗈,sy
𬗉,se
𬗊,sy
𬗋,gx
𬗌,si
𬗍,kx
𬗎,kj
𬗏,sj
𬗐,wx
𬗑,sy
𬗒,sy
𬗓,sj
𬗔,sc
𬗕,sc
𬗖,sb
𬗗,st
𬗘,sd
𬗙,st
𬗚,st
𬗛,st
𬗜,sa
𬗝,sy
𬗞,se
𬗟,sk
𬗠,sy
𬗡,so
𬗢,sc
𬗣,sw
𬗤,so
𬗥,sd
𬗦,sq
𬗧,hx
𬗨,sb
𬗩,st
𬗪,fs
𬗫,ox
𬗬,sw
𬗭,sy
𬗮,sd
𬗯,sb
𬗰,sw
𬗱,sw
𬗲,sp
𬗳,sw
𬗴,sw
𬗵,sw
𬗶,kx
𬗷,sl
𬗸,sx
𬗹,sp
𬗺,sy
𬗻,sm
𬗼,sh
𬗽,sc
𬗾,fy
𬗿,su
𬘀,st
𬘁,sr
𬘂,sy
𬘃,xx
𬘄,xx
𬘅,sd
𬘇,se
𬘈,sy
𬘉,st
𬘊,sb
𬘋,sb
𬘌,sy
𬘍,xx
𬘎,sa
𬘏,sw
𬘐,sy
𬘑,st
𬘒,sq
𬘓,si
𬘔,sg
𬘕,sy
𬘖,sj
𬘗,sg
𬘘,se
𬘙,sl
𬘚,sw
𬘛,sq
𬘜,sd
𬘝,sp
𬘞,sn
𬘟,sx
𬘠,so
𬘡,sy
𬘢,sg
𬘣,sj
𬘤,sk
𬘥,sw
𬘦,sy
𬘧,sq
𬘨,sx
𬘩,sw
𬘪,sq
𬘫,sy
𬘬,so
𬘭,sa
𬘮,sj
𬘯,sz
𬘰,sd
𬘱,sn
𬘲,sx
𬘳,sy
𬘴,sh
𬘵,sd
𬘶,sy
𬘷,sg
𬘸,sa
𬘹,si
𬘺,sj
𬘻,sk
𬘼,su
𬘽,sx
𬘾,sx
𬘿,so
𬙀,sy
𬙁,sj
𬙂,sb
𬙃,sx
𬙄,sk
𬙅,so
𬙆,st
𬙇,sh
𬙈,sf
𬙉,sd
𬙊,st
𬙋,sf
𬙌,fb
𬙍,fj
𬙎,fu
𬙏,fe
𬙐,fu
𬙑,fs
𬙒,fy
𬙓,fn
𬙔,ft
𬙕,sa
𬙖,sx
𬙗,by
𬙘,sy
𬙙,sf
𬙚,su
𬙛,sd
𬙜,su
𬙝,su
𬙞,sb
𬙟,su
𬙠,sq
𬙡,kb
𬙢,sw
𬙣,sg
𬙤,sf
𬙥,sc
𬙦,sy
𬙧,su
𬙨,sy
𬙩,sl
𬙪,sy
𬙫,sy
𬙬,yc
𬙭,yw
𬙮,yn
𬙯,yv
𬙰,ym
𬙱,yd
𬙲,yg
𬙳,yq
𬙴,yt
𬙵,yn
𬙶,yo
𬙷,by
𬙸,wy
𬙹,ty
𬙺,yc
𬙻,ym
𬙼,yu
𬙽,ys
𬙾,ya
𬙿,yo
𬚀,yf
𬚁,yj
𬚂,yg
𬚃,xz
𬚄,yx
𬚅,xg
𬚆,xb
𬚇,hg
𬚈,xb
𬚉,lj
𬚊,ll
𬚋,lg
𬚌,cl
𬚍,lo
𬚎,sl
𬚏,ey
𬚐,lb
𬚑,ld
𬚒,ev
𬚓,ed
𬚔,ev
𬚕,ez
𬚖,ek
𬚗,ek
𬚘,et
𬚙,ed
𬚚,ew
𬚛,ef
𬚜,ex
𬚝,ek
𬚞,ke
𬚟,ev
𬚠,ee
𬚡,ey
𬚢,ge
𬚣,ee
𬚤,ek
𬚥,et
𬚦,ef
𬚧,ew
𬚨,eb
𬚩,ue
𬚪,yx
𬚫,hy
𬚬,np
𬚭,wy
𬚮,xy
𬚯,ot
𬚰,ko
𬚱,rm
𬚲,rx
𬚳,uo
𬚴,rj
𬚵,ok
𬚶,rv
𬚷,ot
𬚸,ur
𬚹,oa
𬚺,rq
𬚻,ok
𬚼,oc
𬚽,ko
𬚾,ow
𬚿,ra
𬛀,hg
𬛁,oe
𬛂,oj
𬛃,ro
𬛄,oo
𬛅,ok
𬛆,oo
𬛇,or
𬛈,rg
𬛉,bg
𬛊,ou
𬛋,oe
𬛌,rh
𬛍,ou
𬛎,rv
𬛏,bx
𬛐,ox
𬛑,ow
𬛒,oo
𬛓,op
𬛔,uo
𬛕,lo
𬛖,oo
𬛗,ox
𬛘,oc
𬛙,op
𬛚,oa
𬛛,bb
𬛜,ob
𬛝,op
𬛞,ol
𬛟,oo
𬛠,wn
𬛡,ou
𬛢,ii
𬛣,if
𬛤,ri
𬛥,iu
𬛦,il
𬛧,iz
𬛨,di
𬛩,ig
𬛪,io
𬛫,io
𬛬,zl
𬛭,bb
𬛮,zp
𬛯,zo
𬛰,zu
𬛱,gr
𬛲,pt
𬛳,gt
𬛴,gu
𬛵,gu
𬛶,gl
𬛷,gl
𬛸,jg
𬛹,jp
𬛺,jk
𬛻,ji
𬛼,ji
𬛽,jj
𬛾,nj
𬛿,jp
𬜀,jx
𬜁,jy
𬜂,jy
𬜃,jy
𬜄,jx
𬜅,uv
𬜆,uf
𬜇,uk
𬜈,uu
𬜉,ux
𬜊,ud
𬜋,rk
𬜌,uy
𬜍,rh
𬜎,uf
𬜏,uu
𬜐,ur
𬜑,vl
𬜒,vv
𬜓,vy
𬜔,vd
𬜕,vj
𬜖,vg
𬜗,vv
𬜘,vb
𬜙,vv
𬜚,vu
𬜛,vp
𬜜,vu
𬜝,dn
𬜞,df
𬜟,lb
𬜠,cb
𬜡,cu
𬜢,cj
𬜣,cj
𬜤,cy
𬜥,cf
𬜦,cc
𬜧,cy
𬜨,cx
𬜩,co
𬜪,cf
𬜫,cx
𬜬,ck
𬜭,cq
𬜮,ce
𬜯,cl
𬜰,cw
𬜱,cd
𬜲,cy
𬜳,cy
𬜴,cg
𬜵,ck
𬜶,cv
𬜷,ck
𬜸,cb
𬜹,cf
𬜺,ci
𬜻,cf
𬜼,cw
𬜽,cc
𬜾,cb
𬜿,cy
𬝀,cw
𬝁,cy
𬝂,ce
𬝃,cu
𬝄,cy
𬝅,ct
𬝆,cv
𬝇,cz
𬝈,cp
𬝉,cy
𬝊,cg
𬝋,ci
𬝌,cb
𬝍,cx
𬝎,cm
𬝏,cg
𬝐,ch
𬝑,cg
𬝒,cd
𬝓,ck
𬝔,cy
𬝕,cc
𬝖,cd
𬝗,cy
𬝘,cy
𬝙,cb
𬝚,cx
𬝛,cj
𬝜,cq
𬝝,cf
𬝞,ce
𬝟,cf
𬝠,cu
𬝡,cn
𬝢,ct
𬝣,cy
𬝤,ct
𬝥,cf
𬝦,cn
𬝧,cc
𬝩,cu
𬝪,cw
𬝫,ct
𬝬,cb
𬝭,cc
𬝮,cd
𬝯,cb
𬝰,ce
𬝱,fy
𬝲,cd
𬝳,cy
𬝴,cv
𬝵,cq
𬝶,co
𬝷,cv
𬝸,cu
𬝹,ce
𬝺,cq
𬝻,cy
𬝼,cj
𬝽,cn
𬝾,ct
𬝿,cb
𬞀,ci
𬞁,cx
𬞂,ct
𬞃,cf
𬞄,ct
𬞅,cw
𬞆,cb
𬞇,cf
𬞈,cr
𬞉,co
𬞊,cd
𬞋,ct
𬞌,cf
𬞍,cw
𬞎,ct
𬞏,ca
𬞐,ck
𬞑,cg
𬞒,ck
𬞓,cy
𬞔,ck
𬞕,cj
𬞖,cp
𬞗,ck
𬞘,cb
𬞙,co
𬞚,cu
𬞛,ck
𬞜,ch
𬞝,ct
𬞞,ci
𬞟,cy
𬞠,cu
𬞡,cj
𬞢,cq
𬞣,cp
𬞤,zc
𬞥,cd
𬞦,cc
𬞧,cx
𬞨,co
𬞩,ct
𬞪,cy
𬞫,cm
𬞬,cg
𬞭,ch
𬞮,cg
𬞯,cw
𬞰,cn
𬞱,cg
𬞲,ck
𬞳,cd
𬞴,cd
𬞵,cg
𬞶,cx
𬞷,cw
𬞸,cj
𬞹,cm
𬞺,mo
𬞻,cj
𬞼,cv
𬞽,cy
𬞾,ci
𬞿,xd
𬟀,ct
𬟁,cn
𬟂,cy
𬟃,ca
𬟄,cy
𬟅,co
𬟆,cx
𬟇,cm
𬟈,ce
𬟉,cx
𬟊,cx
𬟋,co
𬟌,cc
𬟍,cd
𬟎,cw
𬟏,cd
𬟐,cy
𬟑,cn
𬟒,cy
𬟓,ch
𬟔,cx
𬟕,cb
𬟖,dk
𬟗,cn
𬟘,cx
𬟙,ck
𬟚,ch
𬟛,bo
𬟜,do
𬟝,ch
𬟞,cr
𬟟,co
𬟠,co
𬟡,cw
𬟢,cv
𬟣,cb
𬟤,ch
𬟥,ua
𬟦,cy
𬟧,hd
𬟨,hf
𬟩,hh
𬟪,hj
𬟫,hb
𬟬,gj
𬟭,ht
𬟮,ho
𬟯,hr
𬟰,yj
𬟱,hh
𬟲,yj
𬟳,hi
𬟴,iu
𬟵,ij
𬟶,id
𬟷,ij
𬟸,iy
𬟹,ib
𬟺,ri
𬟻,il
𬟼,iw
𬟽,id
𬟾,id
𬟿,iv
𬠀,ib
𬠁,id
𬠂,ix
𬠃,iu
𬠄,ij
𬠅,ie
𬠆,xi
𬠇,ib
𬠈,ib
𬠉,ki
𬠊,ir
𬠋,iu
𬠌,ie
𬠍,ix
𬠎,ib
𬠏,il
𬠐,iu
𬠑,ik
𬠒,ij
𬠓,iz
𬠔,il
𬠕,ib
𬠖,ix
𬠗,ik
𬠘,di
𬠙,ic
𬠚,ip
𬠛,bi
𬠜,id
𬠝,id
𬠞,if
𬠟,ic
𬠠,bi
𬠡,ip
𬠢,iq
𬠣,ig
𬠤,ui
𬠥,ix
𬠦,ih
𬠧,ie
𬠨,im
𬠩,ie
𬠪,iw
𬠫,io
𬠬,iy
𬠭,ix
𬠮,iu
𬠯,if
𬠰,ji
𬠱,pi
𬠲,iu
𬠳,ix
𬠴,if
𬠵,ii
𬠶,im
𬠷,bi
𬠸,pi
𬠹,ri
𬠺,ib
𬠻,iv
𬠼,dm
𬠽,rd
𬠾,rd
𬠿,rd
𬡀,rd
𬡁,rd
𬡂,pr
𬡃,pt
𬡄,ly
𬡅,pe
𬡆,pj
𬡇,wy
𬡈,pf
𬡉,pv
𬡊,pb
𬡋,pj
𬡌,ry
𬡍,pn
𬡎,pe
𬡏,wy
𬡐,fy
𬡑,wy
𬡒,pj
𬡓,fy
𬡔,pj
𬡕,pa
𬡖,pa
𬡗,wy
𬡘,py
𬡙,pq
𬡚,wy
𬡛,ry
𬡜,pd
𬡝,wy
𬡞,pb
𬡟,pf
𬡠,px
𬡡,wy
𬡢,pd
𬡣,pk
𬡤,hy
𬡥,pb
𬡦,pm
𬡧,pk
𬡨,po
𬡩,pb
𬡪,pu
𬡫,wy
𬡬,pl
𬡭,wy
𬡮,pw
𬡯,pi
𬡰,ph
𬡱,po
𬡲,ay
𬡳,pu
𬡴,pj
𬡵,pw
𬡶,pt
𬡷,pb
𬡸,yx
𬡹,xb
𬡺,xq
𬡻,xi
𬡼,uj
𬡽,ju
𬡾,xj
𬡿,oj
𬢀,ij
𬢁,jn
𬢂,oj
𬢃,fj
𬢄,jg
𬢅,hj
𬢆,hj
𬢇,yj
𬢈,dj
𬢉,uj
𬢊,vj
𬢋,vj
𬢌,tj
𬢍,uj
𬢎,lj
𬢏,cj
𬢐,fj
𬢑,cj
𬢒,bj
𬢓,xj
𬢔,bj
𬢕,dj
𬢖,dv
𬢗,gy
𬢘,dz
𬢙,wy
𬢚,uk
𬢛,yb
𬢜,yg
𬢝,ak
𬢞,yg
𬢟,yy
𬢠,yf
𬢡,yu
𬢢,yc
𬢣,ya
𬢤,dk
𬢥,yg
𬢦,yk
𬢧,kk
𬢨,yn
𬢩,yu
𬢪,yc
𬢫,yc
𬢬,yu
𬢭,yu
𬢮,yz
𬢯,bk
𬢰,yf
𬢱,yy
𬢲,yu
𬢳,yp
𬢴,yn
𬢵,yb
𬢶,ym
𬢷,yg
𬢸,yy
𬢹,yx
𬢺,uk
𬢼,yu
𬢽,yh
𬢾,yc
𬢿,yk
𬣀,rk
𬣁,yk
𬣂,yn
𬣃,fk
𬣄,yo
𬣅,ym
𬣆,yl
𬣇,ym
𬣈,yy
𬣉,ya
𬣊,yy
𬣋,yc
𬣌,ye
𬣍,yc
𬣎,yw
𬣏,jk
𬣐,yx
𬣑,yv
𬣒,yo
𬣓,yd
𬣔,yf
𬣕,yb
𬣖,yt
𬣗,yg
𬣘,ya
𬣙,yy
𬣚,yk
𬣛,yv
𬣜,ym
𬣝,yy
𬣞,yv
𬣟,yd
𬣠,yg
𬣡,yj
𬣢,yy
𬣣,yv
𬣤,yx
𬣥,yy
𬣦,yl
𬣧,yf
𬣨,yy
𬣩,yo
𬣪,yx
𬣫,yc
𬣬,yk
𬣭,ye
𬣮,yk
𬣯,yw
𬣰,yz
𬣱,yv
𬣲,yk
𬣳,yg
𬣴,yw
𬣵,yd
𬣶,yv
𬣷,yu
𬣸,yg
𬣹,yz
𬣺,yf
𬣻,yw
𬣼,yl
𬣽,yi
𬣾,yo
𬣿,yl
𬤀,yj
𬤁,yf
𬤂,ya
𬤃,yv
𬤄,yp
𬤅,ya
𬤆,yb
𬤇,yt
𬤈,yj
𬤉,yb
𬤊,yz
𬤋,yx
𬤌,yj
𬤍,yw
𬤎,yd
𬤏,yy
𬤐,yk
𬤑,yg
𬤒,ym
𬤓,yo
𬤔,ym
𬤕,yx
𬤖,yi
𬤗,ya
𬤘,yu
𬤙,yh
𬤚,yn
𬤛,yj
𬤜,yo
𬤝,yx
𬤞,yb
𬤟,yx
𬤠,yu
𬤡,yd
𬤢,yc
𬤣,yw
𬤤,yo
𬤥,yg
𬤦,yb
𬤧,yd
𬤨,ya
𬤩,yz
𬤪,yx
𬤫,yu
𬤬,yy
𬤭,yx
𬤮,yb
𬤯,yz
𬤰,yv
𬤱,yv
𬤲,gs
𬤳,gc
𬤴,gy
𬤵,tg
𬤶,ib
𬤷,du
𬤸,dj
𬤹,ux
𬤺,ub
𬤻,un
𬤼,xu
𬤽,ui
𬤾,au
𬤿,uk
𬥀,uk
𬥁,eu
𬥂,ua
𬥃,du
𬥄,uy
𬥅,ou
𬥆,df
𬥇,uu
𬥈,vy
𬥉,ve
𬥊,vl
𬥋,vw
𬥌,vu
𬥍,vu
𬥎,yb
𬥏,bf
𬥐,fb
𬥑,xb
𬥒,yb
𬥓,bb
𬥔,iq
𬥕,bg
𬥖,bt
𬥗,br
𬥘,bk
𬥙,bb
𬥚,fb
𬥛,bk
𬥜,bp
𬥝,bb
𬥞,bp
𬥟,bb
𬥠,gj
𬥡,db
𬥢,by
𬥣,fv
𬥤,ba
𬥥,bu
𬥦,wb
𬥧,bw
𬥨,bu
𬥩,kv
𬥪,tb
𬥫,yb
𬥬,fv
𬥭,bo
𬥮,cb
𬥯,fz
𬥰,ub
𬥱,cb
𬥲,by
𬥳,bv
𬥴,bg
𬥵,by
𬥶,bp
𬥷,by
𬥸,bi
𬥹,bg
𬥺,bn
𬥻,bd
𬥼,be
𬥽,bu
𬥾,bm
𬥿,bt
𬦀,by
𬦁,if
𬦂,ig
𬦃,li
𬦄,ij
𬦅,tp
𬦆,tv
𬦇,bz
𬦈,to
𬦉,tg
𬦊,td
𬦋,td
𬦌,ti
𬦍,tn
𬦎,ti
𬦏,te
𬦐,tk
𬦑,tu
𬦒,to
𬦓,tu
𬦔,ty
𬦕,ti
𬦖,ti
𬦗,tl
𬦘,ts
𬦙,tu
𬦚,tu
𬦛,tq
𬦜,tm
𬦝,tx
𬦞,tc
𬦟,ty
𬦠,zn
𬦡,zg
𬦢,zm
𬦣,zl
𬦤,zy
𬦥,zb
𬦦,zv
𬦧,zl
𬦨,ze
𬦩,ze
𬦪,zk
𬦫,zf
𬦬,zv
𬦭,xz
𬦮,ze
𬦯,zj
𬦰,zb
𬦱,zy
𬦲,zi
𬦳,zv
𬦴,zj
𬦵,zi
𬦶,zd
𬦷,zb
𬦸,zb
𬦹,za
𬦺,zb
𬦻,zb
𬦼,lz
𬦽,zn
𬦾,zj
𬦿,zk
𬧀,zc
𬧁,dz
𬧂,zd
𬧃,zm
𬧄,zb
𬧅,zc
𬧆,zm
𬧇,zn
𬧈,zl
𬧉,za
𬧊,zl
𬧋,zt
𬧌,zp
𬧍,zy
𬧎,ze
𬧏,zm
𬧐,zt
𬧑,zi
𬧒,zk
𬧓,zf
𬧔,zo
𬧕,zn
𬧖,zz
𬧗,zn
𬧘,za
𬧙,zo
𬧚,zy
𬧛,zj
𬧜,zm
𬧝,zf
𬧞,zo
𬧟,zy
𬧠,uv
𬧡,ul
𬧢,ul
𬧣,uq
𬧤,ul
𬧥,uu
𬧦,ub
𬧧,ub
𬧨,ub
𬧩,uy
𬧪,ua
𬧫,ux
𬧬,um
𬧭,uv
𬧮,un
𬧯,uu
𬧰,um
𬧱,ib
𬧲,ki
𬧳,id
𬧴,iu
𬧵,iy
𬧶,iw
𬧷,im
𬧸,id
𬧹,ig
𬧺,ic
𬧻,ui
𬧼,ib
𬧽,ik
𬧾,yi
𬧿,in
𬨀,ic
𬨁,im
𬨂,iu
𬨃,iy
𬨄,iy
𬨅,iy
𬨆,gi
𬨇,ir
𬨈,ie
𬨉,it
𬨊,ui
𬨋,pi
𬨌,iu
𬨍,ir
𬨎,iy
𬨏,io
𬨐,ig
𬨑,ia
𬨒,ib
𬨓,ig
𬨔,ix
𬨕,iz
𬨖,xv
𬨗,wx
𬨘,xb
𬨙,xf
𬨚,sx
𬨛,xb
𬨜,ze
𬨝,zf
𬨞,zy
𬨟,zf
𬨠,zc
𬨡,zc
𬨢,zl
𬨣,zy
𬨤,zd
𬨥,za
𬨦,zk
𬨧,zy
𬨨,zn
𬨩,ze
𬨪,zj
𬨫,zd
𬨬,zb
𬨭,zy
𬨮,zd
𬨯,zb
𬨰,zo
𬨱,zq
𬨲,za
𬨳,zv
𬨴,zk
𬨵,zf
𬨶,zv
𬨷,zg
𬨸,zm
𬨹,zn
𬨺,zu
𬨻,zg
𬨼,zd
𬨽,zs
𬨾,zr
𬨿,zy
𬩀,zk
𬩁,zd
𬩂,zu
𬩃,zp
𬩄,nu
𬩅,zo
𬩆,zt
𬩇,zd
𬩈,zf
𬩉,zf
𬩊,zw
𬩋,zk
𬩌,zj
𬩍,zm
𬩎,zn
𬩏,uu
𬩐,zi
𬩑,zb
𬩒,zd
𬩓,iu
𬩔,zj
𬩕,zw
𬩖,zt
𬩗,zy
𬩘,zc
𬩙,zy
𬩚,zi
𬩛,wu
𬩜,zz
𬩝,zx
𬩞,zu
𬩟,zb
𬩠,zq
𬩡,zf
𬩢,zl
𬩣,zo
𬩤,zd
𬩥,zl
𬩦,zr
𬩧,zl
𬩨,zk
𬩩,zy
𬩪,zx
𬩫,zb
𬩬,zk
𬩭,zg
𬩮,zt
𬩯,zn
𬩰,zw
𬩱,zw
𬩲,zu
𬩳,le
𬩴,ky
𬩵,ve
𬩶,ne
𬩷,ve
𬩸,ue
𬩹,re
𬩺,gb
𬩻,xe
𬩼,je
𬩽,ee
𬩾,le
𬩿,ve
𬪀,oe
𬪁,lb
𬪂,we
𬪃,ve
𬪄,vg
𬪅,ie
𬪆,ie
𬪇,ge
𬪈,oe
𬪉,oe
𬪊,pe
𬪋,ce
𬪌,oe
𬪍,pe
𬪎,be
𬪏,re
𬪐,be
𬪑,ce
𬪒,ke
𬪓,re
𬪔,de
𬪕,ce
𬪖,ce
𬪗,se
𬪘,we
𬪙,we
𬪚,ge
𬪛,ue
𬪜,we
𬪝,ce
𬪞,ze
𬪟,ze
𬪠,ee
𬪡,pe
𬪢,xe
𬪣,he
𬪤,pe
𬪥,se
𬪦,yj
𬪧,yq
𬪨,yj
𬪩,yy
𬪪,yy
𬪫,yo
𬪬,yx
𬪭,yt
𬪮,yk
𬪯,yj
𬪰,dy
𬪱,yt
𬪲,ym
𬪳,yk
𬪴,yh
𬪵,dy
𬪶,yw
𬪷,yu
𬪸,yh
𬪹,dy
𬪺,mg
𬪻,mq
𬪼,vx
𬪽,vg
𬪾,vv
𬪿,yl
𬫀,lt
𬫁,il
𬫂,jl
𬫃,jw
𬫄,jp
𬫅,rj
𬫆,jy
𬫇,je
𬫈,kj
𬫉,jy
𬫊,jq
𬫋,jy
𬫌,ju
𬫍,ju
𬫎,tj
𬫏,jo
𬫐,jx
𬫑,jd
𬫒,jj
𬫓,jz
𬫔,tj
𬫕,jp
𬫖,jq
𬫗,ji
𬫘,jq
𬫙,jk
𬫚,jn
𬫛,jv
𬫜,rj
𬫝,jd
𬫞,jc
𬫟,jh
𬫠,jk
𬫡,ja
𬫢,jm
𬫣,jf
𬫥,jz
𬫦,je
𬫧,pj
𬫨,hj
𬫩,ju
𬫪,jj
𬫫,jk
𬫬,jm
𬫭,jl
𬫮,jy
𬫯,jg
𬫰,jc
𬫱,jw
𬫲,jz
𬫳,ju
𬫴,jx
𬫵,jx
𬫶,jr
𬫷,jk
𬫸,ju
𬫹,jb
𬫺,ju
𬫻,jb
𬫼,wj
𬫽,jy
𬫾,ju
𬫿,jg
𬬀,ju
𬬁,jn
𬬂,jl
𬬃,jg
𬬄,jk
𬬅,jb
𬬆,ij
𬬇,ij
𬬈,ja
𬬉,jm
𬬊,jh
𬬋,jk
𬬌,jb
𬬍,jw
𬬎,jy
𬬏,jw
𬬐,jf
𬬑,jv
𬬒,ju
𬬓,ju
𬬔,jz
𬬕,jy
𬬖,jd
𬬗,jm
𬬘,wj
𬬙,jc
𬬚,jo
𬬛,jm
𬬜,vj
𬬝,jx
𬬞,ju
𬬟,ju
𬬠,jb
𬬡,jh
𬬢,jj
𬬣,jf
𬬤,jk
𬬥,jy
𬬦,jx
𬬧,jg
𬬨,jk
𬬩,jg
𬬪,jk
𬬫,jb
𬬬,jw
𬬭,jl
𬬮,ji
𬬯,jw
𬬰,jv
𬬱,jt
𬬲,jv
𬬳,jd
𬬴,jy
𬬵,je
𬬶,jw
𬬷,ju
𬬸,ju
𬬹,ju
𬬺,jq
𬬻,ju
𬬼,jy
𬬽,jv
𬬾,jd
𬬿,jk
𬭀,jk
𬭁,jm
𬭂,js
𬭃,ju
𬭄,jx
𬭅,jk
𬭆,ja
𬭇,jy
𬭈,jq
𬭉,jq
𬭊,jt
𬭋,jc
𬭌,jt
𬭍,jg
𬭎,js
𬭏,jo
𬭐,ju
𬭑,ju
𬭒,je
𬭓,jb
𬭔,jr
𬭕,jk
𬭖,jo
𬭗,jn
𬭘,jg
𬭙,ju
𬭚,jz
𬭛,jp
𬭜,jq
𬭝,jp
𬭞,je
𬭟,jt
𬭠,jd
𬭡,jk
𬭢,jb
𬭣,ju
𬭤,ju
𬭥,jx
𬭦,jc
𬭧,jj
𬭨,jl
𬭩,jx
𬭪,jk
𬭫,jy
𬭬,je
𬭭,jx
𬭮,jl
𬭯,jw
𬭰,jb
𬭱,jx
𬭲,jg
𬭳,jk
𬭴,jx
𬭵,jp
𬭶,jh
𬭷,jy
𬭸,jf
𬭹,jj
𬭺,jd
𬭻,jw
𬭼,ju
𬭽,jx
𬭾,jc
𬭿,jo
𬮀,jb
𬮁,jc
𬮂,jb
𬮃,jx
𬮄,el
𬮅,ml
𬮆,my
𬮇,mq
𬮈,mx
𬮉,mi
𬮊,mr
𬮋,mw
𬮌,wm
𬮍,mg
𬮎,ym
𬮏,mc
𬮐,my
𬮑,mo
𬮒,mu
𬮓,mu
𬮔,jx
𬮕,mt
𬮖,mi
𬮗,mo
𬮘,mr
𬮙,mw
𬮚,mg
𬮛,mu
𬮜,mt
𬮝,mq
𬮞,mv
𬮟,mh
𬮠,mk
𬮡,mb
𬮢,mg
𬮣,mw
𬮤,mk
𬮥,mr
𬮦,mt
𬮧,mw
𬮨,mi
𬮩,mx
𬮪,mu
𬮫,mw
𬮬,mo
𬮭,mj
𬮮,mk
𬮯,mb
𬮰,mk
𬮱,mt
𬮲,mn
𬮳,mk
𬮴,mo
𬮵,mg
𬮶,mj
𬮷,mf
𬮸,ml
𬮹,mb
𬮺,em
𬮻,ew
𬮼,eq
𬮽,ed
𬮾,eq
𬮿,ej
𬯀,eq
𬯁,ex
𬯂,ek
𬯃,eq
𬯄,et
𬯅,ej
𬯆,ew
𬯇,et
𬯈,pf
𬯉,ej
𬯊,ep
𬯋,eb
𬯌,eo
𬯍,ex
𬯎,eb
𬯏,eu
𬯐,ey
𬯑,ek
𬯒,ef
𬯓,ey
𬯔,et
𬯕,ef
𬯖,ey
𬯗,ex
𬯘,ep
𬯙,ey
𬯚,ed
𬯛,eq
𬯜,en
𬯝,ex
𬯞,ey
𬯟,ew
𬯠,eu
𬯡,eu
𬯢,ey
𬯣,eo
𬯤,eu
𬯥,et
𬯦,el
𬯧,ec
𬯨,ex
𬯩,eb
𬯪,rv
𬯫,rt
𬯬,gv
𬯭,ru
𬯮,vv
𬯯,lv
𬯰,rv
𬯱,bk
𬯲,bv
𬯳,bb
𬯴,rv
𬯵,bv
𬯶,jv
𬯷,yv
𬯸,yw
𬯹,yu
𬯺,yy
𬯻,yj
𬯼,yd
𬯽,yv
𬯾,yv
𬯿,yo
𬰀,yb
𬰁,yo
𬰂,yq
𬰃,yw
𬰄,yy
𬰅,yd
𬰆,yy
𬰇,yw
𬰈,yc
𬰉,yg
𬰊,yk
𬰋,ya
𬰌,yd
𬰍,yo
𬰎,yv
𬰏,yk
𬰐,yd
𬰑,yu
𬰒,yf
𬰓,yu
𬰔,yx
𬰕,ym
𬰖,yx
𬰗,fk
𬰘,fq
𬰙,fe
𬰚,fl
𬰛,df
𬰜,wf
𬰝,vf
𬰞,fl
𬰟,gf
𬰠,wm
𬰡,mx
𬰢,bm
𬰣,dm
𬰤,cc
𬰥,cl
𬰦,cg
𬰧,cu
𬰨,cy
𬰩,cm
𬰪,wj
𬰫,gf
𬰬,wx
𬰭,wj
𬰮,wm
𬰯,wc
𬰰,wf
𬰱,wg
𬰲,wf
𬰳,wv
𬰴,wc
𬰵,wr
𬰶,wx
𬰷,wk
𬰸,aw
𬰹,ly
𬰺,ly
𬰻,lh
𬰼,lo
𬰽,ro
𬰾,lc
𬰿,dy
𬱀,yy
𬱁,yy
𬱂,by
𬱃,xy
𬱄,by
𬱅,vy
𬱆,uy
𬱇,fy
𬱈,wy
𬱉,oy
𬱊,gy
𬱋,jy
𬱌,oy
𬱍,id
𬱎,dk
𬱏,ly
𬱐,vy
𬱑,ky
𬱒,yt
𬱓,jy
𬱔,yy
𬱕,dy
𬱖,yy
𬱗,vy
𬱘,iy
𬱙,by
𬱚,by
𬱛,yy
𬱜,ly
𬱝,oy
𬱞,ky
𬱟,dy
𬱠,uy
𬱡,ny
𬱢,by
𬱣,uy
𬱤,uy
𬱥,sy
𬱦,cy
𬱧,ya
𬱨,dy
𬱩,wy
𬱪,py
𬱫,by
𬱬,sy
𬱭,cy
𬱮,uy
𬱯,by
𬱰,py
𬱱,yy
𬱲,by
𬱳,ry
𬱴,fv
𬱵,fw
𬱶,jv
𬱷,fg
𬱸,fl
𬱹,jb
𬱺,xf
𬱻,le
𬱼,uf
𬱽,fz
𬱾,fa
𬱿,fa
𬲀,fx
𬲁,jg
𬲂,jd
𬲃,jx
𬲄,jg
𬲅,fx
𬲆,fk
𬲇,re
𬲈,jk
𬲉,fb
𬲊,ff
𬲋,uf
𬲌,uj
𬲍,uf
𬲎,um
𬲏,gg
𬲐,ui
𬲑,uo
𬲒,uu
𬲓,uw
𬲔,uk
𬲕,ig
𬲖,rb
𬲗,un
𬲘,un
𬲙,uc
𬲚,ug
𬲛,ut
𬲜,uy
𬲞,ua
𬲟,rb
𬲠,ux
𬲡,ux
𬲢,rx
𬲣,ut
𬲤,uy
𬲥,ub
𬲦,ur
𬲧,uk
𬲨,uy
𬲩,uv
𬲪,ur
𬲫,uv
𬲬,uv
𬲭,uq
𬲮,uu
𬲯,uj
𬲰,up
𬲱,ub
𬲲,ud
𬲳,uf
𬲴,uk
𬲵,uu
𬲶,uq
𬲷,ug
𬲸,uc
𬲹,uw
𬲺,uz
𬲻,ud
𬲼,ud
𬲽,ub
𬲾,ug
𬲿,uu
𬳀,uk
𬳁,uo
𬳂,uy
𬳃,ut
𬳄,ug
𬳅,uo
𬳆,ud
𬳇,ud
𬳈,ul
𬳉,ux
𬳊,uj
𬳋,ux
𬳌,uq
𬳍,uk
𬳎,ug
𬳏,ul
𬳐,uu
𬳑,ux
𬳒,ub
𬳓,uv
𬳔,um
𬳕,bv
𬳖,be
𬳗,fz
𬳘,bo
𬳙,by
𬳚,bz
𬳛,bw
𬳜,hd
𬳝,uo
𬳞,hv
𬳟,hb
𬳠,ho
𬳡,hd
𬳢,uo
𬳣,hf
𬳤,hk
𬳥,hn
𬳦,hb
𬳨,me
𬳩,my
𬳪,ym
𬳫,ml
𬳬,mg
𬳭,km
𬳮,mx
𬳯,mp
𬳰,mm
𬳱,mb
𬳲,my
𬳳,mf
𬳴,mp
𬳵,mp
𬳶,mk
𬳷,mg
𬳸,xm
𬳹,mk
𬳺,ml
𬳻,mw
𬳼,mo
𬳽,me
𬳾,mx
𬳿,mm
𬴀,ml
𬴁,mg
𬴂,mf
𬴃,mu
𬴄,mu
𬴅,mf
𬴆,mw
𬴇,mf
𬴈,mx
𬴉,mx
𬴊,mf
𬴋,mw
𬴌,mu
𬴍,mh
𬴎,ma
𬴏,mz
𬴐,mv
𬴑,wo
𬴒,gg
𬴓,vo
𬴔,wx
𬴕,wv
𬴖,wl
𬴗,wk
𬴘,wl
𬴙,ok
𬴚,wu
𬴛,af
𬴜,wb
𬴝,ww
𬴞,wz
𬴟,wy
𬴠,wd
𬴡,wi
𬴢,wo
𬴣,wd
𬴤,wd
𬴥,wi
𬴦,ww
𬴧,ek
𬴨,ew
𬴩,ey
𬴪,ea
𬴫,ea
𬴬,ek
𬴭,ei
𬴮,eo
𬴯,ej
𬴰,mu
𬴱,md
𬴲,gy
𬴳,al
𬴴,gk
𬴵,gy
𬴶,gi
𬴷,ag
𬴸,gg
𬴹,ga
𬴺,gs
𬴻,gz
𬴼,gb
𬴽,gq
𬴾,yu
𬴿,ge
𬵀,yi
𬵁,yk
𬵂,yb
𬵃,yd
𬵄,wy
𬵅,oy
𬵆,yu
𬵇,yg
𬵈,yk
𬵉,ym
𬵊,yx
𬵋,dy
𬵌,yd
𬵍,yy
𬵎,yj
𬵏,yu
𬵐,yt
𬵑,yd
𬵒,yi
𬵓,yi
𬵔,yz
𬵕,yq
𬵖,yu
𬵗,yy
𬵘,ye
𬵙,yy
𬵚,ye
𬵛,yr
𬵜,yn
𬵝,yb
𬵞,ya
𬵟,yy
𬵠,yx
𬵡,yx
𬵢,yh
𬵣,yc
𬵤,yn
𬵥,yb
𬵦,yf
𬵧,yv
𬵨,yu
𬵩,yp
𬵪,yx
𬵫,yg
𬵬,ya
𬵭,yk
𬵮,yy
𬵯,yl
𬵰,yv
𬵱,yy
𬵲,yg
𬵳,yx
𬵴,yh
𬵵,yu
𬵶,yw
𬵷,yg
𬵸,yk
𬵹,yx
𬵺,ye
𬵻,yj
𬵼,jy
𬵽,yy
𬵾,yg
𬵿,yj
𬶀,yd
𬶁,yr
𬶂,yt
𬶃,yd
𬶄,yu
𬶅,yy
𬶆,yf
𬶇,yj
𬶈,yo
𬶉,yw
𬶊,yh
𬶋,yj
𬶌,yg
𬶍,yb
𬶎,ye
𬶏,yv
𬶐,yv
𬶑,yd
𬶒,yv
𬶓,yw
𬶔,yk
𬶕,yd
𬶖,yd
𬶗,yl
𬶘,ye
𬶙,yy
𬶚,yy
𬶛,yu
𬶜,yk
𬶝,yv
𬶞,yo
𬶟,yd
𬶠,yj
𬶡,ym
𬶢,yu
𬶣,yg
𬶤,yj
𬶥,yg
𬶦,yz
𬶧,ya
𬶨,gy
𬶩,yn
𬶪,yn
𬶫,yb
𬶬,yy
𬶭,yu
𬶮,yk
𬶯,yg
𬶰,yu
𬶱,yx
𬶲,yu
𬶳,yo
𬶴,yo
𬶵,yy
𬶶,yj
𬶷,yq
𬶸,yj
𬶹,yc
𬶺,yv
𬶻,yo
𬶼,ln
𬶽,nc
𬶾,nc
𬶿,gn
𬷀,ny
𬷁,gn
𬷂,xn
𬷃,pn
𬷄,dn
𬷅,ny
𬷆,nr
𬷇,rn
𬷈,rn
𬷉,rn
𬷊,ng
𬷋,nd
𬷌,bn
𬷍,nk
𬷎,in
𬷏,rn
𬷐,ny
𬷑,nn
𬷒,yn
𬷓,nu
𬷔,in
𬷕,fn
𬷖,dn
𬷗,rn
𬷘,rn
𬷙,dn
𬷚,bn
𬷛,dn
𬷜,nv
𬷝,dn
𬷞,an
𬷟,ng
𬷠,xn
𬷡,bn
𬷢,yn
𬷣,nf
𬷤,vn
𬷥,nj
𬷦,wn
𬷧,fn
𬷨,in
𬷩,rn
𬷪,nj
𬷫,pn
𬷬,bn
𬷭,nn
𬷮,tn
𬷯,dn
𬷰,ng
𬷱,wn
𬷲,tn
𬷳,nn
𬷴,rn
𬷵,ln
𬷶,wn
𬷷,hn
𬷸,nn
𬷹,cn
𬷺,dn
𬷻,nv
𬷼,en
𬷽,nl
𬷾,gn
𬷿,nr
𬸀,wn
𬸁,wn
𬸂,kn
𬸃,yn
𬸄,ln
𬸅,dn
𬸆,un
𬸇,ln
𬸈,gn
𬸉,gn
𬸊,rn
𬸋,nn
𬸌,xn
𬸍,fn
𬸎,hn
𬸏,ln
𬸐,gn
𬸑,bn
𬸒,nb
𬸓,wn
𬸔,an
𬸕,bn
𬸖,hn
𬸗,ln
𬸘,kn
𬸙,on
𬸚,qn
𬸛,bn
𬸜,hn
𬸝,ln
𬸞,mn
𬸟,un
𬸠,kn
𬸡,ln
𬸢,bn
𬸣,bn
𬸤,xn
𬸥,in
𬸦,fn
𬸧,cn
𬸨,cn
𬸩,pn
𬸪,mn
𬸫,wn
𬸬,tn
𬸭,cn
𬸮,cn
𬸯,un
𬸰,yn
𬸱,on
𬸲,vb
𬸳,vj
𬸴,vh
𬸵,bv
𬸶,bo
𬸷,bt
𬸸,bc
𬸹,bw
𬸺,gv
𬸻,gt
𬸼,ub
𬸽,ge
𬸾,gq
𬸿,ga
𬹀,gi
𬹁,go
𬹂,lg
𬹃,lk
𬹄,lm
𬹅,fc
𬹆,fg
𬹇,fz
𬹈,fo
𬹉,fy
𬹊,fb
𬹋,fb
𬹌,fx
𬹍,fd
𬹎,fk
𬹏,gk
𬹐,cf
𬹑,ct
𬹒,bb
𬹓,cx
𬹔,lu
𬹕,lb
𬹖,ly
𬹗,ll
𬹘,lm
𬹙,uh
𬹚,li
𬹛,ld
𬹜,yj
𬹝,dd
𬹞,dd
𬹟,bd
𬹠,bd
𬹡,rd
𬹢,id
𬹣,pd
𬹤,bd
𬹥,py
𬹦,pc
𬹧,pf
𬹨,pb
𬹩,uo
𬹪,co
𬹫,py
𬹬,px
𬹭,jj
𬹮,jg
𬹯,zx
𬹰,zk
𬹱,wo
𬹲,wt
𬹳,qb
𬹴,rm
𬹵,va
𬹶,vy
𬹷,vy
𬹸,vf
𬹹,vg
𬹺,vy
𬹻,vn
𬹼,vj
𬹽,vj
𬹾,vg
𬹿,vk
𬺀,nr
𬺁,vt
𬺂,vy
𬺃,vj
𬺄,vu
𬺅,vi
𬺆,vo
𬺇,rr
𬺈,vk
𬺉,vb
𬺊,vh
𬺋,vu
𬺌,vq
𬺍,vk
𬺎,yr
𬺏,vc
𬺐,vy
𬺑,vo
𬺒,lr
𬺓,vz
𬺔,vu
𬺕,vv
𬺖,vc
𬺗,lx
𬺘,lu
𬺙,lu
𬺚,lo
𬺛,ld
𬺜,la
𬺝,tl
𬺞,dd
𬺟,rj
𬺠,hc
𬺡,ic
𬺰,al
𬺱,up
𬺲,ja
𬺳,ad
𬺴,da
𬺵,ka
𬺶,al
𬺸,bv
𬺹,ea
𬺺,kv
𬺻,uu
𬺼,dy
𬺽,qa
𬺾,ka
𬺿,gd
𬻁,xt
𬻃,al
𬻄,dd
𬻅,dl
𬻇,ak
𬻈,vl
𬻉,al
𬻊,tx
𬻌,ad
𬻍,ap
𬻎,qk
𬻏,gu
𬻐,ad
𬻒,yv
𬻓,lx
𬻕,ae
𬻖,db
𬻗,dy
𬻘,kd
𬻙,fx
𬻚,zd
𬻛,bq
𬻜,aa
𬻝,pa
𬻠,aq
𬻡,fx
𬻢,ld
𬻣,dy
𬻤,sd
𬻥,fl
𬻦,kd
𬻧,gq
𬻨,qx
𬻩,ax
𬻪,ew
𬻫,gy
𬻬,xa
𬻭,pc
𬻮,lx
𬻯,pv
𬻰,xu
𬻱,ka
𬻲,jr
𬻳,vd
𬻴,ls
𬻶,dv
𬻷,ud
𬻸,vw
𬻹,rx
𬻺,dl
𬻻,vv
𬻼,sy
𬻽,vd
𬻾,vl
𬼀,dp
𬼃,pj
𬼅,nn
𬼆,xx
𬼇,pr
𬼈,qk
𬼉,pa
𬼊,pd
𬼋,vy
𬼌,pl
𬼍,if
𬼎,nw
𬼏,lb
𬼐,rf
𬼑,xc
𬼒,qf
𬼓,qi
𬼔,hk
𬼕,pb
𬼖,ka
𬼗,pv
𬼙,qv
𬼚,bv
𬼛,vv
𬼜,dy
𬼝,qv
𬼞,ye
𬼟,pv
𬼠,pv
𬼡,hv
𬼢,vm
𬼣,jd
𬼤,nv
𬼥,uv
𬼦,av
𬼧,uv
𬼨,xy
𬼩,by
𬼪,sv
𬼫,vd
𬼬,vk
𬼭,wy
𬼮,ty
𬼯,zv
𬼰,gy
𬼱,dv
𬼲,ov
𬼳,gv
𬼴,xd
𬼵,dk
𬼶,la
𬼷,ld
𬼸,bl
𬼹,lh
𬼺,bc
𬼻,yo
𬼼,yb
𬼽,al
𬼾,yj
𬼿,aa
𬽀,fy
𬽁,yb
𬽂,gy
𬽃,wv
𬽄,wh
𬽅,wk
𬽆,wn
𬽇,wb
𬽈,wa
𬽉,wl
𬽊,wz
𬽋,wu
𬽌,wa
𬽍,wu
𬽎,wg
𬽏,yy
𬽐,ww
𬽑,wr
𬽒,we
𬽓,wy
𬽔,wd
𬽕,yx
𬽖,wl
𬽗,wb
𬽘,wk
𬽙,wf
𬽚,wp
𬽛,wd
𬽜,wv
𬽝,wp
𬽞,wt
𬽟,wb
𬽠,wy
𬽡,vd
𬽢,rv
𬽣,rd
𬽤,fr
𬽥,rx
𬽦,rd
𬽧,rj
𬽨,rl
𬽩,rb
𬽪,ro
𬽫,rd
𬽬,rh
𬽭,rg
𬽮,rj
𬽯,rk
𬽰,rd
𬽱,rk
𬽲,ry
𬽳,rj
𬽴,ry
𬽵,rc
𬽶,rj
𬽷,rs
𬽸,rb
𬽹,ry
𬽺,rd
𬽻,rh
𬽼,ra
𬽽,rk
𬽾,rv
𬽿,rx
𬾀,rr
𬾁,re
𬾂,rx
𬾃,rd
𬾄,rw
𬾅,rx
𬾆,rl
𬾇,rl
𬾈,re
𬾉,rz
𬾊,rd
𬾋,rd
𬾌,rb
𬾍,ry
𬾎,ro
𬾏,re
𬾐,re
𬾑,rd
𬾒,rj
𬾓,ri
𬾔,ry
𬾕,rk
𬾖,ra
𬾗,ru
𬾙,rj
𬾚,ri
𬾛,ra
𬾜,rj
𬾝,re
𬾞,rt
𬾟,rt
𬾠,rx
𬾡,ry
𬾢,rp
𬾣,rz
𬾤,ra
𬾥,ry
𬾦,rc
𬾧,ry
𬾨,ry
𬾩,rq
𬾪,rl
𬾫,rg
𬾬,ru
𬾭,rj
𬾮,rd
𬾯,rc
𬾰,ru
𬾱,ro
𬾲,rl
𬾳,rf
𬾴,ru
𬾵,rv
𬾶,rt
𬾷,ru
𬾸,rc
𬾹,rb
𬾺,bs
𬾻,rj
𬾼,rk
𬾽,rx
𬾾,rm
𬾿,rk
𬿀,rk
𬿁,ri
𬿂,rr
𬿃,ra
𬿄,rv
𬿅,ru
𬿆,ru
𬿇,rx
𬿈,ry
𬿉,rc
𬿊,ry
𬿋,jd
𬿌,ry
𬿍,rt
𬿎,fe
𬿏,rk
𬿐,rv
𬿑,rs
𬿒,rw
𬿓,ra
𬿔,ru
𬿕,rt
𬿖,rq
𬿗,rr
𬿘,ra
𬿙,rl
𬿚,rb
𬿛,rl
𬿜,ro
𬿝,ru
𬿞,rk
𬿟,ry
𬿠,lq
𬿡,rv
𬿢,ry
𬿣,rw
𬿤,ry
𬿥,ra
𬿦,ry
𬿧,rl
𬿨,rv
𬿩,rb
𬿪,rd
𬿫,rv
𬿬,rz
𬿭,rf
𬿮,rw
𬿯,rx
𬿰,ry
𬿱,rh
𬿲,ry
𬿳,rx
𬿴,rx
𬿵,rf
𬿶,rw
𬿷,ji
𬿸,rc
𬿹,re
𬿺,ru
𬿻,rc
𬿼,ra
𬿽,rq
𬿾,ra
𬿿,rh
𭀀,rb
𭀁,rj
𭀂,ry
𭀃,cn
𭀄,rh
𭀅,ra
𭀆,ry
𭀇,rm
𭀈,rn
𭀉,rh
𭀊,rn
𭀋,rk
𭀌,rv
𭀍,ry
𭀎,ry
𭀏,rq
𭀐,jh
𭀑,rw
𭀒,rk
𭀓,rj
𭀔,ri
𭀕,rj
𭀖,wd
𭀗,dv
𭀘,vv
𭀙,pv
𭀚,wv
𭀛,vy
𭀜,dv
𭀝,wd
𭀞,yx
𭀟,iw
𭀠,pe
𭀢,dx
𭀣,pd
𭀤,be
𭀥,ps
𭀦,gy
𭀧,bg
𭀨,gs
𭀩,yw
𭀪,yj
𭀫,yi
𭀬,gg
𭀭,ba
𭀮,gc
𭀯,yf
𭀰,de
𭀱,pe
𭀲,nl
𭀳,nb
𭀴,gj
𭀵,nx
𭀶,gy
𭀷,nb
𭀸,yd
𭀹,jd
𭀺,nk
𭀻,nv
𭀼,rq
𭀽,ur
𭀾,kr
𭀿,rz
𭁀,rr
𭁁,ra
𭁂,rc
𭁃,ra
𭁄,bg
𭁅,gb
𭁆,pb
𭁇,lb
𭁈,lb
𭁉,lb
𭁊,db
𭁋,fn
𭁌,bf
𭁍,gj
𭁎,gq
𭁏,bu
𭁐,pb
𭁑,bg
𭁒,bb
𭁓,gf
𭁔,cl
𭁕,rb
𭁖,lu
𭁗,bp
𭁘,ql
𭁙,bd
𭁚,go
𭁛,lf
𭁜,gt
𭁝,yg
𭁞,cr
𭁠,kf
𭁡,ao
𭁢,wa
𭁣,al
𭁤,uk
𭁥,ay
𭁦,ku
𭁧,nu
𭁨,km
𭁩,wo
𭁪,yf
𭁫,uo
𭁬,uo
𭁭,xu
𭁮,nn
𭁯,uf
𭁰,kx
𭁱,kt
𭁲,fr
𭁳,bs
𭁴,bd
𭁵,bw
𭁶,kw
𭁷,bb
𭁸,bu
𭁹,bt
𭁺,bc
𭁻,bt
𭁼,bz
𭁽,bh
𭁾,by
𭁿,bu
𭂀,by
𭂁,bh
𭂂,bf
𭂃,bu
𭂄,br
𭂅,bx
𭂆,dk
𭂇,dl
𭂈,du
𭂉,dd
𭂊,db
𭂋,dk
𭂌,di
𭂍,db
𭂎,dy
𭂏,dl
𭂐,dk
𭂑,dy
𭂒,db
𭂓,dz
𭂔,dd
𭂕,du
𭂖,df
𭂗,dz
𭂘,do
𭂙,dy
𭂚,dm
𭂛,dh
𭂜,du
𭂝,dj
𭂞,dg
𭂟,db
𭂠,do
𭂡,do
𭂢,dx
𭂣,dy
𭂤,da
𭂥,dt
𭂦,dx
𭂧,di
𭂨,dg
𭂩,ju
𭂪,pj
𭂫,pd
𭂬,jd
𭂭,fj
𭂮,fr
𭂯,pu
𭂰,yj
𭂱,jo
𭂲,uj
𭂳,xd
𭂴,jk
𭂵,ju
𭂶,sk
𭂷,oj
𭂸,hj
𭂹,ju
𭂺,jh
𭂼,kv
𭂽,ia
𭂾,an
𭂿,xx
𭃀,ix
𭃁,ix
𭃂,ed
𭃃,dq
𭃄,ud
𭃅,rd
𭃆,id
𭃇,di
𭃈,dk
𭃉,dw
𭃊,dd
𭃋,db
𭃌,fd
𭃍,fd
𭃎,vj
𭃏,ud
𭃐,ud
𭃑,db
𭃒,kd
𭃓,ff
𭃔,pr
𭃕,dk
𭃖,dd
𭃗,qd
𭃘,dr
𭃙,dz
𭃚,ud
𭃛,da
𭃜,rd
𭃝,dg
𭃞,xd
𭃟,rd
𭃠,df
𭃡,pp
𭃢,dd
𭃣,gd
𭃤,vd
𭃥,pd
𭃦,dd
𭃧,yd
𭃨,pp
𭃩,ad
𭃪,cd
𭃫,db
𭃬,kd
𭃭,pd
𭃮,dx
𭃯,wd
𭃰,bd
𭃱,br
𭃲,yd
𭃳,sd
𭃴,ad
𭃵,cd
𭃶,od
𭃷,dv
𭃸,bd
𭃹,df
𭃺,bd
𭃻,yd
𭃼,da
𭃽,do
𭃾,cd
𭃿,uf
𭄀,bd
𭄁,pd
𭄂,rd
𭄃,fu
𭄄,hd
𭄅,yd
𭄆,yd
𭄇,id
𭄈,yd
𭄉,gd
𭄊,gd
𭄋,bd
𭄌,bd
𭄍,bd
𭄎,do
𭄏,ad
𭄐,yd
𭄑,bd
𭄒,pd
𭄓,ud
𭄔,hd
𭄕,vd
𭄖,bd
𭄗,bd
𭄘,ad
𭄙,vd
𭄚,cd
𭄛,nd
𭄜,rd
𭄝,dq
𭄞,rl
𭄟,gl
𭄠,pl
𭄡,fl
𭄢,lm
𭄣,ql
𭄤,rd
𭄥,nl
𭄦,fl
𭄧,yl
𭄨,ul
𭄩,nl
𭄪,sl
𭄫,bl
𭄬,tl
𭄭,cl
𭄮,yl
𭄯,yl
𭄰,gl
𭄱,lg
𭄲,bl
𭄳,cl
𭄴,wl
𭄵,wl
𭄶,ml
𭄷,lm
𭄸,fl
𭄹,yl
𭄺,ul
𭄻,ll
𭄼,pl
𭄽,bl
𭄾,hl
𭄿,cl
𭅀,yl
𭅁,vl
𭅂,tl
𭅃,wl
𭅄,by
𭅅,by
𭅆,bj
𭅇,bv
𭅈,bj
𭅉,wt
𭅊,bv
𭅋,bb
𭅌,cu
𭅎,ub
𭅏,ib
𭅐,bb
𭅑,jb
𭅒,yb
𭅓,ub
𭅔,kb
𭅕,ky
𭅖,kg
𭅗,kt
𭅘,kv
𭅙,kt
𭅚,kx
𭅛,ks
𭅜,kq
𭅝,kb
𭅞,kw
𭅟,bi
𭅠,uj
𭅡,yq
𭅢,bv
𭅣,bb
𭅤,py
𭅥,uj
𭅦,ww
𭅧,cc
𭅨,ur
𭅩,yu
𭅪,uk
𭅫,vk
𭅬,ux
𭅭,be
𭅮,tu
𭅯,ba
𭅰,bl
𭅱,ua
𭅲,vd
𭅳,dd
𭅴,vb
𭅵,de
𭅶,te
𭅷,le
𭅸,oe
𭅹,xv
𭅺,le
𭅻,dv
𭅼,xe
𭅽,xe
𭅾,ye
𭅿,he
𭆀,iv
𭆁,iv
𭆂,iv
𭆃,im
𭆄,ij
𭆅,ie
𭆆,yi
𭆇,iq
𭆈,ix
𭆉,li
𭆊,ie
𭆌,id
𭆍,iu
𭆎,ic
𭆏,iq
𭆐,iy
𭆑,yw
𭆒,qy
𭆓,ww
𭆔,ik
𭆕,iw
𭆖,iy
𭆗,vz
𭆘,ib
𭆙,sy
𭆚,sk
𭆛,bq
𭆜,ds
𭆝,ss
𭆞,su
𭆟,as
𭆠,xs
𭆡,sa
𭆢,pe
𭆣,sl
𭆤,su
𭆥,vy
𭆦,yu
𭆧,gy
𭆨,yv
𭆩,yt
𭆪,ly
𭆫,ky
𭆭,yd
𭆮,gy
𭆯,ny
𭆰,ey
𭆱,vj
𭆲,vy
𭆳,iy
𭆴,by
𭆵,qy
𭆶,py
𭆷,by
𭆸,kj
𭆹,rk
𭆺,kg
𭆻,ks
𭆼,kx
𭆽,ku
𭆾,uv
𭆿,kq
𭇀,ky
𭇁,wk
𭇂,kg
𭇃,ka
𭇄,kd
𭇅,ky
𭇆,kt
𭇇,ku
𭇈,fk
𭇉,ki
𭇊,kl
𭇋,bk
𭇌,db
𭇍,jb
𭇎,kk
𭇏,dk
𭇐,kg
𭇑,bk
𭇒,kc
𭇓,ki
𭇔,ku
𭇕,ju
𭇖,kg
𭇗,ks
𭇘,kl
𭇙,ky
𭇚,kd
𭇛,kd
𭇜,ky
𭇝,ub
𭇞,kd
𭇟,kb
𭇠,ty
𭇡,kc
𭇢,kk
𭇣,ko
𭇤,nb
𭇥,rk
𭇦,jk
𭇧,kx
𭇨,kb
𭇩,ka
𭇪,ak
𭇫,kv
𭇬,kz
𭇭,kn
𭇮,kg
𭇯,kd
𭇰,ka
𭇱,df
𭇲,kq
𭇳,kq
𭇴,kk
𭇵,kt
𭇶,kz
𭇷,kb
𭇸,tk
𭇹,kr
𭇺,kk
𭇼,ks
𭇽,kj
𭇾,kv
𭇿,kk
𭈀,ks
𭈁,ku
𭈂,kd
𭈃,wb
𭈄,kb
𭈅,kv
𭈆,py
𭈇,kj
𭈈,kt
𭈉,ka
𭈊,kb
𭈋,kb
𭈌,kr
𭈍,kg
𭈎,ky
𭈏,kf
𭈐,ke
𭈑,kk
𭈒,ko
𭈓,kl
𭈔,kw
𭈕,kv
𭈖,kd
𭈗,kd
𭈘,kw
𭈙,kb
𭈚,kd
𭈛,kz
𭈜,kt
𭈝,hk
𭈞,ko
𭈟,kj
𭈠,kf
𭈡,kq
𭈢,ke
𭈣,kw
𭈤,kq
𭈥,kj
𭈦,kg
𭈧,ks
𭈨,kx
𭈩,ky
𭈪,kb
𭈫,ka
𭈬,ty
𭈭,ko
𭈮,kb
𭈯,kr
𭈰,cy
𭈱,tl
𭈲,kd
𭈳,ks
𭈴,kv
𭈵,kx
𭈶,kf
𭈷,kg
𭈸,uq
𭈹,kj
𭈺,kb
𭈻,ku
𭈼,ku
𭈽,ky
𭈾,ke
𭈿,ku
𭉀,rg
𭉁,rf
𭉂,kg
𭉃,km
𭉄,ks
𭉅,ou
𭉆,kg
𭉇,ku
𭉈,kb
𭉉,ku
𭉊,kk
𭉋,kb
𭉌,ku
𭉍,kr
𭉎,kg
𭉏,kx
𭉐,kt
𭉑,kg
𭉒,vk
𭉓,kf
𭉔,vk
𭉕,ki
𭉖,ub
𭉗,kk
𭉘,pk
𭉙,kk
𭉚,ku
𭉛,kg
𭉜,kl
𭉝,kw
𭉞,ke
𭉟,ko
𭉠,fc
𭉡,kw
𭉢,xk
𭉣,kt
𭉤,ki
𭉥,gj
𭉦,qb
𭉧,kx
𭉨,kn
𭉩,kk
𭉪,kc
𭉫,kp
𭉬,kw
𭉭,kl
𭉮,kx
𭉯,kq
𭉰,kk
𭉱,kz
𭉲,kw
𭉳,kl
𭉴,kg
𭉵,bk
𭉶,kg
𭉷,kq
𭉸,ku
𭉹,ki
𭉺,ke
𭉻,kl
𭉼,kv
𭉽,rg
𭉾,kc
𭉿,kx
𭊀,ky
𭊁,ku
𭊂,kl
𭊃,kf
𭊄,kq
𭊅,kt
𭊆,ik
𭊇,kt
𭊈,kg
𭊉,kk
𭊊,kf
𭊋,kg
𭊌,kq
𭊍,kx
𭊎,kk
𭊏,ko
𭊐,kk
𭊑,kp
𭊒,kq
𭊓,ku
𭊔,ky
𭊕,kx
𭊖,gk
𭊗,kd
𭊘,ke
𭊙,kr
𭊚,kz
𭊛,kb
𭊜,kt
𭊝,yk
𭊞,kl
𭊟,kc
𭊠,ky
𭊢,mb
𭊣,kp
𭊤,ky
𭊥,kp
𭊦,kh
𭊧,kd
𭊨,kx
𭊩,kt
𭊪,kr
𭊫,ko
𭊬,cb
𭊭,kd
𭊮,kr
𭊯,kv
𭊰,kh
𭊱,kp
𭊲,kj
𭊳,kx
𭊴,kb
𭊵,kx
𭊶,kx
𭊷,ke
𭊸,ko
𭊹,kr
𭊺,ky
𭊻,kd
𭊼,dq
𭊽,kk
𭊾,kt
𭊿,kd
𭋀,ko
𭋁,kx
𭋂,kb
𭋃,kx
𭋄,kz
𭋅,ka
𭋆,ck
𭋇,kw
𭋈,kf
𭋉,kd
𭋊,kt
𭋋,kb
𭋌,kg
𭋍,kj
𭋎,ko
𭋏,kq
𭋐,ku
𭋑,ky
𭋒,ke
𭋓,kw
𭋔,kg
𭋕,kv
𭋖,kt
𭋗,ki
𭋘,bj
𭋙,ku
𭋚,yb
𭋛,gf
𭋜,ky
𭋝,kw
𭋞,kf
𭋟,kw
𭋠,tj
𭋡,kw
𭋢,kq
𭋣,kh
𭋤,km
𭋥,kx
𭋦,ko
𭋧,kb
𭋨,ky
𭋩,kf
𭋪,kc
𭋫,kd
𭋬,ke
𭋭,ky
𭋮,kw
𭋯,kq
𭋰,kn
𭋱,km
𭋲,kj
𭋳,kc
𭋴,ky
𭋵,tu
𭋶,kn
𭋷,ke
𭋸,km
𭋹,km
𭋺,kl
𭋻,ku
𭋼,kx
𭋽,ky
𭋾,ke
𭋿,kg
𭌀,rk
𭌁,kx
𭌂,kj
𭌃,kx
𭌄,kk
𭌅,kr
𭌆,kw
𭌇,kf
𭌈,kj
𭌉,yc
𭌊,tj
𭌋,kd
𭌌,uf
𭌍,ky
𭌎,kj
𭌏,kv
𭌐,wq
𭌑,ky
𭌒,ky
𭌓,kk
𭌔,kw
𭌕,kl
𭌖,ka
𭌗,ky
𭌘,kv
𭌙,ko
𭌚,kl
𭌛,rk
𭌜,kz
𭌝,kr
𭌞,kb
𭌟,kk
𭌠,yz
𭌡,kj
𭌢,ku
𭌣,kx
𭌤,ki
𭌥,kw
𭌦,kn
𭌧,kh
𭌨,kn
𭌩,ko
𭌪,kk
𭌫,kr
𭌬,kk
𭌭,kb
𭌮,kb
𭌯,kc
𭌰,km
𭌱,kk
𭌲,kv
𭌳,nk
𭌴,ks
𭌵,ky
𭌶,ky
𭌷,rk
𭌸,ky
𭌹,kb
𭌺,ko
𭌻,kn
𭌼,ky
𭌽,kb
𭌾,kv
𭌿,ks
𭍀,kh
𭍁,nu
𭍂,km
𭍃,kj
𭍄,ku
𭍅,kk
𭍆,kk
𭍇,ku
𭍈,kf
𭍉,kn
𭍊,kw
𭍋,ky
𭍌,kl
𭍍,kw
𭍎,ke
𭍏,kb
𭍐,kl
𭍑,kb
𭍒,kv
𭍓,kc
𭍔,ku
𭍕,kn
𭍖,kc
𭍗,kj
𭍘,kj
𭍙,kc
𭍚,wj
𭍛,ws
𭍜,wv
𭍝,wq
𭍞,wo
𭍟,wg
𭍠,fk
𭍡,wg
𭍢,ww
𭍣,wf
𭍤,wx
𭍥,fo
𭍦,wf
𭍧,wo
𭍨,wi
𭍩,wk
𭍪,we
𭍫,wu
𭍬,wb
𭍭,wg
𭍮,wa
𭍯,wy
𭍰,wv
𭍱,ww
𭍲,wj
𭍳,wo
𭍴,wr
𭍵,wc
𭍶,bk
𭍷,wa
𭍸,wj
𭍹,wd
𭍺,rt
𭍻,lt
𭍼,jd
𭍽,ty
𭍾,tv
𭍿,tk
𭎀,tb
𭎁,ut
𭎂,tr
𭎃,te
𭎄,td
𭎅,tw
𭎆,at
𭎇,ud
𭎈,kz
𭎉,tb
𭎊,bt
𭎋,tl
𭎌,tv
𭎍,yt
𭎎,tg
𭎏,ti
𭎐,tt
𭎑,th
𭎒,tc
𭎓,tu
𭎔,tb
𭎕,tr
𭎖,tj
𭎗,zt
𭎘,tf
𭎙,bt
𭎚,tg
𭎛,tx
𭎜,tc
𭎝,tk
𭎞,tb
𭎟,tk
𭎠,tt
𭎡,to
𭎢,tt
𭎣,tz
𭎤,td
𭎥,ta
𭎦,dt
𭎧,tt
𭎨,ty
𭎩,tt
𭎪,tk
𭎫,ty
𭎬,tg
𭎭,ht
𭎮,ot
𭎯,to
𭎰,tz
𭎱,tt
𭎲,wt
𭎳,ty
𭎴,et
𭎵,ft
𭎶,tk
𭎷,tm
𭎸,ty
𭎹,tm
𭎺,te
𭎻,tr
𭎼,tg
𭎽,jt
𭎾,ty
𭎿,tp
𭏀,qt
𭏁,tf
𭏂,xt
𭏃,xt
𭏄,dt
𭏅,tj
𭏆,tv
𭏇,wt
𭏈,dt
𭏉,tt
𭏊,ty
𭏋,ta
𭏌,tu
𭏍,tw
𭏎,to
𭏏,ot
𭏐,ty
𭏑,rt
𭏒,tu
𭏓,rd
𭏔,tx
𭏕,tx
𭏖,tj
𭏗,tv
𭏘,tt
𭏙,st
𭏚,et
𭏛,tm
𭏜,tu
𭏝,ax
𭏞,gr
𭏟,tq
𭏠,tt
𭏡,tt
𭏢,rt
𭏣,tj
𭏤,tk
𭏥,tu
𭏦,tm
𭏧,ta
𭏨,tt
𭏩,to
𭏪,it
𭏫,tc
𭏬,tf
𭏭,xt
𭏮,qy
𭏯,tn
𭏰,dt
𭏱,te
𭏲,ty
𭏳,bt
𭏴,to
𭏵,tk
𭏶,ct
𭏷,at
𭏸,tb
𭏹,tt
𭏺,dt
𭏻,lt
𭏼,wt
𭏽,ty
𭏾,te
𭏿,sr
𭐀,td
𭐁,tx
𭐂,ot
𭐃,vt
𭐄,tt
𭐅,ce
𭐆,tj
𭐇,tp
𭐈,tx
𭐉,dt
𭐊,gt
𭐋,bt
𭐌,tm
𭐍,td
𭐎,tw
𭐏,to
𭐐,ty
𭐑,lw
𭐒,tk
𭐓,tw
𭐔,tl
𭐕,tj
𭐖,tc
𭐗,tx
𭐘,tm
𭐙,tc
𭐚,tk
𭐛,ta
𭐜,tk
𭐝,wp
𭐞,wb
𭐟,xy
𭐠,vw
𭐡,bw
𭐢,cw
𭐣,rw
𭐤,ww
𭐥,pw
𭐦,ww
𭐧,aw
𭐨,tv
𭐩,sn
𭐪,sw
𭐫,vw
𭐬,dw
𭐭,tk
𭐮,qw
𭐯,bw
𭐰,qw
𭐱,bw
𭐲,bt
𭐵,xy
𭐶,xy
𭐷,xk
𭐸,xn
𭐹,xq
𭐺,ww
𭐻,wy
𭐼,uu
𭐽,xl
𭐾,xa
𭐿,wk
𭑀,xd
𭑁,wj
𭑂,jd
𭑃,dy
𭑄,xd
𭑅,dk
𭑆,ty
𭑇,ty
𭑈,tt
𭑉,bd
𭑊,jd
𭑋,dd
𭑌,fj
𭑍,kd
𭑎,dd
𭑏,dd
𭑐,pm
𭑑,vd
𭑒,pd
𭑓,ut
𭑔,df
𭑕,ud
𭑖,jj
𭑗,dt
𭑘,fy
𭑙,tm
𭑚,yo
𭑛,dk
𭑜,af
𭑝,dt
𭑞,dd
𭑟,pd
𭑠,db
𭑡,qg
𭑢,bv
𭑣,do
𭑤,id
𭑥,dx
𭑦,xk
𭑧,nb
𭑨,bn
𭑩,nn
𭑪,nd
𭑫,nv
𭑬,nw
𭑭,sn
𭑮,nf
𭑯,nx
𭑰,no
𭑱,nj
𭑲,vn
𭑳,nk
𭑴,nm
𭑵,yn
𭑶,rn
𭑷,nu
𭑸,ny
𭑹,nt
𭑺,nc
𭑻,nj
𭑼,na
𭑽,nx
𭑾,np
𭑿,gn
𭒀,yn
𭒁,wn
𭒂,kn
𭒃,nj
𭒄,nx
𭒅,ne
𭒆,ns
𭒇,nb
𭒈,nu
𭒉,nu
𭒊,nn
𭒋,ng
𭒌,nu
𭒍,xy
𭒎,nd
𭒏,nh
𭒐,dn
𭒑,nj
𭒒,en
𭒓,an
𭒔,nk
𭒕,kn
𭒖,nq
𭒗,nd
𭒘,pn
𭒙,ng
𭒚,nc
𭒛,nu
𭒜,nd
𭒝,pn
𭒞,dn
𭒟,nt
𭒠,nk
𭒡,nh
𭒢,nh
𭒣,nu
𭒤,nl
𭒥,nl
𭒦,nq
𭒧,nw
𭒨,nk
𭒩,nw
𭒪,nb
𭒫,nw
𭒬,ng
𭒭,nb
𭒮,no
𭒯,cn
𭒰,un
𭒱,bn
𭒲,bn
𭒳,nz
𭒴,nf
𭒵,nn
𭒶,zd
𭒷,ze
𭒸,zs
𭒹,zl
𭒺,zf
𭒻,zy
𭒼,zj
𭒽,zq
𭒾,zj
𭒿,zu
𭓀,zl
𭓁,zt
𭓂,zx
𭓃,zx
𭓄,zy
𭓅,zz
𭓆,bv
𭓇,lz
𭓈,zv
𭓉,zo
𭓊,zk
𭓋,xz
𭓌,zc
𭓍,zq
𭓎,zd
𭓏,zt
𭓐,zy
𭓑,zx
𭓒,zz
𭓓,xi
𭓔,wd
𭓕,lz
𭓖,bl
𭓗,dz
𭓘,lz
𭓙,bo
𭓚,xl
𭓛,ze
𭓜,vl
𭓝,xz
𭓞,bu
𭓟,by
𭓠,bw
𭓡,bb
𭓢,bu
𭓣,bg
𭓤,bj
𭓥,bv
𭓦,bh
𭓧,by
𭓨,bl
𭓩,bb
𭓪,bg
𭓫,bz
𭓬,bf
𭓭,ba
𭓮,bl
𭓯,bu
𭓰,by
𭓱,ba
𭓲,by
𭓳,bd
𭓴,bd
𭓵,ba
𭓶,bu
𭓷,bu
𭓸,bk
𭓹,bv
𭓺,bw
𭓻,bb
𭓼,bq
𭓽,bu
𭓾,bw
𭓿,bb
𭔀,bu
𭔁,bd
𭔂,bp
𭔃,bk
𭔄,bl
𭔅,bb
𭔆,bw
𭔇,bb
𭔈,br
𭔉,bg
𭔊,bs
𭔋,bk
𭔌,bo
𭔍,bw
𭔎,bx
𭔏,bk
𭔐,bg
𭔑,bt
𭔒,bw
𭔓,bh
𭔔,by
𭔕,bd
𭔖,bl
𭔗,bx
𭔘,bu
𭔚,by
𭔛,bg
𭔜,ba
𭔝,br
𭔞,by
𭔟,bb
𭔠,bg
𭔡,bf
𭔢,bj
𭔣,bk
𭔤,bz
𭔥,bh
𭔦,bk
𭔧,bw
𭔨,bn
𭔩,wc
𭔪,pc
𭔫,gc
𭔬,jc
𭔭,tc
𭔮,uc
𭔯,xc
𭔰,dc
𭔱,ic
𭔲,jc
𭔳,oy
𭔴,ec
𭔵,uc
𭔶,cc
𭔷,dc
𭔸,bc
𭔹,cc
𭔺,rc
𭔻,dc
𭔼,ec
𭔽,ec
𭔾,yc
𭔿,bc
𭕀,tc
𭕁,oc
𭕂,wc
𭕃,it
𭕄,xx
𭕅,xj
𭕆,xb
𭕇,tx
𭕈,xd
𭕉,lx
𭕊,xy
𭕋,px
𭕌,xx
𭕍,bg
𭕎,wt
𭕏,ww
𭕐,wy
𭕑,wy
𭕒,wy
𭕓,wy
𭕔,uk
𭕕,ub
𭕖,uy
𭕗,uy
𭕘,uo
𭕙,uf
𭕚,uy
𭕛,ui
𭕜,uk
𭕝,uu
𭕞,uy
𭕟,uy
𭕠,ut
𭕡,uf
𭕢,ii
𭕣,uj
𭕤,ud
𭕥,uw
𭕦,oi
𭕧,uy
𭕨,uk
𭕩,ug
𭕪,uj
𭕫,uz
𭕬,uy
𭕭,un
𭕮,ul
𭕯,ub
𭕰,ug
𭕱,ud
𭕲,ym
𭕳,uj
𭕴,us
𭕵,ut
𭕶,uc
𭕷,uk
𭕸,uk
𭕹,ug
𭕺,uo
𭕻,ur
𭕼,ug
𭕽,ur
𭕾,pc
𭕿,pd
𭖀,ud
𭖁,us
𭖂,uy
𭖃,uj
𭖄,ux
𭖅,us
𭖆,uv
𭖇,uv
𭖈,ul
𭖉,ue
𭖊,bu
𭖋,uw
𭖌,ud
𭖍,uq
𭖎,up
𭖏,ut
𭖐,uj
𭖑,ub
𭖒,uv
𭖓,ug
𭖔,lu
𭖕,uw
𭖖,ub
𭖗,ul
𭖘,ut
𭖙,ug
𭖚,ux
𭖛,uk
𭖜,uu
𭖝,uz
𭖞,uy
𭖟,ud
𭖠,uy
𭖡,ux
𭖢,uf
𭖣,uk
𭖤,uj
𭖥,uo
𭖦,ug
𭖧,uw
𭖨,uw
𭖩,ug
𭖪,um
𭖫,uk
𭖬,uc
𭖭,uu
𭖮,uv
𭖯,qd
𭖰,ub
𭖱,ug
𭖲,ru
𭖳,uq
𭖴,uf
𭖵,ub
𭖶,uo
𭖷,ux
𭖸,uw
𭖹,uo
𭖺,ux
𭖻,ue
𭖽,hu
𭖾,ud
𭖿,ud
𭗀,uk
𭗁,ud
𭗂,ug
𭗃,uu
𭗄,uw
𭗅,ux
𭗆,um
𭗇,uc
𭗈,uo
𭗉,ui
𭗊,uq
𭗋,uv
𭗌,ug
𭗍,uu
𭗎,gu
𭗏,uu
𭗐,uw
𭗑,uy
𭗒,uw
𭗓,uw
𭗔,uv
𭗕,uy
𭗖,uk
𭗗,ux
𭗘,uf
𭗙,uo
𭗚,uc
𭗛,uw
𭗜,ub
𭗝,uv
𭗞,uo
𭗟,uf
𭗠,ug
𭗡,um
𭗢,uq
𭗣,uy
𭗤,zy
𭗥,us
𭗦,ua
𭗧,uj
𭗨,uj
𭗩,uk
𭗪,ug
𭗫,uw
𭗬,uh
𭗭,uw
𭗮,uy
𭗯,ud
𭗰,uz
𭗱,eu
𭗲,ug
𭗳,ux
𭗴,uy
𭗵,ue
𭗶,ui
𭗷,uw
𭗸,ub
𭗹,ut
𭗺,vq
𭗻,av
𭗼,vu
𭗽,vt
𭗾,vx
𭗿,vd
𭘀,dl
𭘁,sv
𭘂,vg
𭘃,gx
𭘄,gw
𭘅,gu
𭘆,wr
𭘇,gk
𭘈,jv
𭘉,ue
𭘊,bs
𭘋,ys
𭘌,ys
𭘍,ij
𭘎,gs
𭘏,bl
𭘐,lg
𭘑,ij
𭘒,ej
𭘓,jw
𭘔,jw
𭘕,jw
𭘖,jg
𭘗,jy
𭘘,js
𭘙,jb
𭘚,jk
𭘛,jh
𭘜,jg
𭘝,jq
𭘞,jk
𭘟,uy
𭘠,jj
𭘡,jw
𭘢,hj
𭘣,wj
𭘤,jj
𭘥,jx
𭘦,jt
𭘧,cj
𭘨,ud
𭘩,jw
𭘪,jo
𭘫,jw
𭘬,wy
𭘭,jd
𭘮,jj
𭘯,uo
𭘰,jc
𭘱,jo
𭘲,jf
𭘳,wy
𭘴,jp
𭘵,jb
𭘶,ju
𭘷,cj
𭘸,bj
𭘹,uk
𭘺,bj
𭘻,jb
𭘼,jb
𭘽,wb
𭘾,we
𭘿,gq
𭙀,gv
𭙁,pw
𭙂,nb
𭙃,gl
𭙄,nk
𭙅,nu
𭙆,pn
𭙇,bo
𭙈,yv
𭙉,vy
𭙊,yd
𭙋,yy
𭙌,gv
𭙍,gj
𭙎,gy
𭙏,gl
𭙐,gv
𭙑,ad
𭙒,gz
𭙓,gd
𭙔,gu
𭙕,gu
𭙖,gy
𭙗,ga
𭙘,gy
𭙙,gk
𭙚,gy
𭙛,gg
𭙜,gg
𭙝,gm
𭙞,gk
𭙟,gd
𭙠,gu
𭙡,gy
𭙢,ge
𭙣,gt
𭙤,gb
𭙥,gc
𭙦,gw
𭙧,gd
𭙨,ga
𭙩,gu
𭙪,gr
𭙫,gy
𭙬,gs
𭙭,gg
𭙮,gk
𭙯,gb
𭙰,gb
𭙱,gw
𭙲,gk
𭙳,gt
𭙴,gu
𭙵,gq
𭙶,go
𭙷,gw
𭙸,gf
𭙹,gu
𭙺,gj
𭙻,gy
𭙼,gh
𭙽,gq
𭙾,gy
𭙿,gd
𭚀,gy
𭚁,gy
𭚂,gb
𭚃,go
𭚄,gx
𭚅,gn
𭚆,ge
𭚇,gu
𭚈,gb
𭚉,go
𭚊,gn
𭚋,gu
𭚌,gt
𭚍,gb
𭚎,gy
𭚏,gi
𭚐,gl
𭚑,gk
𭚒,zd
𭚓,zy
𭚔,zf
𭚕,zu
𭚖,pc
𭚗,wd
𭚘,uc
𭚙,wg
𭚚,vc
𭚛,wu
𭚜,kc
𭚝,zc
𭚞,sc
𭚟,ga
𭚠,pd
𭚡,gk
𭚢,tg
𭚣,go
𭚤,yg
𭚥,dv
𭚦,gg
𭚧,gu
𭚨,yl
𭚩,gg
𭚪,gi
𭚫,gp
𭚬,gk
𭚭,gb
𭚮,gk
𭚯,ng
𭚰,gx
𭚱,gw
𭚲,ga
𭚳,gr
𭚴,gs
𭚵,gu
𭚶,go
𭚸,gi
𭚹,gu
𭚺,gl
𭚻,gy
𭚼,gu
𭚽,gu
𭚾,bs
𭚿,gd
𭛀,gt
𭛁,yw
𭛂,gg
𭛃,gm
𭛄,ga
𭛅,gx
𭛆,go
𭛇,gy
𭛈,gd
𭛉,gu
𭛊,bu
𭛋,bg
𭛌,gj
𭛍,ee
𭛎,eb
𭛏,hb
𭛐,eu
𭛑,hj
𭛒,ei
𭛓,yp
𭛔,ip
𭛕,pl
𭛖,pl
𭛗,pa
𭛘,vp
𭛙,cp
𭛚,hp
𭛛,wo
𭛜,rq
𭛝,ra
𭛞,ry
𭛟,rq
𭛠,ry
𭛡,rk
𭛢,rr
𭛣,rx
𭛤,rk
𭛥,rk
𭛦,rf
𭛧,rl
𭛨,rq
𭛩,rb
𭛪,ro
𭛫,rz
𭛬,rz
𭛭,rx
𭛮,rv
𭛯,ro
𭛰,rd
𭛱,rk
𭛲,ry
𭛳,rf
𭛴,rc
𭛵,rx
𭛶,ry
𭛷,rt
𭛸,rd
𭛹,ra
𭛺,rj
𭛻,rh
𭛼,rz
𭛽,rm
𭛾,rw
𭛿,rw
𭜀,rl
𭜁,ro
𭜂,rw
𭜃,rl
𭜄,ru
𭜅,rv
𭜆,ra
𭜇,rk
𭜈,rw
𭜉,rb
𭜊,ry
𭜋,ax
𭜌,xw
𭜍,mx
𭜎,kx
𭜏,xb
𭜐,xw
𭜑,cx
𭜒,xv
𭜓,ax
𭜔,xr
𭜕,xk
𭜖,xd
𭜗,xd
𭜘,wx
𭜙,tx
𭜚,xe
𭜛,xm
𭜜,xo
𭜝,yx
𭜞,xy
𭜟,xu
𭜠,xd
𭜡,xs
𭜢,xc
𭜣,px
𭜤,px
𭜥,xx
𭜦,ex
𭜧,bx
𭜨,dx
𭜩,ax
𭜪,wx
𭜫,ix
𭜬,xu
𭜭,xw
𭜮,jx
𭜯,dx
𭜰,bx
𭜱,xu
𭜲,xl
𭜳,vx
𭜴,xd
𭜵,ex
𭜶,tx
𭜷,ax
𭜸,xz
𭜹,gx
𭜺,yx
𭜻,xt
𭜼,xb
𭜽,xl
𭜾,xb
𭜿,xv
𭝀,xj
𭝁,rx
𭝂,xz
𭝃,xg
𭝄,xj
𭝅,xx
𭝆,nx
𭝇,nx
𭝈,xk
𭝉,sx
𭝊,ex
𭝋,xh
𭝌,fx
𭝍,dx
𭝎,xu
𭝏,xr
𭝐,xv
𭝑,xa
𭝒,xx
𭝓,ox
𭝔,xy
𭝕,xe
𭝖,rx
𭝗,xx
𭝘,px
𭝙,dx
𭝚,xo
𭝛,bx
𭝜,bx
𭝝,vx
𭝞,xg
𭝟,xg
𭝠,dx
𭝡,ix
𭝢,fx
𭝣,xe
𭝤,ex
𭝥,ux
𭝦,ax
𭝧,xd
𭝨,ix
𭝪,xv
𭝫,kx
𭝬,xe
𭝭,xx
𭝮,rx
𭝯,rb
𭝰,xb
𭝱,rx
𭝲,rx
𭝳,xm
𭝴,dx
𭝵,wx
𭝶,rx
𭝷,xx
𭝸,bx
𭝹,xc
𭝺,xu
𭝻,xx
𭝼,xx
𭝽,xk
𭝾,wx
𭝿,xc
𭞀,vx
𭞁,rx
𭞂,rx
𭞃,rx
𭞄,xy
𭞅,xt
𭞆,xw
𭞇,wb
𭞈,wx
𭞉,nx
𭞊,ux
𭞋,xx
𭞌,bx
𭞍,gx
𭞎,xb
𭞏,ix
𭞑,fx
𭞒,xc
𭞓,fx
𭞔,yi
𭞕,ox
𭞖,xe
𭞗,ux
𭞘,ox
𭞙,xl
𭞚,xj
𭞛,xl
𭞜,xx
𭞝,rx
𭞞,xv
𭞟,xd
𭞠,px
𭞡,xk
𭞢,dx
𭞣,xg
𭞤,mx
𭞥,xd
𭞦,ax
𭞧,ux
𭞨,ix
𭞩,xo
𭞪,xx
𭞫,tx
𭞬,xt
𭞭,xc
𭞮,ox
𭞯,xj
𭞰,xo
𭞱,cy
𭞲,xx
𭞳,ox
𭞴,xf
𭞵,xc
𭞶,xd
𭞷,xv
𭞸,dx
𭞹,xv
𭞺,xh
𭞻,xo
𭞼,xb
𭞽,xx
𭞾,xu
𭞿,ww
𭟀,mx
𭟁,xj
𭟂,bx
𭟃,xv
𭟄,yx
𭟅,xc
𭟆,xo
𭟇,xk
𭟈,xd
𭟉,xk
𭟊,xb
𭟋,bx
𭟌,dx
𭟍,xx
𭟎,xb
𭟏,ix
𭟐,xb
𭟑,xo
𭟒,xo
𭟓,xt
𭟔,hx
𭟕,dx
𭟖,xu
𭟗,xw
𭟘,xo
𭟙,xv
𭟚,xx
𭟛,lx
𭟜,tx
𭟝,xy
𭟞,xx
𭟟,sx
𭟠,rx
𭟡,hx
𭟢,bx
𭟣,xz
𭟤,xo
𭟥,xb
𭟦,wx
𭟧,xo
𭟨,xd
𭟩,xs
𭟪,lx
𭟫,xn
𭟬,xl
𭟭,xb
𭟮,ga
𭟯,tg
𭟰,gv
𭟱,bg
𭟲,rg
𭟳,kg
𭟴,go
𭟵,gy
𭟷,vg
𭟸,yr
𭟹,dl
𭟺,eg
𭟻,gw
𭟼,hg
𭟽,yg
𭟿,hv
𭠀,hg
𭠁,hl
𭠂,hk
𭠃,hy
𭠄,hg
𭠅,hy
𭠆,hb
𭠇,ht
𭠈,hf
𭠉,hu
𭠊,hp
𭠋,ha
𭠌,hs
𭠍,yp
𭠎,fy
𭠏,ux
𭠐,fv
𭠑,fa
𭠒,fd
𭠓,uf
𭠔,uv
𭠕,uw
𭠖,ui
𭠗,fk
𭠘,fy
𭠙,fy
𭠚,fv
𭠛,fg
𭠜,ft
𭠝,fr
𭠞,ul
𭠟,fk
𭠡,fk
𭠢,fy
𭠣,fr
𭠤,fd
𭠥,fo
𭠦,fg
𭠧,du
𭠨,ft
𭠩,fd
𭠪,fz
𭠫,uk
𭠬,fk
𭠭,fd
𭠮,fy
𭠯,fc
𭠰,uw
𭠱,fd
𭠲,ug
𭠳,ux
𭠴,uc
𭠵,fy
𭠶,fx
𭠷,ft
𭠸,uc
𭠹,fj
𭠺,uj
𭠻,ud
𭠼,fb
𭠽,fx
𭠾,ft
𭠿,fl
𭡀,fi
𭡁,fj
𭡂,fx
𭡃,fv
𭡄,fx
𭡅,fl
𭡆,fa
𭡇,ue
𭡈,fz
𭡉,fy
𭡊,fe
𭡋,au
𭡌,fv
𭡍,ux
𭡎,ub
𭡏,fg
𭡐,fw
𭡑,fo
𭡒,fj
𭡓,fw
𭡔,fb
𭡕,ft
𭡖,fy
𭡗,fk
𭡘,fb
𭡙,uo
𭡚,fq
𭡛,fe
𭡜,fu
𭡝,fu
𭡞,fc
𭡟,fy
𭡠,fu
𭡡,fm
𭡢,fc
𭡣,ou
𭡤,ud
𭡥,ff
𭡦,fu
𭡧,fe
𭡨,fb
𭡩,fk
𭡪,fw
𭡫,fi
𭡬,fd
𭡭,fu
𭡮,fu
𭡯,fd
𭡰,uw
𭡱,fy
𭡲,fw
𭡳,fj
𭡴,fm
𭡵,fx
𭡶,fu
𭡷,fd
𭡸,fz
𭡹,fj
𭡺,fd
𭡻,uy
𭡼,ut
𭡽,fr
𭡾,fm
𭡿,fy
𭢀,fa
𭢁,fm
𭢂,fr
𭢃,fn
𭢄,fo
𭢅,lu
𭢆,fy
𭢇,uv
𭢈,fq
𭢉,fq
𭢊,uf
𭢋,fm
𭢌,fm
𭢍,fa
𭢎,fo
𭢏,fu
𭢐,fu
𭢑,uo
𭢒,fw
𭢓,fu
𭢔,fk
𭢕,fm
𭢖,fw
𭢗,fo
𭢘,fo
𭢙,fx
𭢚,fy
𭢛,fe
𭢜,fv
𭢝,fo
𭢞,fo
𭢟,fx
𭢠,fa
𭢡,fl
𭢢,fx
𭢣,fo
𭢤,fb
𭢥,fk
𭢦,ft
𭢧,fl
𭢨,fy
𭢩,vu
𭢪,fk
𭢫,fa
𭢬,fc
𭢭,ft
𭢮,fs
𭢯,ff
𭢰,fi
𭢱,nd
𭢲,fk
𭢳,fm
𭢴,fu
𭢵,fl
𭢶,fj
𭢷,uc
𭢸,fv
𭢹,fy
𭢺,fe
𭢻,ft
𭢼,fi
𭢽,gy
𭢾,fd
𭢿,fl
𭣀,ut
𭣁,fb
𭣂,nu
𭣃,fo
𭣄,fj
𭣅,fh
𭣆,tu
𭣇,fy
𭣈,ku
𭣉,fv
𭣊,fa
𭣋,fj
𭣌,fy
𭣍,fx
𭣎,fx
𭣏,fu
𭣐,fb
𭣑,wb
𭣒,gm
𭣓,fh
𭣕,gp
𭣖,lv
𭣗,vv
𭣘,vb
𭣙,wv
𭣛,tv
𭣜,xv
𭣝,xv
𭣞,uv
𭣟,xv
𭣠,vv
𭣡,lw
𭣢,ry
𭣣,lw
𭣤,dw
𭣥,uw
𭣦,dw
𭣧,yw
𭣨,iw
𭣩,iw
𭣪,iw
𭣫,bw
𭣬,uw
𭣭,gy
𭣮,nw
𭣯,uy
𭣰,dw
𭣱,xw
𭣲,xw
𭣳,by
𭣴,uy
𭣵,cw
𭣶,kw
𭣷,xo
𭣸,wy
𭣹,co
𭣺,cw
𭣻,fw
𭣼,yv
𭣽,iy
𭣾,ww
𭣿,wy
𭤀,bw
𭤁,fb
𭤂,bw
𭤃,kw
𭤄,th
𭤅,iy
𭤆,mv
𭤇,mn
𭤈,iw
𭤉,uu
𭤊,lw
𭤌,sw
𭤍,bw
𭤎,wl
𭤏,lw
𭤐,hy
𭤑,yw
𭤒,oy
𭤓,bw
𭤔,wj
𭤕,wu
𭤖,vw
𭤗,wv
𭤘,wd
𭤙,mw
𭤚,wx
𭤛,yw
𭤜,hd
𭤝,kd
𭤞,gd
𭤟,il
𭤠,qt
𭤡,gt
𭤢,if
𭤣,ot
𭤤,ot
𭤥,ll
𭤦,st
𭤧,al
𭤨,fp
𭤩,fs
𭤫,fv
𭤬,fp
𭤭,fg
𭤮,fy
𭤯,fu
𭤰,fy
𭤱,ff
𭤲,fb
𭤳,fl
𭤴,fq
𭤵,tf
𭤶,fe
𭤷,fd
𭤸,fb
𭤹,fr
𭤺,fj
𭤻,fa
𭤼,fx
𭤽,fi
𭤾,fi
𭤿,fy
𭥀,fk
𭥁,ff
𭥂,if
𭥃,fk
𭥄,fz
𭥅,fr
𭥆,fd
𭥇,fb
𭥈,wg
𭥉,fg
𭥊,gf
𭥋,ov
𭥌,od
𭥍,po
𭥎,so
𭥏,od
𭥐,og
𭥑,ox
𭥒,oy
𭥓,oy
𭥔,oy
𭥕,ow
𭥖,oy
𭥗,oo
𭥘,bo
𭥙,oj
𭥚,ou
𭥛,ov
𭥜,io
𭥝,vo
𭥞,oy
𭥠,oy
𭥡,ov
𭥢,ou
𭥣,bo
𭥤,ok
𭥥,oj
𭥦,oe
𭥧,ou
𭥨,ow
𭥩,ol
𭥪,ol
𭥫,to
𭥬,po
𭥭,ov
𭥮,oq
𭥯,oo
𭥰,ow
𭥱,oc
𭥲,oo
𭥳,ou
𭥴,wo
𭥵,ok
𭥶,oa
𭥷,oo
𭥸,oc
𭥹,ou
𭥺,og
𭥻,om
𭥼,ob
𭥽,ob
𭥾,oy
𭥿,of
𭦀,ol
𭦁,oj
𭦂,og
𭦃,ro
𭦄,oc
𭦅,ot
𭦆,od
𭦇,ow
𭦈,ob
𭦉,ol
𭦊,oz
𭦋,ov
𭦌,do
𭦍,oo
𭦎,ov
𭦏,od
𭦐,oe
𭦑,ow
𭦒,oj
𭦓,oi
𭦔,ow
𭦕,ow
𭦖,so
𭦗,od
𭦘,uk
𭦙,eo
𭦚,bo
𭦛,ou
𭦜,og
𭦝,os
𭦞,oe
𭦟,ow
𭦠,oc
𭦡,oq
𭦢,ot
𭦣,ov
𭦤,oz
𭦥,oc
𭦦,oo
𭦧,ou
𭦨,yk
𭦩,oy
𭦪,xo
𭦫,xo
𭦬,ob
𭦭,ot
𭦮,oa
𭦯,ou
𭦰,bf
𭦱,oe
𭦳,io
𭦴,ol
𭦵,ot
𭦶,og
𭦷,on
𭦸,ow
𭦹,oi
𭦺,or
𭦻,om
𭦼,og
𭦽,oj
𭦾,oj
𭦿,oy
𭧀,ko
𭧁,uj
𭧂,ox
𭧃,oy
𭧄,ol
𭧅,oa
𭧆,xo
𭧇,ow
𭧈,oh
𭧉,oy
𭧊,ow
𭧋,ox
𭧌,og
𭧍,ol
𭧎,od
𭧏,oj
𭧐,oj
𭧑,oq
𭧒,oi
𭧓,oj
𭧔,ao
𭧕,ov
𭧖,on
𭧗,oc
𭧘,on
𭧙,ok
𭧚,og
𭧛,od
𭧜,oa
𭧝,uv
𭧞,od
𭧟,oj
𭧠,ol
𭧡,yo
𭧢,gz
𭧣,to
𭧤,oo
𭧥,ob
𭧦,ow
𭧧,oc
𭧨,ow
𭧩,ou
𭧪,oh
𭧫,ob
𭧬,ok
𭧭,oh
𭧮,ov
𭧯,oy
𭧰,ol
𭧱,oo
𭧲,oh
𭧳,to
𭧴,oa
𭧵,oy
𭧶,oh
𭧷,ol
𭧸,oq
𭧹,oo
𭧺,om
𭧻,ol
𭧼,oj
𭧽,of
𭧾,oh
𭧿,om
𭨀,iy
𭨁,ob
𭨂,cb
𭨃,ox
𭨄,ox
𭨅,oj
𭨆,og
𭨇,oo
𭨈,oo
𭨉,ot
𭨊,oo
𭨋,of
𭨌,oh
𭨍,ob
𭨎,oa
𭨏,ob
𭨐,so
𭨑,oc
𭨒,ov
𭨓,oq
𭨔,uk
𭨕,oj
𭨖,oy
𭨗,ok
𭨙,qk
𭨚,xo
𭨛,qv
𭨜,qg
𭨝,ot
𭨞,wo
𭨟,bc
𭨠,ho
𭨡,yu
𭨢,ox
𭨣,oc
𭨤,oe
𭨥,ol
𭨦,ol
𭨧,og
𭨨,yo
𭨩,ok
𭨪,ov
𭨫,oj
𭨬,oh
𭨭,oy
𭨮,ou
𭨯,ov
𭨰,oy
𭨱,od
𭨲,ol
𭨳,oy
𭨴,og
𭨵,og
𭨶,ot
𭨷,ok
𭨸,ok
𭨹,ov
𭨺,ok
𭨻,og
𭨼,hb
𭨽,oo
𭨾,pm
𭨿,ho
𭩀,go
𭩁,ok
𭩂,oi
𭩃,ow
𭩄,ob
𭩅,ou
𭩆,oy
𭩇,og
𭩈,ou
𭩉,ob
𭩊,ow
𭩋,oj
𭩌,wx
𭩍,oz
𭩎,ou
𭩏,oq
𭩐,of
𭩑,ox
𭩒,oi
𭩓,ob
𭩔,wm
𭩕,wq
𭩖,on
𭩗,or
𭩘,av
𭩙,ax
𭩚,ay
𭩛,am
𭩜,aw
𭩝,ab
𭩞,ya
𭩟,ar
𭩠,ca
𭩡,al
𭩢,ja
𭩣,ak
𭩤,ag
𭩥,ta
𭩦,ab
𭩧,ag
𭩨,al
𭩪,ae
𭩫,ag
𭩬,ay
𭩭,xl
𭩮,da
𭩯,ay
𭩰,ay
𭩲,ga
𭩳,aq
𭩴,ai
𭩵,ao
𭩶,da
𭩷,ab
𭩸,ka
𭩹,ak
𭩺,ao
𭩻,av
𭩼,ma
𭩽,am
𭩾,ab
𭩿,sa
𭪀,lb
𭪁,ad
𭪂,ad
𭪃,ta
𭪄,aw
𭪅,ak
𭪆,ac
𭪇,ak
𭪈,uq
𭪉,av
𭪊,ap
𭪋,jk
𭪌,av
𭪍,xb
𭪎,xk
𭪏,ag
𭪐,ak
𭪑,wa
𭪒,az
𭪓,ax
𭪔,aw
𭪕,da
𭪖,xa
𭪗,ba
𭪘,av
𭪙,cw
𭪚,ab
𭪛,fa
𭪜,av
𭪝,aq
𭪞,ah
𭪟,aw
𭪠,va
𭪡,ag
𭪢,ba
𭪣,ab
𭪤,ag
𭪥,gv
𭪦,au
𭪧,ae
𭪨,na
𭪩,ad
𭪪,ra
𭪫,fa
𭪬,xg
𭪭,wa
𭪮,ab
𭪯,ax
𭪰,da
𭪱,aa
𭪲,aj
𭪳,ua
𭪴,da
𭪵,au
𭪶,aw
𭪷,aa
𭪸,ae
𭪹,gj
𭪺,ad
𭪻,gp
𭪼,ua
𭪽,ao
𭪾,aj
𭪿,vu
𭫀,ab
𭫁,oa
𭫂,ai
𭫃,ac
𭫄,ra
𭫅,qa
𭫆,ai
𭫇,xv
𭫈,wr
𭫉,aw
𭫊,ak
𭫋,wa
𭫌,yu
𭫍,ay
𭫎,ak
𭫏,aa
𭫐,ar
𭫑,ua
𭫒,ba
𭫓,aa
𭫔,da
𭫕,ab
𭫖,ab
𭫗,al
𭫘,lr
𭫙,au
𭫚,au
𭫛,ao
𭫜,ak
𭫝,ll
𭫞,aq
𭫟,am
𭫠,ao
𭫡,ay
𭫢,wa
𭫣,aw
𭫤,al
𭫥,ak
𭫦,ax
𭫧,dm
𭫨,at
𭫩,ay
𭫪,va
𭫫,vl
𭫬,ah
𭫭,wy
𭫮,ma
𭫯,au
𭫰,ah
𭫱,ay
𭫲,af
𭫳,aa
𭫴,aa
𭫵,ai
𭫶,ak
𭫷,ai
𭫸,ah
𭫹,lk
𭫺,aw
𭫻,ab
𭫼,au
𭫽,aa
𭫾,aa
𭫿,af
𭬀,oa
𭬁,ax
𭬂,au
𭬃,ax
𭬄,ao
𭬅,xa
𭬆,ak
𭬇,au
𭬈,av
𭬉,aj
𭬊,av
𭬋,ad
𭬌,ad
𭬍,ak
𭬎,av
𭬏,sa
𭬐,ag
𭬑,af
𭬒,av
𭬓,aa
𭬔,aj
𭬕,aa
𭬖,an
𭬗,ad
𭬘,ah
𭬙,ar
𭬚,ea
𭬛,ai
𭬜,ac
𭬝,ak
𭬞,au
𭬟,ca
𭬠,al
𭬡,aw
𭬢,ya
𭬣,av
𭬤,au
𭬥,ak
𭬦,ah
𭬧,ai
𭬨,au
𭬩,au
𭬪,ag
𭬫,ka
𭬬,aa
𭬭,aw
𭬮,an
𭬯,ah
𭬰,aj
𭬱,af
𭬲,na
𭬳,av
𭬴,aj
𭬵,ag
𭬶,ao
𭬷,ua
𭬸,aq
𭬹,aj
𭬺,af
𭬻,ay
𭬼,aw
𭬽,ca
𭬾,ac
𭬿,ah
𭭀,ah
𭭁,ag
𭭂,am
𭭃,ab
𭭄,bq
𭭅,yq
𭭆,bq
𭭇,uq
𭭈,yq
𭭉,wq
𭭊,xq
𭭋,yq
𭭌,bq
𭭍,uq
𭭎,uq
𭭏,kq
𭭐,oq
𭭑,oq
𭭒,yq
𭭓,bq
𭭔,hq
𭭕,cq
𭭖,gq
𭭗,jq
𭭘,vv
𭭙,vj
𭭚,vd
𭭛,vy
𭭜,vt
𭭝,vh
𭭞,vq
𭭟,vk
𭭠,yv
𭭡,cv
𭭢,vk
𭭣,eg
𭭤,vz
𭭥,vd
𭭦,vm
𭭧,vy
𭭨,vk
𭭩,wv
𭭪,bl
𭭫,gk
𭭬,uv
𭭭,vs
𭭮,gj
𭭯,gw
𭭰,vw
𭭱,hv
𭭲,vg
𭭳,vm
𭭴,vv
𭭵,vu
𭭶,vr
𭭷,vz
𭭸,gr
𭭹,gx
𭭺,vw
𭭻,pb
𭭼,vt
𭭽,db
𭭾,db
𭭿,dk
𭮀,ds
𭮁,ds
𭮂,dv
𭮃,dd
𭮄,ds
𭮅,dy
𭮆,dv
𭮇,du
𭮈,dy
𭮉,da
𭮊,ds
𭮋,dg
𭮌,dx
𭮍,dy
𭮎,dk
𭮏,dq
𭮐,ds
𭮑,dx
𭮒,di
𭮓,dm
𭮔,dl
𭮕,dk
𭮖,dn
𭮗,dv
𭮘,da
𭮙,il
𭮚,du
𭮛,dl
𭮜,ab
𭮝,dv
𭮞,dj
𭮟,dh
𭮠,du
𭮡,dk
𭮢,do
𭮣,do
𭮤,db
𭮥,de
𭮦,dh
𭮧,xd
𭮨,iu
𭮩,bu
𭮪,tu
𭮫,pu
𭮬,pu
𭮭,uy
𭮮,bu
𭮯,yu
𭮰,ty
𭮱,py
𭮲,gu
𭮳,lt
𭮴,iu
𭮵,bu
𭮶,ty
𭮷,yu
𭮸,lu
𭮹,uu
𭮺,uy
𭮻,iy
𭮼,iy
𭮽,tf
𭮾,tk
𭮿,vu
𭯀,xw
𭯁,vu
𭯂,xa
𭯃,tg
𭯄,ju
𭯅,to
𭯆,ru
𭯇,sm
𭯈,bm
𭯉,pi
𭯊,bx
𭯋,yb
𭯌,bn
𭯍,db
𭯎,db
𭯏,vb
𭯐,ot
𭯑,wb
𭯒,bm
𭯓,mb
𭯔,mc
𭯕,my
𭯖,mb
𭯗,mf
𭯘,rm
𭯙,ml
𭯚,mw
𭯛,tm
𭯜,cm
𭯝,xm
𭯞,mk
𭯟,mw
𭯠,ym
𭯡,nm
𭯢,ul
𭯣,pm
𭯤,ml
𭯥,xm
𭯦,xm
𭯧,my
𭯨,mu
𭯩,xm
𭯪,xm
𭯫,mw
𭯬,wm
𭯭,mt
𭯮,xm
𭯯,mq
𭯰,vm
𭯱,bu
𭯲,qy
𭯳,qm
𭯴,qo
𭯵,qg
𭯶,ku
𭯷,dm
𭯸,dl
𭯹,de
𭯺,dw
𭯻,db
𭯼,yt
𭯽,dw
𭯾,dd
𭯿,dd
𭰀,dl
𭰁,ds
𭰂,dl
𭰃,dy
𭰄,dl
𭰅,ds
𭰆,dg
𭰇,uy
𭰈,di
𭰉,da
𭰊,dk
𭰋,uu
𭰌,dd
𭰍,di
𭰎,de
𭰏,da
𭰐,dd
𭰑,dx
𭰒,da
𭰓,dq
𭰔,dx
𭰕,dz
𭰖,dg
𭰗,dw
𭰘,dr
𭰙,dj
𭰚,de
𭰛,dl
𭰜,dj
𭰝,di
𭰞,dk
𭰟,db
𭰠,dv
𭰡,dc
𭰢,dh
𭰣,bu
𭰤,df
𭰥,dn
𭰦,dg
𭰧,do
𭰨,ds
𭰩,dd
𭰪,dl
𭰫,dk
𭰬,db
𭰭,cu
𭰮,dy
𭰯,ds
𭰰,ds
𭰱,db
𭰲,dk
𭰳,dy
𭰴,do
𭰵,du
𭰶,dw
𭰷,de
𭰸,dv
𭰹,dm
𭰺,du
𭰻,dm
𭰼,dl
𭰽,dx
𭰾,dm
𭰿,dy
𭱀,db
𭱁,lu
𭱂,dn
𭱃,dc
𭱄,dc
𭱅,dl
𭱆,dd
𭱇,dy
𭱈,dc
𭱉,qg
𭱊,dy
𭱋,dr
𭱌,dg
𭱍,dk
𭱎,du
𭱏,dt
𭱐,dd
𭱑,do
𭱒,dy
𭱓,do
𭱔,dc
𭱕,dv
𭱖,dx
𭱗,dl
𭱘,db
𭱙,dj
𭱚,da
𭱛,dl
𭱜,dt
𭱝,dw
𭱞,dk
𭱟,dd
𭱠,da
𭱡,gu
𭱢,dl
𭱣,dw
𭱤,dd
𭱥,du
𭱦,dm
𭱧,dd
𭱨,da
𭱩,dl
𭱪,du
𭱫,dk
𭱬,dw
𭱭,dc
𭱮,nu
𭱯,du
𭱰,dz
𭱱,dt
𭱲,dx
𭱳,dd
𭱴,dt
𭱵,dy
𭱶,dk
𭱷,wl
𭱸,dd
𭱹,dk
𭱺,di
𭱻,dm
𭱼,do
𭱽,dr
𭱾,dw
𭱿,do
𭲀,de
𭲁,dr
𭲂,dc
𭲃,dm
𭲄,dg
𭲅,dw
𭲆,dk
𭲇,dp
𭲈,dh
𭲉,dj
𭲊,du
𭲋,dw
𭲌,du
𭲍,du
𭲎,dc
𭲏,df
𭲐,uu
𭲑,db
𭲒,db
𭲓,dx
𭲔,dt
𭲕,dw
𭲖,dx
𭲗,dt
𭲘,db
𭲙,du
𭲚,dx
𭲛,do
𭲜,db
𭲝,de
𭲞,dr
𭲟,do
𭲠,dw
𭲡,da
𭲢,do
𭲣,dn
𭲤,dv
𭲥,dt
𭲦,dw
𭲧,dw
𭲨,dj
𭲩,du
𭲪,dg
𭲫,dy
𭲬,db
𭲭,di
𭲮,dw
𭲯,dk
𭲰,dy
𭲱,du
𭲲,mu
𭲳,dm
𭲴,dj
𭲵,dh
𭲶,dv
𭲷,db
𭲸,dd
𭲹,dt
𭲺,da
𭲻,dl
𭲼,da
𭲽,df
𭲾,do
𭲿,dx
𭳀,dt
𭳁,do
𭳂,dn
𭳃,db
𭳅,dd
𭳆,dx
𭳇,do
𭳈,dd
𭳉,dd
𭳊,dv
𭳋,du
𭳌,do
𭳍,dd
𭳎,dv
𭳏,dx
𭳐,dt
𭳑,da
𭳒,da
𭳓,dr
𭳔,dl
𭳕,dy
𭳖,dy
𭳗,dh
𭳘,dv
𭳙,dk
𭳚,dc
𭳛,dj
𭳜,du
𭳝,dh
𭳞,dd
𭳟,dx
𭳠,dn
𭳡,dw
𭳢,db
𭳣,da
𭳤,dr
𭳥,dy
𭳦,dh
𭳧,dq
𭳨,db
𭳩,dx
𭳪,dw
𭳫,df
𭳬,dl
𭳭,dc
𭳮,du
𭳯,dx
𭳰,di
𭳱,dw
𭳲,dx
𭳳,dj
𭳴,dw
𭳵,dh
𭳶,dj
𭳷,dj
𭳸,dq
𭳹,di
𭳺,db
𭳻,dn
𭳼,dv
𭳽,dy
𭳾,ru
𭳿,hv
𭴀,dh
𭴁,bh
𭴂,hv
𭴃,gh
𭴄,hf
𭴅,hw
𭴆,wh
𭴇,nh
𭴈,hy
𭴉,yh
𭴊,hw
𭴋,oh
𭴌,ho
𭴍,hj
𭴎,hm
𭴏,hy
𭴐,hi
𭴑,hd
𭴒,hk
𭴓,hf
𭴔,jh
𭴕,xh
𭴖,lh
𭴗,hp
𭴘,yh
𭴙,vh
𭴚,vh
𭴛,ho
𭴜,hy
𭴝,xh
𭴞,hw
𭴟,hy
𭴠,bh
𭴡,hk
𭴢,wh
𭴣,bh
𭴤,he
𭴥,ha
𭴦,he
𭴧,hb
𭴨,hx
𭴩,ih
𭴪,yh
𭴫,oh
𭴬,lh
𭴭,hk
𭴮,vh
𭴯,rh
𭴰,hh
𭴱,hu
𭴲,hu
𭴳,ho
𭴴,he
𭴵,hy
𭴶,ht
𭴷,lh
𭴸,ih
𭴹,hh
𭴺,ah
𭴻,hy
𭴼,ho
𭴽,hh
𭴾,dh
𭴿,ph
𭵀,oh
𭵁,hb
𭵂,hw
𭵃,hq
𭵄,ph
𭵅,ho
𭵆,dh
𭵇,bh
𭵉,uh
𭵊,he
𭵋,hl
𭵍,hy
𭵎,hd
𭵏,ht
𭵐,bh
𭵑,hy
𭵒,hb
𭵓,he
𭵔,hu
𭵕,hy
𭵖,hf
𭵗,hd
𭵘,hw
𭵙,rh
𭵚,hk
𭵛,xh
𭵜,wh
𭵝,bh
𭵞,hq
𭵟,hx
𭵠,yh
𭵡,hb
𭵢,eh
𭵣,ah
𭵤,hp
𭵥,hy
𭵦,ah
𭵧,ih
𭵨,hy
𭵩,hq
𭵪,hc
𭵫,xu
𭵬,hw
𭵭,hg
𭵮,yh
𭵯,hh
𭵰,hb
𭵱,hh
𭵲,hc
𭵳,ih
𭵴,th
𭵵,hm
𭵶,hw
𭵷,hh
𭵸,hf
𭵹,hl
𭵺,dh
𭵻,hc
𭵼,xh
𭵽,hh
𭵾,ah
𭵿,ho
𭶀,hy
𭶁,hx
𭶂,hf
𭶃,kh
𭶄,hc
𭶅,hf
𭶆,hu
𭶇,ha
𭶈,wh
𭶉,dh
𭶊,th
𭶋,hb
𭶌,yh
𭶍,ch
𭶎,hr
𭶏,hk
𭶐,oh
𭶑,tk
𭶒,ha
𭶓,rh
𭶔,hw
𭶕,qh
𭶖,hx
𭶗,uh
𭶘,hb
𭶙,ht
𭶚,uh
𭶛,hw
𭶜,rh
𭶝,dh
𭶞,bh
𭶟,wh
𭶠,rh
𭶡,gh
𭶢,ch
𭶣,hd
𭶤,hv
𭶥,wh
𭶦,hx
𭶧,ch
𭶨,hm
𭶩,hk
𭶪,vo
𭶫,vj
𭶬,vb
𭶭,vr
𭶮,vu
𭶯,vy
𭶰,vb
𭶱,vw
𭶲,vu
𭶳,hv
𭶴,vq
𭶵,uy
𭶶,xv
𭶷,vi
𭶸,iv
𭶹,vy
𭶺,fb
𭶻,fk
𭶼,fi
𭶽,ft
𭶾,pv
𭶿,lw
𭷀,lf
𭷁,pw
𭷂,pg
𭷃,lg
𭷄,pg
𭷅,pc
𭷆,py
𭷇,px
𭷈,pc
𭷉,pa
𭷊,ps
𭷋,pm
𭷌,py
𭷍,sp
𭷎,pg
𭷏,yw
𭷐,yk
𭷑,yf
𭷒,yu
𭷓,nv
𭷔,dn
𭷕,fn
𭷖,ng
𭷗,nw
𭷘,jn
𭷙,ny
𭷚,nq
𭷛,nb
𭷜,nb
𭷝,nb
𭷞,nm
𭷟,nf
𭷠,qn
𭷡,nn
𭷢,sg
𭷣,qn
𭷤,tn
𭷥,yn
𭷦,nc
𭷧,nn
𭷨,nx
𭷩,nb
𭷪,sk
𭷫,nj
𭷬,sk
𭷭,no
𭷮,tn
𭷯,nn
𭷰,nc
𭷱,nd
𭷲,sk
𭷳,mn
𭷴,nw
𭷵,hn
𭷶,tn
𭷷,nv
𭷸,qd
𭷹,qv
𭷺,qv
𭷻,qj
𭷼,qj
𭷽,qn
𭷾,qd
𭷿,qk
𭸀,qg
𭸁,uq
𭸂,qx
𭸃,qd
𭸄,qe
𭸅,qk
𭸆,qr
𭸇,qz
𭸈,qy
𭸉,qf
𭸊,qr
𭸋,uq
𭸌,qw
𭸍,qe
𭸎,qb
𭸏,qo
𭸐,qe
𭸑,qx
𭸒,qm
𭸓,qa
𭸔,qp
𭸕,qw
𭸖,qt
𭸗,qa
𭸘,qa
𭸙,qg
𭸚,qy
𭸛,qo
𭸜,qu
𭸝,qg
𭸞,qu
𭸟,qk
𭸠,qy
𭸡,qx
𭸢,qk
𭸤,qb
𭸥,qx
𭸦,qm
𭸧,qa
𭸨,qt
𭸩,ql
𭸪,yq
𭸫,zk
𭸬,qw
𭸭,qo
𭸯,qn
𭸰,qb
𭸱,qm
𭸲,qa
𭸳,qh
𭸴,qy
𭸵,wd
𭸶,wm
𭸷,wv
𭸸,wy
𭸹,we
𭸺,wy
𭸻,wu
𭸼,xy
𭸽,aw
𭸾,wj
𭸿,wg
𭹀,wx
𭹁,wu
𭹂,wb
𭹃,wm
𭹄,we
𭹅,wa
𭹆,ww
𭹇,wf
𭹈,wd
𭹉,wj
𭹊,rd
𭹋,wq
𭹌,we
𭹍,wi
𭹎,dy
𭹏,wm
𭹐,wk
𭹑,wc
𭹒,wk
𭹓,ww
𭹔,wy
𭹕,wo
𭹖,uw
𭹗,wt
𭹘,wm
𭹙,wy
𭹚,wd
𭹛,wf
𭹜,wx
𭹝,wc
𭹞,ww
𭹟,wf
𭹠,ww
𭹡,wh
𭹢,wp
𭹣,wu
𭹤,wu
𭹥,wj
𭹦,we
𭹧,wk
𭹨,wr
𭹩,wt
𭹪,wv
𭹫,wb
𭹬,cw
𭹭,ww
𭹮,wk
𭹯,ww
𭹰,wj
𭹱,wk
𭹲,wm
𭹳,wa
𭹴,wy
𭹵,wm
𭹶,wk
𭹷,wm
𭹸,wg
𭹹,wa
𭹺,ww
𭹻,wu
𭹼,wc
𭹽,wx
𭹾,wv
𭹿,wh
𭺀,wd
𭺁,wf
𭺂,wk
𭺃,we
𭺄,ww
𭺅,wy
𭺆,ww
𭺇,wx
𭺈,wh
𭺉,ww
𭺊,wu
𭺋,wi
𭺌,wy
𭺍,wq
𭺎,wf
𭺏,wy
𭺐,wb
𭺑,wv
𭺒,wa
𭺓,wx
𭺔,wu
𭺕,wj
𭺖,ww
𭺗,gb
𭺘,gy
𭺙,wg
𭺚,gk
𭺛,ad
𭺜,ae
𭺝,wj
𭺞,wk
𭺟,wi
𭺠,dw
𭺡,ww
𭺢,wy
𭺣,wu
𭺤,uw
𭺥,wu
𭺦,lw
𭺧,cw
𭺨,yw
𭺩,bw
𭺬,go
𭺭,gy
𭺮,xg
𭺯,gg
𭺰,vg
𭺱,uu
𭺲,ku
𭺳,ud
𭺴,ul
𭺵,ug
𭺶,cu
𭺷,ur
𭺹,sn
𭺺,cy
𭺻,sd
𭺼,fc
𭺽,up
𭺾,jc
𭺿,ty
𭻀,tg
𭻁,tv
𭻂,ut
𭻃,tf
𭻄,ue
𭻅,tu
𭻆,tb
𭻇,tg
𭻈,qj
𭻉,pt
𭻋,ep
𭻌,xt
𭻍,yt
𭻎,jd
𭻏,dt
𭻐,ta
𭻑,wt
𭻒,ty
𭻓,gt
𭻔,tl
𭻕,tl
𭻖,tx
𭻗,tg
𭻘,td
𭻙,vl
𭻚,tb
𭻛,fj
𭻜,ta
𭻝,jo
𭻞,th
𭻟,tt
𭻠,ty
𭻡,jw
𭻢,ak
𭻣,mb
𭻤,te
𭻥,tx
𭻦,kb
𭻧,af
𭻨,ah
𭻩,aa
𭻪,tk
𭻫,my
𭻬,mj
𭻭,pt
𭻮,tk
𭻯,ph
𭻰,tq
𭻱,tt
𭻲,te
𭻳,tw
𭻴,ah
𭻵,tq
𭻶,tu
𭻷,pj
𭻸,ta
𭻹,ut
𭻺,xb
𭻻,mg
𭻼,tx
𭻽,ta
𭻾,pz
𭻿,az
𭼁,gz
𭼂,rz
𭼃,vz
𭼅,uz
𭼆,bw
𭼇,bb
𭼈,bb
𭼉,bv
𭼊,bg
𭼋,bb
𭼌,bv
𭼍,bd
𭼎,bl
𭼏,bi
𭼐,ba
𭼑,bb
𭼒,bk
𭼓,bm
𭼔,bq
𭼕,bw
𭼖,bo
𭼗,bt
𭼘,be
𭼙,bx
𭼚,bx
𭼛,bi
𭼜,br
𭼝,bk
𭼞,bx
𭼟,bk
𭼠,ba
𭼡,by
𭼢,bx
𭼣,bf
𭼤,bp
𭼥,bg
𭼦,bi
𭼧,bv
𭼨,bg
𭼩,bq
𭼪,bg
𭼫,ba
𭼬,bw
𭼭,bg
𭼮,bh
𭼯,bv
𭼰,bv
𭼱,bc
𭼲,bv
𭼳,bf
𭼴,by
𭼵,bw
𭼶,bt
𭼷,bv
𭼸,bs
𭼹,bw
𭼺,by
𭼻,bv
𭼼,bh
𭼽,rb
𭼾,rt
𭼿,xo
𭽀,bm
𭽁,rb
𭽂,rw
𭽃,bx
𭽄,bg
𭽅,bi
𭽆,bd
𭽇,be
𭽈,ba
𭽉,bq
𭽊,bs
𭽋,by
𭽌,bp
𭽍,bf
𭽎,bc
𭽏,bp
𭽐,bg
𭽑,bk
𭽒,bl
𭽓,bd
𭽔,bh
𭽕,bo
𭽖,bu
𭽗,by
𭽘,by
𭽙,bw
𭽚,by
𭽛,bw
𭽜,bf
𭽝,bg
𭽞,mb
𭽟,bk
𭽠,bw
𭽡,bw
𭽢,bm
𭽣,pu
𭽤,py
𭽥,pg
𭽦,gp
𭽧,pe
𭽨,pn
𭽩,pv
𭽪,ep
𭽫,pw
𭽬,cp
𭽭,py
𭽮,pb
𭽯,tp
𭽰,pv
𭽱,pt
𭽲,pc
𭽳,pb
𭽴,fp
𭽵,up
𭽶,bp
𭽷,hp
𭽸,td
𭽹,ap
𭽺,ep
𭽻,ap
𭽼,nm
𭽽,pm
𭽾,bm
𭽿,lm
𭾀,lm
𭾁,gm
𭾂,bm
𭾃,fm
𭾄,fm
𭾅,bm
𭾇,im
𭾈,qm
𭾉,ym
𭾊,um
𭾌,tm
𭾍,qm
𭾎,sm
𭾑,im
𭾒,vm
𭾓,br
𭾔,dm
𭾕,pm
𭾖,qb
𭾗,ou
𭾘,ob
𭾙,ol
𭾚,od
𭾛,bp
𭾜,qo
𭾝,oz
𭾞,oj
𭾟,ob
𭾠,oj
𭾡,ov
𭾢,ow
𭾣,ov
𭾤,oa
𭾥,oy
𭾦,os
𭾧,og
𭾨,ok
𭾩,po
𭾪,sy
𭾫,oy
𭾬,sg
𭾭,uj
𭾮,on
𭾯,ov
𭾰,on
𭾱,sy
𭾲,ox
𭾳,od
𭾴,uo
𭾵,ok
𭾶,oj
𭾷,ov
𭾸,oy
𭾹,yo
𭾺,ol
𭾻,oa
𭾼,og
𭾽,xo
𭾾,ot
𭾿,or
𭿀,do
𭿁,oy
𭿂,oi
𭿃,co
𭿄,ob
𭿅,ot
𭿆,oe
𭿇,oi
𭿈,ok
𭿉,og
𭿊,uv
𭿋,uk
𭿌,bo
𭿍,ov
𭿎,od
𭿏,oj
𭿐,io
𭿑,of
𭿒,ou
𭿓,py
𭿔,oh
𭿕,oo
𭿖,oh
𭿗,oc
𭿘,og
𭿙,op
𭿚,ok
𭿛,of
𭿜,ob
𭿝,ol
𭿞,ou
𭿟,ou
𭿠,uu
𭿡,ut
𭿢,ov
𭿣,oq
𭿤,ou
𭿥,oa
𭿦,oo
𭿧,uj
𭿨,ou
𭿩,to
𭿪,oy
𭿫,om
𭿬,ob
𭿭,ou
𭿮,og
𭿯,ox
𭿱,on
𭿲,to
𭿳,ov
𭿴,os
𭿵,kp
𭿶,xp
𭿷,mk
𭿸,mb
𭿹,mk
𭿺,mn
𭿻,mb
𭿼,mn
𭿽,ud
𭿾,uy
𭿿,hu
𮀀,uq
𮀁,ui
𮀂,ud
𮀃,uv
𮀄,uk
𮀅,ue
𮀆,ua
𮀇,au
𮀈,sg
𮀉,vm
𮀊,uo
𮀋,ud
𮀌,uj
𮀍,uw
𮀎,fu
𮀏,uk
𮀐,ue
𮀑,uj
𮀒,vu
𮀓,ud
𮀔,uu
𮀕,uk
𮀖,ud
𮀗,uv
𮀘,ku
𮀙,uk
𮀚,ux
𮀛,ua
𮀜,du
𮀝,uu
𮀞,un
𮀟,uv
𮀠,ub
𮀡,uh
𮀢,uk
𮀣,uy
𮀤,ul
𮀥,un
𮀦,fu
𮀧,ub
𮀨,un
𮀩,ul
𮀪,ub
𮀫,uk
𮀬,uv
𮀭,uk
𮀮,ua
𮀯,bu
𮀰,uu
𮀱,bu
𮀲,ud
𮀳,uw
𮀴,uy
𮀵,ua
𮀶,uu
𮀷,uf
𮀸,uw
𮀹,uq
𮀺,uy
𮀻,uk
𮀼,uu
𮀽,ul
𮀾,uo
𮀿,uv
𮁀,um
𮁁,ub
𮁂,ud
𮁃,ub
𮁄,ua
𮁅,uf
𮁆,uy
𮁇,uk
𮁈,ux
𮁉,ux
𮁊,ua
𮁋,ud
𮁌,um
𮁍,uu
𮁎,uv
𮁏,uu
𮁐,ua
𮁑,iu
𮁒,ut
𮁓,uq
𮁔,ui
𮁕,ub
𮁖,ue
𮁗,uc
𮁘,uy
𮁙,uv
𮁚,ua
𮁛,ua
𮁜,ud
𮁝,ju
𮁞,uu
𮁟,ps
𮁠,um
𮁡,ue
𮁢,pu
𮁤,wu
𮁥,ug
𮁦,uv
𮁧,uc
𮁨,ru
𮁩,uk
𮁪,ui
𮁫,ud
𮁬,uk
𮁭,ud
𮁮,ue
𮁯,pk
𮁰,uo
𮁱,uu
𮁲,uu
𮁳,pa
𮁴,pd
𮁶,ll
𮁷,ur
𮁸,gu
𮁹,du
𮁺,uv
𮁻,uj
𮁼,ud
𮁽,uu
𮁾,uy
𮁿,pu
𮂀,ub
𮂁,pk
𮂂,ul
𮂃,nu
𮂄,bh
𮂅,uk
𮂆,pz
𮂇,pu
𮂈,ug
𮂉,up
𮂊,ut
𮂋,ux
𮂌,ua
𮂍,uy
𮂎,uu
𮂏,pi
𮂐,tu
𮂑,tu
𮂒,ub
𮂓,pd
𮂔,pt
𮂕,um
𮂖,ub
𮂗,pv
𮂘,uq
𮂙,ux
𮂚,pu
𮂛,uu
𮂜,pf
𮂝,pc
𮂞,pc
𮂟,uq
𮂠,ub
𮂡,uu
𮂢,ux
𮂣,uc
𮂤,xf
𮂥,uu
𮂦,um
𮂧,px
𮂨,ue
𮂩,uv
𮂪,ub
𮂫,ug
𮂬,un
𮂭,th
𮂮,jd
𮂯,hu
𮂰,he
𮂱,hy
𮂲,ht
𮂳,hy
𮂴,hw
𮂵,hb
𮂶,hc
𮂷,hd
𮂸,hq
𮂹,hw
𮂺,hy
𮂻,hb
𮂼,hd
𮂽,hd
𮂾,hb
𮂿,hv
𮃀,hx
𮃁,hy
𮃂,hl
𮃃,hh
𮃄,ha
𮃅,hi
𮃆,hy
𮃇,ho
𮃈,hk
𮃉,hf
𮃊,hu
𮃋,hy
𮃌,hm
𮃍,hr
𮃎,ho
𮃏,hy
𮃐,hx
𮃑,hm
𮃒,ho
𮃓,ht
𮃔,ho
𮃕,hf
𮃖,hw
𮃗,hp
𮃘,hx
𮃙,hk
𮃚,hh
𮃛,ho
𮃜,hg
𮃝,hu
𮃞,hv
𮃟,hx
𮃠,hl
𮃡,ha
𮃢,ho
𮃣,hy
𮃤,ht
𮃥,hk
𮃦,he
𮃧,hk
𮃨,hb
𮃩,hf
𮃪,ht
𮃫,hy
𮃬,hk
𮃭,hk
𮃮,hx
𮃯,hu
𮃰,rh
𮃱,hl
𮃲,hv
𮃳,hu
𮃴,hb
𮃵,hn
𮃶,hh
𮃷,hf
𮃸,bq
𮃹,bv
𮃺,bo
𮃻,bl
𮃼,bj
𮃽,by
𮃾,bv
𮃿,bd
𮄀,by
𮄁,bd
𮄂,bt
𮄃,bb
𮄄,bo
𮄆,bw
𮄇,bw
𮄈,bq
𮄉,bd
𮄊,by
𮄋,bt
𮄌,bw
𮄍,bv
𮄎,by
𮄏,by
𮄐,bk
𮄑,bk
𮄒,bf
𮄓,bu
𮄔,bk
𮄕,bu
𮄖,bx
𮄗,bj
𮄘,bd
𮄙,bn
𮄚,bj
𮄛,bh
𮄜,bu
𮄝,by
𮄞,bb
𮄟,bj
𮄠,by
𮄡,ba
𮄢,bh
𮄤,bk
𮄥,bx
𮄦,bo
𮄧,lc
𮄨,lv
𮄩,lg
𮄪,lp
𮄫,lu
𮄬,li
𮄭,lt
𮄮,lo
𮄯,ly
𮄰,lw
𮄱,lo
𮄲,lk
𮄳,lw
𮄴,lj
𮄵,lo
𮄶,lv
𮄷,lm
𮄸,ly
𮄹,le
𮄺,ll
𮄻,lh
𮄼,lj
𮄽,bl
𮄾,ld
𮄿,ld
𮅀,vd
𮅁,vb
𮅂,ve
𮅃,vg
𮅄,vd
𮅅,vy
𮅆,vb
𮅇,vd
𮅈,vq
𮅉,vc
𮅊,vk
𮅋,vv
𮅌,vx
𮅍,vv
𮅎,vy
𮅏,vc
𮅐,vg
𮅑,vj
𮅒,vv
𮅓,vb
𮅔,vy
𮅕,vd
𮅖,vv
𮅗,vq
𮅘,vm
𮅙,ve
𮅚,vu
𮅛,vi
𮅜,vg
𮅝,vf
𮅞,vq
𮅟,vc
𮅠,vv
𮅡,va
𮅢,vp
𮅣,vt
𮅤,vd
𮅥,vm
𮅦,vl
𮅧,vu
𮅨,vu
𮅩,vb
𮅪,vx
𮅫,vc
𮅬,vi
𮅭,va
𮅮,vy
𮅯,vv
𮅰,vj
𮅱,vx
𮅲,vl
𮅳,vd
𮅴,vy
𮅵,vb
𮅶,vk
𮅷,ve
𮅸,vy
𮅹,vh
𮅺,vy
𮅻,vw
𮅼,vt
𮅽,vq
𮅾,vo
𮅿,vy
𮆀,vo
𮆁,ve
𮆂,vo
𮆃,vf
𮆄,vv
𮆅,vi
𮆆,vm
𮆇,vf
𮆈,vh
𮆉,vr
𮆊,vm
𮆋,vg
𮆌,vg
𮆍,vd
𮆎,vp
𮆏,vj
𮆐,vw
𮆑,vo
𮆒,va
𮆓,vb
𮆔,vb
𮆕,vu
𮆖,vw
𮆗,vk
𮆘,vg
𮆙,vy
𮆚,vx
𮆛,vu
𮆜,vy
𮆝,vn
𮆞,vx
𮆟,vp
𮆠,vt
𮆡,vy
𮆢,vi
𮆣,vk
𮆤,vk
𮆥,va
𮆦,vv
𮆧,vz
𮆨,vu
𮆩,va
𮆪,vb
𮆫,vb
𮆬,vx
𮆭,vu
𮆮,vm
𮆯,vw
𮆰,vu
𮆱,vo
𮆲,vp
𮆳,vt
𮆴,vh
𮆵,vy
𮆶,vn
𮆷,vx
𮆸,vy
𮆹,vt
𮆺,va
𮆻,vr
𮆼,va
𮆽,vk
𮆾,vk
𮆿,vm
𮇀,vi
𮇁,vg
𮇂,vj
𮇃,mj
𮇄,me
𮇅,ms
𮇆,my
𮇇,mo
𮇈,mj
𮇉,mf
𮇊,vx
𮇋,ms
𮇌,my
𮇍,me
𮇎,mb
𮇏,mp
𮇐,mv
𮇑,mi
𮇒,mk
𮇓,rm
𮇔,my
𮇕,mk
𮇖,mo
𮇗,mx
𮇘,mu
𮇙,mv
𮇚,my
𮇛,mk
𮇜,mg
𮇝,mx
𮇞,mx
𮇟,mz
𮇠,ma
𮇡,mb
𮇢,my
𮇣,md
𮇤,mh
𮇥,ma
𮇦,vm
𮇧,mo
𮇨,my
𮇩,mu
𮇪,mx
𮇫,mf
𮇭,mu
𮇮,mx
𮇯,mg
𮇰,mk
𮇱,mj
𮇲,mx
𮇳,my
𮇴,mo
𮇵,hm
𮇶,mt
𮇷,mj
𮇸,mg
𮇹,ma
𮇺,mo
𮇻,mo
𮇼,mw
𮇽,cm
𮇾,sf
𮇿,mx
𮈀,vm
𮈁,su
𮈂,se
𮈃,sj
𮈄,sw
𮈅,sx
𮈆,sk
𮈇,sg
𮈈,sp
𮈉,sy
𮈊,sb
𮈋,dx
𮈌,xv
𮈍,gx
𮈎,su
𮈏,xx
𮈐,sy
𮈑,fx
𮈒,sx
𮈓,ux
𮈔,sx
𮈕,sz
𮈖,ux
𮈗,sg
𮈘,sw
𮈙,sd
𮈚,sk
𮈛,ux
𮈜,sm
𮈝,sy
𮈞,sv
𮈟,sm
𮈠,sx
𮈡,sl
𮈢,sx
𮈣,sv
𮈤,sw
𮈥,sv
𮈦,sw
𮈧,sn
𮈨,so
𮈩,si
𮈪,se
𮈫,sf
𮈬,sw
𮈭,se
𮈮,sx
𮈯,sx
𮈰,sa
𮈱,sd
𮈲,sb
𮈳,sy
𮈴,sk
𮈵,sm
𮈶,sv
𮈷,xk
𮈸,sb
𮈹,sq
𮈺,sh
𮈻,sk
𮈼,sj
𮈽,sk
𮈾,sx
𮈿,so
𮉀,sk
𮉁,sa
𮉂,sd
𮉃,sj
𮉄,sx
𮉅,se
𮉆,sw
𮉇,sk
𮉈,sh
𮉉,sl
𮉊,so
𮉋,se
𮉌,sv
𮉍,sb
𮉎,sx
𮉏,sf
𮉐,sh
𮉑,sy
𮉒,si
𮉓,ss
𮉕,sr
𮉖,sk
𮉗,sm
𮉘,so
𮉙,sn
𮉚,sj
𮉛,sv
𮉜,sc
𮉝,sf
𮉞,sv
𮉟,sb
𮉠,sj
𮉡,su
𮉢,sf
𮉣,sv
𮉤,st
𮉥,sd
𮉦,sx
𮉧,sl
𮉨,sn
𮉩,sz
𮉪,sy
𮉫,sn
𮉬,su
𮉭,so
𮉮,sv
𮉯,su
𮉰,pu
𮉱,ff
𮉲,fp
𮉳,fg
𮉴,fr
𮉵,fk
𮉶,bf
𮉷,fy
𮉸,fv
𮉹,fy
𮉺,jf
𮉻,fq
𮉼,pf
𮉽,sg
𮉾,bg
𮉿,sq
𮊀,rs
𮊁,kg
𮊂,ss
𮊃,sp
𮊄,km
𮊅,si
𮊆,py
𮊇,ko
𮊈,sv
𮊉,so
𮊊,kj
𮊋,si
𮊌,kw
𮊍,sb
𮊎,kj
𮊏,bg
𮊐,sm
𮊑,sz
𮊒,sp
𮊓,kb
𮊔,kv
𮊕,so
𮊖,kh
𮊗,kg
𮊘,kc
𮊙,sb
𮊚,st
𮊛,sm
𮊜,kl
𮊝,sm
𮊞,ko
𮊟,sb
𮊠,sk
𮊡,sn
𮊢,yw
𮊣,yj
𮊤,wy
𮊥,yg
𮊦,ys
𮊧,yh
𮊨,yv
𮊩,ty
𮊪,uy
𮊫,yd
𮊬,yc
𮊭,yu
𮊮,yg
𮊯,wy
𮊰,yq
𮊱,yy
𮊲,yy
𮊳,yu
𮊴,ym
𮊵,wy
𮊶,wg
𮊷,ky
𮊸,xo
𮊹,vx
𮊺,fx
𮊻,xw
𮊼,mx
𮊽,xi
𮊾,xg
𮊿,xx
𮋀,xn
𮋁,xk
𮋂,xf
𮋃,ux
𮋄,dx
𮋅,ix
𮋆,ax
𮋇,gx
𮋈,wx
𮋉,bx
𮋊,dx
𮋋,bx
𮋌,xd
𮋍,ix
𮋎,xg
𮋏,sx
𮋐,bx
𮋑,yx
𮋒,mx
𮋓,xj
𮋔,yx
𮋕,xa
𮋖,ux
𮋗,zx
𮋘,fx
𮋙,ux
𮋚,iv
𮋛,lk
𮋜,lk
𮋝,lo
𮋞,lw
𮋟,uy
𮋠,de
𮋡,we
𮋢,ex
𮋣,ln
𮋤,lf
𮋥,lw
𮋦,lo
𮋧,lk
𮋨,ll
𮋩,lz
𮋪,ln
𮋫,ll
𮋬,ey
𮋭,ey
𮋮,et
𮋯,eb
𮋰,ew
𮋱,ek
𮋲,ey
𮋳,el
𮋴,eg
𮋵,en
𮋶,ea
𮋷,ei
𮋸,ed
𮋹,re
𮋺,ke
𮋻,te
𮋼,eu
𮋽,ke
𮋾,te
𮋿,eb
𮌀,ee
𮌁,yd
𮌂,ye
𮌃,ya
𮌄,yl
𮌅,cy
𮌆,yl
𮌇,md
𮌈,uo
𮌉,xr
𮌊,ry
𮌋,oi
𮌌,oy
𮌍,or
𮌎,bo
𮌏,og
𮌐,jo
𮌑,rr
𮌒,oa
𮌓,or
𮌔,wo
𮌕,rw
𮌖,oo
𮌗,ob
𮌘,oz
𮌙,hd
𮌚,of
𮌛,su
𮌜,rw
𮌝,ow
𮌞,oo
𮌟,on
𮌠,od
𮌡,oo
𮌢,ox
𮌣,oj
𮌤,ox
𮌥,oj
𮌦,oj
𮌧,ou
𮌨,of
𮌩,vf
𮌪,oa
𮌫,wi
𮌬,bo
𮌭,yo
𮌮,ou
𮌯,oo
𮌰,ou
𮌱,bg
𮌲,ot
𮌳,fo
𮌴,ob
𮌵,om
𮌶,oj
𮌷,ow
𮌸,of
𮌹,oa
𮌺,ok
𮌻,oy
𮌼,oo
𮌽,bk
𮌾,gi
𮌿,gr
𮍀,ob
𮍁,oy
𮍂,gz
𮍃,ow
𮍄,oi
𮍅,co
𮍆,od
𮍇,ob
𮍈,jo
𮍉,rl
𮍊,oj
𮍋,co
𮍎,pi
𮍏,gi
𮍑,ik
𮍒,di
𮍓,ix
𮍔,zf
𮍕,zv
𮍖,zp
𮍗,zg
𮍘,zj
𮍙,zy
𮍚,zd
𮍛,zk
𮍜,ze
𮍝,zw
𮍞,zu
𮍟,zc
𮍡,gy
𮍢,jt
𮍣,gf
𮍤,jt
𮍥,pj
𮍦,jy
𮍧,jw
𮍨,jj
𮍩,ke
𮍪,jw
𮍫,jx
𮍬,jk
𮍭,jd
𮍮,ju
𮍯,je
𮍰,jj
𮍱,jm
𮍳,jn
𮍴,uw
𮍵,uv
𮍶,us
𮍷,uk
𮍸,ru
𮍹,bu
𮍺,ub
𮍻,ou
𮍼,uw
𮍽,ug
𮍾,ut
𮍿,ug
𮎀,uc
𮎁,wf
𮎂,xf
𮎃,vj
𮎄,vl
𮎅,vs
𮎆,vy
𮎇,vh
𮎈,vq
𮎉,vu
𮎊,vf
𮎋,vb
𮎌,vz
𮎍,vc
𮎎,vk
𮎏,vw
𮎐,vg
𮎑,vv
𮎒,vb
𮎓,vy
𮎔,vm
𮎕,vb
𮎖,vd
𮎗,vm
𮎘,lu
𮎙,tg
𮎚,tg
𮎛,ds
𮎜,pb
𮎝,dj
𮎞,db
𮎟,co
𮎠,cb
𮎡,cd
𮎢,cy
𮎣,ca
𮎤,cn
𮎥,cg
𮎦,cd
𮎧,by
𮎨,cs
𮎩,cb
𮎪,cb
𮎫,cl
𮎬,cy
𮎭,cy
𮎮,cv
𮎯,cr
𮎰,ci
𮎱,cy
𮎲,cv
𮎴,co
𮎵,cv
𮎶,cq
𮎷,ce
𮎸,cq
𮎹,ct
𮎺,cw
𮎻,ci
𮎼,ci
𮎽,ci
𮎾,ct
𮎿,cb
𮏀,cw
𮏁,cm
𮏂,cp
𮏃,cg
𮏄,ca
𮏅,ch
𮏆,cj
𮏇,ci
𮏈,cd
𮏉,cw
𮏊,cb
𮏋,cy
𮏌,cd
𮏍,cb
𮏎,cg
𮏏,ct
𮏐,cg
𮏑,cb
𮏒,co
𮏓,cw
𮏔,cw
𮏕,cj
𮏖,cf
𮏗,cb
𮏘,cb
𮏙,cw
𮏚,co
𮏛,cj
𮏜,cb
𮏝,cv
𮏞,ci
𮏟,cy
𮏠,cg
𮏡,cy
𮏢,cq
𮏣,cy
𮏤,ct
𮏥,co
𮏦,ca
𮏧,ct
𮏨,co
𮏩,cw
𮏪,co
𮏬,cy
𮏭,cq
𮏮,cs
𮏯,cd
𮏰,cb
𮏱,cx
𮏲,ci
𮏳,cr
𮏴,cl
𮏵,ck
𮏶,cj
𮏷,cu
𮏸,cd
𮏹,ck
𮏺,ci
𮏻,ci
𮏼,cy
𮏽,cy
𮏾,cx
𮏿,ca
𮐀,cy
𮐁,cq
𮐂,ct
𮐃,cu
𮐄,cw
𮐅,ca
𮐇,ck
𮐈,cf
𮐉,cu
𮐊,cm
𮐋,cm
𮐌,cw
𮐍,cy
𮐎,co
𮐏,cf
𮐐,cg
𮐑,cj
𮐒,cw
𮐓,cz
𮐔,cy
𮐕,cl
𮐖,cb
𮐗,cu
𮐙,co
𮐚,cy
𮐛,co
𮐜,cb
𮐝,cb
𮐞,cb
𮐟,ca
𮐠,cb
𮐡,cf
𮐢,cf
𮐣,cb
𮐥,cd
𮐦,cc
𮐧,cb
𮐨,cn
𮐩,cv
𮐪,ca
𮐫,co
𮐬,cc
𮐭,cw
𮐮,cy
𮐯,cc
𮐰,cb
𮐱,cu
𮐲,cw
𮐳,cf
𮐴,cv
𮐵,ct
𮐶,cx
𮐷,cw
𮐸,cd
𮐹,ch
𮐺,cm
𮐻,cl
𮐾,cb
𮐿,cu
𮑀,cc
𮑁,cq
𮑂,co
𮑃,ca
𮑄,cj
𮑅,cq
𮑆,ck
𮑇,cw
𮑈,cy
𮑉,cg
𮑊,cd
𮑋,cf
𮑌,cn
𮑍,cu
𮑎,cu
𮑏,cx
𮑐,cl
𮑑,cf
𮑒,ca
𮑓,cu
𮑔,cj
𮑕,cu
𮑖,cj
𮑗,ck
𮑘,cy
𮑙,cx
𮑚,cx
𮑛,cb
𮑜,ch
𮑝,cx
𮑞,cw
𮑠,cx
𮑡,cq
𮑢,ct
𮑣,cp
𮑤,cj
𮑥,cr
𮑦,cm
𮑧,cl
𮑨,co
𮑩,ce
𮑪,cw
𮑫,cb
𮑬,cu
𮑭,co
𮑮,cy
𮑯,ck
𮑰,cb
𮑱,cf
𮑲,cu
𮑳,cy
𮑴,cd
𮑵,cy
𮑶,ch
𮑷,cu
𮑸,cj
𮑹,cu
𮑺,cc
𮑻,ct
𮑼,cc
𮑽,cy
𮑾,cu
𮑿,ci
𮒁,ck
𮒂,cu
𮒃,cv
𮒄,cu
𮒅,ja
𮒆,cw
𮒇,cc
𮒈,cw
𮒉,ce
𮒊,cv
𮒋,cc
𮒌,cp
𮒍,cr
𮒎,cw
𮒏,cv
𮒐,cj
𮒑,cu
𮒒,cn
𮒓,ck
𮒔,cu
𮒕,cn
𮒖,co
𮒗,cy
𮒘,ck
𮒙,ck
𮒚,cx
𮒛,cy
𮒜,cc
𮒝,ch
𮒞,ch
𮒟,cb
𮒠,ck
𮒡,ch
𮒢,cv
𮒣,ck
𮒤,cx
𮒥,cd
𮒦,cv
𮒧,cf
𮒨,co
𮒩,cu
𮒪,cu
𮒫,ch
𮒬,ck
𮒭,cv
𮒮,cb
𮒯,ce
𮒰,ct
𮒱,cd
𮒲,cw
𮒳,ct
𮒴,cc
𮒵,cy
𮒶,cz
𮒷,cm
𮒸,cy
𮒹,ck
𮒺,ck
𮒻,ct
𮒼,co
𮒽,ck
𮒾,cu
𮒿,cy
𮓀,cg
𮓁,cc
𮓂,cu
𮓃,cn
𮓅,cs
𮓆,co
𮓈,cy
𮓉,ch
𮓊,ci
𮓋,cd
𮓌,ca
𮓍,cn
𮓎,co
𮓏,cu
𮓐,ck
𮓑,cx
𮓒,cm
𮓓,cy
𮓔,cj
𮓕,cf
𮓖,cq
𮓗,ht
𮓚,by
𮓛,ht
𮓝,hz
𮓞,ay
𮓠,aa
𮓢,ho
𮓣,hv
𮓤,hn
𮓦,hj
𮓧,hg
𮓨,hw
𮓪,hy
𮓫,uj
𮓬,hk
𮓭,xk
𮓮,hx
𮓯,hf
𮓰,vd
𮓱,pa
𮓲,iv
𮓳,im
𮓴,iu
𮓵,ri
𮓶,ig
𮓷,is
𮓸,yi
𮓹,iq
𮓺,ik
𮓻,ie
𮓼,id
𮓽,iu
𮓾,gi
𮓿,it
𮔀,bi
𮔁,ik
𮔂,ie
𮔃,pd
𮔄,ia
𮔅,ib
𮔆,im
𮔇,ri
𮔈,it
𮔉,bi
𮔊,il
𮔋,ip
𮔌,ib
𮔍,io
𮔎,iq
𮔏,pa
𮔐,ib
𮔑,iv
𮔒,pt
𮔓,di
𮔔,it
𮔕,gi
𮔖,iw
𮔗,id
𮔘,iy
𮔙,io
𮔚,il
𮔛,it
𮔜,iy
𮔝,if
𮔞,di
𮔟,ia
𮔠,il
𮔡,im
𮔢,ib
𮔣,ig
𮔤,ix
𮔥,ix
𮔦,iy
𮔧,mi
𮔨,ic
𮔩,iw
𮔪,ib
𮔫,ig
𮔬,ic
𮔭,pt
𮔮,io
𮔯,wi
𮔰,wi
𮔱,io
𮔲,im
𮔳,ui
𮔴,if
𮔵,ik
𮔶,id
𮔷,ie
𮔸,pj
𮔹,ic
𮔺,py
𮔻,iy
𮔼,ai
𮔽,pd
𮔾,id
𮔿,io
𮕀,wi
𮕁,wi
𮕂,it
𮕃,iu
𮕄,px
𮕅,pn
𮕆,iu
𮕇,im
𮕈,iy
𮕉,ei
𮕊,ki
𮕌,ib
𮕍,iw
𮕎,vi
𮕏,ix
𮕐,ik
𮕑,si
𮕒,ig
𮕓,ic
𮕔,li
𮕕,pi
𮕖,ib
𮕗,if
𮕘,ik
𮕙,if
𮕚,id
𮕛,gi
𮕜,am
𮕝,pd
𮕞,dm
𮕟,pg
𮕠,pd
𮕡,ym
𮕢,rd
𮕣,rd
𮕤,pv
𮕥,pd
𮕦,py
𮕧,py
𮕨,pd
𮕩,yi
𮕪,vy
𮕫,yo
𮕬,pb
𮕭,pc
𮕮,fy
𮕯,py
𮕰,pw
𮕱,yf
𮕲,po
𮕳,ps
𮕴,py
𮕵,py
𮕶,pj
𮕷,py
𮕸,pm
𮕹,my
𮕺,yk
𮕻,yo
𮕼,pz
𮕽,pu
𮕾,pd
𮕿,pk
𮖀,pr
𮖁,pl
𮖂,pk
𮖃,pt
𮖄,ky
𮖅,pt
𮖆,pj
𮖇,hy
𮖈,my
𮖉,pr
𮖊,by
𮖋,ly
𮖌,pk
𮖍,pe
𮖎,uy
𮖐,gy
𮖑,uy
𮖒,gy
𮖓,pt
𮖔,fy
𮖕,pd
𮖖,fy
𮖗,py
𮖘,pb
𮖙,pu
𮖚,yf
𮖛,ry
𮖜,pr
𮖝,ph
𮖞,pj
𮖟,wy
𮖠,yf
𮖡,py
𮖢,cy
𮖣,po
𮖤,py
𮖥,ya
𮖦,pl
𮖧,pf
𮖨,pj
𮖩,pk
𮖪,pd
𮖫,pj
𮖬,yg
𮖭,wy
𮖮,pp
𮖯,pk
𮖰,pe
𮖱,py
𮖲,pe
𮖳,pc
𮖴,pc
𮖵,pw
𮖶,py
𮖷,pw
𮖸,pc
𮖹,pe
𮖻,pc
𮖼,po
𮖽,ps
𮖾,pk
𮖿,xs
𮗀,xd
𮗁,xe
𮗂,xj
𮗃,xd
𮗄,xw
𮗅,xm
𮗆,xu
𮗇,xl
𮗈,xv
𮗉,xn
𮗊,xf
𮗋,xo
𮗌,xk
𮗍,yj
𮗎,gj
𮗏,dj
𮗐,nj
𮗑,jg
𮗒,jj
𮗓,lj
𮗔,kj
𮗕,jy
𮗖,lj
𮗗,bj
𮗙,jg
𮗚,cj
𮗛,cj
𮗜,jj
𮗝,hj
𮗞,wj
𮗟,py
𮗡,dw
𮗢,dp
𮗣,dg
𮗤,dc
𮗥,dm
𮗦,dq
𮗧,dv
𮗨,du
𮗩,dw
𮗪,dy
𮗫,gy
𮗬,do
𮗭,dy
𮗮,pf
𮗯,dy
𮗰,dk
𮗱,dc
𮗲,di
𮗳,dr
𮗴,dy
𮗵,hy
𮗶,dd
𮗷,ye
𮗸,yj
𮗹,yd
𮗺,wk
𮗻,yj
𮗼,ya
𮗽,yb
𮗾,yb
𮗿,gk
𮘀,yw
𮘁,yd
𮘂,yy
𮘃,pk
𮘄,yy
𮘅,yg
𮘆,gk
𮘇,yz
𮘉,yd
𮘊,yy
𮘌,yy
𮘍,yd
𮘎,wy
𮘏,ye
𮘐,bk
𮘑,yl
𮘒,ya
𮘓,yb
𮘔,yv
𮘕,ym
𮘖,ye
𮘗,yf
𮘘,yu
𮘙,yd
𮘚,yo
𮘛,yk
𮘜,yg
𮘝,wk
𮘞,yl
𮘟,yk
𮘠,hk
𮘡,yy
𮘢,yo
𮘣,yu
𮘤,lk
𮘥,yz
𮘦,yo
𮘧,rk
𮘨,yk
𮘩,yk
𮘪,yj
𮘫,yx
𮘬,yd
𮘭,yw
𮘮,yq
𮘯,yf
𮘰,yw
𮘱,fk
𮘲,yk
𮘳,bk
𮘴,yw
𮘵,yb
𮘶,yo
𮘷,yu
𮘸,yx
𮘹,yr
𮘺,yb
𮘻,ik
𮘼,yo
𮘽,hk
𮘾,yq
𮘿,ys
𮙀,yw
𮙁,yn
𮙂,ya
𮙃,ym
𮙄,yx
𮙅,yg
𮙆,yk
𮙇,yl
𮙈,yv
𮙉,yb
𮙊,yx
𮙋,yk
𮙌,ge
𮙍,gv
𮙎,gs
𮙏,gg
𮙐,bg
𮙑,rg
𮙒,ds
𮙓,dx
𮙔,df
𮙕,qp
𮙖,gb
𮙗,xb
𮙘,kb
𮙙,tu
𮙚,ku
𮙛,au
𮙜,uu
𮙝,pu
𮙞,bu
𮙠,pu
𮙡,bu
𮙢,du
𮙣,uo
𮙤,uj
𮙥,pu
𮙦,vg
𮙧,vj
𮙨,vc
𮙩,vj
𮙪,vb
𮙫,vj
𮙬,vl
𮙭,pb
𮙮,bc
𮙯,br
𮙰,bi
𮙱,be
𮙲,xb
𮙳,bf
𮙴,bg
𮙵,bw
𮙶,pb
𮙷,ub
𮙸,ub
𮙹,tb
𮙺,db
𮙻,bd
𮙼,bc
𮙽,bl
𮙾,bx
𮙿,rb
𮚀,bm
𮚁,qb
𮚂,gb
𮚃,rb
𮚄,bx
𮚅,lb
𮚆,bc
𮚇,bx
𮚈,bv
𮚉,by
𮚊,gb
𮚋,wb
𮚌,tb
𮚍,gb
𮚎,bu
𮚏,cb
𮚐,bo
𮚑,xb
𮚒,bm
𮚓,bu
𮚔,ib
𮚕,ib
𮚖,bo
𮚗,bx
𮚘,wb
𮚙,mg
𮚚,ib
𮚛,bt
𮚜,sv
𮚝,bf
𮚞,bb
𮚟,bk
𮚠,pb
𮚡,fb
𮚢,bb
𮚣,sx
𮚤,bt
𮚥,gb
𮚦,wb
𮚧,pb
𮚨,wb
𮚩,bu
𮚪,bb
𮚫,bd
𮚬,tk
𮚭,oy
𮚮,by
𮚯,ub
𮚰,db
𮚱,ib
𮚲,tv
𮚳,tp
𮚴,tf
𮚵,tl
𮚶,tx
𮚷,td
𮚸,tg
𮚹,tk
𮚺,tg
𮚻,te
𮚼,tz
𮚽,tl
𮚾,tl
𮚿,tk
𮛀,tb
𮛁,zv
𮛂,zj
𮛃,zx
𮛄,zt
𮛅,uz
𮛆,zj
𮛇,zw
𮛈,ze
𮛉,zw
𮛊,zv
𮛋,zu
𮛌,zg
𮛍,fz
𮛎,zd
𮛏,zg
𮛐,zv
𮛑,zb
𮛒,zb
𮛓,zd
𮛔,zl
𮛕,zy
𮛖,nz
𮛗,ze
𮛘,zy
𮛙,zz
𮛚,zt
𮛛,zv
𮛜,zk
𮛝,zd
𮛞,zg
𮛟,zy
𮛠,zl
𮛡,zw
𮛢,zu
𮛣,uz
𮛤,zo
𮛥,zo
𮛦,zz
𮛧,zq
𮛨,zo
𮛩,zk
𮛪,zf
𮛫,zj
𮛬,zu
𮛭,zr
𮛮,zc
𮛯,zk
𮛰,zx
𮛱,zl
𮛲,zu
𮛳,zt
𮛴,zm
𮛵,zd
𮛶,zb
𮛷,zd
𮛸,zk
𮛹,zi
𮛺,za
𮛻,zf
𮛼,zo
𮛽,zj
𮛾,zo
𮛿,uz
𮜀,zz
𮜁,zg
𮜂,zr
𮜃,zm
𮜄,zx
𮜅,zb
𮜆,zu
𮜇,zi
𮜈,lp
𮜉,zz
𮜊,zc
𮜋,iz
𮜌,zm
𮜍,zx
𮜎,zp
𮜏,za
𮜐,zn
𮜑,zo
𮜒,zp
𮜓,zi
𮜔,zc
𮜕,zz
𮜖,zk
𮜗,zb
𮜘,zk
𮜙,zw
𮜚,zc
𮜛,zb
𮜜,zi
𮜝,zm
𮜞,zb
𮜟,gz
𮜠,zo
𮜡,zh
𮜢,zc
𮜣,cz
𮜤,zd
𮜥,zu
𮜦,zq
𮜧,zx
𮜨,zu
𮜩,zv
𮜪,zj
𮜫,vz
𮜬,zw
𮜭,xz
𮜮,uy
𮜯,uv
𮜰,ug
𮜱,ui
𮜲,ug
𮜳,uw
𮜴,ue
𮜵,un
𮜶,uc
𮜷,uk
𮜸,ud
𮜹,uk
𮜺,ul
𮜻,ui
𮜼,ur
𮜽,uj
𮜾,uv
𮜿,id
𮝀,iq
𮝁,oi
𮝂,iu
𮝃,hi
𮝄,il
𮝅,il
𮝆,iv
𮝇,iy
𮝈,yi
𮝉,pi
𮝊,iy
𮝋,li
𮝌,ip
𮝍,ii
𮝎,ik
𮝏,vi
𮝐,iu
𮝑,ix
𮝒,ib
𮝓,ig
𮝔,ic
𮝕,hi
𮝖,io
𮝗,iq
𮝘,ti
𮝙,ii
𮝚,iu
𮝛,io
𮝜,ih
𮝝,iw
𮝞,ix
𮝟,ix
𮝠,it
𮝡,ix
𮝢,io
𮝣,ik
𮝤,ij
𮝥,io
𮝦,yy
𮝧,iw
𮝨,ia
𮝩,ia
𮝪,ti
𮝫,ik
𮝬,iv
𮝭,ib
𮝮,ib
𮝯,it
𮝰,ib
𮝱,ir
𮝲,sw
𮝳,il
𮝴,ig
𮝵,ie
𮝶,ib
𮝷,ib
𮝸,io
𮝹,iy
𮝺,ir
𮝻,uf
𮝼,lx
𮝽,xy
𮝾,iy
𮝿,ui
𮞀,xi
𮞁,zs
𮞂,zv
𮞃,zr
𮞄,zk
𮞅,zy
𮞆,zt
𮞇,zl
𮞈,zx
𮞉,zs
𮞊,zs
𮞋,zt
𮞌,zv
𮞍,zw
𮞎,zy
𮞏,zj
𮞐,zv
𮞑,zk
𮞒,zw
𮞓,za
𮞔,zw
𮞕,zy
𮞖,zg
𮞗,zc
𮞘,zl
𮞙,zr
𮞚,zw
𮞛,zy
𮞜,zk
𮞝,zt
𮞞,zu
𮞟,zv
𮞠,zy
𮞡,zy
𮞢,zk
𮞣,zi
𮞤,zx
𮞥,zw
𮞦,zw
𮞧,zj
𮞨,zr
𮞩,zn
𮞪,zk
𮞫,zv
𮞬,zk
𮞭,zl
𮞮,zf
𮞯,zo
𮞰,zu
𮞱,zu
𮞲,ze
𮞳,zr
𮞴,zt
𮞵,zk
𮞶,za
𮞷,zk
𮞸,zo
𮞹,zy
𮞺,zu
𮞻,zk
𮞼,zu
𮞽,zf
𮞾,zf
𮞿,zl
𮟀,zs
𮟁,zv
𮟂,zy
𮟃,zy
𮟄,zb
𮟅,zw
𮟆,zv
𮟇,zi
𮟈,zv
𮟉,zy
𮟊,zp
𮟋,zn
𮟌,zv
𮟍,zj
𮟎,zo
𮟏,zu
𮟐,zk
𮟑,zw
𮟒,zc
𮟓,zz
𮟔,zu
𮟕,zo
𮟖,zy
𮟗,zf
𮟘,zy
𮟙,zv
𮟚,zf
𮟛,zh
𮟜,ze
𮟝,zi
𮟞,zb
𮟟,zo
𮟠,zf
𮟡,zc
𮟢,zg
𮟣,zg
𮟤,zk
𮟥,zy
𮟦,zu
𮟧,zo
𮟨,zy
𮟩,zv
𮟪,ge
𮟫,pe
𮟬,ie
𮟭,ge
𮟮,le
𮟯,ke
𮟰,ce
𮟱,ke
𮟲,be
𮟳,ye
𮟴,xe
𮟵,be
𮟶,lb
𮟷,ae
𮟸,ae
𮟹,kb
𮟺,rb
𮟻,oe
𮟼,we
𮟽,de
𮟾,pb
𮟿,ue
𮠀,ue
𮠁,ye
𮠂,de
𮠃,zb
𮠄,we
𮠅,vb
𮠆,ce
𮠇,ee
𮠈,be
𮠉,be
𮠊,ge
𮠋,pe
𮠌,de
𮠍,ye
𮠎,ue
𮠏,ab
𮠐,be
𮠑,ye
𮠒,ge
𮠓,ue
𮠔,ge
𮠖,py
𮠗,yd
𮠘,yj
𮠙,wy
𮠛,ya
𮠜,yv
𮠝,yy
𮠞,yv
𮠟,yb
𮠠,yy
𮠡,dy
𮠢,yw
𮠣,ye
𮠤,yr
𮠥,yk
𮠦,yd
𮠧,yd
𮠨,yx
𮠩,ym
𮠪,yx
𮠫,yz
𮠬,yk
𮠭,ny
𮠮,yr
𮠯,dy
𮠰,yo
𮠱,yk
𮠲,yl
𮠳,yp
𮠴,ym
𮠵,yv
𮠶,yk
𮠷,yo
𮠸,yw
𮠹,yy
𮠺,yj
𮠻,yd
𮠼,ym
𮠽,yj
𮠾,yd
𮠿,yc
𮡀,yk
𮡁,yb
𮡂,bk
𮡃,ba
𮡄,yx
𮡅,yw
𮡆,uy
𮡇,yz
𮡈,ym
𮡉,ry
𮡊,yu
𮡋,ym
𮡌,yf
𮡍,yh
𮡎,mn
𮡏,mv
𮡐,mh
𮡑,tm
𮡒,ly
𮡓,lv
𮡔,lv
𮡕,vl
𮡖,rl
𮡗,hl
𮡘,yl
𮡙,li
𮡚,hl
𮡛,oq
𮡜,lw
𮡝,kl
𮡞,tv
𮡟,kl
𮡠,kl
𮡡,vk
𮡢,wy
𮡣,yl
𮡤,jy
𮡥,jj
𮡦,jx
𮡧,jq
𮡨,jw
𮡩,ja
𮡫,js
𮡬,jb
𮡭,jy
𮡮,jw
𮡯,je
𮡰,jg
𮡱,jj
𮡲,ju
𮡳,je
𮡴,jy
𮡵,jo
𮡶,jy
𮡷,jl
𮡸,jt
𮡹,jx
𮡺,jd
𮡻,ju
𮡼,jd
𮡽,ju
𮡾,jj
𮡿,jz
𮢀,jy
𮢁,jx
𮢂,jy
𮢃,jg
𮢄,je
𮢅,ja
𮢆,jc
𮢇,ja
𮢈,jb
𮢉,jv
𮢊,js
𮢋,jc
𮢌,ju
𮢍,ju
𮢎,jd
𮢏,jd
𮢐,ju
𮢑,jk
𮢒,nj
𮢓,jw
𮢔,jv
𮢕,jo
𮢖,ji
𮢗,dj
𮢘,jr
𮢙,jw
𮢚,ja
𮢛,jl
𮢜,jk
𮢝,wj
𮢞,jq
𮢟,jv
𮢠,jb
𮢡,jo
𮢢,jy
𮢣,jo
𮢤,jk
𮢥,jw
𮢦,jo
𮢧,jb
𮢨,jw
𮢩,jw
𮢪,jd
𮢫,jy
𮢬,jk
𮢭,jk
𮢮,jo
𮢯,jx
𮢰,jy
𮢱,jy
𮢲,jy
𮢳,ej
𮢴,jg
𮢵,jq
𮢶,kj
𮢷,jk
𮢸,vj
𮢹,jj
𮢺,jb
𮢻,ju
𮢼,jm
𮢽,jy
𮢾,jg
𮢿,jg
𮣀,jy
𮣁,jm
𮣂,cj
𮣃,jg
𮣄,nj
𮣅,jb
𮣆,jy
𮣇,je
𮣈,jw
𮣉,jb
𮣊,jb
𮣋,dj
𮣌,jn
𮣍,jy
𮣎,jx
𮣏,ja
𮣐,jf
𮣑,jc
𮣒,jc
𮣓,jc
𮣔,jd
𮣕,jo
𮣖,jk
𮣗,jd
𮣘,jh
𮣙,jv
𮣚,jw
𮣛,jk
𮣜,jc
𮣝,jh
𮣞,jv
𮣟,jv
𮣠,jb
𮣡,cj
𮣢,jc
𮣣,ij
𮣤,jh
𮣥,jk
𮣦,jd
𮣧,jm
𮣨,jv
𮣩,xj
𮣪,jg
𮣫,jk
𮣬,jt
𮣭,jn
𮣮,jv
𮣯,jy
𮣰,jy
𮣱,jb
𮣲,jg
𮣳,js
𮣴,jv
𮣵,jy
𮣶,jx
𮣷,ju
𮣸,ei
𮣹,ey
𮣺,eq
𮣻,ui
𮣼,ek
𮣽,ee
𮣾,ey
𮣿,er
𮤀,ef
𮤁,ef
𮤂,ef
𮤃,eu
𮤄,ex
𮤅,er
𮤆,ew
𮤇,tm
𮤈,mw
𮤉,mq
𮤊,mc
𮤋,my
𮤌,mn
𮤍,mk
𮤎,mg
𮤏,mg
𮤐,mj
𮤑,my
𮤒,mm
𮤓,vm
𮤔,md
𮤕,mb
𮤖,mw
𮤗,ml
𮤘,mb
𮤚,md
𮤛,mx
𮤜,my
𮤝,my
𮤞,mv
𮤟,mt
𮤠,ma
𮤡,mb
𮤢,mg
𮤣,ma
𮤤,mu
𮤥,mo
𮤦,md
𮤧,ms
𮤨,mg
𮤩,mb
𮤪,mt
𮤫,md
𮤬,mt
𮤭,mx
𮤮,tm
𮤯,mn
𮤰,mu
𮤱,mb
𮤲,mb
𮤳,mg
𮤴,mw
𮤵,mv
𮤶,mg
𮤷,mg
𮤸,mh
𮤹,eq
𮤺,ed
𮤻,eu
𮤼,ej
𮤽,el
𮤾,es
𮤿,ek
𮥀,eo
𮥁,ek
𮥂,ec
𮥃,pf
𮥄,eo
𮥅,ex
𮥆,eu
𮥇,ej
𮥈,eg
𮥉,ed
𮥊,ee
𮥋,ev
𮥌,ex
𮥍,eb
𮥎,ec
𮥏,eg
𮥐,eh
𮥑,ex
𮥒,ei
𮥓,eu
𮥔,eo
𮥕,ec
𮥖,ep
𮥗,em
𮥘,ew
𮥙,ey
𮥚,ex
𮥛,ek
𮥜,pb
𮥝,ey
𮥞,eb
𮥟,ea
𮥠,ex
𮥡,ey
𮥢,ea
𮥣,ek
𮥤,el
𮥥,ey
𮥦,ei
𮥧,ew
𮥨,ed
𮥩,ec
𮥪,eu
𮥫,ea
𮥬,ea
𮥭,ec
𮥮,ew
𮥯,ek
𮥰,ej
𮥱,ex
𮥲,eq
𮥳,ec
𮥴,al
𮥵,vl
𮥶,pv
𮥷,wv
𮥸,rn
𮥹,wv
𮥺,ri
𮥻,uv
𮥼,rk
𮥽,dv
𮥾,ov
𮥿,wv
𮦀,al
𮦁,av
𮦂,ra
𮦃,cv
𮦄,bb
𮦅,ym
𮦆,br
𮦇,ty
𮦈,yn
𮦉,yh
𮦊,yk
𮦋,yo
𮦌,yv
𮦍,ye
𮦎,yu
𮦏,yw
𮦐,ya
𮦑,yo
𮦒,yb
𮦓,yo
𮦔,yv
𮦕,yl
𮦖,yy
𮦗,ym
𮦘,yo
𮦙,yl
𮦚,yy
𮦛,yy
𮦜,ys
𮦞,yb
𮦟,yh
𮦠,yw
𮦡,yf
𮦢,yw
𮦣,yk
𮦤,yy
𮦥,yw
𮦦,yl
𮦧,yw
𮦨,yr
𮦩,yi
𮦪,yk
𮦫,yf
𮦬,yw
𮦭,yb
𮦮,xy
𮦯,yb
𮦰,yi
𮦱,yk
𮦲,yd
𮦳,yi
𮦴,yu
𮦵,yc
𮦶,yg
𮦷,yv
𮦸,vy
𮦹,yb
𮦺,yp
𮦻,uv
𮦼,yh
𮦽,yi
𮦾,yo
𮦿,yt
𮧀,ys
𮧁,yl
𮧂,yx
𮧃,fk
𮧄,fy
𮧅,ft
𮧆,fy
𮧇,gf
𮧈,ny
𮧉,mx
𮧊,mq
𮧋,im
𮧌,go
𮧍,me
𮧏,om
𮧐,mb
𮧑,mb
𮧒,bm
𮧓,cu
𮧔,cy
𮧕,cf
𮧖,cc
𮧗,du
𮧘,cf
𮧙,cr
𮧚,cl
𮧛,ck
𮧜,cc
𮧝,cx
𮧞,cm
𮧟,cy
𮧠,ce
𮧡,co
𮧢,cx
𮧣,cu
𮧤,vv
𮧥,cy
𮧦,cg
𮧧,ce
𮧨,cy
𮧩,cn
𮧪,cv
𮧫,cy
𮧬,cg
𮧭,ch
𮧮,wj
𮧯,wj
𮧰,kk
𮧱,ww
𮧲,wo
𮧳,wy
𮧴,wi
𮧵,wu
𮧶,yo
𮧷,lj
𮧸,lp
𮧹,lo
𮧺,uo
𮧻,ls
𮧼,uo
𮧽,ly
𮧾,lb
𮧿,ho
𮨀,yy
𮨁,uy
𮨂,wy
𮨃,wy
𮨄,ky
𮨅,jy
𮨆,qy
𮨇,iy
𮨈,ly
𮨉,wy
𮨊,wy
𮨋,uy
𮨌,dy
𮨍,bl
𮨎,dy
𮨏,xy
𮨐,ky
𮨑,qy
𮨒,ky
𮨓,ry
𮨔,my
𮨕,ay
𮨖,yy
𮨗,iy
𮨘,ll
𮨙,uy
𮨚,vy
𮨛,wy
𮨜,vy
𮨝,yy
𮨞,dy
𮨟,jy
𮨠,jy
𮨡,uy
𮨢,ty
𮨣,vy
𮨤,cy
𮨥,by
𮨦,fr
𮨧,fw
𮨨,rf
𮨩,fi
𮨪,fn
𮨫,fr
𮨬,fx
𮨭,fa
𮨮,fo
𮨯,fv
𮨰,fb
𮨱,fi
𮨲,fv
𮨳,fa
𮨴,af
𮨵,fp
𮨶,fq
𮨸,uy
𮨺,uk
𮨻,ub
𮨼,ue
𮨽,yg
𮨿,uy
𮩁,uo
𮩂,ub
𮩃,uh
𮩄,rg
𮩅,ug
𮩆,rt
𮩇,ua
𮩉,ub
𮩊,ux
𮩌,ut
𮩎,ud
𮩏,uh
𮩐,uu
𮩑,tg
𮩒,um
𮩓,uj
𮩔,ud
𮩕,gg
𮩖,ud
𮩗,ub
𮩘,uh
𮩚,gg
𮩛,uu
𮩜,ux
𮩝,ur
𮩞,ub
𮩟,bv
𮩠,bd
𮩡,bo
𮩢,bq
𮩣,bv
𮩤,iz
𮩥,bu
𮩦,hz
𮩧,hg
𮩨,hf
𮩩,hl
𮩪,hz
𮩫,ha
𮩬,hw
𮩭,hl
𮩮,hl
𮩯,hh
𮩰,ha
𮩱,hb
𮩲,mb
𮩳,md
𮩴,mc
𮩵,mj
𮩶,mj
𮩷,mw
𮩸,mv
𮩹,mq
𮩺,mn
𮩻,sm
𮩼,my
𮩽,mf
𮩾,my
𮩿,mi
𮪀,mb
𮪁,rm
𮪂,bm
𮪃,mz
𮪄,mx
𮪅,mq
𮪆,mn
𮪇,mk
𮪈,mw
𮪉,mi
𮪊,my
𮪋,mh
𮪌,mt
𮪍,mk
𮪎,mt
𮪏,mu
𮪐,mu
𮪑,mu
𮪒,my
𮪓,mc
𮪔,my
𮪕,ma
𮪖,mb
𮪗,mk
𮪘,mm
𮪙,mp
𮪚,ma
𮪛,mj
𮪜,mb
𮪝,mc
𮪞,ma
𮪟,mc
𮪠,mv
𮪡,mp
𮪢,mc
𮪣,mw
𮪤,mu
𮪥,mw
𮪦,gu
𮪧,gy
𮪨,gu
𮪩,gy
𮪪,gr
𮪫,go
𮪬,gb
𮪭,gn
𮪮,gc
𮪯,gw
𮪱,gx
𮪲,gg
𮪳,gk
𮪴,gc
𮪵,gt
𮪶,co
𮪷,co
𮪸,wy
𮪹,wy
𮪺,ak
𮪻,wf
𮪼,wa
𮪽,ey
𮪾,ex
𮪿,ed
𮫀,eg
𮫁,eu
𮫂,ed
𮫃,el
𮫄,ea
𮫅,ex
𮫆,eo
𮫇,ec
𮫈,ev
𮫉,ew
𮫊,ef
𮫋,ef
𮫌,ej
𮫍,ec
𮫎,ey
𮫏,ey
𮫐,ea
𮫑,eu
𮫒,et
𮫓,ev
𮫔,mv
𮫕,mm
𮫖,ke
𮫗,ay
𮫘,jp
𮫙,cg
𮫚,gg
𮫛,gh
𮫜,yy
𮫝,ug
𮫞,go
𮫟,gy
𮫠,fg
𮫡,cg
𮫢,tn
𮫣,gh
𮫤,gz
𮫥,gm
𮫦,ga
𮫧,wg
𮫨,go
𮫩,gw
𮫪,gx
𮫫,gi
𮫬,dh
𮫭,bd
𮫮,pd
𮫯,ph
𮫰,yd
𮫱,yy
𮫲,bo
𮫳,yd
𮫴,yk
𮫵,yd
𮫶,ys
𮫷,yg
𮫸,ye
𮫹,dt
𮫺,yt
𮫻,yb
𮫼,yl
𮫽,yb
𮫾,yb
𮫿,yr
𮬀,yo
𮬂,yt
𮬃,yi
𮬄,yf
𮬅,yz
𮬆,yw
𮬇,yu
𮬈,gy
𮬉,yk
𮬊,yd
𮬋,ky
𮬌,yx
𮬍,yo
𮬎,yy
𮬏,ya
𮬐,yg
𮬑,yw
𮬒,yx
𮬓,yw
𮬔,yj
𮬕,cy
𮬖,yb
𮬗,ym
𮬘,yc
𮬙,yu
𮬚,yb
𮬛,yy
𮬜,yo
𮬝,yx
𮬞,dy
𮬟,ya
𮬠,yu
𮬡,yo
𮬢,yx
𮬣,yj
𮬤,yk
𮬥,nj
𮬦,nw
𮬧,pn
𮬨,yn
𮬩,xn
𮬪,zn
𮬫,wn
𮬬,fn
𮬭,ln
𮬮,ne
𮬯,yn
𮬰,bn
𮬱,un
𮬲,bn
𮬳,nb
𮬴,yn
𮬵,un
𮬶,xn
𮬷,nd
𮬸,nq
𮬹,kn
𮬺,ln
𮬻,nz
𮬼,un
𮬽,sn
𮬾,nn
𮬿,pn
𮭀,nm
𮭁,nn
𮭂,nq
𮭃,dn
𮭄,nk
𮭅,on
𮭆,vn
𮭇,jn
𮭈,un
𮭉,rn
𮭊,dn
𮭋,xn
𮭌,yn
𮭍,bn
𮭎,jn
𮭏,en
𮭐,wn
𮭑,tn
𮭒,tn
𮭓,dn
𮭔,gn
𮭕,xn
𮭖,hn
𮭗,gn
𮭘,vn
𮭙,mn
𮭚,xn
𮭛,hp
𮭜,xn
𮭝,vn
𮭞,qn
𮭟,gn
𮭠,bn
𮭡,jn
𮭢,yn
𮭣,ln
𮭤,bn
𮭥,gn
𮭦,un
𮭧,ln
𮭨,on
𮭩,vn
𮭪,dn
𮭫,vg
𮭬,vw
𮭭,tm
𮭮,vl
𮭯,vk
𮭰,bj
𮭱,gh
𮭲,gk
𮭳,gy
𮭴,gy
𮭵,ge
𮭶,ls
𮭷,lh
𮭸,gd
𮭹,bb
𮭺,gg
𮭻,ww
𮭼,lv
𮭽,lh
𮭾,lo
𮭿,lc
𮮀,ly
𮮁,lo
𮮂,lx
𮮃,fy
𮮄,fg
𮮅,fq
𮮆,fb
𮮇,fn
𮮈,ga
𮮉,gy
𮮊,gg
𮮋,gu
𮮌,gb
𮮍,gx
𮮎,ga
𮮏,vb
𮮐,hx
𮮑,hx
𮮒,hm
𮮓,hn
𮮔,lf
𮮕,fh
𮮖,ll
𮮗,tk
𮮘,tm
𮮙,la
𮮚,lk
𮮛,ll
𮮜,to
𮮝,hh
𮮞,uh
𮮟,th
𮮠,cx
𮮡,ay
𮮢,gd
𮮤,yd
𮮥,pc
𮮦,tw
𮮧,wv
𮮨,bp
𮮩,kv
𮮪,uv
𮮫,tt
𮮬,ji
𮮭,jq
𮮮,jk
𮮯,ju
𮮰,bd
𮮱,zd
𮮲,zu
𮮳,ba
𮮴,zu
𮮵,bu
𮮶,zy
𮮷,zx
𮮸,zb
𮮹,zz
𮮺,wa
𮮻,wo
𮮼,wo
𮮽,vr
𮮾,vb
𮮿,vc
𮯀,vq
𮯁,vd
𮯂,vu
𮯃,vk
𮯄,vk
𮯅,vg
𮯆,vr
𮯇,vz
𮯈,vr
𮯉,vm
𮯊,vl
𮯋,vk
𮯌,vy
𮯍,vy
𮯎,vt
𮯏,qr
𮯐,vv
𮯑,vo
𮯒,vt
𮯓,vq
𮯔,ve
𮯕,vy
𮯖,vo
𮯗,vt
𮯘,vc
𮯙,vk
𮯚,lk
𮯛,dv
𮯜,bd
𮯝,pd
𮯞,do
𮯟,do
𮯠,ro
𰀀,al
𰀁,el
𰀂,ka
𰀃,ak
𰀄,ka
𰀅,wa
𰀆,aa
𰀇,kk
𰀈,fs
𰀉,av
𰀊,kv
𰀋,ql
𰀌,aj
𰀍,by
𰀎,uu
𰀏,ug
𰀐,as
𰀑,pc
𰀒,bn
𰀓,aj
𰀔,at
𰀕,bn
𰀖,aa
𰀗,uu
𰀘,br
𰀙,tc
𰀚,bw
𰀛,at
𰀜,bb
𰀝,qq
𰀞,yi
𰀟,bv
𰀠,lv
𰀡,ly
𰀢,ld
𰀣,jf
𰀤,lw
𰀥,ly
𰀦,ll
𰀧,jk
𰀨,ti
𰀩,vv
𰀪,pp
𰀫,pv
𰀬,nj
𰀭,ql
𰀮,pu
𰀯,nl
𰀰,vv
𰀱,vv
𰀲,bv
𰀳,vy
𰀴,mv
𰀵,vu
𰀶,xv
𰀷,uv
𰀸,yy
𰀹,hv
𰀺,yv
𰀻,dv
𰀼,vk
𰀽,xv
𰀾,vx
𰀿,rv
𰁀,vk
𰁁,tv
𰁂,qv
𰁃,qv
𰁄,qv
𰁅,kv
𰁆,uv
𰁇,jq
𰁈,vu
𰁉,ov
𰁊,bv
𰁋,vk
𰁌,vl
𰁍,lv
𰁎,jv
𰁏,vx
𰁐,vd
𰁑,vv
𰁒,ll
𰁓,fy
𰁔,vy
𰁕,qe
𰁖,el
𰁗,ei
𰁘,er
𰁙,ar
𰁚,yg
𰁛,yy
𰁜,wb
𰁝,wo
𰁞,wx
𰁟,wk
𰁠,wl
𰁡,rr
𰁢,ru
𰁣,rg
𰁤,yr
𰁥,ry
𰁦,rw
𰁧,rr
𰁨,rp
𰁩,rd
𰁪,ry
𰁫,rd
𰁬,rr
𰁭,rv
𰁮,br
𰁯,ry
𰁰,fr
𰁱,rs
𰁲,rl
𰁳,rt
𰁴,ry
𰁵,rz
𰁶,ru
𰁷,rv
𰁸,re
𰁹,ru
𰁺,rx
𰁻,rj
𰁼,rk
𰁽,jj
𰁾,rb
𰁿,rk
𰂀,rk
𰂁,rd
𰂂,rg
𰂃,rc
𰂄,ra
𰂅,ru
𰂆,rt
𰂇,rb
𰂈,rn
𰂉,rd
𰂊,rk
𰂋,ro
𰂌,rk
𰂍,ry
𰂎,ro
𰂏,rd
𰂐,rf
𰂑,rr
𰂒,ru
𰂓,rb
𰂔,rd
𰂕,ro
𰂖,rx
𰂗,rj
𰂘,ry
𰂙,rd
𰂚,ro
𰂛,rc
𰂜,rb
𰂝,rp
𰂞,rn
𰂟,ra
𰂠,rc
𰂡,rt
𰂢,rx
𰂣,rf
𰂤,ld
𰂥,rm
𰂦,rx
𰂧,rt
𰂨,rl
𰂩,rq
𰂪,rw
𰂫,rw
𰂬,ro
𰂭,rw
𰂮,ru
𰂯,ry
𰂰,ro
𰂱,ru
𰂲,rj
𰂳,ri
𰂴,re
𰂵,rx
𰂶,rl
𰂷,rb
𰂸,ru
𰂹,rg
𰂺,rk
𰂻,rb
𰂼,rx
𰂽,rj
𰂾,rb
𰂿,lk
𰃀,rt
𰃁,rh
𰃂,rh
𰃃,cm
𰃄,ld
𰃅,ry
𰃆,rb
𰃇,rg
𰃈,ru
𰃉,ry
𰃊,eu
𰃋,nx
𰃌,gl
𰃍,gg
𰃎,be
𰃏,yv
𰃐,gp
𰃑,gy
𰃒,gx
𰃓,be
𰃔,gx
𰃕,gd
𰃖,rj
𰃗,ro
𰃘,rd
𰃙,ir
𰃚,ri
𰃛,dr
𰃜,ra
𰃝,bd
𰃞,pl
𰃟,bb
𰃠,gn
𰃡,kb
𰃢,bo
𰃣,lk
𰃤,ri
𰃥,ln
𰃦,pk
𰃧,kw
𰃨,ky
𰃩,ko
𰃪,kv
𰃫,bk
𰃬,cv
𰃭,kj
𰃮,xb
𰃯,bp
𰃰,by
𰃱,bt
𰃲,ba
𰃳,bb
𰃴,bb
𰃵,du
𰃶,df
𰃷,dv
𰃸,dh
𰃹,dl
𰃺,dp
𰃻,du
𰃼,dy
𰃽,do
𰃾,dl
𰃿,dd
𰄀,dl
𰄁,dp
𰄂,dk
𰄃,dl
𰄄,dd
𰄅,dx
𰄆,dx
𰄇,db
𰄈,de
𰄉,dy
𰄊,db
𰄋,dd
𰄌,do
𰄍,dg
𰄎,do
𰄏,do
𰄐,jc
𰄑,ra
𰄒,ay
𰄓,ld
𰄔,ii
𰄕,iz
𰄖,qa
𰄗,lx
𰄘,ie
𰄙,bd
𰄚,dd
𰄛,du
𰄜,xd
𰄝,vd
𰄞,vd
𰄟,bd
𰄠,yd
𰄡,dw
𰄢,wd
𰄣,bd
𰄤,db
𰄥,dw
𰄦,ld
𰄧,dd
𰄨,dd
𰄩,zd
𰄪,xd
𰄫,dk
𰄬,zd
𰄭,ld
𰄮,dq
𰄯,ld
𰄰,zd
𰄱,fb
𰄲,du
𰄳,td
𰄴,dd
𰄵,xd
𰄶,dp
𰄷,du
𰄸,dd
𰄹,bd
𰄺,wd
𰄻,zd
𰄼,xd
𰄽,vd
𰄾,fd
𰄿,td
𰅀,da
𰅁,dd
𰅂,ud
𰅃,af
𰅄,bd
𰅅,cd
𰅆,ug
𰅇,wd
𰅈,dd
𰅉,jl
𰅊,ol
𰅋,bl
𰅌,lm
𰅍,jl
𰅎,ld
𰅏,lu
𰅐,zm
𰅑,jl
𰅒,ql
𰅓,gl
𰅔,hl
𰅕,cl
𰅖,dl
𰅗,ln
𰅘,qu
𰅙,wl
𰅚,lx
𰅛,bb
𰅜,wk
𰅝,du
𰅞,rb
𰅟,bg
𰅠,qb
𰅡,cb
𰅢,bq
𰅣,ub
𰅤,kh
𰅥,kd
𰅦,ku
𰅧,ko
𰅨,kt
𰅩,kb
𰅪,kv
𰅬,kp
𰅭,bu
𰅮,nu
𰅯,vu
𰅰,ul
𰅱,xu
𰅲,uu
𰅳,du
𰅴,ur
𰅵,bu
𰅶,gb
𰅷,uv
𰅸,ui
𰅹,uy
𰅺,mq
𰅻,rj
𰅼,bh
𰅽,cd
𰅾,wc
𰅿,bp
𰆀,ug
𰆁,pt
𰆂,ug
𰆃,by
𰆄,bi
𰆅,vk
𰆆,bj
𰆇,by
𰆈,bt
𰆉,be
𰆊,vl
𰆋,ee
𰆌,oe
𰆍,we
𰆎,od
𰆏,ze
𰆐,le
𰆑,le
𰆒,he
𰆓,dd
𰆔,wl
𰆕,iy
𰆖,iy
𰆗,iw
𰆘,iu
𰆙,il
𰆚,iq
𰆛,it
𰆜,iy
𰆝,if
𰆞,ij
𰆟,io
𰆠,ig
𰆡,iq
𰆢,iu
𰆣,iy
𰆤,iu
𰆥,id
𰆦,id
𰆧,ij
𰆨,ib
𰆩,ii
𰆪,iq
𰆫,im
𰆬,ix
𰆭,sf
𰆮,sy
𰆯,ql
𰆰,ry
𰆱,by
𰆲,cy
𰆳,yb
𰆴,wy
𰆵,ju
𰆶,yl
𰆷,yd
𰆸,oy
𰆹,yy
𰆺,vy
𰆻,yt
𰆼,ey
𰆽,yg
𰆾,jl
𰆿,ry
𰇀,bb
𰇁,ip
𰇂,vy
𰇃,yv
𰇄,py
𰇅,yj
𰇆,yy
𰇇,ke
𰇈,bv
𰇉,gk
𰇊,kv
𰇋,dk
𰇌,pk
𰇍,yk
𰇎,kd
𰇏,ko
𰇐,kt
𰇑,ck
𰇒,kv
𰇓,kj
𰇔,fb
𰇕,kj
𰇖,kl
𰇗,kk
𰇘,kd
𰇙,db
𰇚,kb
𰇛,kq
𰇜,kx
𰇝,vy
𰇞,kd
𰇟,dk
𰇠,ll
𰇡,kv
𰇢,ka
𰇣,kg
𰇤,ub
𰇥,kw
𰇦,kt
𰇧,kg
𰇨,vb
𰇩,bk
𰇪,kv
𰇫,kb
𰇬,kl
𰇭,bk
𰇮,jk
𰇯,vk
𰇰,kv
𰇱,kk
𰇲,kb
𰇳,kt
𰇴,rl
𰇵,kt
𰇶,kg
𰇷,kw
𰇸,ko
𰇹,kq
𰇺,gk
𰇻,ki
𰇼,kp
𰇽,ki
𰇾,vk
𰇿,db
𰈀,tb
𰈁,kv
𰈂,kw
𰈃,ko
𰈄,kk
𰈅,wb
𰈆,kj
𰈇,ky
𰈈,kj
𰈉,ko
𰈊,kh
𰈋,ki
𰈌,db
𰈍,ka
𰈎,kx
𰈏,km
𰈐,kx
𰈑,cb
𰈒,kx
𰈓,km
𰈔,ku
𰈕,hb
𰈖,fb
𰈗,ub
𰈘,km
𰈙,kj
𰈚,kb
𰈛,lk
𰈜,pk
𰈝,kb
𰈞,ky
𰈟,tk
𰈠,xb
𰈡,kw
𰈢,kd
𰈣,ko
𰈤,kl
𰈥,kx
𰈦,km
𰈧,vk
𰈨,kf
𰈩,tj
𰈪,kx
𰈫,ag
𰈬,kn
𰈭,kh
𰈮,ku
𰈯,kq
𰈰,ky
𰈱,kq
𰈲,kf
𰈴,gb
𰈵,bb
𰈶,kc
𰈷,lb
𰈸,ku
𰈹,kx
𰈺,tk
𰈻,kb
𰈼,ky
𰈽,wa
𰈾,kn
𰈿,ku
𰉀,kb
𰉁,ky
𰉂,kw
𰉃,kc
𰉄,kb
𰉅,ku
𰉆,kd
𰉇,to
𰉈,yg
𰉉,ky
𰉊,ku
𰉋,kt
𰉌,kx
𰉍,wv
𰉎,wp
𰉏,wv
𰉐,ss
𰉑,wg
𰉒,dk
𰉓,wg
𰉔,wy
𰉕,tv
𰉖,tk
𰉗,tb
𰉘,tw
𰉙,tx
𰉚,tj
𰉛,yt
𰉜,tv
𰉝,tm
𰉞,tl
𰉟,tb
𰉠,ty
𰉡,td
𰉢,lt
𰉣,tf
𰉤,pt
𰉥,tj
𰉦,to
𰉧,it
𰉩,tl
𰉪,tu
𰉫,te
𰉬,td
𰉭,to
𰉮,tu
𰉯,it
𰉰,tr
𰉱,tq
𰉲,te
𰉳,tj
𰉴,tl
𰉵,tm
𰉶,tk
𰉷,tt
𰉸,wt
𰉹,at
𰉺,tm
𰉻,ty
𰉼,ot
𰉽,tz
𰉾,tw
𰉿,yt
𰊀,nt
𰊁,ti
𰊂,tj
𰊃,tm
𰊄,to
𰊅,td
𰊆,tu
𰊇,dt
𰊈,lt
𰊉,dt
𰊊,ty
𰊋,tn
𰊌,tt
𰊍,ty
𰊎,uk
𰊏,ta
𰊐,tw
𰊑,tm
𰊒,tg
𰊓,td
𰊔,tx
𰊕,tk
𰊖,dt
𰊗,tt
𰊘,tx
𰊙,tt
𰊚,tt
𰊛,tb
𰊜,tb
𰊝,ta
𰊞,tk
𰊟,tl
𰊠,tj
𰊡,tj
𰊢,dt
𰊣,dt
𰊤,gt
𰊥,tk
𰊦,tk
𰊧,ta
𰊨,ta
𰊩,kt
𰊪,kt
𰊫,ty
𰊬,tx
𰊭,zt
𰊮,tt
𰊯,rt
𰊰,tb
𰊱,ty
𰊲,yt
𰊳,ty
𰊴,yt
𰊵,tl
𰊶,ct
𰊷,td
𰊸,tw
𰊹,ty
𰊺,to
𰊻,tb
𰊼,to
𰊽,kt
𰊾,th
𰊿,yt
𰋀,tt
𰋁,bt
𰋂,ty
𰋃,ty
𰋄,tg
𰋅,tc
𰋆,th
𰋇,ta
𰋈,tb
𰋉,ta
𰋊,bj
𰋋,td
𰋌,tg
𰋍,tw
𰋎,wu
𰋏,bw
𰋐,xj
𰋑,xg
𰋒,xx
𰋓,xz
𰋔,xt
𰋕,xu
𰋖,mx
𰋗,al
𰋘,bx
𰋙,kr
𰋚,gd
𰋛,di
𰋜,dx
𰋝,jd
𰋞,dv
𰋟,tt
𰋠,it
𰋡,tv
𰋢,dl
𰋣,pf
𰋤,dy
𰋥,hd
𰋦,dj
𰋧,hd
𰋨,wd
𰋩,tt
𰋪,tl
𰋫,qd
𰋬,gd
𰋭,tu
𰋮,tv
𰋯,tf
𰋰,dd
𰋱,cd
𰋲,dk
𰋳,dq
𰋴,vd
𰋵,nd
𰋶,nl
𰋷,xn
𰋸,np
𰋹,nv
𰋺,nh
𰋻,nu
𰋼,ny
𰋽,in
𰋾,nu
𰋿,nb
𰌀,cn
𰌁,nj
𰌂,nb
𰌃,nv
𰌄,nd
𰌅,fn
𰌆,in
𰌇,nb
𰌈,nq
𰌉,nd
𰌊,nw
𰌋,nm
𰌌,tn
𰌍,ny
𰌎,nk
𰌏,no
𰌐,nu
𰌑,kn
𰌒,nx
𰌓,nj
𰌔,nd
𰌕,mj
𰌖,nm
𰌗,nd
𰌘,tn
𰌙,nb
𰌚,fn
𰌛,nd
𰌜,zc
𰌝,zq
𰌞,ez
𰌟,zy
𰌠,zv
𰌡,zy
𰌢,zi
𰌣,zu
𰌤,zs
𰌥,zd
𰌦,zy
𰌧,ze
𰌨,zo
𰌩,lz
𰌪,zb
𰌫,zu
𰌬,zo
𰌭,zp
𰌮,ux
𰌯,zx
𰌰,bz
𰌱,uz
𰌲,lz
𰌳,bv
𰌴,bs
𰌵,bi
𰌶,bb
𰌷,bw
𰌸,by
𰌹,bc
𰌺,be
𰌻,bt
𰌼,bb
𰌽,bk
𰌾,bv
𰌿,bg
𰍀,bv
𰍁,bn
𰍂,bu
𰍃,be
𰍄,bu
𰍅,bi
𰍆,br
𰍇,ba
𰍈,bu
𰍉,bl
𰍊,bk
𰍋,bx
𰍌,bg
𰍍,bk
𰍎,fz
𰍏,bx
𰍐,bp
𰍑,ba
𰍒,ba
𰍓,bx
𰍔,bh
𰍕,by
𰍖,bk
𰍗,ba
𰍘,bo
𰍙,bu
𰍚,bx
𰍛,ul
𰍜,ba
𰍝,bz
𰍞,bw
𰍟,bk
𰍠,bo
𰍡,bl
𰍢,bg
𰍣,uq
𰍤,ld
𰍥,sc
𰍦,ea
𰍧,pl
𰍨,ld
𰍩,xr
𰍪,vx
𰍫,xy
𰍬,lu
𰍭,wu
𰍮,yn
𰍯,oy
𰍰,ua
𰍱,uv
𰍲,ul
𰍳,uh
𰍴,uv
𰍵,vi
𰍶,ud
𰍷,ux
𰍸,uv
𰍹,ui
𰍺,ud
𰍻,ut
𰍼,uc
𰍽,un
𰍾,uu
𰍿,ur
𰎀,iu
𰎁,um
𰎂,um
𰎃,ux
𰎄,ul
𰎅,uo
𰎆,uj
𰎇,ym
𰎈,cl
𰎉,ug
𰎊,qu
𰎋,uo
𰎌,ur
𰎍,uy
𰎎,ul
𰎏,ud
𰎐,uu
𰎑,uy
𰎒,ub
𰎓,ul
𰎔,uw
𰎕,db
𰎖,ud
𰎗,ud
𰎘,ud
𰎙,uj
𰎚,iu
𰎛,uy
𰎜,uf
𰎝,ui
𰎞,uy
𰎟,ur
𰎠,uy
𰎡,ud
𰎢,uw
𰎣,hu
𰎤,uj
𰎥,ut
𰎦,uq
𰎧,pu
𰎨,hu
𰎩,uz
𰎪,uo
𰎫,uq
𰎬,uu
𰎭,uj
𰎮,ux
𰎯,un
𰎰,uo
𰎱,uo
𰎲,uc
𰎳,ut
𰎴,uw
𰎵,un
𰎶,un
𰎷,uy
𰎸,uk
𰎹,uq
𰎺,ux
𰎻,uv
𰎼,uq
𰎽,uk
𰎾,uw
𰎿,ug
𰏀,ug
𰏁,ub
𰏂,uw
𰏃,id
𰏄,vu
𰏅,jz
𰏆,vy
𰏇,uv
𰏈,gg
𰏉,gj
𰏊,gs
𰏋,gk
𰏌,ux
𰏍,ut
𰏎,yy
𰏏,ys
𰏐,aj
𰏑,dj
𰏒,jj
𰏓,jw
𰏔,jj
𰏕,jj
𰏖,jf
𰏗,jj
𰏙,pj
𰏚,cc
𰏛,bt
𰏜,jn
𰏝,bb
𰏞,tj
𰏟,jj
𰏠,jz
𰏡,ux
𰏢,gu
𰏣,dp
𰏤,rk
𰏥,jn
𰏦,pp
𰏧,bn
𰏨,pp
𰏩,tg
𰏪,ag
𰏫,nk
𰏬,kp
𰏭,hg
𰏮,tm
𰏯,ye
𰏰,ya
𰏱,pw
𰏲,gm
𰏳,gu
𰏴,gg
𰏵,gg
𰏶,gy
𰏷,gm
𰏸,go
𰏹,gf
𰏺,gk
𰏻,gp
𰏼,gj
𰏽,gt
𰏾,gu
𰏿,gi
𰐀,gy
𰐁,go
𰐂,gx
𰐃,gm
𰐄,gt
𰐅,gb
𰐆,gt
𰐇,uc
𰐈,nc
𰐉,bc
𰐊,dk
𰐋,wk
𰐌,ac
𰐍,jg
𰐎,gg
𰐏,gy
𰐐,gk
𰐑,gb
𰐒,go
𰐓,ge
𰐔,gd
𰐕,bf
𰐖,fy
𰐗,gf
𰐘,gl
𰐙,gv
𰐚,gy
𰐛,gd
𰐜,ge
𰐝,ff
𰐞,gx
𰐟,gd
𰐠,yu
𰐡,wb
𰐢,zg
𰐣,el
𰐤,ue
𰐥,ef
𰐦,np
𰐧,lp
𰐨,bp
𰐩,vp
𰐪,wp
𰐫,mp
𰐬,ri
𰐭,rb
𰐮,ro
𰐯,ra
𰐰,rs
𰐱,ry
𰐲,ro
𰐳,ry
𰐴,rw
𰐵,rk
𰐶,rv
𰐷,ry
𰐸,rt
𰐹,rw
𰐺,vx
𰐻,jx
𰐼,rx
𰐽,fx
𰐾,xg
𰐿,xp
𰑀,yx
𰑁,xv
𰑂,xx
𰑃,xo
𰑄,xl
𰑅,xr
𰑆,nx
𰑇,by
𰑈,bx
𰑉,kx
𰑊,xs
𰑋,jx
𰑌,xr
𰑍,xl
𰑎,rx
𰑏,xb
𰑐,xl
𰑑,bx
𰑒,bx
𰑓,mx
𰑔,fx
𰑕,ix
𰑖,xn
𰑗,bu
𰑘,xy
𰑙,xd
𰑚,xc
𰑛,xq
𰑜,ix
𰑝,xr
𰑞,xx
𰑟,gx
𰑠,xa
𰑡,lx
𰑢,ux
𰑣,nx
𰑤,xs
𰑥,xo
𰑦,xa
𰑧,ix
𰑨,wx
𰑩,ax
𰑪,xd
𰑫,xx
𰑬,xb
𰑭,ux
𰑮,xw
𰑯,xx
𰑰,xl
𰑱,xz
𰑲,tx
𰑳,xg
𰑴,ab
𰑵,cx
𰑶,ox
𰑷,dx
𰑸,gx
𰑹,xd
𰑺,xu
𰑻,lx
𰑼,bx
𰑽,xb
𰑾,xl
𰑿,xx
𰒀,xm
𰒁,hv
𰒂,xx
𰒃,fx
𰒄,mx
𰒅,xe
𰒆,xl
𰒇,xo
𰒈,xe
𰒉,xy
𰒊,yx
𰒋,xg
𰒌,ex
𰒍,tx
𰒎,xa
𰒏,xq
𰒐,xo
𰒑,xh
𰒒,dx
𰒓,xi
𰒔,xl
𰒕,xg
𰒖,vx
𰒗,xx
𰒘,tx
𰒙,xr
𰒚,lk
𰒛,ax
𰒜,yu
𰒝,ub
𰒞,xv
𰒟,xo
𰒠,gx
𰒡,xk
𰒢,xd
𰒣,bx
𰒤,bg
𰒥,gg
𰒦,gd
𰒧,gy
𰒨,yg
𰒩,gu
𰒪,dg
𰒫,go
𰒬,vg
𰒭,gd
𰒮,gu
𰒯,kg
𰒰,wg
𰒱,vg
𰒲,ga
𰒳,gd
𰒴,hf
𰒵,hk
𰒶,hf
𰒷,fq
𰒸,fe
𰒹,fv
𰒺,fd
𰒻,ul
𰒼,fs
𰒽,fw
𰒾,fd
𰒿,fp
𰓀,fy
𰓁,ub
𰓂,ug
𰓃,uy
𰓄,fi
𰓅,uu
𰓆,fw
𰓇,uv
𰓈,uh
𰓉,wu
𰓊,fb
𰓋,fl
𰓌,fg
𰓍,ug
𰓎,uk
𰓏,uk
𰓐,fu
𰓑,uj
𰓒,ud
𰓓,fu
𰓔,fr
𰓕,fd
𰓖,uf
𰓗,fd
𰓘,ff
𰓙,iu
𰓚,uz
𰓛,gu
𰓜,fe
𰓝,fj
𰓞,fv
𰓟,fa
𰓠,fy
𰓡,fy
𰓢,fd
𰓣,fi
𰓤,fw
𰓥,fm
𰓦,uv
𰓧,fx
𰓨,fa
𰓩,fy
𰓪,uy
𰓫,fj
𰓬,fd
𰓭,fx
𰓮,fw
𰓯,uu
𰓰,ur
𰓱,ft
𰓲,ku
𰓳,fj
𰓴,fy
𰓵,uf
𰓶,hu
𰓷,fw
𰓸,fk
𰓺,fr
𰓻,fj
𰓼,ft
𰓽,uo
𰓾,fu
𰓿,fe
𰔀,ub
𰔁,fx
𰔂,fd
𰔃,uq
𰔄,iu
𰔅,ua
𰔆,fm
𰔇,fj
𰔈,fk
𰔉,fm
𰔊,ua
𰔋,fb
𰔌,uk
𰔍,fv
𰔎,fu
𰔏,fy
𰔐,uw
𰔑,uy
𰔒,ff
𰔓,fp
𰔔,fh
𰔕,tu
𰔖,fu
𰔗,fd
𰔘,fx
𰔙,uu
𰔚,ft
𰔛,fd
𰔜,fv
𰔝,fu
𰔞,fw
𰔟,uw
𰔠,fu
𰔡,fk
𰔢,fb
𰔣,fb
𰔤,fj
𰔥,qd
𰔦,ff
𰔧,ff
𰔨,fq
𰔩,fm
𰔪,fz
𰔫,fy
𰔬,fh
𰔭,fl
𰔮,fx
𰔯,fb
𰔰,ua
𰔱,fz
𰔲,fm
𰔳,fc
𰔴,ft
𰔵,fy
𰔶,ju
𰔷,ff
𰔸,fx
𰔹,fx
𰔺,fm
𰔻,fi
𰔼,fx
𰔽,uv
𰔾,rz
𰔿,uv
𰕀,vv
𰕁,vc
𰕂,vk
𰕃,ky
𰕄,qw
𰕅,qy
𰕆,fy
𰕇,sw
𰕈,yw
𰕉,ky
𰕊,vw
𰕋,xy
𰕌,rw
𰕍,fv
𰕎,ww
𰕏,bw
𰕐,bb
𰕑,rw
𰕒,xy
𰕓,bw
𰕔,rw
𰕕,lw
𰕖,ew
𰕗,pw
𰕘,hy
𰕙,gw
𰕚,uw
𰕛,gw
𰕜,vw
𰕝,wt
𰕞,ib
𰕟,ut
𰕠,bt
𰕡,yt
𰕢,ct
𰕣,kt
𰕤,vt
𰕥,kt
𰕦,ct
𰕧,ff
𰕨,fv
𰕩,fo
𰕪,fz
𰕫,fl
𰕬,fu
𰕭,fy
𰕮,fr
𰕯,fx
𰕰,lw
𰕱,ok
𰕲,lo
𰕳,oz
𰕴,oq
𰕵,ol
𰕶,ou
𰕷,oj
𰕸,ov
𰕹,ol
𰕺,os
𰕻,oj
𰕼,ou
𰕽,mo
𰕾,uo
𰕿,ox
𰖀,oi
𰖁,ou
𰖂,oe
𰖃,ro
𰖄,oe
𰖅,oe
𰖆,lo
𰖇,ox
𰖈,oy
𰖉,ob
𰖊,ov
𰖋,or
𰖌,ow
𰖍,od
𰖎,oi
𰖏,oi
𰖐,oy
𰖑,ot
𰖒,oo
𰖓,od
𰖔,oo
𰖕,om
𰖖,oy
𰖗,ro
𰖘,uo
𰖙,op
𰖚,on
𰖛,om
𰖜,oa
𰖝,ot
𰖞,oc
𰖟,ol
𰖠,ov
𰖡,ob
𰖢,ow
𰖣,oy
𰖤,oj
𰖥,oo
𰖦,ok
𰖧,of
𰖨,uy
𰖩,on
𰖪,og
𰖫,io
𰖬,ow
𰖭,oo
𰖮,og
𰖯,oo
𰖰,oy
𰖱,ou
𰖲,ro
𰖳,ox
𰖴,xo
𰖵,om
𰖶,om
𰖷,on
𰖸,ot
𰖹,og
𰖺,og
𰖻,oj
𰖼,oo
𰖽,ob
𰖾,oi
𰖿,ov
𰗀,bo
𰗁,qq
𰗂,yo
𰗃,bo
𰗄,lo
𰗅,od
𰗆,uo
𰗇,od
𰗈,uo
𰗉,ox
𰗊,ou
𰗋,oj
𰗌,od
𰗍,ou
𰗎,oc
𰗏,uw
𰗐,fr
𰗑,ya
𰗒,ay
𰗓,ag
𰗔,ya
𰗕,xa
𰗖,al
𰗗,an
𰗘,la
𰗙,ae
𰗚,ay
𰗛,af
𰗜,ia
𰗝,al
𰗞,xa
𰗟,ae
𰗠,aj
𰗡,ai
𰗢,ai
𰗣,wa
𰗤,ay
𰗥,al
𰗦,ad
𰗧,ba
𰗨,ac
𰗩,gm
𰗪,ka
𰗫,ai
𰗬,aq
𰗭,wa
𰗮,aa
𰗯,ag
𰗰,aa
𰗱,at
𰗲,aw
𰗳,gw
𰗴,av
𰗵,au
𰗶,at
𰗷,ba
𰗸,ai
𰗹,ab
𰗺,ab
𰗻,an
𰗼,au
𰗽,al
𰗾,aa
𰗿,ra
𰘀,aj
𰘁,ae
𰘂,ad
𰘃,ay
𰘄,an
𰘅,ak
𰘆,az
𰘇,ag
𰘈,ai
𰘉,wy
𰘊,gu
𰘋,gb
𰘌,aj
𰘍,ao
𰘎,ab
𰘏,aa
𰘐,vw
𰘑,ma
𰘒,na
𰘓,ca
𰘔,ay
𰘕,ay
𰘖,au
𰘗,aw
𰘘,ax
𰘙,ai
𰘚,al
𰘛,ag
𰘜,ak
𰘝,ab
𰘞,xd
𰘟,ap
𰘠,aj
𰘡,fa
𰘢,ay
𰘣,aj
𰘤,ua
𰘥,au
𰘦,ww
𰘧,ay
𰘨,ta
𰘩,ab
𰘪,gf
𰘫,ao
𰘬,gx
𰘭,va
𰘮,aa
𰘯,ak
𰘰,ab
𰘱,ga
𰘲,aw
𰘳,ab
𰘴,ah
𰘵,am
𰘶,ah
𰘷,at
𰘸,aw
𰘹,ab
𰘺,ad
𰘻,ad
𰘼,qa
𰘽,ah
𰘾,ua
𰘿,af
𰙀,aa
𰙁,gd
𰙂,yy
𰙃,rg
𰙄,pa
𰙅,ia
𰙆,au
𰙇,uu
𰙈,pa
𰙉,ll
𰙊,jq
𰙋,wq
𰙌,wq
𰙍,tq
𰙎,qq
𰙏,oq
𰙐,bq
𰙑,yq
𰙒,uq
𰙓,rq
𰙔,vq
𰙕,mq
𰙖,fq
𰙗,vq
𰙘,rq
𰙙,wq
𰙚,dv
𰙛,vd
𰙜,dv
𰙝,vw
𰙞,vw
𰙟,jv
𰙠,bv
𰙡,vb
𰙢,pv
𰙣,vm
𰙤,vv
𰙥,vy
𰙦,gv
𰙧,kv
𰙨,yv
𰙩,dv
𰙪,wv
𰙫,vg
𰙬,lv
𰙭,vv
𰙮,pv
𰙯,vl
𰙰,vg
𰙱,vt
𰙲,wv
𰙳,ev
𰙴,gv
𰙵,vk
𰙶,bv
𰙷,wv
𰙸,vu
𰙹,vx
𰙺,vv
𰙻,lv
𰙼,ds
𰙽,dl
𰙾,dw
𰙿,du
𰚀,dx
𰚁,du
𰚂,db
𰚃,tu
𰚄,wu
𰚅,bu
𰚆,uu
𰚇,wu
𰚈,tu
𰚉,tu
𰚊,yu
𰚋,dk
𰚌,by
𰚍,mm
𰚎,mb
𰚏,bm
𰚐,ms
𰚑,mf
𰚒,mu
𰚓,my
𰚔,bm
𰚕,mk
𰚖,gm
𰚗,bm
𰚘,mz
𰚙,ml
𰚚,mk
𰚛,mc
𰚜,mz
𰚝,mk
𰚞,fm
𰚟,mc
𰚠,bm
𰚡,mu
𰚢,lm
𰚣,mm
𰚤,xm
𰚥,hm
𰚦,mm
𰚧,mm
𰚨,lm
𰚩,im
𰚪,lm
𰚫,wm
𰚬,mb
𰚭,xm
𰚮,mm
𰚯,xm
𰚰,lm
𰚱,ym
𰚲,mg
𰚳,wm
𰚴,md
𰚵,gm
𰚶,em
𰚷,jt
𰚸,ym
𰚹,ym
𰚺,iu
𰚻,qb
𰚼,qy
𰚽,qw
𰚾,qw
𰚿,qo
𰛀,qk
𰛁,qg
𰛂,qe
𰛃,qo
𰛄,al
𰛅,lv
𰛆,pu
𰛇,dc
𰛈,du
𰛉,dm
𰛊,dm
𰛋,uc
𰛌,dl
𰛍,dy
𰛎,df
𰛏,dr
𰛐,uq
𰛑,dv
𰛒,dd
𰛓,ds
𰛔,dd
𰛕,au
𰛖,du
𰛗,db
𰛘,uu
𰛙,ou
𰛚,dc
𰛛,dr
𰛜,dl
𰛝,dy
𰛞,dl
𰛟,db
𰛠,db
𰛡,du
𰛢,dt
𰛣,fu
𰛤,de
𰛥,dj
𰛦,dx
𰛧,dx
𰛨,db
𰛩,dm
𰛪,wu
𰛫,dp
𰛬,dr
𰛭,dt
𰛮,dx
𰛯,de
𰛰,dg
𰛱,dq
𰛲,dq
𰛳,dv
𰛴,dq
𰛵,da
𰛶,dz
𰛷,dx
𰛸,dv
𰛹,dx
𰛺,do
𰛻,dh
𰛼,uy
𰛽,dy
𰛾,lu
𰛿,dy
𰜀,do
𰜁,ub
𰜂,zu
𰜃,dk
𰜄,dp
𰜅,ru
𰜆,uo
𰜇,ul
𰜈,dt
𰜉,hu
𰜊,wu
𰜋,dy
𰜌,dd
𰜍,db
𰜎,dl
𰜏,uy
𰜐,dj
𰜑,dy
𰜒,dm
𰜓,dc
𰜔,do
𰜕,dm
𰜖,dm
𰜗,dk
𰜘,da
𰜙,dl
𰜚,da
𰜛,da
𰜜,da
𰜝,dl
𰜞,dy
𰜟,dk
𰜠,dg
𰜡,df
𰜢,db
𰜣,dy
𰜤,dw
𰜥,dw
𰜦,dv
𰜧,dk
𰜨,dz
𰜩,dx
𰜪,do
𰜫,dk
𰜬,du
𰜭,dk
𰜮,de
𰜯,dl
𰜰,dy
𰜱,do
𰜲,do
𰜳,dn
𰜴,df
𰜵,dt
𰜶,dk
𰜷,dd
𰜸,dk
𰜹,dw
𰜺,dl
𰜻,do
𰜼,dy
𰜽,dm
𰜾,by
𰜿,dm
𰝀,dv
𰝁,dc
𰝂,dx
𰝃,df
𰝄,dn
𰝅,dk
𰝆,di
𰝇,dr
𰝈,db
𰝉,bu
𰝊,do
𰝋,dx
𰝌,dz
𰝍,di
𰝎,dd
𰝏,di
𰝐,df
𰝑,di
𰝒,de
𰝓,du
𰝔,dk
𰝕,dm
𰝖,dx
𰝗,do
𰝘,di
𰝙,do
𰝚,do
𰝛,dt
𰝜,dq
𰝝,dm
𰝞,db
𰝟,dy
𰝠,dy
𰝡,do
𰝢,ds
𰝣,dk
𰝤,dy
𰝥,dd
𰝦,dg
𰝧,da
𰝨,dx
𰝩,dh
𰝪,do
𰝫,dh
𰝬,do
𰝭,du
𰝮,du
𰝯,dr
𰝰,dm
𰝱,df
𰝲,dx
𰝳,dl
𰝴,dx
𰝵,dy
𰝶,hl
𰝷,hg
𰝸,ch
𰝺,hj
𰝻,qh
𰝼,hz
𰝽,yh
𰝾,hi
𰝿,hw
𰞀,vh
𰞁,bh
𰞂,kh
𰞃,hb
𰞄,yh
𰞅,yh
𰞆,bj
𰞇,hf
𰞈,ud
𰞉,hl
𰞊,th
𰞋,hj
𰞌,hq
𰞍,he
𰞎,rh
𰞏,hc
𰞐,ph
𰞑,hb
𰞒,hv
𰞓,wh
𰞔,hk
𰞕,qh
𰞖,qh
𰞗,ha
𰞘,rh
𰞙,wh
𰞚,wh
𰞛,hg
𰞜,lh
𰞝,he
𰞞,eh
𰞟,fh
𰞠,fh
𰞡,uh
𰞢,hy
𰞣,hv
𰞤,ht
𰞥,hh
𰞦,hp
𰞧,oh
𰞨,jh
𰞩,hm
𰞪,hw
𰞫,uh
𰞬,ht
𰞭,hd
𰞮,ht
𰞯,ch
𰞰,wh
𰞱,hj
𰞲,wh
𰞳,hy
𰞴,fh
𰞵,hy
𰞶,bh
𰞷,hp
𰞸,he
𰞹,dh
𰞺,hw
𰞻,hb
𰞼,fh
𰞽,ah
𰞾,hk
𰞿,vh
𰟀,oh
𰟁,hk
𰟂,hh
𰟃,ho
𰟄,hk
𰟅,gh
𰟆,gh
𰟇,fh
𰟈,oh
𰟉,oh
𰟊,xh
𰟋,hy
𰟌,th
𰟍,hx
𰟎,hg
𰟏,hm
𰟐,hw
𰟑,gh
𰟒,hy
𰟓,hr
𰟔,hk
𰟕,hz
𰟖,hq
𰟗,rh
𰟘,hj
𰟙,ha
𰟚,th
𰟛,ah
𰟜,ht
𰟝,ch
𰟞,th
𰟟,hw
𰟠,dh
𰟡,hw
𰟢,hj
𰟣,ah
𰟤,hh
𰟥,dh
𰟦,hx
𰟧,he
𰟨,hv
𰟩,rh
𰟪,hu
𰟫,hk
𰟬,hm
𰟭,hh
𰟮,dh
𰟯,ht
𰟰,hb
𰟱,kh
𰟲,hd
𰟳,yh
𰟴,ld
𰟵,hq
𰟶,uu
𰟷,bh
𰟸,hr
𰟹,eh
𰟺,ha
𰟻,hw
𰟼,vy
𰟽,vk
𰟾,vy
𰟿,vo
𰠀,va
𰠁,lv
𰠂,vu
𰠃,wv
𰠄,vu
𰠅,vu
𰠆,vc
𰠇,py
𰠈,vg
𰠉,vu
𰠊,vu
𰠋,fl
𰠌,fd
𰠍,fy
𰠎,pu
𰠏,py
𰠐,pw
𰠑,pu
𰠒,pk
𰠓,pb
𰠔,pw
𰠕,pu
𰠖,pk
𰠗,lz
𰠘,lz
𰠙,pv
𰠚,pf
𰠛,pj
𰠜,pb
𰠝,py
𰠞,pg
𰠟,po
𰠠,yx
𰠡,yf
𰠢,yk
𰠣,ny
𰠤,yk
𰠥,yb
𰠦,ny
𰠧,kn
𰠨,un
𰠩,nv
𰠪,nv
𰠫,nx
𰠬,nv
𰠭,nw
𰠮,ny
𰠯,ng
𰠰,nh
𰠱,nr
𰠲,nj
𰠳,nv
𰠴,nw
𰠵,nl
𰠶,nc
𰠷,nl
𰠸,nk
𰠹,nq
𰠺,sn
𰠻,nt
𰠼,nb
𰠽,zq
𰠾,qq
𰠿,qf
𰡀,yq
𰡁,ql
𰡂,qs
𰡃,qw
𰡄,qu
𰡅,qs
𰡆,qy
𰡇,qb
𰡈,qq
𰡉,qy
𰡊,ql
𰡋,qi
𰡌,qv
𰡍,qd
𰡎,ql
𰡏,qn
𰡐,qb
𰡑,qt
𰡒,qx
𰡓,qy
𰡔,qt
𰡕,qt
𰡖,qm
𰡗,qb
𰡘,qb
𰡙,qo
𰡚,qq
𰡛,qc
𰡜,qy
𰡝,qo
𰡞,qb
𰡟,qd
𰡠,qy
𰡡,qj
𰡢,qn
𰡣,qw
𰡤,qh
𰡥,qb
𰡦,wy
𰡧,kq
𰡨,qy
𰡩,qt
𰡪,gj
𰡫,qm
𰡬,qu
𰡭,wj
𰡮,wb
𰡯,wg
𰡰,wi
𰡱,wn
𰡲,wy
𰡳,yd
𰡴,wv
𰡵,wu
𰡶,wb
𰡷,we
𰡸,yw
𰡹,wx
𰡺,wl
𰡻,wx
𰡼,wa
𰡽,wc
𰡾,wn
𰡿,yj
𰢀,wx
𰢁,wr
𰢂,wm
𰢃,xy
𰢄,wb
𰢅,wt
𰢆,wx
𰢇,wx
𰢈,wv
𰢉,ww
𰢊,yy
𰢋,wk
𰢌,wu
𰢍,gy
𰢎,wa
𰢏,we
𰢐,wv
𰢑,wo
𰢒,ey
𰢓,wb
𰢔,wr
𰢕,wa
𰢖,wj
𰢗,wf
𰢘,wu
𰢙,wc
𰢚,we
𰢛,vl
𰢜,gb
𰢝,gl
𰢞,gj
𰢟,hg
𰢠,gj
𰢡,jg
𰢢,ww
𰢣,wc
𰢤,bw
𰢥,xw
𰢦,mw
𰢧,gx
𰢨,go
𰢩,gl
𰢪,cv
𰢫,uu
𰢬,uk
𰢭,uk
𰢮,lu
𰢯,uj
𰢰,wy
𰢱,yy
𰢲,by
𰢳,sd
𰢴,at
𰢵,kt
𰢶,tk
𰢷,by
𰢸,it
𰢹,tk
𰢺,tb
𰢻,yw
𰢼,ty
𰢽,tw
𰢾,wr
𰢿,tk
𰣀,tu
𰣁,tk
𰣂,jr
𰣃,xt
𰣄,lj
𰣅,mt
𰣆,jk
𰣇,ft
𰣈,xy
𰣉,tw
𰣊,ty
𰣋,gt
𰣌,tt
𰣍,tk
𰣎,tx
𰣏,tu
𰣐,ug
𰣑,tu
𰣒,pt
𰣓,mw
𰣔,tl
𰣕,ao
𰣖,tq
𰣗,pt
𰣘,mt
𰣙,tu
𰣚,tk
𰣛,to
𰣜,ky
𰣝,ao
𰣞,tt
𰣟,tt
𰣠,bz
𰣡,wz
𰣢,bx
𰣣,bv
𰣤,bd
𰣥,bj
𰣦,bw
𰣧,bb
𰣨,by
𰣩,bd
𰣪,by
𰣫,bb
𰣬,bq
𰣭,bn
𰣮,by
𰣯,bo
𰣰,bo
𰣱,pf
𰣲,bt
𰣳,ba
𰣴,bn
𰣵,be
𰣶,bb
𰣷,bd
𰣸,bx
𰣹,bd
𰣺,bn
𰣻,bk
𰣼,bv
𰣽,bu
𰣾,bt
𰣿,bb
𰤀,bx
𰤁,pt
𰤂,bo
𰤃,bh
𰤄,bo
𰤅,pd
𰤆,bt
𰤇,by
𰤈,bl
𰤉,bu
𰤊,py
𰤋,bh
𰤌,bd
𰤍,bg
𰤎,bl
𰤏,bd
𰤐,by
𰤑,bw
𰤒,bv
𰤓,bp
𰤔,bv
𰤕,bl
𰤖,bu
𰤗,br
𰤘,nb
𰤙,fb
𰤚,fb
𰤛,ub
𰤜,ob
𰤝,bw
𰤞,pj
𰤟,pq
𰤠,lp
𰤡,bp
𰤢,pu
𰤣,gp
𰤤,kp
𰤥,wp
𰤦,pm
𰤧,pe
𰤨,pd
𰤩,pd
𰤪,bp
𰤫,pd
𰤬,up
𰤭,dp
𰤮,op
𰤯,cp
𰤰,dp
𰤱,po
𰤲,md
𰤳,sm
𰤴,jm
𰤵,qm
𰤶,dm
𰤷,tm
𰤸,xm
𰤹,dm
𰤺,sm
𰤻,im
𰤼,om
𰤽,dm
𰤾,om
𰤿,pm
𰥀,om
𰥁,yb
𰥂,yv
𰥃,tm
𰥄,yk
𰥅,be
𰥆,xm
𰥇,jm
𰥈,te
𰥉,ud
𰥊,lm
𰥋,od
𰥌,ox
𰥍,od
𰥎,do
𰥏,ok
𰥐,wa
𰥑,ua
𰥒,or
𰥓,ow
𰥔,oy
𰥕,os
𰥖,io
𰥗,od
𰥘,yo
𰥙,uo
𰥚,ho
𰥛,oi
𰥜,io
𰥝,oh
𰥞,co
𰥟,uv
𰥠,wo
𰥡,bo
𰥢,od
𰥣,ot
𰥤,on
𰥥,ho
𰥦,ou
𰥧,ow
𰥨,oo
𰥩,ov
𰥪,oj
𰥫,oy
𰥬,oj
𰥭,od
𰥮,og
𰥯,ox
𰥰,ug
𰥱,of
𰥲,wo
𰥳,ov
𰥴,ol
𰥵,ou
𰥶,uu
𰥷,ok
𰥸,om
𰥹,ox
𰥺,uv
𰥻,ox
𰥼,mo
𰥽,oo
𰥾,io
𰥿,od
𰦀,oo
𰦁,oh
𰦂,to
𰦃,oa
𰦄,ot
𰦅,oi
𰦆,od
𰦇,oe
𰦈,uu
𰦉,oe
𰦊,oy
𰦋,od
𰦌,ub
𰦍,md
𰦎,gm
𰦏,mg
𰦐,mb
𰦑,mj
𰦒,pf
𰦓,ub
𰦔,uj
𰦕,ug
𰦖,uu
𰦗,ut
𰦘,uk
𰦙,uk
𰦚,uu
𰦛,uv
𰦜,uq
𰦝,uk
𰦞,ud
𰦟,ut
𰦠,bb
𰦡,ut
𰦢,uo
𰦣,ul
𰦤,ud
𰦥,uy
𰦦,ul
𰦧,uh
𰦨,uw
𰦩,uh
𰦪,ua
𰦫,uy
𰦬,uy
𰦭,ul
𰦮,ul
𰦯,ub
𰦰,uf
𰦱,mu
𰦲,uc
𰦳,ue
𰦴,uy
𰦵,uc
𰦶,ud
𰦷,cu
𰦸,uu
𰦹,uj
𰦺,um
𰦻,ip
𰦼,uz
𰦽,uw
𰦾,uy
𰦿,un
𰧀,uc
𰧁,ui
𰧂,ru
𰧃,uo
𰧄,uk
𰧅,ub
𰧆,uc
𰧇,ub
𰧈,ub
𰧉,ub
𰧊,uu
𰧋,tw
𰧌,ud
𰧍,uw
𰧎,uq
𰧏,ud
𰧐,ua
𰧑,fu
𰧒,ux
𰧓,ua
𰧔,um
𰧕,uk
𰧖,uu
𰧗,ut
𰧘,uo
𰧙,ut
𰧚,uv
𰧛,ut
𰧜,uw
𰧝,ub
𰧞,uo
𰧟,uk
𰧠,uu
𰧡,ut
𰧢,uo
𰧣,cu
𰧤,uy
𰧥,uc
𰧦,uo
𰧧,uh
𰧨,ua
𰧩,ui
𰧪,ub
𰧫,ut
𰧬,uj
𰧭,tu
𰧮,uw
𰧯,ug
𰧰,pp
𰧱,uo
𰧲,ru
𰧳,uo
𰧴,pj
𰧵,ug
𰧶,ug
𰧷,uy
𰧸,gu
𰧹,uk
𰧺,ux
𰧻,py
𰧼,uk
𰧽,uk
𰧾,py
𰧿,wu
𰨀,uc
𰨁,ut
𰨂,um
𰨃,ur
𰨄,un
𰨅,uf
𰨆,uj
𰨇,ru
𰨈,uc
𰨉,ul
𰨊,uz
𰨋,ur
𰨌,uk
𰨍,uy
𰨎,ut
𰨏,ut
𰨐,ug
𰨑,ur
𰨒,ub
𰨓,ug
𰨔,vy
𰨕,uk
𰨖,py
𰨗,uh
𰨘,xv
𰨙,uc
𰨚,wy
𰨛,hd
𰨜,hg
𰨝,hf
𰨞,hu
𰨟,ho
𰨠,hu
𰨡,hj
𰨢,hy
𰨣,hh
𰨤,hk
𰨥,he
𰨦,hq
𰨧,hi
𰨨,he
𰨩,bh
𰨪,ht
𰨫,hb
𰨬,ho
𰨭,hn
𰨮,ho
𰨯,hf
𰨰,hy
𰨱,hk
𰨲,zh
𰨳,hb
𰨴,hu
𰨵,uj
𰨶,hm
𰨷,hu
𰨸,ho
𰨹,hk
𰨺,hy
𰨻,ha
𰨼,hk
𰨽,hq
𰨾,hb
𰨿,hh
𰩀,hx
𰩁,hk
𰩂,hc
𰩃,hv
𰩄,by
𰩅,bl
𰩆,bk
𰩇,be
𰩈,bl
𰩉,bl
𰩊,bx
𰩋,bt
𰩌,ql
𰩍,bx
𰩎,bb
𰩏,ba
𰩐,bq
𰩑,bb
𰩒,by
𰩓,bj
𰩔,bt
𰩕,jv
𰩖,bn
𰩗,bu
𰩘,bw
𰩙,bd
𰩚,bn
𰩛,bh
𰩜,bh
𰩝,bu
𰩞,bw
𰩟,bc
𰩠,vl
𰩡,le
𰩢,ls
𰩣,la
𰩤,lf
𰩥,ld
𰩦,lo
𰩧,pl
𰩨,lv
𰩩,tl
𰩪,lk
𰩫,lj
𰩬,vd
𰩭,vu
𰩮,vv
𰩯,vj
𰩰,vp
𰩱,vo
𰩲,vu
𰩳,vd
𰩴,vx
𰩵,vy
𰩶,vy
𰩷,ve
𰩸,vl
𰩹,vp
𰩺,vu
𰩻,vc
𰩼,vg
𰩽,vg
𰩾,vq
𰩿,vj
𰪀,vd
𰪁,vb
𰪂,vf
𰪃,vd
𰪄,vo
𰪅,vm
𰪆,vu
𰪇,vf
𰪈,vd
𰪉,vh
𰪊,vv
𰪋,vi
𰪌,vy
𰪍,vo
𰪎,vj
𰪏,vk
𰪐,vl
𰪑,vx
𰪒,ll
𰪓,vu
𰪔,vw
𰪕,vy
𰪖,vv
𰪗,va
𰪘,vu
𰪙,vd
𰪚,vt
𰪛,vw
𰪜,vl
𰪝,vg
𰪞,vd
𰪟,vo
𰪠,vo
𰪡,vt
𰪢,vc
𰪣,vb
𰪤,vg
𰪥,vu
𰪦,mx
𰪧,mc
𰪨,vm
𰪩,mg
𰪪,mm
𰪫,mv
𰪬,mw
𰪭,mi
𰪮,mc
𰪯,mw
𰪰,um
𰪱,ms
𰪲,mk
𰪳,mh
𰪴,mj
𰪵,mf
𰪶,mc
𰪷,md
𰪸,mo
𰪹,mn
𰪺,md
𰪻,ma
𰪼,mi
𰪽,md
𰪾,mf
𰪿,ml
𰫀,mc
𰫁,mt
𰫂,mo
𰫃,mi
𰫄,mt
𰫅,mk
𰫆,mm
𰫇,mk
𰫈,mt
𰫉,mb
𰫊,mu
𰫋,ml
𰫌,me
𰫍,ml
𰫎,mk
𰫏,mu
𰫐,mj
𰫑,mw
𰫒,mz
𰫓,mo
𰫔,mw
𰫕,mo
𰫖,mj
𰫗,sr
𰫘,sw
𰫙,sz
𰫚,sj
𰫛,sg
𰫜,sj
𰫝,sy
𰫞,sl
𰫟,sk
𰫠,sj
𰫡,su
𰫢,sa
𰫣,sk
𰫤,sg
𰫥,tv
𰫦,sv
𰫧,sa
𰫨,sa
𰫩,sb
𰫪,su
𰫫,sd
𰫬,sd
𰫭,sy
𰫮,sp
𰫯,sj
𰫰,sy
𰫱,iv
𰫲,sk
𰫳,sk
𰫴,sl
𰫵,sb
𰫶,rx
𰫷,so
𰫸,sx
𰫹,xy
𰫺,sx
𰫻,cx
𰫼,sd
𰫽,sb
𰫾,sy
𰫿,sv
𰬀,sj
𰬁,sh
𰬂,sk
𰬃,sn
𰬄,sk
𰬅,sc
𰬆,sj
𰬇,sv
𰬈,sx
𰬉,sb
𰬊,sl
𰬋,ss
𰬌,sh
𰬍,sj
𰬎,su
𰬏,sw
𰬐,sl
𰬑,sy
𰬒,sq
𰬓,sr
𰬔,sk
𰬕,sn
𰬖,si
𰬗,sq
𰬘,sz
𰬙,si
𰬚,sb
𰬛,sv
𰬜,se
𰬝,so
𰬞,sy
𰬟,sa
𰬠,st
𰬡,sz
𰬢,sn
𰬣,sw
𰬤,su
𰬥,sx
𰬦,sx
𰬧,sh
𰬨,sm
𰬩,sb
𰬪,sp
𰬫,sw
𰬬,st
𰬭,sc
𰬮,sn
𰬯,sw
𰬰,sx
𰬱,sx
𰬲,sx
𰬳,sn
𰬴,sx
𰬵,sz
𰬶,sb
𰬷,sw
𰬸,sx
𰬹,sk
𰬺,sc
𰬻,sk
𰬼,sb
𰬽,sn
𰬾,sj
𰬿,sf
𰭀,sw
𰭁,sx
𰭂,fb
𰭃,fy
𰭄,fb
𰭅,fl
𰭆,fv
𰭇,ft
𰭈,sy
𰭉,bx
𰭊,kd
𰭋,sl
𰭌,sy
𰭍,ke
𰭎,sx
𰭏,ka
𰭐,bb
𰭑,sq
𰭒,ku
𰭓,ku
𰭔,so
𰭕,kq
𰭖,kx
𰭗,yj
𰭘,yr
𰭙,yk
𰭚,yn
𰭛,yq
𰭜,yo
𰭝,xa
𰭞,xw
𰭟,jx
𰭠,xi
𰭡,xy
𰭢,xj
𰭣,fx
𰭤,ox
𰭥,xa
𰭦,mb
𰭧,lv
𰭨,ly
𰭩,dl
𰭪,ml
𰭫,lf
𰭬,te
𰭭,uv
𰭮,uq
𰭯,ge
𰭰,pc
𰭱,lj
𰭲,lg
𰭳,em
𰭴,ey
𰭵,eg
𰭶,fe
𰭷,ew
𰭸,ge
𰭹,el
𰭺,ne
𰭻,ee
𰭼,vy
𰭽,yo
𰭾,rv
𰭿,ur
𰮀,br
𰮁,od
𰮂,rl
𰮃,ox
𰮄,kr
𰮅,ox
𰮆,rs
𰮇,ow
𰮈,rj
𰮉,rb
𰮊,on
𰮋,oj
𰮌,bo
𰮍,xr
𰮎,xr
𰮏,ru
𰮐,oj
𰮑,wr
𰮒,oj
𰮓,oe
𰮔,br
𰮕,gr
𰮖,rv
𰮗,vo
𰮘,rq
𰮙,oe
𰮚,ox
𰮛,ru
𰮜,rk
𰮝,ow
𰮞,rf
𰮟,of
𰮠,os
𰮡,ob
𰮢,br
𰮣,rb
𰮤,oj
𰮥,ot
𰮦,og
𰮧,kk
𰮨,xr
𰮩,oq
𰮪,rz
𰮫,ar
𰮬,ob
𰮭,od
𰮮,rl
𰮯,of
𰮰,ot
𰮱,oo
𰮲,ob
𰮳,om
𰮴,go
𰮵,or
𰮶,ur
𰮷,ok
𰮸,od
𰮹,ob
𰮺,oo
𰮻,rr
𰮼,ob
𰮽,oo
𰮾,oy
𰮿,op
𰯀,oy
𰯁,oi
𰯂,om
𰯃,of
𰯄,oj
𰯅,oo
𰯆,rj
𰯇,do
𰯈,ou
𰯉,oe
𰯊,ou
𰯋,yr
𰯌,ox
𰯍,os
𰯎,ol
𰯏,oa
𰯐,oo
𰯑,ol
𰯒,ou
𰯓,oy
𰯔,ow
𰯕,ox
𰯖,ir
𰯗,ou
𰯘,oy
𰯙,ot
𰯚,oh
𰯛,oi
𰯜,hb
𰯝,ov
𰯞,og
𰯟,oo
𰯠,sr
𰯡,of
𰯢,ok
𰯣,rb
𰯤,oo
𰯥,rr
𰯦,rj
𰯧,oh
𰯨,ox
𰯩,ov
𰯪,oy
𰯫,oz
𰯬,ox
𰯭,to
𰯮,iv
𰯯,iu
𰯰,iy
𰯱,it
𰯲,is
𰯳,ij
𰯴,zj
𰯵,zf
𰯶,zg
𰯷,zu
𰯸,ja
𰯹,jg
𰯺,jj
𰯻,qy
𰯼,jo
𰯽,ub
𰯾,ub
𰯿,up
𰰀,uy
𰰁,uk
𰰂,vg
𰰃,ue
𰰄,uh
𰰅,ux
𰰆,uu
𰰇,ul
𰰈,uu
𰰉,ux
𰰊,kf
𰰋,vy
𰰌,ve
𰰍,vy
𰰎,uv
𰰏,vj
𰰐,vc
𰰑,vn
𰰒,vl
𰰓,vv
𰰔,kl
𰰕,ib
𰰖,dl
𰰗,dd
𰰘,rb
𰰙,vb
𰰚,dx
𰰛,dh
𰰜,cu
𰰝,bx
𰰞,cx
𰰟,cv
𰰠,cy
𰰡,ca
𰰢,cp
𰰣,bd
𰰤,cq
𰰥,cc
𰰦,bu
𰰧,cy
𰰨,cl
𰰩,cd
𰰪,ci
𰰫,cs
𰰬,ch
𰰭,cy
𰰮,ce
𰰯,cv
𰰰,cv
𰰱,cc
𰰲,cd
𰰳,cj
𰰴,cj
𰰵,ca
𰰶,ca
𰰷,cb
𰰸,cg
𰰹,cd
𰰺,cu
𰰻,ce
𰰼,cx
𰰽,cb
𰰾,cc
𰰿,ci
𰱀,cb
𰱁,cx
𰱂,cc
𰱃,cu
𰱄,cw
𰱅,ca
𰱆,ct
𰱇,co
𰱈,cu
𰱉,cx
𰱊,ca
𰱋,bw
𰱌,cn
𰱍,cf
𰱎,cw
𰱏,co
𰱐,cd
𰱑,ct
𰱒,ca
𰱓,cj
𰱔,co
𰱕,by
𰱖,cv
𰱗,cd
𰱘,ct
𰱙,cg
𰱚,cz
𰱛,cd
𰱜,cu
𰱝,cy
𰱞,cw
𰱟,cb
𰱠,cg
𰱡,cq
𰱢,co
𰱣,ck
𰱤,cf
𰱥,cx
𰱦,cw
𰱧,cj
𰱨,cv
𰱩,ck
𰱪,cy
𰱫,cc
𰱬,co
𰱭,cx
𰱮,cx
𰱯,cq
𰱰,cu
𰱱,cb
𰱲,cv
𰱳,co
𰱴,fd
𰱵,cx
𰱶,cx
𰱷,lb
𰱸,ch
𰱹,cn
𰱺,cx
𰱻,cl
𰱼,ck
𰱽,cy
𰱾,cb
𰱿,ct
𰲀,ct
𰲁,cy
𰲂,cm
𰲃,cm
𰲄,ci
𰲅,cj
𰲆,cg
𰲇,cb
𰲈,cw
𰲉,ck
𰲊,cq
𰲋,cy
𰲌,cy
𰲍,co
𰲎,cq
𰲏,cy
𰲐,oa
𰲑,cj
𰲒,cy
𰲓,cv
𰲔,cj
𰲕,cu
𰲖,ck
𰲗,cj
𰲘,hb
𰲙,hj
𰲚,ir
𰲛,hk
𰲜,hw
𰲝,ij
𰲞,hg
𰲟,hw
𰲠,jj
𰲡,hy
𰲢,hk
𰲣,hk
𰲤,hg
𰲥,qj
𰲦,hi
𰲧,hb
𰲨,kj
𰲩,ij
𰲪,im
𰲫,iw
𰲬,ii
𰲭,oi
𰲮,li
𰲯,ir
𰲰,il
𰲱,fi
𰲲,iw
𰲳,ij
𰲴,li
𰲵,if
𰲶,ij
𰲷,iz
𰲸,yi
𰲹,ij
𰲺,ic
𰲻,id
𰲼,ig
𰲽,ia
𰲾,iy
𰲿,ib
𰳀,bi
𰳁,ib
𰳂,it
𰳃,ih
𰳄,ei
𰳅,io
𰳆,ir
𰳇,it
𰳈,iq
𰳉,ix
𰳊,ib
𰳋,di
𰳌,iy
𰳍,id
𰳎,ti
𰳏,ix
𰳐,vi
𰳑,ri
𰳒,gi
𰳓,ix
𰳔,ib
𰳕,il
𰳖,ki
𰳗,in
𰳘,it
𰳙,im
𰳚,si
𰳛,if
𰳜,it
𰳝,xi
𰳞,iu
𰳟,in
𰳠,ih
𰳡,iu
𰳢,zi
𰳣,ni
𰳤,tx
𰳥,ix
𰳦,iy
𰳧,gm
𰳨,pd
𰳩,pw
𰳪,rx
𰳫,rb
𰳬,ru
𰳭,rv
𰳮,rf
𰳯,rg
𰳰,pb
𰳱,pl
𰳲,pl
𰳳,uy
𰳴,pg
𰳵,pv
𰳶,py
𰳷,pk
𰳸,pc
𰳹,pq
𰳺,py
𰳻,pd
𰳼,pd
𰳽,pz
𰳾,pl
𰳿,pn
𰴀,pb
𰴁,py
𰴂,pp
𰴃,pt
𰴄,pu
𰴅,pt
𰴆,ay
𰴇,pt
𰴈,pw
𰴉,px
𰴊,pc
𰴋,xj
𰴌,xg
𰴍,xw
𰴎,yj
𰴏,jj
𰴐,pj
𰴑,jk
𰴒,yj
𰴓,uj
𰴔,yj
𰴕,bj
𰴖,dj
𰴗,lj
𰴘,mj
𰴙,yj
𰴚,mj
𰴛,yj
𰴜,hj
𰴝,vj
𰴞,hj
𰴟,do
𰴠,dy
𰴡,dc
𰴢,dl
𰴣,xy
𰴤,dl
𰴥,do
𰴦,do
𰴧,wv
𰴨,sk
𰴩,yd
𰴪,bk
𰴫,yw
𰴬,dk
𰴭,xk
𰴮,yd
𰴯,ck
𰴰,yk
𰴱,oy
𰴲,yn
𰴳,yx
𰴴,bk
𰴵,yi
𰴶,yi
𰴷,yw
𰴸,yk
𰴹,yt
𰴺,ya
𰴻,yx
𰴼,yb
𰴽,yv
𰴾,yp
𰴿,wk
𰵀,yk
𰵁,yg
𰵂,yn
𰵃,yx
𰵄,yv
𰵅,yh
𰵆,yn
𰵇,yk
𰵈,yc
𰵉,yx
𰵊,yj
𰵋,yq
𰵌,yp
𰵍,yt
𰵎,yy
𰵏,yu
𰵐,yy
𰵑,yw
𰵒,ye
𰵓,yu
𰵔,yu
𰵕,ys
𰵖,yv
𰵗,yy
𰵘,yr
𰵙,yf
𰵚,ys
𰵛,yj
𰵜,yb
𰵝,yh
𰵞,yy
𰵟,yl
𰵠,yy
𰵡,yj
𰵢,yj
𰵣,yk
𰵤,yk
𰵥,yx
𰵦,yf
𰵧,yx
𰵨,yy
𰵩,yf
𰵪,yk
𰵫,yb
𰵬,yd
𰵭,yd
𰵮,yw
𰵯,yw
𰵰,yg
𰵱,ya
𰵲,yb
𰵳,yu
𰵴,yy
𰵵,ye
𰵶,yt
𰵷,yy
𰵸,yo
𰵹,yy
𰵺,yx
𰵻,yk
𰵼,ya
𰵽,yj
𰵾,yd
𰵿,yk
𰶀,yk
𰶁,yx
𰶂,yx
𰶃,yb
𰶄,yo
𰶅,yu
𰶆,yw
𰶇,yo
𰶈,yn
𰶉,yd
𰶊,yx
𰶋,yv
𰶌,ye
𰶍,yw
𰶎,yv
𰶏,yc
𰶐,rg
𰶑,gl
𰶒,bg
𰶓,gd
𰶔,gd
𰶕,gt
𰶖,bg
𰶗,dv
𰶘,fb
𰶙,dh
𰶚,pb
𰶛,rb
𰶜,dy
𰶝,fb
𰶞,da
𰶟,tb
𰶠,de
𰶡,dt
𰶢,dx
𰶣,qb
𰶤,ub
𰶥,ue
𰶦,uu
𰶧,uy
𰶨,uj
𰶩,ju
𰶪,ud
𰶫,us
𰶬,un
𰶭,uo
𰶮,uv
𰶯,da
𰶰,ur
𰶱,ub
𰶲,wb
𰶳,bb
𰶴,bd
𰶵,vb
𰶶,wb
𰶷,bq
𰶸,vb
𰶹,bw
𰶺,sa
𰶻,bl
𰶼,bt
𰶽,bu
𰶾,bs
𰶿,bb
𰷀,be
𰷁,be
𰷂,bx
𰷃,ub
𰷄,rb
𰷅,bl
𰷆,wb
𰷇,bu
𰷈,bm
𰷉,bm
𰷊,ba
𰷋,bk
𰷌,ub
𰷍,pb
𰷎,tb
𰷏,by
𰷐,db
𰷑,by
𰷒,vb
𰷓,vb
𰷔,jb
𰷕,bb
𰷖,bh
𰷗,by
𰷘,bi
𰷙,ob
𰷚,bb
𰷛,bh
𰷜,bk
𰷝,lb
𰷞,gb
𰷟,bp
𰷠,by
𰷡,by
𰷢,bu
𰷣,fb
𰷤,bu
𰷥,bb
𰷦,yb
𰷧,yb
𰷨,bg
𰷩,bb
𰷪,bm
𰷫,bq
𰷬,bj
𰷭,bi
𰷮,hb
𰷯,ki
𰷰,ik
𰷱,ty
𰷲,tp
𰷳,yq
𰷴,tl
𰷵,tw
𰷶,tl
𰷷,tu
𰷸,td
𰷹,ta
𰷺,tb
𰷻,yb
𰷼,tk
𰷽,tt
𰷾,td
𰷿,yk
𰸀,ts
𰸁,zd
𰸂,zd
𰸃,zj
𰸄,zp
𰸅,zy
𰸆,zl
𰸇,zy
𰸈,fz
𰸉,zy
𰸊,zx
𰸌,zd
𰸍,rz
𰸎,zi
𰸏,dz
𰸐,zd
𰸑,zx
𰸒,zo
𰸓,zy
𰸔,zi
𰸕,zo
𰸖,ze
𰸗,zm
𰸘,zt
𰸙,zp
𰸚,zj
𰸛,cz
𰸜,za
𰸝,zv
𰸞,zb
𰸟,zt
𰸠,zd
𰸡,zc
𰸢,zu
𰸣,zx
𰸤,zd
𰸥,zd
𰸦,zb
𰸧,za
𰸨,zm
𰸩,zv
𰸪,zc
𰸫,zp
𰸬,zz
𰸭,zv
𰸮,zl
𰸯,zd
𰸱,zb
𰸲,ze
𰸴,zz
𰸶,zr
𰸷,cz
𰸸,zj
𰸺,uy
𰸻,ug
𰸼,uf
𰸽,ub
𰸾,uc
𰸿,ux
𰹀,uu
𰹁,uv
𰹂,uj
𰹃,uk
𰹄,ue
𰹅,uf
𰹆,uy
𰹇,un
𰹈,iv
𰹉,iv
𰹊,iq
𰹋,iu
𰹌,li
𰹍,ib
𰹎,ir
𰹏,ie
𰹐,ik
𰹑,io
𰹒,iu
𰹓,ia
𰹔,ia
𰹕,ik
𰹖,ir
𰹗,ic
𰹘,iy
𰹙,iv
𰹚,iq
𰹛,ir
𰹜,iy
𰹝,ik
𰹞,si
𰹟,it
𰹠,in
𰹡,id
𰹢,iu
𰹣,ix
𰹤,it
𰹥,iw
𰹦,ib
𰹧,ia
𰹨,ie
𰹩,ib
𰹪,ih
𰹫,su
𰹬,ii
𰹭,iw
𰹮,ih
𰹯,iv
𰹰,ir
𰹱,iv
𰹲,ik
𰹳,ii
𰹴,if
𰹵,iy
𰹶,iw
𰹷,iy
𰹸,it
𰹹,id
𰹺,iy
𰹻,ib
𰹼,ij
𰹽,ip
𰹾,li
𰹿,ic
𰺀,iu
𰺁,ij
𰺂,ib
𰺃,ic
𰺄,ig
𰺅,gi
𰺆,io
𰺇,iy
𰺈,ik
𰺉,io
𰺊,iw
𰺋,iy
𰺌,id
𰺍,ig
𰺎,if
𰺏,io
𰺐,ij
𰺑,iv
𰺒,ie
𰺓,iw
𰺔,iw
𰺕,iy
𰺖,ih
𰺗,im
𰺘,ti
𰺙,ik
𰺚,ie
𰺛,ix
𰺜,it
𰺝,il
𰺞,iz
𰺟,ii
𰺠,iq
𰺡,im
𰺢,iu
𰺣,iv
𰺤,if
𰺥,xw
𰺦,xy
𰺧,nx
𰺨,xt
𰺩,xk
𰺪,xr
𰺫,xh
𰺬,ax
𰺭,iy
𰺮,pb
𰺯,zc
𰺰,zw
𰺱,zj
𰺲,zp
𰺳,zg
𰺴,zp
𰺵,pv
𰺶,zg
𰺷,zw
𰺸,zq
𰺹,zc
𰺺,zy
𰺻,zx
𰺼,pu
𰺽,zl
𰺾,zd
𰺿,zs
𰻀,zb
𰻁,zb
𰻂,zh
𰻃,zy
𰻄,zo
𰻅,zk
𰻆,zj
𰻇,zw
𰻈,pv
𰻉,zx
𰻊,zk
𰻋,zt
𰻌,zu
𰻍,zy
𰻎,zt
𰻏,zc
𰻐,zf
𰻑,zk
𰻒,zk
𰻓,lf
𰻔,zy
𰻕,za
𰻖,wm
𰻗,zy
𰻘,zd
𰻙,za
𰻚,zy
𰻛,zo
𰻜,zx
𰻝,zx
𰻞,zx
𰻟,pe
𰻠,se
𰻡,we
𰻢,ge
𰻣,tb
𰻤,ve
𰻥,re
𰻦,we
𰻧,gb
𰻨,de
𰻩,ub
𰻪,le
𰻫,be
𰻬,be
𰻭,he
𰻮,ne
𰻯,we
𰻰,ue
𰻱,gb
𰻲,ke
𰻳,fe
𰻴,we
𰻵,se
𰻶,ue
𰻷,pb
𰻸,vg
𰻹,de
𰻺,be
𰻻,be
𰻼,ae
𰻽,ge
𰻾,se
𰻿,hb
𰼀,ne
𰼁,wb
𰼂,ye
𰼃,yu
𰼄,yc
𰼅,yf
𰼆,ny
𰼇,yy
𰼈,ye
𰼉,yy
𰼊,ya
𰼋,yl
𰼌,yf
𰼍,by
𰼎,yy
𰼏,ym
𰼐,ym
𰼑,yl
𰼒,yy
𰼓,yo
𰼔,yk
𰼕,yc
𰼖,yt
𰼗,mj
𰼘,lv
𰼙,ly
𰼚,fl
𰼛,ll
𰼜,vy
𰼝,lo
𰼞,vj
𰼟,jk
𰼠,rf
𰼡,fj
𰼢,rf
𰼣,rv
𰼤,jw
𰼥,ru
𰼦,ry
𰼧,jd
𰼨,rd
𰼩,xj
𰼪,sj
𰼫,sj
𰼬,ji
𰼭,rc
𰼮,ra
𰼯,jv
𰼰,jy
𰼱,ju
𰼲,jt
𰼳,rq
𰼴,re
𰼵,dj
𰼶,uj
𰼷,fj
𰼸,jw
𰼹,rd
𰼺,jc
𰼻,ij
𰼼,jw
𰼽,aj
𰼾,je
𰼿,jt
𰽀,jd
𰽁,rw
𰽂,jf
𰽃,jo
𰽄,jx
𰽅,jn
𰽆,jx
𰽇,rz
𰽈,gj
𰽉,jl
𰽊,ry
𰽋,jz
𰽌,ry
𰽍,jd
𰽎,jy
𰽏,jf
𰽐,jo
𰽑,xx
𰽒,jw
𰽓,jj
𰽔,je
𰽕,jj
𰽖,jl
𰽗,jy
𰽘,jd
𰽙,ju
𰽚,jg
𰽛,jx
𰽜,jq
𰽝,jl
𰽞,jv
𰽟,jj
𰽠,jv
𰽡,jo
𰽢,jj
𰽣,jl
𰽤,jg
𰽥,jn
𰽦,jl
𰽧,jp
𰽨,jv
𰽩,jb
𰽪,jg
𰽫,ju
𰽬,jh
𰽭,jj
𰽮,jc
𰽯,jv
𰽰,jb
𰽱,jf
𰽲,jk
𰽳,jy
𰽴,jk
𰽵,jg
𰽶,ji
𰽷,jx
𰽸,jy
𰽹,jx
𰽺,jv
𰽻,jw
𰽼,jk
𰽽,jy
𰽾,jc
𰽿,jv
𰾀,jz
𰾁,ju
𰾂,jr
𰾃,jz
𰾄,jm
𰾅,jk
𰾆,jg
𰾇,jk
𰾈,ju
𰾉,jg
𰾊,jw
𰾋,ji
𰾌,jt
𰾍,jy
𰾎,ju
𰾏,jf
𰾐,jf
𰾑,jj
𰾒,jl
𰾓,jo
𰾔,jt
𰾕,ja
𰾖,jo
𰾗,jk
𰾘,jb
𰾙,jd
𰾚,jy
𰾛,jj
𰾜,je
𰾝,ju
𰾞,jw
𰾟,jw
𰾠,jd
𰾡,jk
𰾢,jy
𰾣,jt
𰾤,jy
𰾥,jt
𰾦,ju
𰾧,jw
𰾨,jr
𰾩,jm
𰾪,jx
𰾫,jm
𰾬,jx
𰾭,jy
𰾮,jj
𰾯,jk
𰾰,jv
𰾱,jx
𰾲,jb
𰾳,jw
𰾴,jt
𰾵,jx
𰾶,jx
𰾷,jo
𰾸,jo
𰾹,jk
𰾺,jk
𰾻,jd
𰾼,jg
𰾽,jy
𰾾,jq
𰾿,jr
𰿀,jj
𰿁,jb
𰿂,je
𰿃,jd
𰿄,jt
𰿅,jk
𰿆,jb
𰿇,jd
𰿈,jj
𰿉,jt
𰿊,jy
𰿋,mi
𰿌,ef
𰿍,bi
𰿎,eo
𰿏,il
𰿐,ei
𰿑,ek
𰿒,ef
𰿓,ev
𰿔,il
𰿕,ep
𰿖,bi
𰿗,mb
𰿘,mw
𰿙,mj
𰿚,mx
𰿛,my
𰿜,mw
𰿝,ml
𰿞,md
𰿟,mt
𰿠,mt
𰿡,mc
𰿢,mg
𰿣,mc
𰿤,mr
𰿥,ml
𰿦,em
𰿧,mn
𰿨,my
𰿩,my
𰿪,mf
𰿫,mw
𰿬,mp
𰿭,mt
𰿮,mz
𰿯,mb
𰿰,mu
𰿱,mo
𰿲,mb
𰿳,xr
𰿴,mr
𰿵,md
𰿶,my
𰿷,mu
𰿸,mq
𰿹,mb
𰿺,mt
𰿻,mx
𰿼,mo
𰿽,mj
𰿾,mx
𰿿,mk
𱀀,mw
𱀁,pq
𱀂,pz
𱀃,ej
𱀄,eg
𱀅,pg
𱀆,eg
𱀇,eh
𱀈,pv
𱀉,pj
𱀊,ej
𱀋,et
𱀌,ev
𱀍,ey
𱀎,ew
𱀏,ev
𱀐,es
𱀑,em
𱀒,eu
𱀓,po
𱀔,ev
𱀕,ey
𱀖,pw
𱀗,eo
𱀘,pw
𱀙,ey
𱀚,en
𱀛,eg
𱀜,pv
𱀝,pu
𱀞,eg
𱀟,pz
𱀠,lj
𱀡,eb
𱀢,ee
𱀣,ev
𱀤,en
𱀥,ey
𱀦,ev
𱀧,et
𱀨,ec
𱀩,ey
𱀪,er
𱀫,eu
𱀬,et
𱀭,eq
𱀮,pu
𱀯,eb
𱀰,ey
𱀱,eo
𱀲,ew
𱀳,pb
𱀴,eb
𱀵,ec
𱀶,eh
𱀷,ey
𱀸,eh
𱀹,ev
𱀺,ek
𱀻,ey
𱀼,eg
𱀽,eg
𱀾,eb
𱀿,eg
𱁀,ex
𱁁,ey
𱁂,eu
𱁃,pu
𱁄,pm
𱁅,bv
𱁆,rg
𱁇,kv
𱁈,xv
𱁉,dv
𱁊,wv
𱁋,rz
𱁌,xv
𱁍,iq
𱁎,rv
𱁏,bv
𱁐,iv
𱁑,yb
𱁒,yc
𱁓,yd
𱁔,yf
𱁗,yb
𱁙,yy
𱁚,yf
𱁞,yu
𱁠,yb
𱁢,yw
𱁣,yq
𱁤,yo
𱁥,yj
𱁦,yw
𱁩,yb
𱁪,yt
𱁫,yv
𱁬,yl
𱁭,fv
𱁮,fy
𱁯,mf
𱁰,mu
𱁱,cp
𱁲,cj
𱁳,cf
𱁴,cu
𱁵,cl
𱁶,cq
𱁷,cd
𱁸,cj
𱁹,cb
𱁺,cn
𱁻,ca
𱁼,ck
𱁽,cj
𱁾,cj
𱁿,wi
𱂀,wu
𱂁,wp
𱂂,wd
𱂃,wj
𱂄,ww
𱂅,wb
𱂆,wk
𱂇,jw
𱂈,wi
𱂉,wo
𱂊,wa
𱂋,wi
𱂌,wy
𱂍,ej
𱂎,bj
𱂏,yo
𱂐,lb
𱂑,lg
𱂒,ld
𱂓,lk
𱂔,ay
𱂕,jy
𱂖,hy
𱂗,yy
𱂘,dy
𱂙,oy
𱂚,gy
𱂛,vy
𱂜,wy
𱂝,ry
𱂞,zy
𱂟,vy
𱂠,py
𱂡,qy
𱂢,iy
𱂣,yy
𱂤,uy
𱂥,wy
𱂦,by
𱂧,my
𱂨,by
𱂩,fy
𱂪,uy
𱂫,qy
𱂬,xy
𱂭,ry
𱂮,py
𱂯,wy
𱂰,ky
𱂱,gy
𱂲,ty
𱂳,by
𱂴,fy
𱂵,gy
𱂶,py
𱂷,fy
𱂸,by
𱂹,hy
𱂺,xy
𱂻,ry
𱂼,bf
𱂽,vf
𱂾,fe
𱂿,bf
𱃀,fh
𱃁,fu
𱃂,ff
𱃃,tf
𱃄,fj
𱃅,fo
𱃆,lf
𱃇,uf
𱃈,fy
𱃉,bf
𱃊,ft
𱃋,fw
𱃌,df
𱃍,fx
𱃎,fn
𱃏,df
𱃐,fh
𱃑,fy
𱃒,fe
𱃓,fi
𱃔,fp
𱃕,fy
𱃖,fl
𱃗,fk
𱃘,fd
𱃙,fd
𱃚,fl
𱃛,fu
𱃜,fn
𱃝,ff
𱃞,fd
𱃟,xf
𱃠,fq
𱃡,uy
𱃢,uk
𱃣,ux
𱃤,rx
𱃥,rd
𱃦,re
𱃧,ug
𱃨,uz
𱃩,uo
𱃪,ub
𱃫,uo
𱃬,uk
𱃭,uf
𱃮,yd
𱃯,um
𱃰,ub
𱃱,uv
𱃲,uq
𱃳,ub
𱃴,ub
𱃵,uy
𱃶,ur
𱃷,ub
𱃸,ut
𱃹,uj
𱃺,uu
𱃻,uu
𱃼,uc
𱃽,ur
𱃾,uk
𱃿,uh
𱄀,ub
𱄁,ud
𱄂,uy
𱄃,uy
𱄄,uu
𱄅,up
𱄆,uk
𱄇,uu
𱄈,uu
𱄉,ux
𱄊,ub
𱄋,bd
𱄌,gz
𱄍,va
𱄎,hy
𱄏,hl
𱄐,hf
𱄑,sm
𱄒,mu
𱄓,mv
𱄔,mk
𱄕,my
𱄖,me
𱄗,mj
𱄘,mt
𱄙,ma
𱄚,mo
𱄛,ml
𱄜,mi
𱄝,mx
𱄞,mt
𱄟,ms
𱄠,mx
𱄡,mc
𱄢,my
𱄣,mv
𱄤,mr
𱄥,mr
𱄦,my
𱄧,mo
𱄨,md
𱄩,mx
𱄪,mx
𱄫,mk
𱄬,mu
𱄭,mt
𱄮,mb
𱄯,mo
𱄰,mx
𱄱,mo
𱄲,mx
𱄳,mr
𱄴,om
𱄵,my
𱄶,mj
𱄷,mx
𱄸,mx
𱄹,mu
𱄺,mt
𱄻,mn
𱄼,mc
𱄽,mq
𱄾,mg
𱄿,mm
𱅀,bm
𱅁,mv
𱅂,mj
𱅃,mj
𱅄,my
𱅅,lm
𱅆,mk
𱅇,mp
𱅈,mb
𱅉,mu
𱅊,fm
𱅋,me
𱅌,ma
𱅍,md
𱅎,mq
𱅏,mv
𱅐,mf
𱅑,jm
𱅒,mm
𱅓,mz
𱅔,mu
𱅕,ml
𱅖,mo
𱅗,mw
𱅘,ma
𱅙,mx
𱅚,mg
𱅛,mu
𱅜,mn
𱅝,hm
𱅞,my
𱅟,ma
𱅠,um
𱅡,mg
𱅢,mr
𱅣,mj
𱅤,mb
𱅥,mu
𱅦,mb
𱅧,my
𱅨,ml
𱅩,mb
𱅪,mu
𱅫,mk
𱅬,mh
𱅭,ge
𱅮,gw
𱅯,gf
𱅰,gd
𱅱,gb
𱅲,go
𱅳,gx
𱅴,wd
𱅵,wj
𱅶,wr
𱅷,wu
𱅸,vk
𱅹,wu
𱅺,wy
𱅻,wd
𱅼,wt
𱅽,ck
𱅾,wd
𱅿,ek
𱆀,eo
𱆁,eo
𱆂,eu
𱆃,eb
𱆄,eb
𱆅,em
𱆆,el
𱆇,eu
𱆈,eb
𱆉,mb
𱆊,bb
𱆋,kg
𱆌,gp
𱆍,ge
𱆎,jg
𱆏,gy
𱆐,gq
𱆑,gt
𱆒,gk
𱆓,yg
𱆔,gf
𱆕,gg
𱆖,jg
𱆗,gc
𱆘,wg
𱆙,gw
𱆚,gy
𱆛,fg
𱆜,kg
𱆝,hg
𱆞,gf
𱆟,gk
𱆠,gc
𱆡,bg
𱆢,yg
𱆣,by
𱆤,yw
𱆥,yd
𱆦,by
𱆧,yi
𱆨,yj
𱆩,yk
𱆪,xy
𱆫,yy
𱆬,yu
𱆭,yc
𱆮,yg
𱆯,yn
𱆰,yd
𱆱,yg
𱆲,yh
𱆳,yg
𱆴,ya
𱆵,yc
𱆶,yn
𱆷,yy
𱆸,yf
𱆹,yn
𱆺,yh
𱆻,yd
𱆼,yh
𱆽,yg
𱆾,ym
𱆿,yg
𱇀,yu
𱇁,yl
𱇂,yf
𱇃,yq
𱇄,yt
𱇅,yt
𱇆,ym
𱇇,yu
𱇈,yl
𱇉,yk
𱇊,yi
𱇋,yg
𱇌,ya
𱇍,yv
𱇎,yb
𱇏,yq
𱇐,yy
𱇑,yj
𱇒,yb
𱇓,yh
𱇔,yn
𱇕,yw
𱇖,yy
𱇗,yl
𱇘,yj
𱇙,ye
𱇚,yw
𱇛,yw
𱇜,yq
𱇝,yp
𱇞,yd
𱇟,yj
𱇠,yr
𱇡,yu
𱇢,yx
𱇣,yy
𱇤,yl
𱇥,yd
𱇦,yk
𱇧,yy
𱇨,yx
𱇩,yl
𱇪,yk
𱇫,ny
𱇬,yi
𱇭,yl
𱇮,yw
𱇯,yo
𱇰,yb
𱇱,ry
𱇲,yz
𱇳,yw
𱇴,yn
𱇵,yb
𱇶,yt
𱇷,yo
𱇸,yd
𱇹,ny
𱇺,yz
𱇻,yj
𱇼,yk
𱇽,ym
𱇾,yu
𱇿,yb
𱈀,yg
𱈁,yv
𱈂,yd
𱈃,yo
𱈄,yu
𱈅,yw
𱈆,yn
𱈇,yh
𱈈,yd
𱈉,yw
𱈊,yt
𱈋,yk
𱈌,yi
𱈍,yg
𱈎,ya
𱈏,yu
𱈐,yc
𱈑,rw
𱈒,yt
𱈓,yu
𱈔,yo
𱈕,yt
𱈖,yb
𱈗,ye
𱈘,yo
𱈙,yd
𱈚,ye
𱈛,yo
𱈜,yy
𱈝,nk
𱈞,in
𱈟,in
𱈠,kn
𱈡,un
𱈢,an
𱈣,nd
𱈤,dn
𱈥,sn
𱈦,qn
𱈧,wn
𱈨,ni
𱈩,ln
𱈪,nn
𱈫,ng
𱈬,wn
𱈭,fn
𱈮,an
𱈯,on
𱈰,nk
𱈱,yn
𱈲,mn
𱈳,bn
𱈴,an
𱈵,xn
𱈶,jb
𱈷,jn
𱈸,vn
𱈹,xn
𱈺,dn
𱈻,fn
𱈼,tn
𱈽,kn
𱈾,an
𱈿,tn
𱉀,cn
𱉁,nu
𱉂,bn
𱉃,un
𱉄,pn
𱉅,cn
𱉆,nu
𱉇,nv
𱉈,dn
𱉉,ln
𱉊,gn
𱉋,ng
𱉌,ny
𱉍,wn
𱉎,fn
𱉏,vn
𱉐,bn
𱉑,fn
𱉒,on
𱉓,hn
𱉔,gn
𱉕,nk
𱉖,bn
𱉗,dn
𱉘,qn
𱉙,nv
𱉚,pn
𱉛,un
𱉜,rn
𱉝,bn
𱉞,mn
𱉟,yn
𱉠,jn
𱉡,sn
𱉢,yn
𱉣,nu
𱉤,tn
𱉥,tn
𱉦,ln
𱉧,gn
𱉨,yn
𱉩,yn
𱉪,cn
𱉫,pn
𱉬,yn
𱉭,dn
𱉮,wn
𱉯,yn
𱉰,xn
𱉱,bn
𱉲,sn
𱉳,an
𱉴,an
𱉵,ln
𱉶,on
𱉷,rn
𱉸,nm
𱉹,xn
𱉺,vn
𱉻,vn
𱉼,gn
𱉽,jn
𱉾,sn
𱉿,nw
𱊀,tn
𱊁,dn
𱊂,on
𱊃,hn
𱊄,ne
𱊅,nv
𱊆,tn
𱊇,bn
𱊈,jn
𱊉,xn
𱊊,bn
𱊋,hn
𱊌,un
𱊍,yn
𱊎,vn
𱊏,an
𱊐,bn
𱊑,in
𱊒,vn
𱊓,on
𱊔,pn
𱊕,wn
𱊖,bn
𱊗,mn
𱊘,hn
𱊙,fn
𱊚,un
𱊛,rn
𱊜,nn
𱊝,gn
𱊞,dn
𱊟,bn
𱊠,cn
𱊡,kn
𱊢,vn
𱊣,rn
𱊤,gn
𱊥,wn
𱊦,tn
𱊧,in
𱊨,na
𱊩,un
𱊪,yn
𱊫,hn
𱊬,sn
𱊭,jn
𱊮,wf
𱊯,bn
𱊰,ln
𱊱,xn
𱊲,on
𱊳,tn
𱊴,cn
𱊵,rn
𱊶,vu
𱊷,vd
𱊸,vv
𱊹,vo
𱊺,bt
𱊻,bb
𱊼,by
𱊽,bx
𱊾,gy
𱊿,gy
𱋀,gl
𱋁,gb
𱋂,gb
𱋃,lo
𱋄,fk
𱋅,fb
𱋆,fu
𱋇,fv
𱋈,fg
𱋉,fu
𱋊,fw
𱋋,fq
𱋌,fh
𱋍,fv
𱋎,fb
𱋏,fk
𱋐,fq
𱋑,fl
𱋒,fz
𱋓,fk
𱋔,fk
𱋕,fm
𱋖,ff
𱋗,fz
𱋘,fu
𱋙,fg
𱋚,ft
𱋛,fz
𱋜,fv
𱋝,fk
𱋞,tu
𱋟,fo
𱋠,fd
𱋡,fn
𱋢,fy
𱋣,fa
𱋤,fw
𱋥,mw
𱋦,ft
𱋧,fg
𱋨,fu
𱋩,fr
𱋪,fg
𱋫,fb
𱋬,ff
𱋭,fl
𱋮,fu
𱋯,gk
𱋰,gl
𱋱,gb
𱋲,cu
𱋳,ci
𱋴,cu
𱋵,hx
𱋶,lu
𱋷,ly
𱋸,lf
𱋹,lo
𱋺,lc
𱋻,qd
𱋼,bd
𱋽,dt
𱋾,td
𱋿,qd
𱌀,yd
𱌁,jd
𱌂,kd
𱌃,td
𱌄,ud
𱌅,jd
𱌆,bd
𱌇,xd
𱌈,gd
𱌉,ud
𱌊,ti
𱌋,tk
𱌌,td
𱌍,jx
𱌎,jr
𱌏,ji
𱌐,jh
𱌑,zb
𱌒,zr
𱌓,zt
𱌔,zu
𱌕,zj
𱌖,zy
𱌗,qh
𱌘,qm
𱌙,qy
𱌚,vq
𱌛,vw
𱌜,vf
𱌝,vy
𱌞,vy
𱌟,tr
𱌠,lr
𱌡,vk
𱌢,vo
𱌣,vv
𱌤,vf
𱌥,lr
𱌦,vr
𱌧,vd
𱌨,vh
𱌩,vg
𱌪,vw
𱌫,vv
𱌬,vv
𱌭,ve
𱌮,vj
𱌯,vk
𱌰,vw
𱌱,vy
𱌲,jr
𱌳,vi
𱌴,vl
𱌵,vq
𱌶,vy
𱌷,vt
𱌸,nr
𱌹,vd
𱌺,vb
𱌻,vm
𱌼,vg
𱌽,vm
𱌾,ln
𱌿,kl
𱍀,tl
𱍁,lc
𱍂,ll
𱍃,dd
𱍄,od
𱍅,dg
𱍆,dh
𱍇,dd
𱍈,xd
𱍉,rd
𱍊,ro
𱍑,qa
𱍒,dy
𱍓,vl
𱍔,xl
𱍕,ar
𱍖,lx
𱍗,ay
𱍘,pw
𱍙,xd
𱍚,bx
𱍛,bk
𱍜,gx
𱍝,bx
𱍞,yq
𱍟,yx
𱍠,kx
𱍡,bj
𱍢,ud
𱍣,qq
𱍤,bz
𱍥,ca
𱍦,uf
𱍧,ex
𱍨,cp
𱍩,ue
𱍪,lu
𱍫,la
𱍬,lg
𱍭,lg
𱍮,ly
𱍯,lk
𱍰,ly
𱍱,lu
𱍲,lj
𱍳,lo
𱍴,ln
𱍵,lj
𱍶,lh
𱍷,dy
𱍸,pn
𱍹,nd
𱍻,ve
𱍼,rw
𱍽,ev
𱍾,yj
𱍿,uj
𱎀,ve
𱎁,vb
𱎂,jl
𱎃,vn
𱎄,ve
𱎅,vk
𱎆,vy
𱎇,vf
𱎈,vo
𱎉,ve
𱎊,hv
𱎋,ve
𱎌,zu
𱎍,vw
𱎎,dv
𱎏,xy
𱎐,yv
𱎑,uu
𱎒,ae
𱎓,ew
𱎔,se
𱎕,ev
𱎖,wg
𱎗,we
𱎘,wa
𱎙,wg
𱎚,rp
𱎛,rt
𱎜,rx
𱎝,rw
𱎞,ra
𱎟,rp
𱎠,jr
𱎡,rb
𱎢,rl
𱎣,rr
𱎤,re
𱎥,rt
𱎦,rl
𱎧,rv
𱎨,rg
𱎪,rf
𱎫,ry
𱎬,rf
𱎭,rz
𱎮,ru
𱎯,rb
𱎰,rt
𱎱,rx
𱎲,rp
𱎳,ro
𱎴,rw
𱎵,rw
𱎶,rd
𱎷,vr
𱎸,re
𱎹,ry
𱎺,rm
𱎻,ry
𱎼,ru
𱎽,ru
𱎾,rm
𱎿,ro
𱏀,rx
𱏁,ry
𱏂,rl
𱏃,ro
𱏄,rk
𱏅,rn
𱏆,rn
𱏇,rx
𱏈,rb
𱏉,rd
𱏊,ru
𱏋,rd
𱏌,ri
𱏍,rj
𱏎,uf
𱏏,lm
𱏐,rb
𱏑,rx
𱏒,rq
𱏓,rj
𱏔,rb
𱏕,ry
𱏖,rl
𱏗,rp
𱏘,ri
𱏙,rx
𱏚,rx
𱏛,rb
𱏜,rg
𱏝,ra
𱏞,rb
𱏟,rb
𱏠,ri
𱏡,rb
𱏢,rx
𱏣,ri
𱏤,bg
𱏥,ge
𱏦,gl
𱏧,de
𱏨,wx
𱏩,gu
𱏪,ce
𱏫,bj
𱏬,lx
𱏭,og
𱏮,go
𱏯,te
𱏰,gt
𱏱,rm
𱏲,rb
𱏳,lb
𱏴,bg
𱏵,dk
𱏶,qg
𱏷,gg
𱏸,ge
𱏹,kl
𱏺,ka
𱏻,ky
𱏼,gr
𱏽,bu
𱏾,bd
𱏿,dk
𱐀,db
𱐁,dl
𱐂,db
𱐃,dv
𱐄,db
𱐅,db
𱐆,dk
𱐇,dy
𱐈,di
𱐉,du
𱐊,dd
𱐋,dh
𱐌,dk
𱐍,km
𱐎,kn
𱐏,rb
𱐐,ad
𱐑,ii
𱐒,gd
𱐓,df
𱐔,dd
𱐕,dd
𱐖,dd
𱐗,dv
𱐘,ed
𱐙,wd
𱐚,yd
𱐛,vd
𱐜,zd
𱐝,id
𱐞,bd
𱐟,wd
𱐠,sd
𱐡,yd
𱐢,xd
𱐣,dd
𱐤,cd
𱐥,ld
𱐦,gd
𱐧,rv
𱐨,bk
𱐩,pl
𱐪,ml
𱐫,lu
𱐬,ul
𱐭,ul
𱐮,yl
𱐯,lb
𱐰,lx
𱐱,ul
𱐲,vl
𱐳,bl
𱐴,lo
𱐵,ul
𱐶,la
𱐷,gl
𱐸,bb
𱐹,wy
𱐺,wb
𱐻,by
𱐼,wy
𱐽,cu
𱐾,mw
𱐿,wy
𱑀,wy
𱑁,bh
𱑂,wy
𱑃,bo
𱑄,bu
𱑅,bm
𱑆,ky
𱑇,kg
𱑈,st
𱑉,kb
𱑊,ks
𱑋,kk
𱑌,kx
𱑍,kk
𱑎,wu
𱑏,lf
𱑐,zu
𱑑,jd
𱑒,wo
𱑓,wf
𱑔,uw
𱑕,zu
𱑖,bl
𱑗,kb
𱑘,ge
𱑙,er
𱑚,lf
𱑛,pl
𱑜,iv
𱑝,ix
𱑞,ij
𱑟,id
𱑠,iz
𱑡,iv
𱑢,sv
𱑣,qy
𱑤,qv
𱑥,bq
𱑦,qy
𱑧,sk
𱑨,su
𱑩,qq
𱑪,qc
𱑫,qk
𱑬,qx
𱑭,qc
𱑮,pq
𱑯,sd
𱑰,qk
𱑱,yg
𱑲,qy
𱑳,yv
𱑴,py
𱑵,yk
𱑶,yj
𱑷,ry
𱑸,xy
𱑹,uy
𱑺,hy
𱑻,ik
𱑼,ly
𱑽,zy
𱑾,xy
𱑿,kv
𱒀,kw
𱒂,kp
𱒃,kx
𱒄,ks
𱒅,kc
𱒆,kt
𱒇,kl
𱒈,ko
𱒉,kv
𱒊,ke
𱒋,xk
𱒌,ke
𱒍,xg
𱒎,ky
𱒏,jk
𱒐,kg
𱒑,bk
𱒒,ko
𱒓,kd
𱒔,kd
𱒕,by
𱒖,kb
𱒗,kf
𱒘,kd
𱒙,kg
𱒚,kl
𱒛,kw
𱒜,kd
𱒝,kl
𱒞,ka
𱒟,ke
𱒠,kl
𱒡,kj
𱒢,wk
𱒣,kl
𱒤,kx
𱒥,kk
𱒦,kc
𱒧,ky
𱒨,ku
𱒩,kp
𱒪,kf
𱒫,kg
𱒬,kd
𱒭,ak
𱒮,wk
𱒯,kk
𱒰,kc
𱒱,rk
𱒲,kk
𱒳,kw
𱒴,kg
𱒵,ku
𱒶,kx
𱒷,vb
𱒸,ky
𱒹,kj
𱒺,kv
𱒻,ki
𱒼,kt
𱒽,kb
𱒾,kh
𱒿,ku
𱓀,km
𱓁,kb
𱓂,kd
𱓃,jk
𱓄,ke
𱓅,kb
𱓆,kb
𱓇,kt
𱓈,kw
𱓉,kb
𱓊,kt
𱓋,kg
𱓌,kf
𱓍,ko
𱓎,xk
𱓏,kd
𱓐,kd
𱓑,pk
𱓒,kr
𱓓,kd
𱓔,kb
𱓕,kg
𱓖,kj
𱓗,kc
𱓘,ky
𱓙,kc
𱓚,km
𱓛,ky
𱓜,kd
𱓝,ky
𱓞,kk
𱓟,kb
𱓠,kz
𱓡,kl
𱓢,ku
𱓣,ke
𱓤,kx
𱓥,kt
𱓦,kk
𱓧,kl
𱓨,kz
𱓩,kt
𱓪,ko
𱓫,ky
𱓬,ko
𱓭,kk
𱓮,kj
𱓯,kr
𱓰,kh
𱓱,gd
𱓲,ka
𱓳,kv
𱓴,kg
𱓵,ke
𱓶,kx
𱓷,kb
𱓸,kd
𱓹,kg
𱓺,kk
𱓻,kj
𱓼,ku
𱓽,kx
𱓾,kd
𱓿,kz
𱔀,kd
𱔁,km
𱔂,kd
𱔃,kd
𱔄,kg
𱔅,kd
𱔆,kk
𱔇,kf
𱔈,kc
𱔉,ku
𱔊,kb
𱔋,ru
𱔌,kl
𱔍,ke
𱔎,ky
𱔏,kx
𱔐,hk
𱔑,kp
𱔒,ku
𱔓,kk
𱔔,kb
𱔕,kt
𱔖,sk
𱔗,ky
𱔘,ku
𱔙,km
𱔚,km
𱔛,gk
𱔜,ke
𱔝,kk
𱔞,ky
𱔟,kl
𱔠,ku
𱔡,kt
𱔢,ko
𱔣,kd
𱔤,ki
𱔥,kd
𱔦,kd
𱔧,kv
𱔨,kj
𱔩,kg
𱔪,kv
𱔫,kk
𱔬,km
𱔭,ki
𱔮,ku
𱔯,kz
𱔰,ki
𱔱,kf
𱔲,kk
𱔳,tf
𱔴,ks
𱔵,kx
𱔶,ka
𱔷,ky
𱔸,km
𱔹,kn
𱔺,kf
𱔻,kw
𱔼,kb
𱔽,ko
𱔾,kt
𱔿,ki
𱕀,kg
𱕁,kd
𱕂,eb
𱕃,ky
𱕄,kd
𱕅,ko
𱕆,kk
𱕇,ku
𱕈,kt
𱕉,ky
𱕊,kl
𱕋,kc
𱕌,kx
𱕍,kb
𱕎,in
𱕏,pk
𱕐,kp
𱕑,kk
𱕒,km
𱕓,iw
𱕔,kx
𱕕,ku
𱕖,kj
𱕗,ki
𱕘,kh
𱕙,ku
𱕚,kr
𱕛,ku
𱕜,ko
𱕝,ko
𱕞,tk
𱕟,kb
𱕠,kv
𱕡,tk
𱕢,kr
𱕣,ko
𱕤,kr
𱕥,kw
𱕦,kv
𱕧,kx
𱕨,ku
𱕩,jb
𱕪,kb
𱕫,kw
𱕬,kd
𱕭,ct
𱕮,ku
𱕯,kn
𱕰,ky
𱕱,kx
𱕲,km
𱕳,kx
𱕴,gk
𱕵,kq
𱕶,kv
𱕷,ke
𱕸,wd
𱕹,wb
𱕺,wi
𱕻,wd
𱕼,wt
𱕽,wy
𱕾,bk
𱕿,wg
𱖀,wo
𱖁,wd
𱖂,wu
𱖃,ws
𱖄,wc
𱖅,bb
𱖆,kt
𱖇,tg
𱖈,tw
𱖉,vt
𱖊,tu
𱖋,rt
𱖌,rt
𱖍,tg
𱖎,ty
𱖏,tv
𱖐,wt
𱖑,tj
𱖒,tj
𱖓,yt
𱖔,uw
𱖕,tv
𱖖,ta
𱖗,xt
𱖘,tb
𱖙,tu
𱖚,dt
𱖛,tu
𱖜,tt
𱖝,tr
𱖞,tt
𱖟,tw
𱖠,lt
𱖡,tc
𱖢,tl
𱖣,lt
𱖤,tw
𱖥,tb
𱖦,rt
𱖧,tv
𱖨,ty
𱖩,tl
𱖪,dt
𱖫,tr
𱖬,tl
𱖭,tb
𱖮,ta
𱖰,tn
𱖱,tj
𱖲,to
𱖳,tg
𱖴,tq
𱖵,dt
𱖶,tt
𱖷,ty
𱖸,dt
𱖹,tl
𱖺,ty
𱖻,bt
𱖼,tw
𱖽,tx
𱖾,tf
𱖿,lb
𱗀,tu
𱗁,rt
𱗂,tg
𱗃,to
𱗄,ut
𱗅,to
𱗆,tl
𱗇,pt
𱗈,pt
𱗉,ty
𱗊,tk
𱗋,tu
𱗌,td
𱗍,tp
𱗎,ty
𱗏,tj
𱗐,lt
𱗑,tv
𱗒,te
𱗓,ly
𱗔,tx
𱗕,ht
𱗖,tx
𱗗,ty
𱗘,et
𱗙,ty
𱗚,tl
𱗛,tg
𱗜,tk
𱗝,ty
𱗞,to
𱗟,ts
𱗠,tx
𱗡,tw
𱗢,tg
𱗣,gt
𱗤,tu
𱗥,ty
𱗦,ty
𱗧,dt
𱗨,tx
𱗩,tg
𱗪,ft
𱗫,tk
𱗬,ud
𱗭,ti
𱗮,tj
𱗯,td
𱗰,te
𱗱,tp
𱗲,tv
𱗳,wt
𱗴,tt
𱗵,ut
𱗶,to
𱗷,ot
𱗸,ty
𱗹,tx
𱗺,tx
𱗻,th
𱗼,qc
𱗽,tv
𱗾,tb
𱗿,tz
𱘀,tw
𱘁,wt
𱘂,nt
𱘃,tb
𱘄,ct
𱘅,tk
𱘆,tn
𱘇,to
𱘈,dt
𱘉,tj
𱘊,tw
𱘋,tx
𱘌,lf
𱘍,ty
𱘎,tg
𱘏,tb
𱘐,tv
𱘑,tu
𱘒,tx
𱘓,th
𱘔,tf
𱘕,ty
𱘖,ky
𱘗,td
𱘘,tj
𱘙,dt
𱘚,vt
𱘛,th
𱘜,ct
𱘝,tv
𱘞,ta
𱘟,tr
𱘠,tu
𱘡,tp
𱘢,tu
𱘣,ws
𱘤,bw
𱘥,kw
𱘦,xd
𱘧,rx
𱘨,bx
𱘩,wv
𱘪,vx
𱘫,lx
𱘬,ix
𱘭,dx
𱘮,df
𱘯,kd
𱘰,dd
𱘱,wd
𱘲,dl
𱘳,rd
𱘴,jj
𱘵,dk
𱘶,tb
𱘷,td
𱘸,de
𱘹,uf
𱘺,dl
𱘻,bd
𱘼,dn
𱘽,cd
𱘾,dh
𱘿,xd
𱙀,db
𱙁,na
𱙂,ne
𱙃,nv
𱙄,ny
𱙅,nm
𱙆,nf
𱙇,nl
𱙈,nw
𱙉,rn
𱙊,vn
𱙋,nu
𱙌,ns
𱙍,nt
𱙎,yn
𱙏,nn
𱙐,nj
𱙑,nq
𱙒,nz
𱙓,ny
𱙔,ny
𱙕,nt
𱙖,ng
𱙗,no
𱙘,dn
𱙙,nh
𱙚,nr
𱙛,nz
𱙜,uz
𱙝,ne
𱙞,ne
𱙟,nl
𱙠,nc
𱙡,ny
𱙢,nn
𱙣,nf
𱙤,nm
𱙥,nx
𱙦,nb
𱙧,ny
𱙨,ny
𱙩,nw
𱙪,nk
𱙫,nb
𱙬,ng
𱙭,nv
𱙮,na
𱙯,nd
𱙰,nu
𱙱,nj
𱙲,jn
𱙳,uf
𱙴,nq
𱙵,zu
𱙶,tz
𱙷,zb
𱙸,zn
𱙹,zi
𱙺,nl
𱙻,lz
𱙼,uz
𱙽,zn
𱙾,lk
𱙿,zu
𱚀,zt
𱚁,zx
𱚂,bo
𱚃,bx
𱚄,bv
𱚅,bk
𱚆,bb
𱚇,bb
𱚈,bw
𱚉,bg
𱚊,bk
𱚋,bu
𱚌,bu
𱚍,bj
𱚎,bd
𱚏,bm
𱚐,by
𱚑,nq
𱚒,bc
𱚓,bo
𱚔,bv
𱚕,ba
𱚖,bx
𱚗,bh
𱚘,be
𱚙,bo
𱚚,bk
𱚛,xj
𱚜,bc
𱚝,fc
𱚞,bc
𱚟,pc
𱚠,ec
𱚡,cc
𱚢,vc
𱚣,uu
𱚤,xi
𱚥,xc
𱚦,xm
𱚧,zx
𱚨,xu
𱚩,dx
𱚪,uv
𱚫,uv
𱚬,xx
𱚭,wy
𱚮,yp
𱚯,we
𱚰,uu
𱚱,uc
𱚲,ux
𱚳,uu
𱚴,ui
𱚵,uf
𱚶,uk
𱚷,ul
𱚸,uy
𱚹,iq
𱚺,un
𱚻,uh
𱚼,ud
𱚽,ux
𱚾,uq
𱚿,uj
𱛀,ir
𱛁,ut
𱛂,ul
𱛃,uy
𱛄,tz
𱛅,lu
𱛆,ul
𱛇,uy
𱛈,yu
𱛉,uv
𱛊,uj
𱛋,un
𱛌,un
𱛍,ul
𱛎,uw
𱛏,ui
𱛐,ul
𱛑,ug
𱛒,uv
𱛓,ul
𱛔,uq
𱛕,uj
𱛖,uj
𱛗,ua
𱛘,ug
𱛙,ul
𱛚,ul
𱛛,qu
𱛜,ut
𱛝,uy
𱛞,uf
𱛟,uq
𱛠,uh
𱛡,uk
𱛢,uk
𱛣,ut
𱛤,uy
𱛥,ue
𱛦,uw
𱛧,uz
𱛨,ub
𱛩,uu
𱛪,iu
𱛫,ub
𱛬,uc
𱛭,uc
𱛮,uy
𱛯,ux
𱛰,uh
𱛱,ug
𱛲,uw
𱛳,uu
𱛴,uy
𱛵,uf
𱛶,uv
𱛷,uy
𱛸,uo
𱛹,ue
𱛺,ud
𱛻,uy
𱛼,uy
𱛽,uu
𱛾,ug
𱛿,ut
𱜀,ul
𱜁,ug
𱜂,sy
𱜃,uc
𱜄,ub
𱜅,uo
𱜆,uk
𱜇,uy
𱜈,ux
𱜉,uf
𱜊,uy
𱜋,um
𱜌,uu
𱜍,ut
𱜎,ut
𱜏,uy
𱜐,bu
𱜑,uh
𱜒,du
𱜓,uu
𱜔,uj
𱜕,um
𱜖,va
𱜗,kj
𱜘,rj
𱜙,jc
𱜚,gl
𱜛,jg
𱜜,rj
𱜝,jb
𱜞,bw
𱜟,gd
𱜠,bq
𱜡,uv
𱜢,bj
𱜣,bb
𱜤,jj
𱜥,jv
𱜦,bj
𱜧,vj
𱜨,lj
𱜩,jd
𱜪,jj
𱜫,rd
𱜬,jx
𱜭,ji
𱜮,uf
𱜯,jc
𱜰,jo
𱜱,jd
𱜲,qj
𱜳,je
𱜴,jn
𱜵,jx
𱜶,vj
𱜷,vj
𱜸,ju
𱜹,aj
𱜺,jb
𱜻,jk
𱜼,jl
𱜽,gd
𱜾,gk
𱜿,tw
𱝀,bj
𱝁,tl
𱝂,ny
𱝃,gx
𱝄,gy
𱝅,gx
𱝆,gm
𱝇,gu
𱝈,gy
𱝉,gx
𱝊,gx
𱝋,gu
𱝌,gb
𱝍,gg
𱝎,qh
𱝏,gf
𱝐,qh
𱝑,zr
𱝒,zq
𱝓,zv
𱝔,ic
𱝕,dc
𱝖,wg
𱝗,lc
𱝘,fc
𱝙,gv
𱝚,gg
𱝛,gg
𱝜,gu
𱝝,gl
𱝞,gy
𱝟,ea
𱝠,ej
𱝡,hf
𱝢,tp
𱝣,op
𱝤,sp
𱝦,sp
𱝧,bf
𱝨,fp
𱝩,bx
𱝫,ru
𱝬,rf
𱝭,rj
𱝮,rl
𱝯,ry
𱝰,rr
𱝱,rd
𱝲,rq
𱝳,rp
𱝴,ro
𱝵,rk
𱝶,rc
𱝷,rk
𱝸,rm
𱝹,ru
𱝺,rj
𱝻,vp
𱝼,sx
𱝽,xy
𱝾,px
𱝿,yx
𱞀,xz
𱞁,xv
𱞂,wx
𱞃,rx
𱞄,bx
𱞅,xw
𱞆,ix
𱞇,xv
𱞈,xw
𱞉,ux
𱞊,xb
𱞋,xu
𱞌,xg
𱞍,yx
𱞎,dx
𱞏,xk
𱞐,xk
𱞑,ba
𱞒,xl
𱞓,yx
𱞔,xu
𱞕,xc
𱞖,nx
𱞗,xi
𱞘,xz
𱞙,xy
𱞚,xx
𱞛,xw
𱞜,px
𱞝,kx
𱞞,xe
𱞟,xb
𱞠,xb
𱞡,bx
𱞢,xf
𱞣,xy
𱞤,xd
𱞥,yx
𱞦,xy
𱞧,xu
𱞨,xj
𱞩,xu
𱞪,xn
𱞫,xj
𱞬,xd
𱞭,xt
𱞮,xl
𱞯,xy
𱞰,xg
𱞱,rx
𱞲,jx
𱞳,xo
𱞴,xg
𱞵,gd
𱞶,xj
𱞷,xj
𱞸,xd
𱞹,mx
𱞺,xu
𱞻,xy
𱞼,ax
𱞽,xk
𱞾,xi
𱞿,xu
𱟀,xt
𱟁,xm
𱟂,xu
𱟃,xa
𱟄,xn
𱟅,px
𱟆,xt
𱟇,xx
𱟈,xv
𱟉,xy
𱟊,xk
𱟋,xw
𱟌,xj
𱟍,lx
𱟎,xg
𱟏,xa
𱟐,xw
𱟑,xu
𱟒,xh
𱟓,xx
𱟔,vx
𱟕,xc
𱟖,dk
𱟗,xh
𱟘,xx
𱟙,db
𱟚,xk
𱟛,ox
𱟜,eg
𱟝,ug
𱟞,lb
𱟟,kg
𱟠,ug
𱟡,lg
𱟢,hp
𱟣,hb
𱟤,cf
𱟥,hb
𱟦,zf
𱟧,hf
𱟨,cf
𱟩,fy
𱟪,fx
𱟫,fp
𱟬,fx
𱟭,fh
𱟮,fd
𱟯,fj
𱟰,fy
𱟱,ft
𱟳,fa
𱟴,ud
𱟵,fn
𱟶,fu
𱟷,xu
𱟸,fb
𱟹,fw
𱟺,ft
𱟻,uz
𱟼,fk
𱟽,fn
𱟾,fp
𱟿,fl
𱠀,fk
𱠁,fs
𱠂,fu
𱠃,fs
𱠄,fg
𱠅,uk
𱠆,ff
𱠇,fw
𱠈,fb
𱠉,fu
𱠊,fd
𱠋,oc
𱠌,ux
𱠍,fe
𱠎,fb
𱠏,fw
𱠐,fk
𱠑,ux
𱠒,ff
𱠓,fw
𱠔,uv
𱠕,fn
𱠖,fw
𱠗,fy
𱠘,fg
𱠙,fb
𱠚,fy
𱠛,fv
𱠜,fj
𱠝,ft
𱠞,uo
𱠟,fv
𱠠,fx
𱠡,um
𱠢,fx
𱠣,fd
𱠤,dg
𱠥,ut
𱠦,fh
𱠧,fa
𱠨,fo
𱠩,fk
𱠪,fb
𱠫,fk
𱠬,fb
𱠭,fl
𱠮,fw
𱠯,ff
𱠰,fd
𱠱,ub
𱠲,fc
𱠳,ft
𱠴,ft
𱠵,ft
𱠶,fy
𱠷,fv
𱠸,fu
𱠺,fx
𱠻,fy
𱠼,fr
𱠽,fy
𱠾,ft
𱠿,ff
𱡀,fu
𱡁,fk
𱡂,fu
𱡃,fn
𱡄,fb
𱡅,ft
𱡆,ux
𱡇,ff
𱡈,fa
𱡉,ut
𱡊,fu
𱡋,fw
𱡌,fo
𱡍,ft
𱡎,fd
𱡏,fu
𱡐,fm
𱡑,fk
𱡒,fd
𱡓,fu
𱡔,fq
𱡕,fy
𱡖,fa
𱡗,dv
𱡘,lw
𱡙,yy
𱡚,tw
𱡛,tw
𱡜,tw
𱡝,ow
𱡞,iw
𱡟,vw
𱡠,rw
𱡡,my
𱡢,wj
𱡣,wo
𱡤,wq
𱡥,wt
𱡦,wi
𱡧,wh
𱡨,gd
𱡩,kt
𱡪,bt
𱡫,vt
𱡬,fj
𱡭,zt
𱡮,vt
𱡯,it
𱡰,ux
𱡱,fu
𱡲,ff
𱡳,fv
𱡴,fe
𱡵,cf
𱡶,ft
𱡷,fo
𱡸,fp
𱡹,ll
𱡺,ov
𱡻,ov
𱡼,ow
𱡽,ov
𱡾,om
𱡿,ob
𱢀,on
𱢁,ox
𱢂,oy
𱢃,oh
𱢄,ob
𱢅,ov
𱢆,om
𱢇,ou
𱢈,ou
𱢉,oy
𱢊,ob
𱢋,oz
𱢌,ox
𱢍,ol
𱢎,od
𱢏,on
𱢐,oz
𱢑,tc
𱢒,oy
𱢓,oe
𱢔,ox
𱢕,oo
𱢖,om
𱢗,of
𱢘,ox
𱢙,oy
𱢚,or
𱢛,ob
𱢜,ok
𱢝,od
𱢞,oo
𱢟,od
𱢠,om
𱢡,od
𱢢,ot
𱢣,of
𱢤,oc
𱢥,oz
𱢦,ou
𱢧,oe
𱢨,ow
𱢩,ok
𱢪,oa
𱢫,ok
𱢬,po
𱢭,oq
𱢮,ou
𱢯,co
𱢰,oh
𱢱,ok
𱢲,og
𱢳,uo
𱢴,oq
𱢵,qg
𱢶,ok
𱢷,rr
𱢸,ro
𱢹,ot
𱢺,um
𱢻,ox
𱢼,om
𱢽,bw
𱢾,aq
𱢿,af
𱣀,va
𱣁,ad
𱣂,aw
𱣃,ae
𱣄,aw
𱣅,wa
𱣆,au
𱣇,ay
𱣈,ay
𱣉,aa
𱣊,ae
𱣋,ae
𱣌,az
𱣍,ea
𱣎,fa
𱣏,ax
𱣐,ad
𱣑,ar
𱣒,ra
𱣓,ap
𱣔,af
𱣕,av
𱣖,ab
𱣗,ab
𱣘,ag
𱣙,az
𱣚,ab
𱣛,at
𱣜,av
𱣝,ab
𱣞,ab
𱣟,aj
𱣠,aa
𱣡,aa
𱣢,as
𱣣,aa
𱣤,ao
𱣥,ac
𱣦,uu
𱣧,ab
𱣨,ae
𱣩,ae
𱣪,ab
𱣫,ak
𱣬,fa
𱣭,aa
𱣮,ab
𱣯,ay
𱣰,aq
𱣱,ab
𱣲,ak
𱣳,ag
𱣴,aj
𱣵,aa
𱣶,ad
𱣷,ai
𱣸,au
𱣹,ao
𱣺,av
𱣻,ab
𱣼,av
𱣽,ah
𱣾,ac
𱣿,ak
𱤀,al
𱤁,ab
𱤂,an
𱤃,xa
𱤄,ak
𱤅,xw
𱤆,ak
𱤇,an
𱤈,ay
𱤉,yu
𱤋,ai
𱤌,ao
𱤍,at
𱤎,ad
𱤏,aa
𱤐,ab
𱤑,lk
𱤒,wd
𱤓,aj
𱤔,ay
𱤕,ac
𱤖,ad
𱤗,aq
𱤘,au
𱤙,ah
𱤚,aj
𱤛,az
𱤜,wo
𱤝,am
𱤞,ak
𱤟,ar
𱤠,am
𱤡,ac
𱤢,uw
𱤣,ab
𱤤,af
𱤥,ay
𱤦,ga
𱤧,tw
𱤨,av
𱤩,au
𱤪,ay
𱤫,an
𱤬,ab
𱤭,aa
𱤮,ah
𱤯,ak
𱤰,ax
𱤱,ak
𱤲,ay
𱤳,aj
𱤴,pt
𱤵,al
𱤶,ah
𱤷,eq
𱤸,tq
𱤹,gq
𱤺,dq
𱤼,vd
𱤽,iv
𱤾,vv
𱤿,vv
𱥀,vy
𱥁,vk
𱥂,vv
𱥃,vp
𱥄,vd
𱥅,bv
𱥆,uv
𱥇,xv
𱥈,oy
𱥉,vx
𱥊,rv
𱥋,df
𱥌,by
𱥍,vk
𱥎,dk
𱥏,du
𱥐,de
𱥑,dk
𱥒,do
𱥓,df
𱥔,dc
𱥕,cb
𱥖,tu
𱥗,uu
𱥘,fu
𱥙,cu
𱥚,cu
𱥛,wm
𱥜,nm
𱥝,fw
𱥞,mn
𱥟,ml
𱥠,jm
𱥡,bm
𱥢,mo
𱥣,mk
𱥤,md
𱥥,gm
𱥦,sm
𱥧,mi
𱥨,md
𱥩,jm
𱥪,qj
𱥫,qk
𱥬,wq
𱥭,qo
𱥮,pu
𱥯,ru
𱥰,dy
𱥱,du
𱥲,dk
𱥳,dw
𱥵,dx
𱥶,dl
𱥷,fu
𱥸,db
𱥹,de
𱥺,dy
𱥻,dd
𱥼,dy
𱥽,au
𱥿,da
𱦀,dl
𱦁,dt
𱦃,dd
𱦄,iu
𱦅,dl
𱦆,xu
𱦇,dw
𱦈,dj
𱦉,dv
𱦊,dw
𱦋,uk
𱦌,dt
𱦎,db
𱦏,dr
𱦐,de
𱦑,dd
𱦒,dd
𱦓,dl
𱦔,du
𱦕,ru
𱦖,dj
𱦗,dy
𱦘,dx
𱦙,da
𱦚,do
𱦛,dd
𱦜,dy
𱦝,di
𱦞,dy
𱦟,db
𱦠,df
𱦡,dw
𱦢,dn
𱦣,dk
𱦤,dk
𱦥,dv
𱦦,dt
𱦧,dp
𱦨,dy
𱦩,dy
𱦪,dw
𱦫,dx
𱦬,dv
𱦭,dk
𱦮,du
𱦯,dw
𱦰,df
𱦱,dv
𱦲,dw
𱦳,dh
𱦴,du
𱦵,db
𱦷,dq
𱦸,dx
𱦹,dc
𱦺,dl
𱦻,la
𱦼,do
𱦽,ds
𱦾,dh
𱧀,dc
𱧁,dw
𱧂,da
𱧃,db
𱧄,dd
𱧅,ds
𱧆,uq
𱧇,uy
𱧈,dc
𱧉,dl
𱧊,dx
𱧋,dj
𱧍,dc
𱧎,dy
𱧏,dc
𱧐,dw
𱧑,dh
𱧒,df
𱧓,df
𱧔,ds
𱧕,da
𱧖,dh
𱧗,dd
𱧘,da
𱧙,lv
𱧚,dq
𱧛,de
𱧜,di
𱧞,do
𱧟,ds
𱧠,dk
𱧡,dm
𱧢,dn
𱧣,dy
𱧤,dm
𱧥,dk
𱧦,dv
𱧧,de
𱧨,du
𱧩,dd
𱧪,dh
𱧫,de
𱧬,du
𱧭,dg
𱧮,dl
𱧯,du
𱧰,dx
𱧲,tu
𱧳,di
𱧴,dm
𱧵,do
𱧶,dw
𱧷,db
𱧸,dc
𱧹,dt
𱧺,ds
𱧻,dd
𱧼,dv
𱧽,dx
𱧾,da
𱧿,da
𱨀,da
𱨁,dx
𱨂,dx
𱨃,dd
𱨄,do
𱨅,dv
𱨆,dx
𱨇,do
𱨈,dz
𱨉,do
𱨊,du
𱨋,dd
𱨍,dv
𱨎,db
𱨏,do
𱨐,db
𱨑,dy
𱨒,do
𱨓,dd
𱨔,du
𱨕,dh
𱨖,dh
𱨗,dt
𱨘,du
𱨙,dv
𱨚,dm
𱨛,dz
𱨜,dd
𱨝,dw
𱨞,dm
𱨠,do
𱨡,df
𱨢,dt
𱨣,de
𱨤,dx
𱨦,dv
𱨧,dq
𱨨,db
𱨩,dm
𱨪,da
𱨬,dw
𱨭,do
𱨮,dc
𱨯,du
𱨰,df
𱨱,dy
𱨲,dx
𱨳,dd
𱨵,dk
𱨶,du
𱨸,du
𱨹,dt
𱨺,db
𱨻,dv
𱨼,dd
𱨽,db
𱨿,do
𱩀,du
𱩁,db
𱩂,dy
𱩃,dh
𱩄,do
𱩆,dz
𱩇,dd
𱩈,dx
𱩉,dl
𱩊,dx
𱩋,df
𱩌,du
𱩍,du
𱩎,df
𱩏,dm
𱩐,du
𱩑,do
𱩒,do
𱩓,dd
𱩔,dj
𱩕,do
𱩖,dx
𱩗,dw
𱩘,dk
𱩙,db
𱩚,df
𱩛,dx
𱩜,do
𱩝,do
𱩞,da
𱩟,du
𱩠,dy
𱩡,dk
𱩢,dz
𱩣,dl
𱩤,vy
𱩥,dd
𱩦,do
𱩧,dx
𱩩,dt
𱩪,dm
𱩫,ju
𱩬,dg
𱩭,dh
𱩮,dq
𱩯,dy
𱩰,db
𱩱,dx
𱩲,ds
𱩳,do
𱩴,dv
𱩵,dw
𱩶,dx
𱩷,dk
𱩸,do
𱩹,dd
𱩺,dk
𱩻,dw
𱩼,dg
𱩽,de
𱩾,dm
𱩿,dg
𱪀,df
𱪁,dx
𱪂,dk
𱪃,dk
𱪅,df
𱪆,dg
𱪇,dk
𱪈,do
𱪉,dk
𱪊,dj
𱪋,dv
𱪌,dm
𱪍,dm
𱪎,db
𱪏,do
𱪐,dw
𱪑,dj
𱪒,dk
𱪓,dt
𱪔,db
𱪕,du
𱪖,dx
𱪗,dx
𱪘,dy
𱪙,df
𱪚,dk
𱪛,dw
𱪜,df
𱪝,db
𱪞,df
𱪟,dw
𱪠,df
𱪡,hr
𱪢,hl
𱪣,hv
𱪤,hw
𱪥,xh
𱪦,hq
𱪧,hl
𱪨,hp
𱪩,hk
𱪪,hl
𱪫,hv
𱪬,qh
𱪭,hy
𱪮,hg
𱪯,hw
𱪰,dh
𱪱,hg
𱪲,vh
𱪳,hy
𱪴,ho
𱪵,hu
𱪶,pj
𱪷,rh
𱪸,bh
𱪹,hz
𱪻,ch
𱪼,gh
𱪽,wh
𱪾,hk
𱪿,yh
𱫀,dt
𱫁,hu
𱫂,xh
𱫃,vh
𱫄,hb
𱫅,hq
𱫆,vh
𱫇,bh
𱫈,hj
𱫉,hz
𱫊,hl
𱫋,hq
𱫌,dh
𱫍,hu
𱫎,hh
𱫏,hd
𱫐,hb
𱫑,hy
𱫒,th
𱫓,qh
𱫔,xh
𱫕,oh
𱫖,he
𱫗,ho
𱫘,ht
𱫙,xh
𱫚,uh
𱫛,hv
𱫜,hb
𱫝,vh
𱫞,uh
𱫟,eu
𱫠,uh
𱫡,fh
𱫢,gh
𱫤,th
𱫥,oh
𱫦,hy
𱫧,yh
𱫨,ho
𱫩,hj
𱫪,hy
𱫫,dh
𱫬,hl
𱫭,ph
𱫮,yh
𱫯,hx
𱫱,th
𱫲,hx
𱫳,gh
𱫴,ht
𱫵,ph
𱫶,hx
𱫷,hf
𱫸,dh
𱫹,wh
𱫺,ht
𱫻,hy
𱫼,ih
𱫽,hx
𱫾,he
𱫿,ih
𱬀,hl
𱬁,th
𱬂,hp
𱬃,hi
𱬄,gh
𱬅,hk
𱬆,ph
𱬇,hh
𱬈,hd
𱬉,hz
𱬊,hz
𱬋,hv
𱬌,hq
𱬍,hd
𱬎,hu
𱬏,ht
𱬐,fh
𱬑,yh
𱬒,hx
𱬓,hu
𱬔,rh
𱬕,ho
𱬖,sh
𱬗,aj
𱬘,hw
𱬙,hj
𱬚,hp
𱬛,gh
𱬜,hw
𱬝,ld
𱬞,hc
𱬟,hv
𱬠,sh
𱬡,hm
𱬢,hf
𱬣,im
𱬤,av
𱬥,ju
𱬦,hd
𱬧,jh
𱬨,th
𱬩,wh
𱬪,wp
𱬫,hc
𱬬,hq
𱬭,hf
𱬮,hy
𱬯,cb
𱬰,jh
𱬱,ph
𱬲,jh
𱬳,rh
𱬴,ph
𱬵,vn
𱬶,vy
𱬷,vb
𱬸,vd
𱬹,vo
𱬺,vf
𱬻,va
𱬼,vw
𱬽,wv
𱬾,vc
𱬿,vx
𱭀,vw
𱭁,vg
𱭂,vd
𱭃,vw
𱭄,my
𱭅,vt
𱭆,bc
𱭇,vc
𱭈,vy
𱭉,vj
𱭊,ff
𱭋,rx
𱭌,an
𱭍,pv
𱭎,px
𱭏,pw
𱭐,pg
𱭑,pu
𱭒,pt
𱭓,pc
𱭔,po
𱭖,pz
𱭘,lb
𱭙,pf
𱭚,pf
𱭛,pn
𱭜,pb
𱭝,py
𱭞,pp
𱭟,pk
𱭠,pu
𱭡,pq
𱭢,yk
𱭣,yv
𱭤,yj
𱭥,yw
𱭦,yk
𱭧,yy
𱭨,yh
𱭩,nw
𱭪,nj
𱭫,ny
𱭬,nq
𱭭,kn
𱭮,ny
𱭯,hv
𱭰,nk
𱭱,nz
𱭲,nb
𱭳,qb
𱭴,qv
𱭵,qw
𱭶,qb
𱭷,ql
𱭸,qj
𱭹,qe
𱭺,qr
𱭻,qa
𱭼,qw
𱭽,qw
𱭾,qc
𱭿,bq
𱮀,qd
𱮁,bq
𱮂,qu
𱮃,qe
𱮄,qo
𱮅,qk
𱮆,qd
𱮇,qi
𱮈,qk
𱮉,qg
𱮊,qt
𱮋,qm
𱮌,qg
𱮍,qr
𱮎,qm
𱮏,qu
𱮐,qx
𱮑,qc
𱮒,qm
𱮓,qo
𱮔,qy
𱮕,qk
𱮖,qm
𱮗,qo
𱮘,qv
𱮙,qg
𱮚,qo
𱮛,qf
𱮜,qb
𱮝,ql
𱮞,qm
𱮟,qm
𱮠,qy
𱮡,ay
𱮢,qo
𱮣,qv
𱮤,xy
𱮥,qq
𱮦,qv
𱮧,qj
𱮨,qx
𱮩,sy
𱮬,qx
𱮭,qx
𱮮,qg
𱮯,xq
𱮰,qd
𱮱,qf
𱮳,wo
𱮴,wx
𱮵,wd
𱮶,wl
𱮷,wu
𱮸,wx
𱮹,wb
𱮺,wb
𱮻,vw
𱮼,dw
𱮽,wn
𱮾,wl
𱮿,we
𱯀,yw
𱯁,ww
𱯂,wl
𱯃,ya
𱯄,wy
𱯅,wn
𱯆,wp
𱯇,wy
𱯊,wj
𱯋,wo
𱯌,wt
𱯍,wk
𱯎,wa
𱯏,ty
𱯐,wb
𱯑,xy
𱯒,wx
𱯓,wr
𱯖,wf
𱯗,wj
𱯘,yg
𱯙,wx
𱯚,wd
𱯛,wx
𱯜,wk
𱯝,wb
𱯞,wo
𱯟,wa
𱯠,wp
𱯡,yx
𱯢,uf
𱯣,wx
𱯤,wt
𱯥,wq
𱯦,wa
𱯧,wt
𱯨,ww
𱯩,wt
𱯪,wu
𱯫,wp
𱯬,wy
𱯮,wt
𱯯,wy
𱯰,wb
𱯱,yb
𱯲,wg
𱯳,ux
𱯴,wt
𱯵,wy
𱯶,yg
𱯷,wx
𱯸,wb
𱯹,wm
𱯺,wb
𱯻,uy
𱯼,wb
𱯽,we
𱯾,wp
𱯿,ww
𱰀,wx
𱰁,wz
𱰄,uy
𱰅,dv
𱰆,mg
𱰇,jv
𱰈,uw
𱰉,xw
𱰊,rw
𱰋,mw
𱰌,fw
𱰍,lw
𱰎,tw
𱰏,uw
𱰐,bw
𱰑,wg
𱰒,wk
𱰓,rw
𱰔,ow
𱰕,hw
𱰖,rg
𱰗,ub
𱰘,ul
𱰙,ou
𱰚,um
𱰛,tl
𱰝,yl
𱰞,gy
𱰟,wy
𱰠,cy
𱰡,gy
𱰢,uy
𱰣,sf
𱰤,vt
𱰥,aa
𱰦,yu
𱰧,tt
𱰨,yb
𱰩,nt
𱰪,td
𱰫,tf
𱰬,tb
𱰭,vt
𱰮,ts
𱰯,dt
𱰰,ja
𱰱,jj
𱰲,xt
𱰳,ut
𱰴,pt
𱰵,it
𱰶,tb
𱰷,dt
𱰸,by
𱰹,ty
𱰺,ll
𱰻,tv
𱰼,tl
𱰽,tw
𱰾,tu
𱰿,tk
𱱀,mb
𱱁,lt
𱱃,im
𱱄,tk
𱱅,da
𱱆,uy
𱱉,bl
𱱊,bm
𱱋,bw
𱱌,bw
𱱍,bb
𱱎,bx
𱱏,bg
𱱐,bl
𱱑,bd
𱱒,be
𱱓,bk
𱱔,by
𱱕,bc
𱱖,bk
𱱗,bv
𱱘,bc
𱱙,bk
𱱚,by
𱱛,bi
𱱜,bt
𱱝,bi
𱱞,bm
𱱟,bu
𱱠,bc
𱱡,bk
𱱢,by
𱱣,bj
𱱤,bw
𱱥,bf
𱱦,bl
𱱧,bh
𱱨,by
𱱩,bh
𱱪,bj
𱱫,bu
𱱬,bw
𱱭,bu
𱱮,bl
𱱯,bi
𱱰,bc
𱱱,bz
𱱲,bm
𱱳,bw
𱱴,bd
𱱵,ba
𱱶,by
𱱷,bw
𱱸,xw
𱱹,ub
𱱺,bb
𱱻,bi
𱱼,bf
𱱽,bo
𱱾,bw
𱱿,pb
𱲀,py
𱲁,py
𱲂,pb
𱲃,pr
𱲄,pv
𱲅,pr
𱲆,tp
𱲇,pa
𱲈,vp
𱲉,pe
𱲊,pf
𱲋,qm
𱲌,km
𱲍,zm
𱲎,tm
𱲏,xm
𱲒,dm
𱲓,im
𱲔,lm
𱲕,pm
𱲖,pm
𱲗,wm
𱲘,tm
𱲙,wm
𱲚,im
𱲛,jm
𱲜,yr
𱲝,wm
𱲞,pm
𱲟,pm
𱲠,ym
𱲡,wm
𱲢,km
𱲣,do
𱲤,lo
𱲥,op
𱲦,ow
𱲧,ko
𱲪,ol
𱲫,ob
𱲬,sy
𱲭,oy
𱲮,of
𱲯,uo
𱲰,oy
𱲱,od
𱲲,bo
𱲳,oh
𱲴,oe
𱲷,og
𱲸,uo
𱲹,oz
𱲺,ob
𱲼,wo
𱲽,og
𱲾,on
𱲿,uv
𱳀,of
𱳁,vo
𱳂,ov
𱳃,od
𱳄,of
𱳅,oy
𱳆,go
𱳇,od
𱳈,uz
𱳉,od
𱳊,to
𱳋,oz
𱳌,ok
𱳍,ok
𱳎,ok
𱳏,ok
𱳐,ok
𱳑,ok
𱳒,oe
𱳓,gb
𱳔,ov
𱳕,sx
𱳖,ok
𱳗,ot
𱳘,oj
𱳙,ok
𱳚,od
𱳛,mu
𱳜,mk
𱳝,ue
𱳞,uq
𱳟,ud
𱳠,us
𱳡,ub
𱳢,um
𱳣,uk
𱳤,uk
𱳥,uh
𱳦,ua
𱳧,uk
𱳨,um
𱳩,ug
𱳪,ut
𱳫,ud
𱳬,iu
𱳭,uj
𱳮,uo
𱳯,ul
𱳰,uu
𱳱,ui
𱳲,pu
𱳳,uw
𱳴,un
𱳵,uu
𱳶,uu
𱳷,ub
𱳸,uu
𱳹,ue
𱳺,uv
𱳻,ku
𱳼,ua
𱳽,uu
𱳾,uc
𱳿,ug
𱴀,uc
𱴁,uk
𱴂,uu
𱴃,ub
𱴄,ul
𱴅,bk
𱴆,uu
𱴇,uw
𱴈,uq
𱴊,ux
𱴋,ux
𱴌,um
𱴍,ut
𱴎,uf
𱴏,uy
𱴐,ur
𱴑,ua
𱴒,ut
𱴓,uk
𱴔,uq
𱴕,uy
𱴖,ui
𱴗,uv
𱴘,us
𱴙,uj
𱴚,uo
𱴛,hu
𱴜,uw
𱴝,du
𱴞,uu
𱴟,un
𱴠,ul
𱴡,un
𱴢,uv
𱴤,um
𱴥,ux
𱴦,uk
𱴧,ty
𱴨,ux
𱴩,uq
𱴪,un
𱴫,du
𱴬,uo
𱴭,uk
𱴮,uu
𱴯,ua
𱴰,uh
𱴱,ux
𱴲,uu
𱴳,uc
𱴴,uo
𱴵,ua
𱴶,uu
𱴷,uf
𱴸,uy
𱴹,ug
𱴺,ua
𱴻,ue
𱴼,un
𱴽,uu
𱴾,uf
𱴿,uy
𱵀,nu
𱵁,ut
𱵂,uz
𱵃,uo
𱵄,uy
𱵅,ui
𱵆,pw
𱵇,ua
𱵈,ux
𱵉,pf
𱵊,pu
𱵋,pu
𱵌,pt
𱵍,ud
𱵎,uz
𱵏,ue
𱵐,ub
𱵑,pz
𱵒,pl
𱵓,ui
𱵔,pk
𱵕,po
𱵖,uz
𱵗,ou
𱵘,pd
𱵙,pv
𱵚,pe
𱵛,ut
𱵜,uu
𱵝,pv
𱵞,ud
𱵟,pd
𱵠,ut
𱵡,uw
𱵢,pk
𱵣,uk
𱵤,pk
𱵥,pm
𱵦,pt
𱵧,pc
𱵨,pu
𱵩,uv
𱵪,uk
𱵫,bu
𱵬,uw
𱵭,uw
𱵮,zx
𱵯,zu
𱵰,im
𱵱,pb
𱵲,ug
𱵳,iy
𱵴,pb
𱵵,pk
𱵶,uy
𱵷,pb
𱵸,ot
𱵹,rs
𱵺,rn
𱵻,rd
𱵼,hj
𱵽,hw
𱵾,hh
𱵿,hk
𱶀,hf
𱶁,hi
𱶂,hq
𱶃,hx
𱶄,hy
𱶅,hb
𱶆,hl
𱶇,dh
𱶈,hf
𱶉,nh
𱶊,hi
𱶋,ho
𱶌,hb
𱶍,hj
𱶎,hj
𱶏,hu
𱶐,hl
𱶑,hj
𱶒,hu
𱶓,ho
𱶔,ho
𱶕,ho
𱶖,hy
𱶗,ho
𱶘,hd
𱶙,hf
𱶚,hx
𱶛,hl
𱶜,hq
𱶝,hj
𱶞,he
𱶟,yh
𱶠,hk
𱶡,uj
𱶢,uw
𱶣,wh
𱶤,hb
𱶥,wy
𱶦,ha
𱶧,hx
𱶨,wh
𱶩,hd
𱶪,hd
𱶫,wh
𱶬,hm
𱶭,hm
𱶮,hx
𱶯,hn
𱶱,bj
𱶲,bd
𱶳,bl
𱶴,bs
𱶵,bf
𱶶,by
𱶷,by
𱶸,bb
𱶹,bl
𱶺,bb
𱶻,bx
𱶼,by
𱶽,bw
𱶾,bd
𱶿,dy
𱷀,bx
𱷁,bw
𱷂,bk
𱷃,bb
𱷄,bg
𱷅,bl
𱷆,bg
𱷇,by
𱷈,bu
𱷉,bj
𱷊,by
𱷋,by
𱷌,bf
𱷍,bw
𱷎,bt
𱷏,bw
𱷐,bu
𱷑,bw
𱷒,bb
𱷓,bv
𱷔,bv
𱷕,bj
𱷖,bv
𱷗,bf
𱷘,by
𱷙,bq
𱷚,bb
𱷛,bd
𱷜,bx
𱷝,bd
𱷞,bn
𱷟,bk
𱷠,bn
𱷡,bd
𱷢,bd
𱷣,bl
𱷤,dl
𱷥,lv
𱷦,lx
𱷧,lu
𱷨,ly
𱷩,lj
𱷪,le
𱷫,ul
𱷬,ly
𱷭,ln
𱷮,vb
𱷯,vc
𱷰,vl
𱷱,vu
𱷲,vv
𱷳,vo
𱷴,vn
𱷵,vj
𱷶,vr
𱷷,vw
𱷸,vd
𱷹,vj
𱷺,vj
𱷻,ly
𱷼,vj
𱷽,vc
𱷾,vy
𱷿,vv
𱸀,vn
𱸁,ve
𱸂,vq
𱸃,vo
𱸄,vq
𱸅,vp
𱸆,vx
𱸇,vl
𱸈,ve
𱸉,vv
𱸊,vy
𱸋,vm
𱸌,vc
𱸍,vn
𱸎,vi
𱸏,vx
𱸐,vj
𱸑,vl
𱸒,vx
𱸓,vq
𱸔,vy
𱸕,vt
𱸖,vy
𱸗,vy
𱸘,ve
𱸙,vu
𱸚,vd
𱸛,vt
𱸜,vt
𱸝,vk
𱸞,vf
𱸟,vx
𱸠,vy
𱸡,vm
𱸢,vv
𱸣,vt
𱸤,vd
𱸥,vv
𱸦,vo
𱸧,vo
𱸨,vi
𱸩,vj
𱸪,vc
𱸫,va
𱸬,vd
𱸭,vb
𱸮,vd
𱸯,vc
𱸰,vj
𱸱,vx
𱸲,vy
𱸳,mb
𱸴,mf
𱸵,mi
𱸶,mo
𱸷,mo
𱸸,ka
𱸹,mb
𱸺,nm
𱸻,md
𱸼,mw
𱸽,mx
𱸾,my
𱸿,dm
𱹀,mj
𱹁,mq
𱹂,dm
𱹃,wm
𱹄,mi
𱹅,am
𱹆,mt
𱹇,jm
𱹈,wm
𱹉,mu
𱹊,mn
𱹋,mb
𱹍,ma
𱹎,mm
𱹏,mu
𱹐,mk
𱹑,mc
𱹒,md
𱹓,wm
𱹔,my
𱹕,mb
𱹖,om
𱹗,mm
𱹘,mx
𱹚,mf
𱹛,mh
𱹜,gm
𱹞,mw
𱹠,wm
𱹡,wm
𱹢,mj
𱹣,tm
𱹤,mx
𱹥,xy
𱹦,mu
𱹧,mm
𱹨,wm
𱹩,ma
𱹪,sp
𱹫,sl
𱹬,yx
𱹭,fx
𱹮,sg
𱹯,su
𱹰,sk
𱹱,sk
𱹲,sz
𱹳,sc
𱹴,sl
𱹵,sx
𱹶,sd
𱹷,sn
𱹸,sn
𱹹,sk
𱹺,sk
𱹻,sy
𱹼,st
𱹽,mx
𱹿,st
𱺀,st
𱺁,sk
𱺂,se
𱺃,st
𱺄,bx
𱺅,sd
𱺆,so
𱺇,sr
𱺈,sk
𱺉,st
𱺊,sb
𱺋,gx
𱺍,xx
𱺎,sl
𱺏,sb
𱺐,sr
𱺑,sl
𱺒,sj
𱺓,st
𱺔,sj
𱺕,sl
𱺖,sd
𱺗,sd
𱺘,sm
𱺙,sb
𱺚,sk
𱺛,sl
𱺜,sl
𱺝,si
𱺞,sk
𱺟,su
𱺠,sv
𱺡,sl
𱺢,se
𱺣,sl
𱺤,se
𱺥,st
𱺦,sl
𱺧,sj
𱺨,sl
𱺩,sd
𱺪,st
𱺫,su
𱺬,sc
𱺭,st
𱺮,su
𱺯,su
𱺰,sy
𱺱,fy
𱺲,fy
𱺳,fn
𱺴,kg
𱺶,wx
𱺷,sy
𱺸,sb
𱺹,sd
𱺺,sf
𱺻,sv
𱺼,bd
𱺽,kd
𱺾,se
𱺿,bc
𱻀,kb
𱻁,bx
𱻂,sv
𱻃,su
𱻄,kv
𱻅,sq
𱻆,sb
𱻇,sc
𱻈,km
𱻉,ly
𱻊,yy
𱻋,my
𱻌,yu
𱻍,yu
𱻎,yx
𱻏,yq
𱻐,yj
𱻑,rv
𱻒,yg
𱻓,ld
𱻔,yq
𱻕,we
𱻖,yf
𱻗,ej
𱻘,xm
𱻙,bx
𱻚,eu
𱻛,cx
𱻜,cx
𱻝,eo
𱻞,ux
𱻟,gx
𱻠,xb
𱻡,gx
𱻢,lx
𱻣,sx
𱻤,wx
𱻥,hq
𱻦,yx
𱻧,jl
𱻨,lj
𱻪,lb
𱻫,lk
𱻬,lp
𱻭,lo
𱻮,lk
𱻯,lo
𱻰,ee
𱻱,he
𱻲,ln
𱻳,lk
𱻴,lb
𱻵,la
𱻶,pk
𱻷,ey
𱻸,eh
𱻹,te
𱻺,eu
𱻻,ex
𱻼,ey
𱻽,ea
𱻾,ex
𱻿,uy
𱼀,pd
𱼁,on
𱼂,ox
𱼃,kv
𱼄,sr
𱼅,ol
𱼆,oy
𱼇,ou
𱼈,oo
𱼉,ob
𱼊,jo
𱼋,ol
𱼌,oj
𱼍,od
𱼎,oy
𱼏,ob
𱼐,om
𱼑,sd
𱼒,ot
𱼓,oz
𱼔,oi
𱼕,og
𱼖,oy
𱼗,ot
𱼘,hb
𱼙,ow
𱼚,wr
𱼛,rn
𱼜,ox
𱼝,oc
𱼞,ox
𱼟,bz
𱼠,bf
𱼡,ok
𱼢,od
𱼣,ou
𱼤,ot
𱼥,wm
𱼦,hr
𱼧,pi
𱼨,zv
𱼩,gl
𱼪,gt
𱼫,ot
𱼬,gm
𱼭,jt
𱼮,jw
𱼯,mj
𱼰,jl
𱼱,jt
𱼲,tk
𱼳,uk
𱼴,ui
𱼵,pa
𱼶,vs
𱼷,vv
𱼸,vf
𱼹,vj
𱼺,vu
𱼻,vy
𱼼,vl
𱼽,vg
𱼾,vr
𱼿,ad
𱽀,uv
𱽁,pl
𱽂,vy
𱽄,vv
𱽅,vw
𱽆,vc
𱽇,ag
𱽈,pg
𱽉,dm
𱽊,do
𱽋,cy
𱽌,cd
𱽍,cc
𱽎,cb
𱽏,cy
𱽐,ce
𱽑,cy
𱽒,ck
𱽓,cr
𱽔,ce
𱽕,cd
𱽖,cu
𱽗,cu
𱽘,ca
𱽙,cc
𱽚,cl
𱽛,cy
𱽜,cw
𱽝,cq
𱽞,cc
𱽟,bj
𱽠,cr
𱽡,cb
𱽢,cd
𱽣,bu
𱽤,ci
𱽥,cm
𱽦,cc
𱽧,ca
𱽨,ce
𱽩,cb
𱽪,cy
𱽫,cj
𱽬,cg
𱽭,cj
𱽮,cj
𱽯,ck
𱽰,cf
𱽱,cy
𱽲,ck
𱽳,cv
𱽴,cd
𱽵,cm
𱽶,ck
𱽷,cm
𱽸,cz
𱽹,cy
𱽺,cw
𱽻,ct
𱽼,ci
𱽽,ce
𱽾,co
𱽿,cf
𱾀,cu
𱾁,cm
𱾂,cy
𱾃,cx
𱾄,bm
𱾅,cf
𱾆,cv
𱾇,cr
𱾈,cg
𱾉,cd
𱾊,cy
𱾋,cx
𱾌,cm
𱾍,cc
𱾎,cn
𱾏,cy
𱾐,cl
𱾑,cp
𱾒,ct
𱾔,cy
𱾕,cp
𱾖,ck
𱾗,cw
𱾘,cd
𱾙,co
𱾚,cy
𱾛,cv
𱾜,cr
𱾝,cv
𱾞,ci
𱾟,cc
𱾠,ct
𱾡,cb
𱾢,co
𱾣,md
𱾤,cc
𱾥,cz
𱾦,ba
𱾧,cb
𱾨,cr
𱾩,cc
𱾪,mf
𱾫,cu
𱾬,cy
𱾭,ct
𱾮,cr
𱾯,cy
𱾰,cb
𱾱,cw
𱾲,cr
𱾳,ck
𱾴,cw
𱾵,bw
𱾶,ch
𱾷,py
𱾸,cg
𱾹,ck
𱾺,cw
𱾻,cv
𱾼,cj
𱾽,cg
𱾾,cf
𱾿,co
𱿀,cv
𱿁,bg
𱿂,cy
𱿃,ct
𱿄,bw
𱿅,cq
𱿆,cb
𱿇,cw
𱿈,uo
𱿉,cf
𱿊,cl
𱿋,co
𱿌,cu
𱿍,co
𱿎,hl
𱿏,uj
𱿐,hj
𱿑,mj
𱿒,kj
𱿓,hk
𱿔,tj
𱿕,kh
𱿖,hy
𱿗,hj
𱿘,id
𱿙,if
𱿚,il
𱿛,wi
𱿜,ix
𱿝,iy
𱿞,il
𱿟,ie
𱿠,ix
𱿡,ix
𱿢,ix
𱿣,ix
𱿤,ik
𱿥,ri
𱿦,pi
𱿧,io
𱿨,ai
𱿩,ij
𱿪,ik
𱿫,ik
𱿬,ie
𱿭,iq
𱿮,di
𱿯,iv
𱿰,ik
𱿱,yx
𱿲,iu
𱿳,iz
𱿴,ui
𱿵,ij
𱿶,im
𱿷,il
𱿸,iy
𱿹,ie
𱿺,io
𱿻,mi
𱿼,ir
𱿽,iv
𱿾,ji
𱿿,ix
𲀀,ie
𲀁,ig
𲀂,ik
𲀃,io
𲀄,iy
𲀅,ij
𲀆,iu
𲀇,li
𲀈,ib
𲀉,iy
𲀊,ir
𲀋,ji
𲀌,gi
𲀍,id
𲀎,ci
𲀏,zl
𲀐,iv
𲀑,pi
𲀒,id
𲀓,ic
𲀔,di
𲀕,ih
𲀖,iw
𲀗,pm
𲀘,py
𲀙,pa
𲀚,pj
𲀛,rd
𲀜,rd
𲀝,rd
𲀞,rd
𲀟,rd
𲀠,rd
𲀡,rd
𲀢,rd
𲀣,rd
𲀤,pd
𲀥,ry
𲀦,pc
𲀧,yy
𲀨,pp
𲀩,pt
𲀪,pf
𲀫,pf
𲀬,pg
𲀭,wy
𲀮,px
𲀯,wy
𲀰,dy
𲀱,ky
𲀲,pb
𲀳,pz
𲀴,pg
𲀵,pb
𲀶,wy
𲀷,uy
𲀸,pt
𲀹,py
𲀺,pd
𲀻,px
𲀼,ph
𲀽,pi
𲀾,pj
𲀿,pw
𲁀,pu
𲁁,pk
𲁂,pa
𲁃,gy
𲁄,pm
𲁅,wy
𲁆,pa
𲁇,py
𲁈,pq
𲁉,xw
𲁊,xw
𲁋,xy
𲁌,xo
𲁍,xw
𲁎,bj
𲁏,jj
𲁐,jb
𲁑,bj
𲁒,jt
𲁓,jj
𲁔,ij
𲁕,tj
𲁖,cj
𲁗,lj
𲁘,lj
𲁙,wj
𲁚,dk
𲁛,dk
𲁜,gy
𲁝,vy
𲁞,da
𲁟,gy
𲁠,di
𲁡,yc
𲁢,yq
𲁣,yw
𲁤,yy
𲁥,yy
𲁦,sa
𲁧,yv
𲁨,xk
𲁩,yt
𲁪,yd
𲁫,yw
𲁬,yu
𲁭,yc
𲁮,rk
𲁯,xk
𲁰,yd
𲁱,wy
𲁲,yw
𲁳,yv
𲁴,wg
𲁵,yt
𲁷,yi
𲁸,yu
𲁹,wb
𲁺,yk
𲁻,wv
𲁼,yx
𲁽,yl
𲁾,yi
𲁿,ym
𲂀,yy
𲂁,gk
𲂂,yf
𲂃,yi
𲂄,yy
𲂅,yj
𲂆,yj
𲂇,yd
𲂈,ye
𲂉,yy
𲂊,yu
𲂋,ya
𲂌,yt
𲂍,yk
𲂎,yb
𲂏,yy
𲂐,yg
𲂑,ym
𲂒,yy
𲂓,yo
𲂔,yh
𲂕,yj
𲂖,yu
𲂗,yv
𲂘,rg
𲂙,bg
𲂛,bk
𲂝,db
𲂞,tk
𲂟,tk
𲂠,tx
𲂡,uk
𲂢,dw
𲂣,hc
𲂤,vr
𲂥,vy
𲂦,vm
𲂧,vt
𲂨,bb
𲂪,bb
𲂫,lb
𲂬,bb
𲂭,kb
𲂮,bl
𲂯,bz
𲂰,bu
𲂱,bf
𲂲,br
𲂳,bv
𲂴,vp
𲂵,db
𲂶,jb
𲂷,sd
𲂸,bg
𲂹,sd
𲂺,vb
𲂻,bb
𲂼,bt
𲂽,bl
𲂾,bg
𲂿,bk
𲃀,lb
𲃁,bb
𲃂,bv
𲃃,bu
𲃄,rb
𲃅,bn
𲃆,vp
𲃇,ie
𲃈,im
𲃉,tm
𲃊,tv
𲃋,tb
𲃌,ti
𲃍,tn
𲃎,td
𲃏,tb
𲃐,ty
𲃑,tk
𲃒,tq
𲃓,tw
𲃔,zv
𲃕,xz
𲃖,zm
𲃗,bz
𲃘,zy
𲃙,zp
𲃚,zj
𲃛,zy
𲃜,zn
𲃝,zc
𲃞,za
𲃟,zy
𲃠,zy
𲃡,zi
𲃢,zv
𲃣,zy
𲃤,zv
𲃥,zd
𲃦,zl
𲃧,zx
𲃨,zk
𲃩,zc
𲃪,zc
𲃫,zb
𲃬,zd
𲃭,zd
𲃮,zg
𲃯,zd
𲃰,zt
𲃱,zb
𲃲,zy
𲃳,zk
𲃴,cz
𲃵,zk
𲃶,zq
𲃷,zd
𲃸,zj
𲃹,ze
𲃺,zb
𲃻,dp
𲃽,zl
𲃾,zm
𲃿,zv
𲄀,zm
𲄁,zb
𲄂,zf
𲄃,zf
𲄄,zn
𲄅,wz
𲄆,lz
𲄇,zb
𲄈,zh
𲄉,zb
𲄊,iz
𲄋,oz
𲄌,zx
𲄍,zm
𲄎,zt
𲄏,zg
𲄐,zj
𲄑,cz
𲄒,zt
𲄓,zf
𲄔,zd
𲄕,zy
𲄖,zw
𲄗,vu
𲄘,uw
𲄙,ul
𲄚,ui
𲄛,ub
𲄜,ub
𲄝,xu
𲄞,uh
𲄟,uf
𲄠,ui
𲄡,ub
𲄢,ul
𲄣,ul
𲄤,uo
𲄥,ub
𲄦,uv
𲄧,un
𲄨,uy
𲄩,uc
𲄪,ux
𲄫,uy
𲄬,ux
𲄭,uo
𲄮,ub
𲄯,uw
𲄰,ub
𲄱,uk
𲄲,uh
𲄳,iq
𲄴,bi
𲄵,if
𲄶,il
𲄷,iz
𲄸,iy
𲄹,iy
𲄺,bw
𲄻,jk
𲄼,in
𲄽,ig
𲄾,iu
𲄿,vi
𲅀,iw
𲅁,ig
𲅂,ia
𲅃,ji
𲅄,xp
𲅅,xd
𲅆,xx
𲅇,uf
𲅈,zg
𲅉,uv
𲅊,im
𲅋,zd
𲅌,zx
𲅍,pr
𲅎,zm
𲅏,zr
𲅐,zv
𲅑,zb
𲅒,zb
𲅓,zj
𲅔,zd
𲅕,za
𲅖,zp
𲅗,zb
𲅘,zz
𲅙,zu
𲅚,dj
𲅛,zl
𲅜,zg
𲅝,zw
𲅞,zu
𲅟,zt
𲅠,ze
𲅡,zk
𲅢,za
𲅣,zy
𲅤,zv
𲅥,zg
𲅦,zj
𲅧,zy
𲅨,zd
𲅩,zf
𲅪,zc
𲅫,zt
𲅬,zh
𲅭,zy
𲅮,zx
𲅯,zf
𲅰,zw
𲅱,zj
𲅲,zu
𲅳,zy
𲅴,zv
𲅵,zd
𲅶,zg
𲅷,zc
𲅸,zb
𲅹,zt
𲅺,zj
𲅻,zy
𲅼,zk
𲅽,hi
𲅿,zl
𲆀,zb
𲆁,zy
𲆂,zx
𲆃,zm
𲆄,zu
𲆅,hi
𲆆,zv
𲆇,ze
𲆈,zo
𲆉,su
𲆊,zt
𲆋,zx
𲆌,zb
𲆍,pu
𲆎,cn
𲆏,ue
𲆐,ve
𲆑,ge
𲆒,te
𲆓,he
𲆔,ee
𲆕,be
𲆖,he
𲆗,ue
𲆘,xb
𲆙,ce
𲆚,le
𲆛,ki
𲆜,pb
𲆝,le
𲆞,eb
𲆟,ie
𲆠,vy
𲆡,ky
𲆢,ce
𲆣,ve
𲆤,xe
𲆥,yj
𲆦,yx
𲆧,yf
𲆨,yw
𲆩,yg
𲆪,yk
𲆫,yo
𲆬,ye
𲆭,yc
𲆮,wj
𲆯,dy
𲆰,yw
𲆱,yo
𲆲,ya
𲆳,yk
𲆴,yt
𲆵,yc
𲆶,yc
𲆷,ym
𲆸,yk
𲆹,yt
𲆺,yt
𲆻,yx
𲆼,yi
𲆽,yd
𲆾,py
𲆿,by
𲇀,mm
𲇁,dl
𲇂,lt
𲇃,ol
𲇄,vy
𲇅,jd
𲇆,ry
𲇇,rm
𲇈,rc
𲇉,jp
𲇊,jx
𲇋,re
𲇌,jq
𲇍,lj
𲇎,jc
𲇏,jo
𲇐,jd
𲇑,bj
𲇒,ru
𲇓,jg
𲇔,ij
𲇕,rm
𲇖,oj
𲇗,jw
𲇘,jk
𲇙,jq
𲇚,rb
𲇛,jx
𲇜,jm
𲇝,jk
𲇞,rv
𲇟,ju
𲇠,jw
𲇡,rx
𲇢,jn
𲇣,jm
𲇤,jy
𲇥,ju
𲇦,kj
𲇧,ry
𲇩,cj
𲇪,jk
𲇫,jt
𲇬,jy
𲇭,jc
𲇮,jy
𲇯,ju
𲇰,jd
𲇱,jv
𲇲,jv
𲇳,je
𲇴,jx
𲇵,jy
𲇶,jy
𲇷,jd
𲇸,jm
𲇹,jd
𲇺,jw
𲇻,jz
𲇼,je
𲇽,jx
𲇾,jl
𲇿,jb
𲈀,jq
𲈁,jt
𲈂,jb
𲈃,ja
𲈄,jb
𲈅,jx
𲈆,jk
𲈇,jt
𲈈,jm
𲈉,jy
𲈊,ju
𲈋,jo
𲈌,jt
𲈍,je
𲈎,jd
𲈏,jd
𲈐,jd
𲈑,jl
𲈒,jg
𲈓,jm
𲈔,jg
𲈕,jv
𲈖,jg
𲈗,ju
𲈘,jm
𲈙,jm
𲈚,jx
𲈛,jl
𲈜,jo
𲈝,jk
𲈞,ja
𲈟,jm
𲈠,jn
𲈡,jv
𲈢,uy
𲈣,ri
𲈤,im
𲈥,bi
𲈦,wm
𲈧,mv
𲈨,mm
𲈩,md
𲈪,mg
𲈫,mf
𲈬,mt
𲈭,mu
𲈮,mw
𲈯,ma
𲈰,mt
𲈱,mi
𲈲,ma
𲈳,ml
𲈴,lm
𲈵,mu
𲈶,mj
𲈷,my
𲈸,mi
𲈹,mx
𲈺,mg
𲈻,mw
𲈼,mw
𲈽,mk
𲈾,wm
𲈿,wm
𲉀,md
𲉁,ms
𲉂,mc
𲉃,mk
𲉄,mb
𲉅,mk
𲉆,md
𲉇,yk
𲉈,mk
𲉉,el
𲉊,el
𲉋,eb
𲉌,eb
𲉍,ek
𲉎,ed
𲉏,ey
𲉑,ey
𲉓,ex
𲉔,po
𲉕,lj
𲉗,ea
𲉘,ed
𲉚,la
𲉜,ey
𲉝,ek
𲉞,en
𲉟,ed
𲉠,et
𲉡,lj
𲉢,ee
𲉣,ew
𲉥,ed
𲉦,eu
𲉧,dv
𲉨,yv
𲉩,ry
𲉪,dv
𲉫,ru
𲉬,yj
𲉭,ky
𲉮,yv
𲉯,wg
𲉰,yn
𲉱,bo
𲉲,yu
𲉳,yh
𲉴,yb
𲉵,yw
𲉶,yq
𲉷,yg
𲉸,yd
𲉹,yb
𲉺,yg
𲉻,ye
𲉼,yg
𲉽,yg
𲉾,yv
𲉿,yg
𲊀,yq
𲊁,yc
𲊂,yg
𲊃,by
𲊄,yk
𲊅,ym
𲊆,yf
𲊇,ya
𲊈,yz
𲊉,yo
𲊊,yx
𲊋,yy
𲊌,yv
𲊍,yd
𲊎,yr
𲊏,yo
𲊐,bo
𲊑,yc
𲊒,yy
𲊓,yz
𲊔,yj
𲊕,fv
𲊖,do
𲊗,fn
𲊘,fm
𲊙,fc
𲊚,ym
𲊛,cy
𲊜,gu
𲊝,br
𲊞,cy
𲊟,cx
𲊠,ct
𲊡,cv
𲊢,wb
𲊣,wo
𲊤,wy
𲊥,wy
𲊦,wj
𲊧,lk
𲊨,uo
𲊩,lk
𲊪,yv
𲊫,uy
𲊬,by
𲊭,yv
𲊮,by
𲊯,wy
𲊰,hy
𲊱,oy
𲊲,jy
𲊳,ty
𲊴,ly
𲊵,oy
𲊶,ry
𲊷,oy
𲊸,cy
𲊹,iy
𲊺,vy
𲊻,ky
𲊼,iy
𲊽,fy
𲊾,cy
𲊿,oy
𲋀,my
𲋁,ry
𲋂,fy
𲋃,gy
𲋄,je
𲋅,fw
𲋆,fk
𲋇,re
𲋈,jd
𲋉,fk
𲋊,fx
𲋋,jd
𲋌,fm
𲋍,fw
𲋎,uf
𲋏,fm
𲋐,fl
𲋑,fl
𲋒,ff
𲋓,gy
𲋔,uu
𲋕,uh
𲋖,ng
𲋗,dg
𲋘,uw
𲋙,ut
𲋚,uc
𲋛,yg
𲋜,ub
𲋝,ug
𲋞,uj
𲋟,uc
𲋢,uw
𲋣,uh
𲋤,uk
𲋥,uy
𲋦,ul
𲋧,uk
𲋨,ub
𲋩,ux
𲋪,um
𲋫,um
𲋬,um
𲋭,oz
𲋮,hu
𲋯,ha
𲋰,hd
𲋱,hm
𲋲,hy
𲋳,mb
𲋴,my
𲋵,vm
𲋶,my
𲋷,md
𲋸,my
𲋹,mi
𲋺,my
𲋻,my
𲋼,mx
𲋽,my
𲋾,hm
𲋿,mc
𲌀,md
𲌁,mt
𲌂,mx
𲌃,mw
𲌄,mb
𲌅,ms
𲌆,mx
𲌇,dm
𲌈,mx
𲌉,mg
𲌊,mk
𲌋,mb
𲌌,gs
𲌍,gy
𲌎,ga
𲌏,gu
𲌐,gv
𲌑,gl
𲌒,gd
𲌓,gu
𲌔,gw
𲌕,gb
𲌖,lk
𲌗,wy
𲌘,dn
𲌙,wu
𲌚,ek
𲌛,ew
𲌜,ey
𲌝,ed
𲌞,ea
𲌟,ev
𲌠,ex
𲌡,ek
𲌢,ey
𲌣,ev
𲌤,uy
𲌥,vc
𲌦,uc
𲌧,gu
𲌩,gb
𲌪,gg
𲌫,kg
𲌬,gf
𲌭,pt
𲌮,gx
𲌯,bw
𲌰,ge
𲌱,yg
𲌲,yl
𲌳,yy
𲌴,yr
𲌵,gy
𲌶,tw
𲌷,yl
𲌸,yf
𲌹,yo
𲌺,yg
𲌻,yy
𲌼,yt
𲌽,ya
𲌾,yp
𲌿,yx
𲍀,yk
𲍁,yz
𲍂,wy
𲍃,yk
𲍄,yz
𲍅,dd
𲍆,yv
𲍇,yy
𲍈,yw
𲍉,yy
𲍊,yn
𲍋,yl
𲍌,yg
𲍍,yy
𲍎,yg
𲍏,ye
𲍐,ym
𲍑,yw
𲍒,yi
𲍓,yy
𲍔,yu
𲍕,yu
𲍖,yy
𲍗,yy
𲍘,yv
𲍙,yw
𲍚,nt
𲍛,tn
𲍜,ng
𲍝,nn
𲍞,wn
𲍟,an
𲍠,nz
𲍡,nc
𲍢,nd
𲍣,yn
𲍤,bn
𲍥,ba
𲍦,nb
𲍧,bn
𲍨,kn
𲍩,nt
𲍪,tn
𲍫,yn
𲍬,nm
𲍭,tn
𲍮,fn
𲍯,nj
𲍰,dn
𲍱,vn
𲍲,dn
𲍳,un
𲍴,bn
𲍵,vn
𲍶,rn
𲍷,an
𲍸,xn
𲍹,kn
𲍺,bn
𲍻,mn
𲍼,dn
𲍽,on
𲍾,rn
𲍿,wn
𲎀,cn
𲎁,in
𲎂,rn
𲎃,tn
𲎄,dn
𲎅,dn
𲎆,nl
𲎇,jn
𲎈,nu
𲎉,gn
𲎊,bq
𲎋,gh
𲎌,gu
𲎍,gy
𲎎,gg
𲎏,vr
𲎐,lw
𲎑,fi
𲎒,fw
𲎓,fw
𲎔,ga
𲎕,lb
𲎖,hh
𲎗,uh
𲎘,ly
𲎙,so
𲎚,wv
𲎛,tc
𲎜,tg
𲎝,jy
𲎞,jk
𲎟,ja
𲎠,jn
𲎡,zw
𲎢,vg
𲎣,tr
𲎤,tr
𲎥,hr
𲎦,br
𲎧,vu
𲎨,vk
𲎩,vw
𲎪,vy
𲎫,vb
𲎬,lp
𲎭,lu
𲎮,dd
𲎯,ic
